event_id,match_id,period,time_start,event_type,event_subtype,player_name,team_shortname,x_start,y_start,x_end,y_end,dangerous,targeted,received,xthreat,team_in_possession_phase_type,team_out_of_possession_phase_type
8_0,2017461,1,00:00.2,player_possession,,D. Arzani,Melbourne V FC,0.74,0.53,0.74,0.53,,,,,create,medium_block
1_0,2017461,1,00:01.3,off_ball_run,run_ahead_of_the_ball,Z. Machach,Melbourne V FC,4.51,17.39,13.35,18.04,0.0,1.0,0.0,0.0072,direct,defending_direct
8_1,2017461,1,00:01.6,player_possession,,B. Hamill,Melbourne V FC,-19.85,1.9,-18.69,-0.21,,,,,direct,defending_direct
7_0,2017461,1,00:01.6,passing_option,,R. Teague,Melbourne V FC,-7.35,-7.5,-7.74,-7.86,0.0,0.0,0.0,0.001,direct,defending_direct
7_1,2017461,1,00:01.6,passing_option,,J. Valadon,Melbourne V FC,-8.22,5.22,-11.64,-0.83,0.0,0.0,0.0,0.0005,direct,defending_direct
7_2,2017461,1,00:01.9,passing_option,,N. Velupillay,Melbourne V FC,9.45,32.26,13.95,31.23,0.0,0.0,0.0,0.0045,direct,defending_direct
1_1,2017461,1,00:01.9,off_ball_run,coming_short,J. Valadon,Melbourne V FC,-8.85,4.2,-12.1,-2.73,0.0,0.0,0.0,0.0005,direct,defending_direct
7_3,2017461,1,00:02.6,passing_option,,Z. Machach,Melbourne V FC,12.06,18.09,13.75,18.03,0.0,1.0,0.0,0.0072,direct,defending_direct
1_2,2017461,1,00:03.1,off_ball_run,run_ahead_of_the_ball,N. Velupillay,Melbourne V FC,14.34,31.08,18.18,29.73,0.0,0.0,0.0,0.004,direct,defending_direct
8_2,2017461,1,00:06.3,player_possession,,D. Hall,Auckland FC,-33.22,-13.95,-33.22,-13.95,,,,,chaotic,chaotic
8_3,2017461,1,00:08.1,player_possession,,K. Bos,Melbourne V FC,13.13,19.0,13.13,19.0,,,,,finish,low_block
8_4,2017461,1,00:09.1,player_possession,,Z. Machach,Melbourne V FC,20.61,20.38,24.23,27.02,,,,,finish,low_block
7_4,2017461,1,00:09.1,passing_option,,N. Velupillay,Melbourne V FC,23.79,27.54,25.73,32.5,0.0,1.0,1.0,0.0067,finish,low_block
1_3,2017461,1,00:11.9,off_ball_run,support,Z. Machach,Melbourne V FC,26.47,26.78,40.45,13.47,1.0,0.0,0.0,0.0519,finish,low_block
1_4,2017461,1,00:12.5,off_ball_run,cross_receiver,D. Arzani,Melbourne V FC,26.92,2.09,38.6,7.52,1.0,0.0,0.0,0.0403,finish,low_block
1_5,2017461,1,00:12.6,off_ball_run,cross_receiver,N. Vergos,Melbourne V FC,35.84,3.45,46.16,-2.24,1.0,0.0,0.0,0.1566,finish,low_block
8_5,2017461,1,00:12.7,player_possession,,N. Velupillay,Melbourne V FC,33.83,30.4,50.01,16.18,,,,,finish,low_block
7_5,2017461,1,00:12.7,passing_option,,Z. Machach,Melbourne V FC,30.17,24.89,41.85,11.84,1.0,0.0,0.0,0.0519,finish,low_block
7_6,2017461,1,00:12.7,passing_option,,N. Vergos,Melbourne V FC,36.23,3.25,47.74,-4.33,1.0,0.0,0.0,0.1566,finish,low_block
7_7,2017461,1,00:13.4,passing_option,,D. Arzani,Melbourne V FC,31.35,3.28,40.14,7.68,1.0,0.0,0.0,0.0403,finish,low_block
7_8,2017461,1,00:15.6,passing_option,,J. Valadon,Melbourne V FC,26.91,15.41,27.28,14.99,1.0,1.0,0.0,0.0317,finish,low_block
8_6,2017461,1,00:35.8,player_possession,,M. Francois,Auckland FC,-36.0,-14.05,-37.13,-15.69,,,,,disruption,disruption
8_7,2017461,1,00:42.4,player_possession,,R. Teague,Melbourne V FC,-8.13,31.14,-8.13,31.14,,,,,chaotic,chaotic
7_9,2017461,1,00:42.4,passing_option,,J. Duncan,Melbourne V FC,-34.11,5.39,-34.11,5.39,0.0,1.0,1.0,0.0,chaotic,chaotic
7_10,2017461,1,00:42.4,passing_option,,J. Valadon,Melbourne V FC,-14.53,9.8,-14.53,9.8,0.0,0.0,0.0,0.0002,chaotic,chaotic
8_8,2017461,1,00:46.3,player_possession,,J. Duncan,Melbourne V FC,-40.81,2.45,-41.5,1.84,,,,,direct,defending_direct
7_11,2017461,1,00:46.8,passing_option,,L. Jackson,Melbourne V FC,4.18,8.37,2.4,7.91,0.0,0.0,0.0,0.0004,direct,defending_direct
7_12,2017461,1,00:47.1,passing_option,,N. Vergos,Melbourne V FC,8.06,1.99,7.76,1.96,0.0,1.0,0.0,0.0006,direct,defending_direct
7_13,2017461,1,00:47.1,passing_option,,K. Bos,Melbourne V FC,-3.72,18.12,-4.41,18.35,0.0,0.0,0.0,0.0005,direct,defending_direct
7_14,2017461,1,00:47.2,passing_option,,Z. Machach,Melbourne V FC,3.87,13.29,3.71,13.24,0.0,0.0,0.0,0.0003,direct,defending_direct
7_15,2017461,1,00:47.3,passing_option,,N. Velupillay,Melbourne V FC,5.21,17.1,5.21,17.1,0.0,0.0,0.0,0.0004,direct,defending_direct
8_9,2017461,1,00:52.0,player_possession,,N. Pijnaker,Auckland FC,-19.88,-6.67,-19.88,-6.67,,,,,chaotic,chaotic
8_10,2017461,1,00:55.7,player_possession,,K. Bos,Melbourne V FC,-8.61,22.06,-9.61,22.54,,,,,create,medium_block
7_16,2017461,1,00:55.7,passing_option,,J. Valadon,Melbourne V FC,-0.59,16.81,-0.63,17.05,0.0,0.0,0.0,0.0021,create,medium_block
7_17,2017461,1,00:55.7,passing_option,,L. Jackson,Melbourne V FC,-16.88,14.95,-18.29,15.75,0.0,1.0,1.0,0.0003,create,medium_block
8_11,2017461,1,00:57.7,player_possession,,L. Jackson,Melbourne V FC,-21.29,17.47,-21.15,16.19,,,,,create,medium_block
7_18,2017461,1,00:58.2,passing_option,,B. Hamill,Melbourne V FC,-18.41,-1.81,-22.13,-3.71,0.0,1.0,1.0,0.0002,create,medium_block
8_12,2017461,1,01:01.3,player_possession,,B. Hamill,Melbourne V FC,-23.49,-5.13,-20.89,-5.62,,,,,direct,defending_direct
7_19,2017461,1,01:01.3,passing_option,,L. Jackson,Melbourne V FC,-23.68,14.89,-25.69,13.33,0.0,0.0,0.0,0.0001,direct,defending_direct
7_20,2017461,1,01:01.3,passing_option,,J. Inserra,Melbourne V FC,-17.31,-22.99,-20.19,-23.9,0.0,0.0,0.0,0.0002,direct,defending_direct
7_21,2017461,1,01:02.7,passing_option,,D. Arzani,Melbourne V FC,4.34,28.75,4.35,28.67,0.0,1.0,0.0,0.001,direct,defending_direct
7_22,2017461,1,01:02.9,passing_option,,Z. Machach,Melbourne V FC,4.74,4.05,4.74,4.05,0.0,0.0,0.0,0.0027,direct,defending_direct
7_23,2017461,1,01:02.9,passing_option,,N. Vergos,Melbourne V FC,9.27,-0.43,9.27,-0.43,0.0,0.0,0.0,0.0042,direct,defending_direct
7_24,2017461,1,01:02.9,passing_option,,N. Velupillay,Melbourne V FC,8.96,10.33,8.96,10.33,0.0,0.0,0.0,0.0062,direct,defending_direct
7_25,2017461,1,01:02.9,passing_option,,K. Bos,Melbourne V FC,-8.51,29.48,-8.51,29.48,0.0,0.0,0.0,0.0004,direct,defending_direct
8_13,2017461,1,01:06.0,player_possession,,H. Sakai,Auckland FC,-22.44,-22.36,-22.44,-22.36,,,,,chaotic,chaotic
8_14,2017461,1,01:07.4,player_possession,,L. Rogerson,Auckland FC,-13.11,-19.7,-13.75,-17.12,,,,,chaotic,chaotic
7_26,2017461,1,01:07.4,passing_option,,H. Sakai,Auckland FC,-24.47,-24.91,-24.52,-25.07,0.0,0.0,0.0,0.0002,chaotic,chaotic
7_27,2017461,1,01:07.4,passing_option,,L. Verstraete,Auckland FC,-13.77,-14.36,-14.38,-15.32,0.0,1.0,0.0,0.0012,chaotic,chaotic
7_28,2017461,1,01:07.4,passing_option,,G. May,Auckland FC,2.56,-12.4,0.12,-14.02,0.0,0.0,0.0,0.0017,chaotic,chaotic
7_29,2017461,1,01:07.8,passing_option,,F. Gallegos,Auckland FC,-15.2,-4.76,-15.87,-5.81,0.0,0.0,0.0,0.0009,chaotic,chaotic
7_30,2017461,1,01:08.1,passing_option,,J. Randall,Auckland FC,4.9,-3.66,4.76,-3.73,0.0,0.0,0.0,0.0046,chaotic,chaotic
8_15,2017461,1,01:09.4,player_possession,,R. Teague,Melbourne V FC,7.3,11.0,7.3,11.0,,,,,chaotic,chaotic
7_31,2017461,1,01:09.4,passing_option,,D. Arzani,Melbourne V FC,12.76,29.98,12.76,29.98,0.0,0.0,0.0,0.0021,chaotic,chaotic
7_32,2017461,1,01:09.4,passing_option,,K. Bos,Melbourne V FC,9.23,18.47,9.23,18.47,0.0,1.0,1.0,0.0025,chaotic,chaotic
8_16,2017461,1,01:10.1,player_possession,,K. Bos,Melbourne V FC,8.98,18.9,8.98,18.9,,,,,chaotic,chaotic
7_33,2017461,1,01:10.1,passing_option,,D. Arzani,Melbourne V FC,13.04,29.52,13.04,29.52,0.0,1.0,1.0,0.003,chaotic,chaotic
7_34,2017461,1,01:10.1,passing_option,,R. Teague,Melbourne V FC,8.53,12.21,8.53,12.21,0.0,0.0,0.0,0.0056,chaotic,chaotic
7_35,2017461,1,01:10.1,passing_option,,J. Valadon,Melbourne V FC,12.36,14.76,12.36,14.76,0.0,0.0,0.0,0.0055,chaotic,chaotic
1_6,2017461,1,01:10.7,off_ball_run,run_ahead_of_the_ball,Z. Machach,Melbourne V FC,15.49,12.64,31.95,14.76,1.0,0.0,0.0,0.0231,chaotic,chaotic
1_7,2017461,1,01:11.3,off_ball_run,support,K. Bos,Melbourne V FC,11.9,19.72,22.55,24.91,0.0,0.0,0.0,0.0077,chaotic,chaotic
8_17,2017461,1,01:12.4,player_possession,,D. Arzani,Melbourne V FC,19.5,26.56,30.44,17.02,,,,,chaotic,chaotic
7_36,2017461,1,01:12.4,passing_option,,K. Bos,Melbourne V FC,17.17,20.88,20.98,22.83,0.0,0.0,0.0,0.0077,chaotic,chaotic
7_37,2017461,1,01:12.4,passing_option,,N. Velupillay,Melbourne V FC,23.19,18.5,33.81,17.9,1.0,0.0,0.0,0.0206,chaotic,chaotic
7_38,2017461,1,01:12.4,passing_option,,Z. Machach,Melbourne V FC,22.37,16.72,34.2,14.19,1.0,0.0,0.0,0.0231,chaotic,chaotic
1_8,2017461,1,01:12.6,off_ball_run,run_ahead_of_the_ball,N. Velupillay,Melbourne V FC,23.95,18.77,30.42,18.86,1.0,0.0,0.0,0.0206,chaotic,chaotic
8_18,2017461,1,01:15.8,player_possession,,F. Gallegos,Auckland FC,-32.25,-12.51,-29.44,-12.06,,,,,transition,defending_transition
7_39,2017461,1,01:15.8,passing_option,,G. May,Auckland FC,-19.38,-13.48,-18.24,-11.95,0.0,1.0,0.0,0.0012,transition,defending_transition
7_40,2017461,1,01:15.8,passing_option,,M. Francois,Auckland FC,-28.38,0.55,-27.11,2.64,0.0,0.0,0.0,0.0013,transition,defending_transition
1_9,2017461,1,01:17.0,off_ball_run,run_ahead_of_the_ball,M. Francois,Auckland FC,-26.83,2.96,6.49,15.01,0.0,1.0,1.0,0.007,transition,defending_transition
1_10,2017461,1,01:17.3,off_ball_run,behind,J. Randall,Auckland FC,-14.6,-2.49,8.63,8.16,1.0,0.0,0.0,0.0263,transition,defending_transition
8_19,2017461,1,01:18.9,player_possession,,G. May,Auckland FC,-13.54,-7.25,-4.73,1.7,,,,,transition,defending_transition
7_41,2017461,1,01:18.9,passing_option,,F. De Vries,Auckland FC,-28.19,8.24,-22.74,11.16,0.0,0.0,0.0,0.0005,transition,defending_transition
7_42,2017461,1,01:18.9,passing_option,,M. Francois,Auckland FC,-17.75,7.4,-0.92,12.17,0.0,1.0,1.0,0.007,transition,defending_transition
7_43,2017461,1,01:18.9,passing_option,,J. Randall,Auckland FC,-5.97,1.19,8.63,8.16,1.0,0.0,0.0,0.0263,transition,defending_transition
1_11,2017461,1,01:21.3,off_ball_run,underlap,F. De Vries,Auckland FC,-15.99,13.93,25.72,21.64,0.0,0.0,0.0,0.0134,transition,defending_transition
8_20,2017461,1,01:22.4,player_possession,,M. Francois,Auckland FC,6.49,15.01,22.33,32.3,,,,,transition,defending_transition
7_44,2017461,1,01:22.4,passing_option,,F. De Vries,Auckland FC,-8.49,16.08,25.72,21.64,0.0,0.0,0.0,0.0134,transition,defending_transition
7_45,2017461,1,01:22.4,passing_option,,J. Randall,Auckland FC,12.0,15.01,28.71,26.12,0.0,1.0,1.0,0.0066,transition,defending_transition
1_12,2017461,1,01:25.2,off_ball_run,run_ahead_of_the_ball,J. Randall,Auckland FC,20.61,21.79,35.15,29.13,0.0,1.0,1.0,0.0066,transition,defending_transition
1_13,2017461,1,01:26.9,off_ball_run,cross_receiver,G. May,Auckland FC,23.29,-0.21,44.26,-0.43,1.0,0.0,0.0,0.0799,transition,defending_transition
1_14,2017461,1,01:26.9,off_ball_run,cross_receiver,F. De Vries,Auckland FC,26.42,21.6,45.15,7.81,1.0,0.0,0.0,0.1168,transition,defending_transition
1_15,2017461,1,01:26.9,off_ball_run,support,M. Francois,Auckland FC,22.8,32.21,36.7,18.31,1.0,0.0,0.0,0.0262,transition,defending_transition
8_21,2017461,1,01:27.8,player_possession,,J. Randall,Auckland FC,35.15,29.13,47.73,25.0,,,,,transition,defending_transition
7_46,2017461,1,01:27.8,passing_option,,F. De Vries,Auckland FC,32.39,20.54,41.68,12.26,1.0,0.0,0.0,0.1168,transition,defending_transition
7_47,2017461,1,01:28.6,passing_option,,M. Francois,Auckland FC,29.86,27.07,33.78,22.57,1.0,0.0,0.0,0.0262,transition,defending_transition
7_48,2017461,1,01:28.7,passing_option,,G. May,Auckland FC,33.28,-0.85,38.9,-1.19,1.0,0.0,0.0,0.0799,transition,defending_transition
8_22,2017461,1,01:31.5,player_possession,,K. Bos,Melbourne V FC,-47.36,5.18,-16.18,33.16,,,,,create,medium_block
7_49,2017461,1,01:31.5,passing_option,,J. Duncan,Melbourne V FC,-51.34,-1.79,-51.43,0.15,0.0,0.0,0.0,0.0,create,medium_block
7_50,2017461,1,01:31.5,passing_option,,J. Valadon,Melbourne V FC,-41.78,-0.23,-36.22,15.36,0.0,0.0,0.0,0.0004,create,medium_block
7_51,2017461,1,01:31.5,passing_option,,N. Velupillay,Melbourne V FC,-7.56,13.22,-7.16,25.95,0.0,0.0,0.0,0.0052,create,medium_block
7_52,2017461,1,01:32.0,passing_option,,Z. Machach,Melbourne V FC,-15.25,-3.5,-16.33,-2.43,0.0,0.0,0.0,0.0021,create,medium_block
7_53,2017461,1,01:35.5,passing_option,,Z. Machach,Melbourne V FC,-16.31,3.66,-15.56,6.07,0.0,0.0,0.0,0.0021,create,medium_block
7_54,2017461,1,01:40.3,passing_option,,J. Valadon,Melbourne V FC,-24.97,20.43,-22.5,23.73,0.0,1.0,1.0,0.0004,create,medium_block
8_23,2017461,1,01:42.9,player_possession,,J. Valadon,Melbourne V FC,-22.9,26.49,-22.36,25.8,,,,,create,medium_block
7_55,2017461,1,01:42.9,passing_option,,L. Jackson,Melbourne V FC,-35.54,16.03,-34.7,17.35,0.0,0.0,0.0,0.0,create,medium_block
7_56,2017461,1,01:42.9,passing_option,,R. Teague,Melbourne V FC,-18.7,8.56,-17.2,12.87,0.0,1.0,1.0,0.0009,create,medium_block
8_24,2017461,1,01:45.7,player_possession,,R. Teague,Melbourne V FC,-16.76,15.15,-16.76,15.15,,,,,create,medium_block
7_57,2017461,1,01:45.7,passing_option,,B. Hamill,Melbourne V FC,-27.79,-1.74,-27.79,-1.74,0.0,0.0,0.0,0.0001,create,medium_block
7_58,2017461,1,01:45.7,passing_option,,L. Jackson,Melbourne V FC,-33.83,18.01,-33.83,18.01,0.0,0.0,0.0,0.0,create,medium_block
7_59,2017461,1,01:45.7,passing_option,,J. Valadon,Melbourne V FC,-20.8,24.38,-20.8,24.38,0.0,1.0,1.0,0.0003,create,medium_block
8_25,2017461,1,01:46.9,player_possession,,J. Valadon,Melbourne V FC,-19.82,24.3,-20.2,24.05,,,,,create,medium_block
7_60,2017461,1,01:46.9,passing_option,,N. Velupillay,Melbourne V FC,-5.83,22.7,-5.96,22.74,0.0,0.0,0.0,0.002,create,medium_block
7_61,2017461,1,01:46.9,passing_option,,L. Jackson,Melbourne V FC,-32.96,18.51,-32.59,18.84,0.0,1.0,1.0,0.0001,create,medium_block
8_26,2017461,1,01:49.1,player_possession,,L. Jackson,Melbourne V FC,-31.33,18.3,-28.13,16.61,,,,,create,medium_block
7_62,2017461,1,01:49.1,passing_option,,B. Hamill,Melbourne V FC,-29.42,-4.29,-30.95,-6.15,0.0,0.0,0.0,0.0001,create,medium_block
7_63,2017461,1,01:49.1,passing_option,,R. Teague,Melbourne V FC,-18.2,11.15,-21.94,8.93,0.0,1.0,1.0,0.0002,create,medium_block
8_27,2017461,1,01:52.0,player_possession,,R. Teague,Melbourne V FC,-23.29,8.78,-23.37,11.4,,,,,create,medium_block
7_64,2017461,1,01:52.0,passing_option,,B. Hamill,Melbourne V FC,-31.13,-7.53,-31.01,-7.69,0.0,0.0,0.0,0.0001,create,medium_block
7_65,2017461,1,01:52.0,passing_option,,L. Jackson,Melbourne V FC,-26.76,16.29,-26.69,17.54,0.0,0.0,0.0,0.0001,create,medium_block
7_66,2017461,1,01:52.5,passing_option,,K. Bos,Melbourne V FC,-8.46,33.23,-9.97,33.11,0.0,0.0,0.0,0.0007,create,medium_block
1_16,2017461,1,02:10.1,off_ball_run,pulling_wide,D. Arzani,Melbourne V FC,-5.03,-15.99,-3.82,-24.52,0.0,0.0,0.0,0.0008,build_up,high_block
8_28,2017461,1,02:10.7,player_possession,,J. Inserra,Melbourne V FC,-19.37,-24.14,-19.69,-25.07,,,,,build_up,high_block
7_67,2017461,1,02:10.7,passing_option,,D. Arzani,Melbourne V FC,-4.36,-19.72,-3.9,-23.14,0.0,0.0,0.0,0.0008,build_up,high_block
7_68,2017461,1,02:11.2,passing_option,,B. Hamill,Melbourne V FC,-31.12,-12.73,-31.42,-13.15,0.0,1.0,1.0,0.0,build_up,high_block
1_17,2017461,1,02:12.8,off_ball_run,dropping_off,J. Inserra,Melbourne V FC,-22.97,-27.46,-26.23,-28.55,0.0,0.0,0.0,0.0002,build_up,high_block
8_29,2017461,1,02:13.3,player_possession,,B. Hamill,Melbourne V FC,-36.58,-16.12,-37.87,-15.85,,,,,build_up,high_block
7_69,2017461,1,02:13.3,passing_option,,J. Inserra,Melbourne V FC,-25.01,-28.21,-25.83,-28.44,0.0,0.0,0.0,0.0002,build_up,high_block
7_70,2017461,1,02:13.3,passing_option,,J. Duncan,Melbourne V FC,-44.91,-4.68,-47.93,-5.03,0.0,1.0,1.0,0.0,build_up,high_block
8_30,2017461,1,02:16.0,player_possession,,J. Duncan,Melbourne V FC,-47.51,-4.69,-47.51,-4.69,,,,,direct,defending_direct
7_71,2017461,1,02:16.0,passing_option,,N. Vergos,Melbourne V FC,0.57,-5.34,0.57,-5.34,0.0,1.0,0.0,0.0014,direct,defending_direct
1_18,2017461,1,02:17.8,off_ball_run,coming_short,F. Gallegos,Auckland FC,21.54,7.07,9.82,-1.23,0.0,1.0,1.0,0.0039,create,medium_block
8_31,2017461,1,02:19.6,player_possession,,D. Hall,Auckland FC,-3.34,-4.26,-3.34,-4.26,,,,,create,medium_block
7_72,2017461,1,02:19.6,passing_option,,L. Verstraete,Auckland FC,3.86,-1.16,3.86,-1.16,0.0,0.0,0.0,0.0015,create,medium_block
7_73,2017461,1,02:19.6,passing_option,,F. Gallegos,Auckland FC,15.01,2.77,15.01,2.77,0.0,1.0,1.0,0.0039,create,medium_block
7_74,2017461,1,02:19.6,passing_option,,G. May,Auckland FC,23.57,-6.92,23.57,-6.92,0.0,0.0,0.0,0.0079,create,medium_block
7_75,2017461,1,02:19.6,passing_option,,L. Rogerson,Auckland FC,7.09,-8.99,7.09,-8.99,0.0,0.0,0.0,0.0021,create,medium_block
8_32,2017461,1,02:21.1,player_possession,,F. Gallegos,Auckland FC,9.82,-1.23,6.72,-4.17,,,,,create,medium_block
7_76,2017461,1,02:21.1,passing_option,,L. Verstraete,Auckland FC,2.16,-2.68,2.63,-2.23,0.0,0.0,0.0,0.0036,create,medium_block
7_77,2017461,1,02:21.1,passing_option,,L. Rogerson,Auckland FC,2.92,-8.25,2.72,-10.2,0.0,0.0,0.0,0.0025,create,medium_block
7_78,2017461,1,02:21.9,passing_option,,H. Sakai,Auckland FC,-8.96,-12.39,-8.94,-12.68,0.0,1.0,1.0,0.0005,create,medium_block
7_79,2017461,1,02:22.0,passing_option,,D. Hall,Auckland FC,-4.31,-5.72,-4.46,-5.78,0.0,0.0,0.0,0.0008,create,medium_block
8_33,2017461,1,02:23.5,player_possession,,H. Sakai,Auckland FC,-8.11,-17.11,-2.85,-30.14,,,,,create,medium_block
7_80,2017461,1,02:23.5,passing_option,,L. Rogerson,Auckland FC,3.65,-14.59,15.73,-22.69,0.0,0.0,0.0,0.006,create,medium_block
7_81,2017461,1,02:23.5,passing_option,,G. May,Auckland FC,17.27,-12.2,6.75,-24.26,0.0,0.0,0.0,0.003,create,medium_block
1_19,2017461,1,02:24.7,off_ball_run,run_ahead_of_the_ball,L. Rogerson,Auckland FC,6.68,-17.9,12.32,-20.49,0.0,0.0,0.0,0.006,create,medium_block
1_20,2017461,1,02:25.2,off_ball_run,coming_short,G. May,Auckland FC,13.06,-16.83,6.46,-25.5,0.0,0.0,0.0,0.0015,create,medium_block
7_82,2017461,1,02:26.9,passing_option,,D. Hall,Auckland FC,-16.2,-14.38,-16.91,-15.29,0.0,1.0,1.0,0.0001,create,medium_block
8_34,2017461,1,02:30.2,player_possession,,D. Hall,Auckland FC,-20.37,-18.33,-20.5,-17.51,,,,,create,medium_block
7_83,2017461,1,02:30.2,passing_option,,N. Pijnaker,Auckland FC,-22.27,5.24,-24.38,6.09,0.0,1.0,1.0,0.0001,create,medium_block
7_84,2017461,1,02:30.2,passing_option,,A. Paulsen,Auckland FC,-39.46,-3.83,-39.88,-3.24,0.0,0.0,0.0,0.0,create,medium_block
8_35,2017461,1,02:33.3,player_possession,,N. Pijnaker,Auckland FC,-24.79,7.63,-19.63,11.77,,,,,create,medium_block
7_85,2017461,1,02:33.3,passing_option,,F. De Vries,Auckland FC,-9.73,26.14,-6.71,31.35,0.0,0.0,0.0,0.0004,create,medium_block
1_21,2017461,1,02:33.7,off_ball_run,pulling_half_space,F. Gallegos,Auckland FC,-11.16,-2.52,-10.24,7.64,0.0,0.0,0.0,0.0013,create,medium_block
7_86,2017461,1,02:34.8,passing_option,,F. Gallegos,Auckland FC,-10.9,2.43,-10.52,6.42,0.0,0.0,0.0,0.0013,create,medium_block
7_87,2017461,1,02:35.9,passing_option,,M. Francois,Auckland FC,10.79,25.57,11.26,25.59,0.0,1.0,0.0,0.0053,create,medium_block
8_36,2017461,1,02:56.6,player_possession,,F. De Vries,Auckland FC,23.68,28.72,23.68,28.72,,,,,chaotic,chaotic
8_37,2017461,1,02:57.8,player_possession,,B. Hamill,Melbourne V FC,-34.7,-20.43,-34.7,-20.43,,,,,chaotic,chaotic
7_88,2017461,1,02:57.8,passing_option,,Z. Machach,Melbourne V FC,-21.09,-22.7,-21.09,-22.7,0.0,1.0,0.0,0.001,chaotic,chaotic
7_89,2017461,1,02:57.8,passing_option,,N. Velupillay,Melbourne V FC,-16.9,-6.53,-16.9,-6.53,0.0,0.0,0.0,0.0011,chaotic,chaotic
7_90,2017461,1,02:57.8,passing_option,,J. Valadon,Melbourne V FC,-31.55,-17.49,-31.55,-17.49,0.0,0.0,0.0,0.0004,chaotic,chaotic
8_38,2017461,1,02:59.5,player_possession,,N. Pijnaker,Auckland FC,16.59,26.76,16.59,26.76,,,,,chaotic,chaotic
7_91,2017461,1,02:59.5,passing_option,,L. Verstraete,Auckland FC,19.1,19.34,19.1,19.34,0.0,0.0,0.0,0.0033,chaotic,chaotic
7_92,2017461,1,02:59.5,passing_option,,F. Gallegos,Auckland FC,25.89,19.83,25.89,19.83,0.0,0.0,0.0,0.0049,chaotic,chaotic
7_93,2017461,1,02:59.5,passing_option,,F. De Vries,Auckland FC,20.61,28.76,20.61,28.76,0.0,1.0,1.0,0.0025,chaotic,chaotic
7_94,2017461,1,02:59.5,passing_option,,M. Francois,Auckland FC,27.02,28.23,27.02,28.23,0.0,0.0,0.0,0.0036,chaotic,chaotic
8_39,2017461,1,03:02.1,player_possession,,L. Rogerson,Auckland FC,20.28,10.56,20.28,10.56,,,,,chaotic,chaotic
7_95,2017461,1,03:02.1,passing_option,,L. Verstraete,Auckland FC,15.72,16.78,15.72,16.78,0.0,0.0,0.0,0.0041,chaotic,chaotic
7_96,2017461,1,03:02.1,passing_option,,N. Pijnaker,Auckland FC,13.15,25.46,13.15,25.46,0.0,1.0,0.0,0.0014,chaotic,chaotic
7_97,2017461,1,03:02.1,passing_option,,G. May,Auckland FC,30.33,11.69,30.33,11.69,0.0,0.0,0.0,0.0148,chaotic,chaotic
7_98,2017461,1,03:02.1,passing_option,,D. Hall,Auckland FC,2.81,18.0,2.81,18.0,0.0,0.0,0.0,0.0009,chaotic,chaotic
7_99,2017461,1,03:02.1,passing_option,,J. Randall,Auckland FC,30.07,19.21,30.07,19.21,0.0,0.0,0.0,0.014,chaotic,chaotic
8_40,2017461,1,03:05.2,player_possession,,D. Arzani,Melbourne V FC,-11.36,-21.94,-10.91,-21.88,,,,,chaotic,chaotic
8_41,2017461,1,03:08.0,player_possession,,Z. Machach,Melbourne V FC,-16.02,-27.4,-16.24,-29.66,,,,,chaotic,chaotic
7_100,2017461,1,03:08.0,passing_option,,R. Teague,Melbourne V FC,-18.25,-21.72,-18.07,-23.4,0.0,0.0,0.0,0.0005,chaotic,chaotic
7_101,2017461,1,03:08.0,passing_option,,J. Inserra,Melbourne V FC,-19.83,-27.06,-20.89,-28.17,0.0,0.0,0.0,0.0002,chaotic,chaotic
8_42,2017461,1,03:09.4,player_possession,,N. Pijnaker,Auckland FC,15.45,29.82,14.74,30.75,,,,,chaotic,chaotic
7_102,2017461,1,03:09.4,passing_option,,F. Gallegos,Auckland FC,14.1,28.19,12.44,30.55,0.0,0.0,0.0,0.0019,chaotic,chaotic
7_103,2017461,1,03:09.4,passing_option,,M. Francois,Auckland FC,15.61,27.94,16.6,29.03,0.0,1.0,0.0,0.0048,chaotic,chaotic
7_104,2017461,1,03:09.4,passing_option,,J. Randall,Auckland FC,22.74,24.03,22.7,26.36,0.0,0.0,0.0,0.0081,chaotic,chaotic
8_43,2017461,1,03:27.1,player_possession,,M. Francois,Auckland FC,35.3,30.28,34.96,30.04,,,,,chaotic,chaotic
7_105,2017461,1,03:27.1,passing_option,,G. May,Auckland FC,40.46,24.45,40.54,24.26,0.0,0.0,0.0,0.014,chaotic,chaotic
7_106,2017461,1,03:27.1,passing_option,,F. De Vries,Auckland FC,23.87,33.54,24.67,33.19,0.0,0.0,0.0,0.0031,chaotic,chaotic
8_44,2017461,1,03:29.1,player_possession,,R. Teague,Melbourne V FC,-31.16,-26.95,-31.16,-26.95,,,,,transition,defending_transition
8_45,2017461,1,03:35.4,player_possession,,N. Pijnaker,Auckland FC,-22.58,32.88,-22.58,32.88,,,,,create,medium_block
7_107,2017461,1,03:35.4,passing_option,,A. Paulsen,Auckland FC,-36.72,11.53,-36.72,11.53,0.0,1.0,1.0,0.0,create,medium_block
1_22,2017461,1,03:35.5,off_ball_run,dropping_off,D. Hall,Auckland FC,-20.67,21.27,-28.3,5.96,0.0,0.0,0.0,0.0001,create,medium_block
8_46,2017461,1,03:38.1,player_possession,,A. Paulsen,Auckland FC,-40.14,5.11,-40.71,4.4,,,,,create,medium_block
7_108,2017461,1,03:38.1,passing_option,,D. Hall,Auckland FC,-26.89,8.32,-30.2,3.02,0.0,0.0,0.0,0.0001,create,medium_block
7_109,2017461,1,03:38.1,passing_option,,N. Pijnaker,Auckland FC,-31.57,29.02,-32.62,23.17,0.0,1.0,1.0,0.0,create,medium_block
8_47,2017461,1,03:42.9,player_possession,,N. Pijnaker,Auckland FC,-32.02,22.39,-30.8,20.1,,,,,create,medium_block
7_110,2017461,1,03:42.9,passing_option,,F. Gallegos,Auckland FC,-16.54,24.91,-21.67,26.42,0.0,0.0,0.0,0.0001,create,medium_block
7_111,2017461,1,03:43.8,passing_option,,D. Hall,Auckland FC,-32.59,-4.71,-32.79,-4.8,0.0,1.0,1.0,0.0,create,medium_block
7_112,2017461,1,03:44.7,passing_option,,A. Paulsen,Auckland FC,-42.55,4.35,-42.55,4.35,0.0,0.0,0.0,0.0,create,medium_block
8_48,2017461,1,03:46.3,player_possession,,D. Hall,Auckland FC,-32.1,-5.87,-22.83,-10.22,,,,,direct,defending_direct
7_113,2017461,1,03:48.3,passing_option,,L. Verstraete,Auckland FC,-11.05,-6.8,-14.34,-15.64,0.0,0.0,0.0,0.0009,direct,defending_direct
7_114,2017461,1,03:48.6,passing_option,,N. Pijnaker,Auckland FC,-28.46,13.73,-27.49,11.44,0.0,0.0,0.0,0.0,direct,defending_direct
1_23,2017461,1,03:49.1,off_ball_run,pulling_half_space,L. Verstraete,Auckland FC,-10.94,-9.84,-12.81,-14.46,0.0,0.0,0.0,0.0009,direct,defending_direct
7_115,2017461,1,03:50.6,passing_option,,H. Sakai,Auckland FC,1.09,-31.4,5.52,-29.34,0.0,1.0,0.0,0.0011,direct,defending_direct
8_49,2017461,1,03:54.5,player_possession,,K. Bos,Melbourne V FC,-18.23,24.24,-18.23,24.24,,,,,chaotic,chaotic
8_50,2017461,1,03:55.8,player_possession,,L. Rogerson,Auckland FC,15.65,-21.89,12.98,-20.77,,,,,chaotic,chaotic
7_116,2017461,1,03:55.8,passing_option,,H. Sakai,Auckland FC,21.7,-28.24,20.04,-29.13,0.0,0.0,0.0,0.0027,chaotic,chaotic
7_117,2017461,1,03:55.8,passing_option,,L. Verstraete,Auckland FC,2.72,-17.62,6.47,-18.08,0.0,1.0,0.0,0.0032,chaotic,chaotic
7_118,2017461,1,03:55.8,passing_option,,G. May,Auckland FC,6.85,-1.82,7.81,-6.85,0.0,0.0,0.0,0.0049,chaotic,chaotic
7_119,2017461,1,03:55.8,passing_option,,J. Randall,Auckland FC,23.25,-8.45,22.6,-9.77,0.0,0.0,0.0,0.0091,chaotic,chaotic
8_51,2017461,1,03:57.2,player_possession,,N. Velupillay,Melbourne V FC,-12.89,17.98,-13.78,14.49,,,,,chaotic,chaotic
7_120,2017461,1,03:57.2,passing_option,,Z. Machach,Melbourne V FC,0.26,6.91,-1.84,7.54,0.0,1.0,1.0,0.004,chaotic,chaotic
7_121,2017461,1,03:57.2,passing_option,,R. Teague,Melbourne V FC,-14.16,6.54,-14.78,8.07,0.0,0.0,0.0,0.0013,chaotic,chaotic
8_52,2017461,1,03:59.1,player_possession,,Z. Machach,Melbourne V FC,-1.7,6.93,1.19,6.78,,,,,chaotic,chaotic
7_122,2017461,1,03:59.1,passing_option,,R. Teague,Melbourne V FC,-13.37,6.63,-12.89,5.98,0.0,0.0,0.0,0.0017,chaotic,chaotic
7_123,2017461,1,03:59.1,passing_option,,D. Arzani,Melbourne V FC,2.94,-9.1,5.99,-6.57,1.0,0.0,0.0,0.0218,chaotic,chaotic
7_124,2017461,1,03:59.3,passing_option,,N. Vergos,Melbourne V FC,6.99,18.7,8.75,20.41,0.0,0.0,0.0,0.0098,chaotic,chaotic
1_24,2017461,1,03:59.9,off_ball_run,run_ahead_of_the_ball,D. Arzani,Melbourne V FC,4.85,-7.41,10.43,-5.39,1.0,0.0,0.0,0.0218,chaotic,chaotic
8_53,2017461,1,04:42.6,player_possession,,K. Bos,Melbourne V FC,4.22,29.32,5.79,30.24,,,,,create,medium_block
7_125,2017461,1,04:42.6,passing_option,,Z. Machach,Melbourne V FC,22.08,18.76,20.96,21.44,0.0,0.0,0.0,0.0084,create,medium_block
7_126,2017461,1,04:42.6,passing_option,,N. Velupillay,Melbourne V FC,16.09,33.36,14.63,33.77,0.0,1.0,1.0,0.0018,create,medium_block
1_25,2017461,1,04:43.4,off_ball_run,coming_short,Z. Machach,Melbourne V FC,20.71,21.84,18.34,25.67,0.0,0.0,0.0,0.0043,finish,low_block
8_54,2017461,1,04:44.1,player_possession,,N. Velupillay,Melbourne V FC,13.85,34.04,15.75,33.85,,,,,finish,low_block
7_127,2017461,1,04:44.1,passing_option,,Z. Machach,Melbourne V FC,18.94,24.56,16.66,28.87,0.0,0.0,0.0,0.0043,finish,low_block
8_55,2017461,1,04:53.2,player_possession,,L. Jackson,Melbourne V FC,-9.15,21.61,-8.46,14.72,,,,,create,medium_block
7_128,2017461,1,04:53.2,passing_option,,B. Hamill,Melbourne V FC,-7.22,-2.35,-11.34,-9.03,0.0,1.0,1.0,0.0005,create,medium_block
7_129,2017461,1,04:55.7,passing_option,,J. Valadon,Melbourne V FC,6.54,16.6,5.27,16.0,0.0,0.0,0.0,0.0009,create,medium_block
7_130,2017461,1,04:55.8,passing_option,,R. Teague,Melbourne V FC,2.96,7.03,1.54,6.55,0.0,0.0,0.0,0.0016,create,medium_block
1_26,2017461,1,04:57.4,off_ball_run,dropping_off,J. Inserra,Melbourne V FC,-1.17,-24.2,-9.43,-27.49,0.0,1.0,1.0,0.0002,create,medium_block
8_56,2017461,1,04:58.2,player_possession,,B. Hamill,Melbourne V FC,-11.7,-11.46,-11.64,-14.36,,,,,create,medium_block
7_131,2017461,1,04:58.2,passing_option,,D. Arzani,Melbourne V FC,13.61,-2.94,9.87,-10.03,0.0,0.0,0.0,0.0019,create,medium_block
7_132,2017461,1,04:58.2,passing_option,,J. Inserra,Melbourne V FC,-4.82,-26.11,-10.43,-27.86,0.0,1.0,1.0,0.0002,create,medium_block
1_27,2017461,1,04:59.5,off_ball_run,coming_short,R. Teague,Melbourne V FC,-2.49,-4.48,-5.06,-11.04,0.0,0.0,0.0,0.0006,create,medium_block
1_28,2017461,1,04:59.5,off_ball_run,pulling_wide,D. Arzani,Melbourne V FC,9.48,-10.71,10.77,-21.55,0.0,0.0,0.0,0.0041,create,medium_block
8_57,2017461,1,05:00.8,player_possession,,J. Inserra,Melbourne V FC,-12.02,-28.56,-11.52,-29.04,,,,,create,medium_block
7_133,2017461,1,05:00.8,passing_option,,R. Teague,Melbourne V FC,-4.43,-9.96,-5.27,-11.39,0.0,0.0,0.0,0.0006,create,medium_block
7_134,2017461,1,05:00.8,passing_option,,D. Arzani,Melbourne V FC,8.12,-18.64,10.77,-21.55,0.0,0.0,0.0,0.0041,create,medium_block
7_135,2017461,1,05:01.1,passing_option,,N. Vergos,Melbourne V FC,17.0,-9.15,15.64,-11.78,0.0,1.0,1.0,0.002,create,medium_block
1_29,2017461,1,05:01.1,off_ball_run,coming_short,N. Vergos,Melbourne V FC,17.0,-9.15,11.53,-19.28,0.0,1.0,1.0,0.002,create,medium_block
8_58,2017461,1,05:03.1,player_possession,,N. Vergos,Melbourne V FC,11.53,-19.28,11.53,-19.28,,,,,create,medium_block
7_136,2017461,1,05:03.1,passing_option,,D. Arzani,Melbourne V FC,17.0,-21.77,17.0,-21.77,0.0,1.0,1.0,0.0181,create,medium_block
8_59,2017461,1,05:04.3,player_possession,,F. De Vries,Auckland FC,-23.17,19.93,-31.73,15.22,,,,,build_up,high_block
7_137,2017461,1,05:04.3,passing_option,,A. Paulsen,Auckland FC,-41.22,4.77,-44.78,4.18,0.0,1.0,1.0,0.0,build_up,high_block
8_60,2017461,1,05:07.5,player_possession,,A. Paulsen,Auckland FC,-45.37,0.72,-45.35,-7.27,,,,,direct,defending_direct
1_30,2017461,1,05:07.5,off_ball_run,pulling_wide,H. Sakai,Auckland FC,-26.46,-11.22,-24.07,-23.63,0.0,0.0,0.0,0.0001,direct,defending_direct
7_138,2017461,1,05:09.0,passing_option,,H. Sakai,Auckland FC,-26.49,-18.34,-25.62,-20.84,0.0,0.0,0.0,0.0001,direct,defending_direct
7_139,2017461,1,05:09.3,passing_option,,L. Rogerson,Auckland FC,-8.98,-9.42,-8.94,-9.99,0.0,1.0,1.0,0.0003,direct,defending_direct
8_61,2017461,1,05:12.0,player_possession,,L. Jackson,Melbourne V FC,-3.51,9.44,-3.51,9.44,,,,,create,medium_block
7_140,2017461,1,05:12.0,passing_option,,J. Valadon,Melbourne V FC,9.19,10.46,9.19,10.46,0.0,0.0,0.0,0.0025,create,medium_block
7_141,2017461,1,05:12.0,passing_option,,K. Bos,Melbourne V FC,-1.62,16.29,-1.62,16.29,0.0,1.0,1.0,0.0008,create,medium_block
8_62,2017461,1,05:14.8,player_possession,,K. Bos,Melbourne V FC,3.66,25.11,3.66,25.11,,,,,create,medium_block
7_142,2017461,1,05:14.8,passing_option,,N. Velupillay,Melbourne V FC,13.25,21.47,13.25,21.47,0.0,1.0,1.0,0.0041,create,medium_block
1_31,2017461,1,05:14.9,off_ball_run,overlap,K. Bos,Melbourne V FC,4.18,25.36,22.84,30.64,0.0,0.0,0.0,0.0056,create,medium_block
8_63,2017461,1,05:15.6,player_possession,,N. Velupillay,Melbourne V FC,11.68,22.91,12.07,15.43,,,,,create,medium_block
7_143,2017461,1,05:15.6,passing_option,,K. Bos,Melbourne V FC,7.8,27.11,8.28,27.38,0.0,0.0,0.0,0.0056,create,medium_block
7_144,2017461,1,05:15.6,passing_option,,J. Valadon,Melbourne V FC,6.78,17.38,9.28,18.91,0.0,0.0,0.0,0.0054,create,medium_block
7_145,2017461,1,05:16.7,passing_option,,L. Jackson,Melbourne V FC,-6.48,18.02,-6.1,18.38,0.0,0.0,0.0,0.0006,create,medium_block
7_146,2017461,1,05:16.7,passing_option,,R. Teague,Melbourne V FC,6.81,5.18,9.19,7.51,0.0,0.0,0.0,0.0049,create,medium_block
7_147,2017461,1,05:18.2,passing_option,,N. Vergos,Melbourne V FC,26.09,11.3,25.62,11.12,1.0,0.0,0.0,0.0206,create,medium_block
8_64,2017461,1,05:19.7,player_possession,,L. Verstraete,Auckland FC,-15.02,-13.54,-8.3,-15.35,,,,,chaotic,chaotic
7_148,2017461,1,05:19.7,passing_option,,F. Gallegos,Auckland FC,-16.61,-7.75,-16.68,-7.54,0.0,0.0,0.0,0.0011,chaotic,chaotic
7_149,2017461,1,05:20.0,passing_option,,L. Rogerson,Auckland FC,-18.62,-25.36,-11.17,-25.8,0.0,0.0,0.0,0.0032,chaotic,chaotic
7_150,2017461,1,05:20.0,passing_option,,J. Randall,Auckland FC,-10.24,-6.77,-6.74,-5.84,0.0,0.0,0.0,0.0051,chaotic,chaotic
1_32,2017461,1,05:20.2,off_ball_run,run_ahead_of_the_ball,L. Rogerson,Auckland FC,-17.84,-25.4,-4.13,-26.97,0.0,0.0,0.0,0.0032,chaotic,chaotic
1_33,2017461,1,05:21.2,off_ball_run,run_ahead_of_the_ball,J. Randall,Auckland FC,-7.61,-6.06,-1.21,-4.4,0.0,0.0,0.0,0.0051,chaotic,chaotic
8_65,2017461,1,05:37.7,player_possession,,N. Velupillay,Melbourne V FC,12.67,14.41,16.18,11.66,,,,,create,medium_block
7_151,2017461,1,05:37.8,passing_option,,D. Arzani,Melbourne V FC,14.45,-5.87,19.82,-5.01,1.0,0.0,0.0,0.1043,create,medium_block
7_152,2017461,1,05:37.8,passing_option,,N. Vergos,Melbourne V FC,18.81,5.34,23.64,5.99,1.0,0.0,0.0,0.0591,create,medium_block
1_34,2017461,1,05:37.8,off_ball_run,run_ahead_of_the_ball,D. Arzani,Melbourne V FC,14.45,-5.87,19.82,-5.01,1.0,0.0,0.0,0.1043,create,medium_block
1_35,2017461,1,05:37.8,off_ball_run,behind,N. Vergos,Melbourne V FC,18.81,5.34,23.64,5.99,1.0,0.0,0.0,0.0591,create,medium_block
1_36,2017461,1,05:37.8,off_ball_run,run_ahead_of_the_ball,Z. Machach,Melbourne V FC,16.24,13.03,25.07,12.99,1.0,1.0,1.0,0.0452,create,medium_block
7_153,2017461,1,05:38.1,passing_option,,Z. Machach,Melbourne V FC,17.95,13.0,20.47,13.01,1.0,1.0,1.0,0.0452,create,medium_block
1_37,2017461,1,05:38.6,off_ball_run,cross_receiver,N. Vergos,Melbourne V FC,24.39,6.1,42.44,1.48,1.0,0.0,0.0,0.0771,finish,low_block
1_38,2017461,1,05:38.6,off_ball_run,cross_receiver,D. Arzani,Melbourne V FC,20.64,-4.9,45.29,4.88,1.0,0.0,0.0,0.1395,finish,low_block
1_39,2017461,1,05:38.6,off_ball_run,support,N. Velupillay,Melbourne V FC,16.59,11.31,38.04,16.29,1.0,0.0,0.0,0.0218,finish,low_block
8_66,2017461,1,05:39.1,player_possession,,Z. Machach,Melbourne V FC,25.07,12.99,43.81,22.27,,,,,finish,low_block
7_154,2017461,1,05:39.1,passing_option,,N. Vergos,Melbourne V FC,28.17,6.6,42.15,1.77,1.0,0.0,0.0,0.0771,finish,low_block
7_155,2017461,1,05:39.1,passing_option,,D. Arzani,Melbourne V FC,24.72,-4.36,44.74,6.3,1.0,0.0,0.0,0.1395,finish,low_block
7_156,2017461,1,05:41.5,passing_option,,N. Velupillay,Melbourne V FC,30.09,10.07,37.72,16.02,1.0,0.0,0.0,0.0218,finish,low_block
7_157,2017461,1,05:43.0,passing_option,,J. Valadon,Melbourne V FC,25.2,15.2,26.1,15.28,0.0,1.0,1.0,0.0156,finish,low_block
8_67,2017461,1,05:45.0,player_possession,,J. Valadon,Melbourne V FC,33.28,15.58,33.28,15.58,,,,,finish,low_block
7_158,2017461,1,05:45.0,passing_option,,Z. Machach,Melbourne V FC,39.14,22.76,39.14,22.76,0.0,0.0,0.0,0.0165,finish,low_block
7_159,2017461,1,05:45.0,passing_option,,D. Arzani,Melbourne V FC,39.26,9.13,39.26,9.13,0.0,0.0,0.0,0.0153,finish,low_block
7_160,2017461,1,05:45.0,passing_option,,N. Velupillay,Melbourne V FC,40.08,17.27,40.08,17.27,1.0,1.0,0.0,0.0304,finish,low_block
7_161,2017461,1,05:45.0,passing_option,,K. Bos,Melbourne V FC,28.78,29.47,28.78,29.47,0.0,0.0,0.0,0.011,finish,low_block
8_68,2017461,1,05:45.6,player_possession,,D. Hall,Auckland FC,-41.05,-19.25,-41.05,-19.25,,,,,disruption,disruption
7_162,2017461,1,05:45.6,passing_option,,L. Verstraete,Auckland FC,-38.53,-16.96,-38.53,-16.96,0.0,0.0,0.0,0.0001,disruption,disruption
7_163,2017461,1,05:45.6,passing_option,,F. Gallegos,Auckland FC,-33.94,-15.43,-33.94,-15.43,0.0,0.0,0.0,0.0003,disruption,disruption
7_164,2017461,1,05:45.6,passing_option,,G. May,Auckland FC,-13.06,-17.91,-13.06,-17.91,0.0,1.0,1.0,0.0005,disruption,disruption
7_165,2017461,1,05:45.6,passing_option,,L. Rogerson,Auckland FC,-37.99,-21.29,-37.99,-21.29,0.0,0.0,0.0,0.0001,disruption,disruption
7_166,2017461,1,05:45.6,passing_option,,J. Randall,Auckland FC,-14.67,0.79,-14.67,0.79,0.0,0.0,0.0,0.0009,disruption,disruption
1_40,2017461,1,05:47.2,off_ball_run,support,F. Gallegos,Auckland FC,-30.12,-15.13,-24.03,-15.76,0.0,1.0,0.0,0.0012,disruption,disruption
8_69,2017461,1,05:47.5,player_possession,,G. May,Auckland FC,-19.63,-22.22,-19.63,-22.22,,,,,disruption,disruption
7_167,2017461,1,05:47.5,passing_option,,F. Gallegos,Auckland FC,-28.73,-15.12,-28.73,-15.12,0.0,1.0,0.0,0.0012,disruption,disruption
7_168,2017461,1,05:47.5,passing_option,,L. Rogerson,Auckland FC,-34.61,-21.71,-34.61,-21.71,0.0,0.0,0.0,0.0004,disruption,disruption
7_169,2017461,1,05:47.5,passing_option,,J. Randall,Auckland FC,-12.12,-2.94,-12.12,-2.94,0.0,0.0,0.0,0.0026,disruption,disruption
8_70,2017461,1,05:48.5,player_possession,,J. Valadon,Melbourne V FC,22.62,16.03,14.41,16.96,,,,,finish,low_block
7_170,2017461,1,05:48.5,passing_option,,L. Jackson,Melbourne V FC,19.75,21.36,17.06,21.03,0.0,0.0,0.0,0.0032,finish,low_block
7_171,2017461,1,05:49.7,passing_option,,R. Teague,Melbourne V FC,17.26,9.43,16.64,9.56,0.0,1.0,1.0,0.0037,finish,low_block
8_71,2017461,1,05:50.5,player_possession,,R. Teague,Melbourne V FC,15.04,10.05,25.13,20.99,,,,,finish,low_block
7_172,2017461,1,05:50.5,passing_option,,J. Inserra,Melbourne V FC,7.09,-5.07,6.5,-6.19,0.0,0.0,0.0,0.0032,finish,low_block
7_173,2017461,1,05:51.5,passing_option,,D. Arzani,Melbourne V FC,25.16,6.77,22.3,7.14,0.0,0.0,0.0,0.0095,finish,low_block
7_174,2017461,1,05:51.7,passing_option,,Z. Machach,Melbourne V FC,30.77,21.84,32.84,28.77,0.0,1.0,1.0,0.01,finish,low_block
7_175,2017461,1,05:52.4,passing_option,,N. Velupillay,Melbourne V FC,30.98,14.18,31.8,16.75,0.0,0.0,0.0,0.0161,finish,low_block
7_176,2017461,1,05:52.9,passing_option,,K. Bos,Melbourne V FC,11.92,25.58,18.46,28.21,0.0,0.0,0.0,0.0041,finish,low_block
1_41,2017461,1,05:54.3,off_ball_run,support,K. Bos,Melbourne V FC,16.56,27.15,19.92,29.06,0.0,0.0,0.0,0.0041,finish,low_block
8_72,2017461,1,05:55.7,player_possession,,Z. Machach,Melbourne V FC,34.79,29.53,37.54,28.17,,,,,finish,low_block
7_177,2017461,1,05:55.7,passing_option,,N. Velupillay,Melbourne V FC,33.2,17.88,37.43,19.18,0.0,0.0,0.0,0.0116,finish,low_block
7_178,2017461,1,05:55.7,passing_option,,R. Teague,Melbourne V FC,28.69,22.29,34.5,17.65,0.0,0.0,0.0,0.0104,finish,low_block
7_179,2017461,1,05:55.7,passing_option,,K. Bos,Melbourne V FC,21.64,30.03,32.91,32.84,0.0,0.0,0.0,0.007,finish,low_block
7_180,2017461,1,05:56.6,passing_option,,D. Arzani,Melbourne V FC,27.02,14.52,32.92,22.71,0.0,1.0,1.0,0.0068,finish,low_block
8_73,2017461,1,06:01.0,player_possession,,D. Arzani,Melbourne V FC,33.0,24.3,33.0,24.3,,,,,finish,low_block
7_181,2017461,1,06:01.0,passing_option,,Z. Machach,Melbourne V FC,35.67,28.74,35.67,28.74,0.0,1.0,1.0,0.0052,finish,low_block
7_182,2017461,1,06:01.0,passing_option,,K. Bos,Melbourne V FC,34.81,33.06,34.81,33.06,0.0,0.0,0.0,0.0088,finish,low_block
8_74,2017461,1,06:01.7,player_possession,,Z. Machach,Melbourne V FC,35.25,29.84,35.95,29.86,,,,,finish,low_block
7_183,2017461,1,06:01.7,passing_option,,K. Bos,Melbourne V FC,36.19,33.26,40.28,32.44,0.0,0.0,0.0,0.0114,finish,low_block
7_184,2017461,1,06:01.7,passing_option,,D. Arzani,Melbourne V FC,32.35,25.53,29.13,31.29,0.0,1.0,1.0,0.0047,finish,low_block
7_185,2017461,1,06:03.6,passing_option,,N. Velupillay,Melbourne V FC,37.31,16.6,35.33,18.89,0.0,0.0,0.0,0.0104,finish,low_block
8_75,2017461,1,06:06.6,player_possession,,D. Arzani,Melbourne V FC,29.85,31.52,30.19,31.34,,,,,finish,low_block
7_186,2017461,1,06:06.6,passing_option,,Z. Machach,Melbourne V FC,35.94,31.01,36.13,31.67,0.0,0.0,0.0,0.0059,finish,low_block
7_187,2017461,1,06:06.6,passing_option,,N. Velupillay,Melbourne V FC,33.74,20.61,33.35,21.68,0.0,1.0,1.0,0.0065,finish,low_block
7_188,2017461,1,06:06.6,passing_option,,K. Bos,Melbourne V FC,39.01,33.04,38.42,32.98,0.0,0.0,0.0,0.0071,finish,low_block
8_76,2017461,1,06:08.1,player_possession,,N. Velupillay,Melbourne V FC,33.36,24.05,33.36,24.05,,,,,finish,low_block
7_189,2017461,1,06:08.1,passing_option,,D. Arzani,Melbourne V FC,31.25,29.83,31.25,29.83,0.0,1.0,1.0,0.0054,finish,low_block
7_190,2017461,1,06:08.1,passing_option,,K. Bos,Melbourne V FC,37.28,30.48,37.28,30.48,0.0,0.0,0.0,0.0093,finish,low_block
8_77,2017461,1,06:08.5,player_possession,,D. Arzani,Melbourne V FC,31.47,29.09,31.47,29.09,,,,,finish,low_block
7_191,2017461,1,06:08.5,passing_option,,Z. Machach,Melbourne V FC,35.82,32.85,35.82,32.85,0.0,1.0,0.0,0.0061,finish,low_block
7_192,2017461,1,06:08.5,passing_option,,N. Velupillay,Melbourne V FC,33.68,24.15,33.68,24.15,0.0,0.0,0.0,0.0074,finish,low_block
8_78,2017461,1,06:08.8,player_possession,,F. Gallegos,Auckland FC,-32.64,-23.64,-32.64,-23.64,,,,,chaotic,chaotic
8_79,2017461,1,06:16.8,player_possession,,K. Bos,Melbourne V FC,29.26,27.84,28.67,27.65,,,,,finish,low_block
7_193,2017461,1,06:16.8,passing_option,,Z. Machach,Melbourne V FC,29.55,33.57,29.78,33.4,0.0,1.0,1.0,0.0042,finish,low_block
7_194,2017461,1,06:16.8,passing_option,,D. Arzani,Melbourne V FC,31.63,24.92,32.29,25.45,0.0,0.0,0.0,0.0105,finish,low_block
7_195,2017461,1,06:16.8,passing_option,,N. Velupillay,Melbourne V FC,37.46,26.87,37.85,27.38,0.0,0.0,0.0,0.011,finish,low_block
8_80,2017461,1,06:17.7,player_possession,,Z. Machach,Melbourne V FC,29.98,33.33,33.93,32.12,,,,,finish,low_block
7_196,2017461,1,06:17.7,passing_option,,K. Bos,Melbourne V FC,28.2,27.59,26.31,28.46,0.0,0.0,0.0,0.0043,finish,low_block
7_197,2017461,1,06:17.7,passing_option,,D. Arzani,Melbourne V FC,32.84,25.7,34.92,26.57,0.0,0.0,0.0,0.0101,finish,low_block
7_198,2017461,1,06:17.7,passing_option,,N. Velupillay,Melbourne V FC,37.76,27.63,36.98,28.68,0.0,1.0,1.0,0.0077,finish,low_block
8_81,2017461,1,06:19.8,player_possession,,N. Velupillay,Melbourne V FC,37.16,28.85,37.42,29.08,,,,,finish,low_block
7_199,2017461,1,06:19.8,passing_option,,Z. Machach,Melbourne V FC,35.41,31.56,37.45,30.7,0.0,1.0,1.0,0.0142,finish,low_block
7_200,2017461,1,06:19.8,passing_option,,D. Arzani,Melbourne V FC,35.17,26.72,35.33,26.8,0.0,0.0,0.0,0.0084,finish,low_block
1_42,2017461,1,06:19.8,off_ball_run,run_ahead_of_the_ball,Z. Machach,Melbourne V FC,35.41,31.56,44.46,26.26,0.0,1.0,1.0,0.0142,finish,low_block
8_82,2017461,1,06:21.7,player_possession,,Z. Machach,Melbourne V FC,44.46,26.26,47.95,31.38,,,,,finish,low_block
7_201,2017461,1,06:21.7,passing_option,,N. Vergos,Melbourne V FC,36.48,6.97,38.01,8.71,1.0,0.0,0.0,0.0284,finish,low_block
7_202,2017461,1,06:21.8,passing_option,,D. Arzani,Melbourne V FC,36.04,24.66,36.52,22.11,0.0,0.0,0.0,0.0073,finish,low_block
7_203,2017461,1,06:22.9,passing_option,,N. Velupillay,Melbourne V FC,38.76,28.36,41.34,34.29,0.0,1.0,1.0,0.0082,finish,low_block
7_204,2017461,1,06:28.3,passing_option,,D. Arzani,Melbourne V FC,34.42,25.16,33.89,25.41,0.0,0.0,0.0,0.0073,finish,low_block
7_205,2017461,1,06:28.3,passing_option,,K. Bos,Melbourne V FC,30.48,33.67,30.48,33.87,0.0,0.0,0.0,0.0044,finish,low_block
8_83,2017461,1,06:30.6,player_possession,,N. Velupillay,Melbourne V FC,40.68,33.65,39.43,30.07,,,,,finish,low_block
7_206,2017461,1,06:30.6,passing_option,,D. Arzani,Melbourne V FC,33.03,25.54,32.73,26.83,0.0,0.0,0.0,0.0084,finish,low_block
7_207,2017461,1,06:31.3,passing_option,,K. Bos,Melbourne V FC,29.6,33.78,28.7,33.32,0.0,0.0,0.0,0.0036,finish,low_block
8_84,2017461,1,06:39.4,player_possession,,D. Arzani,Melbourne V FC,28.98,32.28,30.25,27.64,,,,,finish,low_block
7_208,2017461,1,06:39.4,passing_option,,K. Bos,Melbourne V FC,27.29,31.9,29.73,31.03,0.0,0.0,0.0,0.0061,finish,low_block
7_209,2017461,1,06:39.4,passing_option,,N. Velupillay,Melbourne V FC,35.74,30.51,35.82,31.47,0.0,0.0,0.0,0.0077,finish,low_block
7_210,2017461,1,06:39.5,passing_option,,Z. Machach,Melbourne V FC,36.76,25.59,36.67,24.95,0.0,1.0,1.0,0.013,finish,low_block
8_85,2017461,1,06:42.2,player_possession,,Z. Machach,Melbourne V FC,35.84,25.78,35.32,25.81,,,,,finish,low_block
7_211,2017461,1,06:42.2,passing_option,,D. Arzani,Melbourne V FC,31.15,23.69,32.03,21.48,0.0,0.0,0.0,0.0102,finish,low_block
7_212,2017461,1,06:42.2,passing_option,,K. Bos,Melbourne V FC,31.42,30.57,31.23,30.26,0.0,1.0,1.0,0.0035,finish,low_block
7_213,2017461,1,06:42.7,passing_option,,N. Velupillay,Melbourne V FC,36.7,32.84,36.78,32.89,0.0,0.0,0.0,0.0069,finish,low_block
8_86,2017461,1,06:43.6,player_possession,,K. Bos,Melbourne V FC,30.45,30.41,30.45,30.41,,,,,finish,low_block
7_214,2017461,1,06:43.6,passing_option,,Z. Machach,Melbourne V FC,34.86,26.04,34.86,26.04,0.0,0.0,0.0,0.0074,finish,low_block
7_215,2017461,1,06:43.6,passing_option,,N. Velupillay,Melbourne V FC,37.08,33.21,37.08,33.21,0.0,1.0,1.0,0.0045,finish,low_block
8_87,2017461,1,06:44.5,player_possession,,N. Velupillay,Melbourne V FC,37.36,33.43,38.45,27.38,,,,,finish,low_block
7_216,2017461,1,06:44.5,passing_option,,K. Bos,Melbourne V FC,30.3,31.72,32.5,33.46,0.0,0.0,0.0,0.0046,finish,low_block
7_217,2017461,1,06:44.5,passing_option,,Z. Machach,Melbourne V FC,35.25,26.13,39.15,23.68,0.0,0.0,0.0,0.0091,finish,low_block
7_218,2017461,1,06:45.7,passing_option,,D. Arzani,Melbourne V FC,34.17,17.68,34.25,22.76,0.0,0.0,0.0,0.0073,finish,low_block
7_219,2017461,1,06:47.9,passing_option,,N. Vergos,Melbourne V FC,39.64,0.22,39.67,0.5,1.0,1.0,1.0,0.0384,finish,low_block
1_43,2017461,1,06:48.2,off_ball_run,coming_short,N. Velupillay,Melbourne V FC,38.31,26.95,38.32,11.59,1.0,0.0,0.0,0.0329,finish,low_block
8_88,2017461,1,06:49.3,player_possession,,N. Vergos,Melbourne V FC,39.33,4.05,37.46,7.04,,,,,finish,low_block
7_220,2017461,1,06:49.5,passing_option,,N. Velupillay,Melbourne V FC,38.59,20.45,38.21,13.77,1.0,0.0,0.0,0.0329,finish,low_block
7_221,2017461,1,06:49.6,passing_option,,R. Teague,Melbourne V FC,28.43,14.02,31.27,11.75,1.0,1.0,1.0,0.0201,finish,low_block
7_222,2017461,1,06:50.4,passing_option,,J. Inserra,Melbourne V FC,28.34,-1.17,28.9,-1.99,1.0,0.0,0.0,0.0223,finish,low_block
8_89,2017461,1,06:51.7,player_possession,,R. Teague,Melbourne V FC,33.18,9.81,33.18,9.81,,,,,finish,low_block
7_223,2017461,1,06:51.7,passing_option,,N. Vergos,Melbourne V FC,35.33,6.07,35.33,6.07,0.0,0.0,0.0,0.0158,finish,low_block
7_224,2017461,1,06:51.7,passing_option,,N. Velupillay,Melbourne V FC,39.05,9.7,39.05,9.7,1.0,0.0,0.0,0.0298,finish,low_block
8_90,2017461,1,06:52.9,player_possession,,D. Arzani,Melbourne V FC,32.26,20.02,32.48,19.3,,,,,finish,low_block
7_225,2017461,1,06:52.9,passing_option,,J. Valadon,Melbourne V FC,26.32,14.41,26.32,14.41,0.0,0.0,0.0,0.0059,finish,low_block
7_226,2017461,1,06:52.9,passing_option,,K. Bos,Melbourne V FC,34.65,26.51,43.21,23.77,0.0,0.0,0.0,0.0159,finish,low_block
7_227,2017461,1,06:52.9,passing_option,,Z. Machach,Melbourne V FC,37.21,17.27,32.92,16.31,0.0,0.0,0.0,0.0084,finish,low_block
7_228,2017461,1,06:53.6,passing_option,,N. Vergos,Melbourne V FC,36.88,2.0,40.22,1.71,1.0,0.0,0.0,0.0327,finish,low_block
1_44,2017461,1,06:53.7,off_ball_run,run_ahead_of_the_ball,K. Bos,Melbourne V FC,36.47,25.26,42.04,23.41,0.0,0.0,0.0,0.0159,finish,low_block
7_229,2017461,1,06:55.3,passing_option,,J. Valadon,Melbourne V FC,27.46,17.18,24.3,20.13,0.0,0.0,0.0,0.0059,finish,low_block
7_230,2017461,1,06:57.5,passing_option,,N. Vergos,Melbourne V FC,40.58,-0.89,40.5,-1.5,1.0,1.0,0.0,0.0327,finish,low_block
8_91,2017461,1,07:01.7,player_possession,,L. Jackson,Melbourne V FC,9.07,10.44,9.15,12.21,,,,,finish,low_block
7_231,2017461,1,07:01.7,passing_option,,B. Hamill,Melbourne V FC,8.94,-1.01,6.77,-1.52,0.0,0.0,0.0,0.0014,finish,low_block
7_232,2017461,1,07:01.7,passing_option,,J. Valadon,Melbourne V FC,17.71,14.13,16.39,12.0,0.0,0.0,0.0,0.0022,finish,low_block
7_233,2017461,1,07:02.3,passing_option,,K. Bos,Melbourne V FC,26.25,27.82,23.67,29.23,0.0,1.0,1.0,0.0042,finish,low_block
1_45,2017461,1,07:04.2,off_ball_run,pulling_wide,D. Arzani,Melbourne V FC,24.36,19.82,26.39,23.29,0.0,0.0,0.0,0.0095,finish,low_block
8_92,2017461,1,07:04.5,player_possession,,K. Bos,Melbourne V FC,19.89,30.2,17.95,20.94,,,,,finish,low_block
7_234,2017461,1,07:04.5,passing_option,,D. Arzani,Melbourne V FC,25.04,20.96,26.39,23.29,0.0,0.0,0.0,0.0095,finish,low_block
7_235,2017461,1,07:04.5,passing_option,,L. Jackson,Melbourne V FC,6.5,15.48,3.09,17.81,0.0,0.0,0.0,0.0009,finish,low_block
7_236,2017461,1,07:05.0,passing_option,,J. Valadon,Melbourne V FC,14.2,14.75,13.11,16.68,0.0,0.0,0.0,0.0031,finish,low_block
7_237,2017461,1,07:05.7,passing_option,,Z. Machach,Melbourne V FC,25.91,13.48,25.09,13.75,0.0,1.0,1.0,0.0081,finish,low_block
7_238,2017461,1,07:05.7,passing_option,,N. Velupillay,Melbourne V FC,29.64,16.14,28.54,16.68,0.0,0.0,0.0,0.0178,finish,low_block
1_46,2017461,1,07:06.8,off_ball_run,support,K. Bos,Melbourne V FC,18.07,20.34,22.85,11.34,0.0,0.0,0.0,0.0089,finish,low_block
8_93,2017461,1,07:07.5,player_possession,,Z. Machach,Melbourne V FC,25.12,13.13,25.12,13.13,,,,,finish,low_block
7_239,2017461,1,07:07.5,passing_option,,N. Velupillay,Melbourne V FC,28.29,16.64,28.29,16.64,0.0,1.0,1.0,0.0121,finish,low_block
7_240,2017461,1,07:07.5,passing_option,,K. Bos,Melbourne V FC,19.36,16.15,19.36,16.15,0.0,0.0,0.0,0.0089,finish,low_block
8_94,2017461,1,07:09.0,player_possession,,H. Sakai,Auckland FC,-31.55,-20.13,-31.55,-20.13,,,,,disruption,disruption
8_95,2017461,1,07:11.4,player_possession,,L. Jackson,Melbourne V FC,5.36,15.54,5.36,15.54,,,,,finish,low_block
8_96,2017461,1,07:13.0,player_possession,,J. Valadon,Melbourne V FC,14.47,19.98,14.47,19.98,,,,,finish,low_block
7_241,2017461,1,07:13.0,passing_option,,Z. Machach,Melbourne V FC,22.89,15.73,22.89,15.73,0.0,0.0,0.0,0.011,finish,low_block
7_242,2017461,1,07:13.0,passing_option,,D. Arzani,Melbourne V FC,26.55,30.5,26.55,30.5,0.0,0.0,0.0,0.0042,finish,low_block
7_243,2017461,1,07:13.0,passing_option,,N. Velupillay,Melbourne V FC,25.4,22.75,25.4,22.75,0.0,0.0,0.0,0.0089,finish,low_block
7_244,2017461,1,07:13.0,passing_option,,R. Teague,Melbourne V FC,10.08,12.8,10.08,12.8,0.0,1.0,1.0,0.0034,finish,low_block
7_245,2017461,1,07:13.0,passing_option,,K. Bos,Melbourne V FC,24.84,18.67,24.84,18.67,0.0,0.0,0.0,0.0077,finish,low_block
8_97,2017461,1,07:14.3,player_possession,,R. Teague,Melbourne V FC,11.82,14.95,11.82,14.95,,,,,finish,low_block
7_246,2017461,1,07:14.3,passing_option,,Z. Machach,Melbourne V FC,21.47,16.03,21.47,16.03,0.0,0.0,0.0,0.0054,finish,low_block
7_247,2017461,1,07:14.3,passing_option,,D. Arzani,Melbourne V FC,25.12,30.35,25.12,30.35,0.0,1.0,1.0,0.0038,finish,low_block
7_248,2017461,1,07:14.3,passing_option,,J. Valadon,Melbourne V FC,16.28,20.75,16.28,20.75,0.0,0.0,0.0,0.0039,finish,low_block
8_98,2017461,1,07:16.3,player_possession,,D. Arzani,Melbourne V FC,24.96,31.35,24.96,31.35,,,,,finish,low_block
7_249,2017461,1,07:16.3,passing_option,,N. Velupillay,Melbourne V FC,26.3,22.41,26.3,22.41,0.0,1.0,1.0,0.0139,finish,low_block
7_250,2017461,1,07:16.3,passing_option,,J. Valadon,Melbourne V FC,18.74,21.43,18.74,21.43,0.0,0.0,0.0,0.0043,finish,low_block
7_251,2017461,1,07:16.3,passing_option,,K. Bos,Melbourne V FC,15.58,24.69,15.58,24.69,0.0,0.0,0.0,0.002,finish,low_block
1_47,2017461,1,07:17.6,off_ball_run,overlap,D. Arzani,Melbourne V FC,27.95,32.84,36.58,32.16,0.0,1.0,1.0,0.0115,finish,low_block
8_99,2017461,1,07:17.9,player_possession,,N. Velupillay,Melbourne V FC,28.28,24.62,28.0,26.06,,,,,finish,low_block
7_252,2017461,1,07:17.9,passing_option,,K. Bos,Melbourne V FC,16.79,29.08,17.6,29.63,0.0,0.0,0.0,0.0022,finish,low_block
7_253,2017461,1,07:17.9,passing_option,,D. Arzani,Melbourne V FC,29.29,32.99,32.15,32.87,0.0,1.0,1.0,0.0115,finish,low_block
7_254,2017461,1,07:17.9,passing_option,,J. Valadon,Melbourne V FC,21.66,23.37,22.35,23.88,0.0,0.0,0.0,0.0046,finish,low_block
8_100,2017461,1,07:19.5,player_possession,,D. Arzani,Melbourne V FC,36.58,32.16,50.63,13.54,,,,,finish,low_block
7_255,2017461,1,07:19.5,passing_option,,Z. Machach,Melbourne V FC,28.57,17.74,39.15,11.44,1.0,0.0,0.0,0.0307,finish,low_block
7_256,2017461,1,07:20.1,passing_option,,N. Velupillay,Melbourne V FC,27.52,29.71,30.35,31.22,0.0,0.0,0.0,0.0053,finish,low_block
7_257,2017461,1,07:23.7,passing_option,,N. Vergos,Melbourne V FC,41.4,-1.25,43.18,1.06,1.0,0.0,0.0,0.0921,finish,low_block
8_101,2017461,1,07:25.0,player_possession,,F. Gallegos,Auckland FC,-50.59,-12.67,-51.36,-11.08,,,,,chaotic,chaotic
7_258,2017461,1,07:25.0,passing_option,,D. Hall,Auckland FC,-49.51,-9.46,-51.04,-9.52,0.0,0.0,0.0,0.0001,chaotic,chaotic
7_259,2017461,1,07:25.3,passing_option,,H. Sakai,Auckland FC,-49.05,-16.12,-48.75,-16.23,0.0,1.0,0.0,0.0001,chaotic,chaotic
7_260,2017461,1,07:25.3,passing_option,,L. Verstraete,Auckland FC,-42.49,-14.22,-43.19,-12.77,0.0,0.0,0.0,0.0002,chaotic,chaotic
7_261,2017461,1,07:25.3,passing_option,,L. Rogerson,Auckland FC,-48.28,-15.81,-48.07,-15.36,0.0,0.0,0.0,0.0002,chaotic,chaotic
8_102,2017461,1,07:27.3,player_possession,,N. Vergos,Melbourne V FC,49.18,12.44,51.68,21.81,,,,,finish,low_block
7_262,2017461,1,07:27.3,passing_option,,N. Velupillay,Melbourne V FC,39.67,24.54,40.87,27.36,0.0,1.0,1.0,0.009,finish,low_block
8_103,2017461,1,07:30.7,player_possession,,N. Velupillay,Melbourne V FC,41.01,30.72,39.29,29.56,,,,,finish,low_block
7_263,2017461,1,07:30.7,passing_option,,J. Valadon,Melbourne V FC,29.88,20.27,29.44,20.89,0.0,0.0,0.0,0.0059,finish,low_block
7_264,2017461,1,07:30.8,passing_option,,K. Bos,Melbourne V FC,31.07,23.41,30.23,23.0,0.0,0.0,0.0,0.0066,finish,low_block
7_265,2017461,1,07:31.2,passing_option,,D. Arzani,Melbourne V FC,46.05,7.92,43.93,7.84,1.0,1.0,1.0,0.0366,finish,low_block
7_266,2017461,1,07:31.5,passing_option,,J. Inserra,Melbourne V FC,39.47,-3.23,40.69,-4.27,1.0,0.0,0.0,0.0266,finish,low_block
7_267,2017461,1,07:32.1,passing_option,,Z. Machach,Melbourne V FC,36.97,11.91,36.35,11.81,0.0,0.0,0.0,0.0097,finish,low_block
7_268,2017461,1,07:32.5,passing_option,,N. Vergos,Melbourne V FC,43.47,23.22,42.03,22.46,0.0,0.0,0.0,0.0099,finish,low_block
8_104,2017461,1,07:33.8,player_possession,,D. Arzani,Melbourne V FC,43.44,7.91,43.44,7.91,,,,,finish,low_block
7_269,2017461,1,07:33.8,passing_option,,Z. Machach,Melbourne V FC,35.09,11.7,35.09,11.7,0.0,0.0,0.0,0.0125,finish,low_block
7_270,2017461,1,07:33.8,passing_option,,N. Vergos,Melbourne V FC,41.14,21.1,41.14,21.1,0.0,1.0,1.0,0.0162,finish,low_block
8_105,2017461,1,07:34.2,player_possession,,N. Vergos,Melbourne V FC,40.96,20.13,39.34,15.26,,,,,finish,low_block
7_271,2017461,1,07:34.2,passing_option,,N. Velupillay,Melbourne V FC,42.07,25.98,46.13,21.85,1.0,0.0,0.0,0.0374,finish,low_block
8_106,2017461,1,08:09.0,player_possession,,H. Sakai,Auckland FC,-48.13,4.68,-48.13,4.68,,,,,chaotic,chaotic
8_107,2017461,1,08:10.0,player_possession,,G. May,Auckland FC,-37.5,13.25,-41.76,16.99,,,,,chaotic,chaotic
7_272,2017461,1,08:10.0,passing_option,,J. Randall,Auckland FC,-30.85,-3.81,-30.68,-3.77,0.0,0.0,0.0,0.001,chaotic,chaotic
7_273,2017461,1,08:10.0,passing_option,,M. Francois,Auckland FC,-35.05,3.26,-33.09,7.42,0.0,0.0,0.0,0.0019,chaotic,chaotic
7_274,2017461,1,08:10.6,passing_option,,F. Gallegos,Auckland FC,-45.07,9.28,-45.0,15.0,0.0,0.0,0.0,0.0005,chaotic,chaotic
8_108,2017461,1,08:12.6,player_possession,,D. Arzani,Melbourne V FC,44.11,-17.71,44.11,-17.71,,,,,chaotic,chaotic
7_275,2017461,1,08:12.6,passing_option,,Z. Machach,Melbourne V FC,43.53,-13.19,43.53,-13.19,0.0,0.0,0.0,0.017,chaotic,chaotic
7_276,2017461,1,08:12.6,passing_option,,R. Teague,Melbourne V FC,42.33,-28.15,42.33,-28.15,0.0,0.0,0.0,0.0086,chaotic,chaotic
8_109,2017461,1,08:13.5,player_possession,,F. Gallegos,Auckland FC,-46.52,17.24,-50.59,28.22,,,,,transition,defending_transition
7_277,2017461,1,08:13.5,passing_option,,G. May,Auckland FC,-46.19,17.77,-35.6,25.87,0.0,1.0,1.0,0.0026,transition,defending_transition
1_48,2017461,1,08:14.9,off_ball_run,run_ahead_of_the_ball,M. Francois,Auckland FC,-34.4,12.81,-24.97,24.6,0.0,0.0,0.0,0.0027,transition,defending_transition
7_278,2017461,1,08:15.2,passing_option,,M. Francois,Auckland FC,-33.35,13.86,-26.73,21.35,0.0,0.0,0.0,0.0027,transition,defending_transition
1_49,2017461,1,08:15.2,off_ball_run,run_ahead_of_the_ball,G. May,Auckland FC,-43.55,22.53,-26.8,26.13,0.0,1.0,1.0,0.0026,transition,defending_transition
8_110,2017461,1,08:18.4,player_possession,,G. May,Auckland FC,-26.8,26.13,-15.76,21.54,,,,,transition,defending_transition
7_279,2017461,1,08:18.4,passing_option,,L. Rogerson,Auckland FC,-31.38,16.4,-30.4,16.84,0.0,0.0,0.0,0.0008,transition,defending_transition
7_280,2017461,1,08:18.4,passing_option,,M. Francois,Auckland FC,-22.92,26.42,-11.37,27.48,0.0,0.0,0.0,0.0052,transition,defending_transition
7_281,2017461,1,08:18.4,passing_option,,J. Randall,Auckland FC,-11.28,7.76,-1.18,14.87,0.0,1.0,0.0,0.0149,transition,defending_transition
1_50,2017461,1,08:19.2,off_ball_run,run_ahead_of_the_ball,M. Francois,Auckland FC,-20.34,27.23,-5.28,27.92,0.0,0.0,0.0,0.0052,transition,defending_transition
8_111,2017461,1,08:22.2,player_possession,,J. Valadon,Melbourne V FC,-6.32,-19.14,-5.81,-16.0,,,,,create,medium_block
7_282,2017461,1,08:22.2,passing_option,,N. Velupillay,Melbourne V FC,10.49,-14.09,6.22,-11.24,0.0,0.0,0.0,0.0025,create,medium_block
7_283,2017461,1,08:22.2,passing_option,,B. Hamill,Melbourne V FC,8.2,-6.94,-1.34,-6.53,0.0,0.0,0.0,0.0025,create,medium_block
7_284,2017461,1,08:22.4,passing_option,,L. Jackson,Melbourne V FC,10.51,-2.59,2.71,0.86,0.0,1.0,1.0,0.0022,create,medium_block
7_285,2017461,1,08:23.0,passing_option,,K. Bos,Melbourne V FC,11.18,-22.55,7.8,-23.04,0.0,0.0,0.0,0.0013,create,medium_block
1_51,2017461,1,08:24.0,off_ball_run,support,J. Inserra,Melbourne V FC,-14.45,-9.66,-5.68,12.82,0.0,0.0,0.0,0.0021,create,medium_block
8_112,2017461,1,08:26.7,player_possession,,L. Jackson,Melbourne V FC,-2.23,6.58,-1.07,5.89,,,,,create,medium_block
7_286,2017461,1,08:26.7,passing_option,,B. Hamill,Melbourne V FC,-6.54,-4.57,-6.57,-4.47,0.0,0.0,0.0,0.001,create,medium_block
7_287,2017461,1,08:26.7,passing_option,,J. Inserra,Melbourne V FC,-11.98,2.92,-7.79,10.16,0.0,0.0,0.0,0.0021,create,medium_block
7_288,2017461,1,08:26.7,passing_option,,N. Velupillay,Melbourne V FC,6.12,-3.35,6.46,-0.83,0.0,0.0,0.0,0.0056,create,medium_block
7_289,2017461,1,08:28.2,passing_option,,K. Bos,Melbourne V FC,-1.28,-15.98,-1.68,-13.55,0.0,1.0,1.0,0.0011,create,medium_block
7_290,2017461,1,08:28.5,passing_option,,J. Valadon,Melbourne V FC,1.58,-6.19,1.95,-5.34,0.0,0.0,0.0,0.0026,create,medium_block
7_291,2017461,1,08:28.8,passing_option,,B. Hamill,Melbourne V FC,-7.05,-2.84,-7.08,-2.83,0.0,0.0,0.0,0.001,create,medium_block
8_113,2017461,1,08:30.1,player_possession,,K. Bos,Melbourne V FC,-2.32,-10.22,-2.32,-10.22,,,,,create,medium_block
7_292,2017461,1,08:30.1,passing_option,,B. Hamill,Melbourne V FC,-7.1,-3.25,-7.1,-3.25,0.0,1.0,1.0,0.0005,create,medium_block
8_114,2017461,1,08:31.1,player_possession,,B. Hamill,Melbourne V FC,-6.72,-4.21,-5.26,-6.99,,,,,create,medium_block
7_293,2017461,1,08:31.1,passing_option,,K. Bos,Melbourne V FC,-2.35,-6.78,-2.27,-4.62,0.0,0.0,0.0,0.0012,create,medium_block
7_294,2017461,1,08:31.1,passing_option,,R. Teague,Melbourne V FC,3.89,-10.32,-1.78,-14.42,0.0,1.0,1.0,0.0007,create,medium_block
1_52,2017461,1,08:31.3,off_ball_run,pulling_half_space,K. Bos,Melbourne V FC,-2.33,-5.95,-0.72,7.44,0.0,0.0,0.0,0.0012,create,medium_block
7_295,2017461,1,08:32.1,passing_option,,D. Arzani,Melbourne V FC,20.01,-27.67,19.6,-28.25,0.0,0.0,0.0,0.0043,create,medium_block
8_115,2017461,1,08:35.0,player_possession,,R. Teague,Melbourne V FC,-2.49,-15.16,-2.5,-15.16,,,,,create,medium_block
7_296,2017461,1,08:35.0,passing_option,,B. Hamill,Melbourne V FC,-6.78,-7.67,-8.21,-8.12,0.0,0.0,0.0,0.0004,create,medium_block
7_297,2017461,1,08:35.3,passing_option,,J. Valadon,Melbourne V FC,6.75,-3.55,6.81,-4.0,0.0,1.0,0.0,0.0028,create,medium_block
7_298,2017461,1,08:35.4,passing_option,,N. Velupillay,Melbourne V FC,10.46,-6.69,10.09,-6.9,0.0,0.0,0.0,0.0016,create,medium_block
1_53,2017461,1,08:35.4,off_ball_run,coming_short,N. Velupillay,Melbourne V FC,10.46,-6.69,6.19,-8.53,0.0,0.0,0.0,0.0016,create,medium_block
8_116,2017461,1,08:36.5,player_possession,,L. Verstraete,Auckland FC,-4.24,7.58,2.54,11.26,,,,,transition,defending_transition
7_299,2017461,1,08:36.5,passing_option,,J. Randall,Auckland FC,-2.1,4.04,-1.49,4.44,0.0,0.0,0.0,0.0181,transition,defending_transition
7_300,2017461,1,08:36.5,passing_option,,G. May,Auckland FC,4.8,8.64,7.48,7.21,0.0,0.0,0.0,0.0176,transition,defending_transition
7_301,2017461,1,08:36.5,passing_option,,M. Francois,Auckland FC,1.04,14.51,4.75,16.4,0.0,1.0,1.0,0.0133,transition,defending_transition
1_54,2017461,1,08:37.3,off_ball_run,run_ahead_of_the_ball,M. Francois,Auckland FC,2.98,15.63,30.49,30.81,0.0,1.0,1.0,0.0133,transition,defending_transition
1_55,2017461,1,08:38.5,off_ball_run,support,F. De Vries,Auckland FC,-9.75,21.73,40.44,15.8,1.0,0.0,0.0,0.0278,transition,defending_transition
8_117,2017461,1,08:41.9,player_possession,,M. Francois,Auckland FC,30.49,30.81,53.82,22.09,,,,,transition,defending_transition
7_302,2017461,1,08:41.9,passing_option,,F. De Vries,Auckland FC,11.23,23.64,41.11,15.4,1.0,0.0,0.0,0.0278,transition,defending_transition
7_303,2017461,1,08:41.9,passing_option,,J. Randall,Auckland FC,29.16,1.13,47.17,6.03,1.0,0.0,0.0,0.0674,transition,defending_transition
7_304,2017461,1,08:44.9,passing_option,,G. May,Auckland FC,34.4,3.51,38.53,4.41,1.0,0.0,0.0,0.0577,transition,defending_transition
1_56,2017461,1,08:45.2,off_ball_run,cross_receiver,J. Randall,Auckland FC,43.17,2.21,47.73,6.69,1.0,0.0,0.0,0.0674,transition,defending_transition
8_118,2017461,1,10:13.3,player_possession,,F. Gallegos,Auckland FC,-3.94,29.06,-9.52,25.48,,,,,create,medium_block
7_305,2017461,1,10:14.3,passing_option,,L. Verstraete,Auckland FC,-4.61,23.62,-7.12,25.89,0.0,0.0,0.0,0.0012,create,medium_block
7_306,2017461,1,10:14.4,passing_option,,G. May,Auckland FC,8.04,18.36,7.02,18.68,0.0,0.0,0.0,0.0063,create,medium_block
7_307,2017461,1,10:16.3,passing_option,,D. Hall,Auckland FC,-15.35,13.36,-15.55,13.34,0.0,1.0,1.0,0.0006,create,medium_block
8_119,2017461,1,10:17.6,player_possession,,D. Hall,Auckland FC,-17.5,13.17,-19.76,12.46,,,,,build_up,high_block
7_308,2017461,1,10:17.6,passing_option,,A. Paulsen,Auckland FC,-38.58,4.51,-38.48,3.33,0.0,1.0,1.0,0.0,build_up,high_block
7_309,2017461,1,10:18.1,passing_option,,H. Sakai,Auckland FC,-16.38,-1.72,-17.17,-2.31,0.0,0.0,0.0,0.0005,build_up,high_block
1_57,2017461,1,10:18.8,off_ball_run,pulling_wide,H. Sakai,Auckland FC,-18.45,-3.16,-27.73,-23.59,0.0,1.0,1.0,0.0001,build_up,high_block
8_120,2017461,1,10:20.1,player_possession,,A. Paulsen,Auckland FC,-37.5,-0.52,-37.18,-2.94,,,,,build_up,high_block
7_310,2017461,1,10:20.1,passing_option,,H. Sakai,Auckland FC,-23.2,-7.87,-25.61,-13.21,0.0,1.0,1.0,0.0001,build_up,high_block
8_121,2017461,1,10:22.8,player_possession,,H. Sakai,Auckland FC,-27.73,-23.59,-28.54,-26.79,,,,,build_up,high_block
8_122,2017461,1,10:40.4,player_possession,,L. Jackson,Melbourne V FC,-6.71,23.96,-19.21,15.74,,,,,build_up,high_block
7_311,2017461,1,10:40.4,passing_option,,B. Hamill,Melbourne V FC,-8.75,0.95,-18.68,-6.47,0.0,0.0,0.0,0.0004,build_up,high_block
1_58,2017461,1,10:40.9,off_ball_run,dropping_off,B. Hamill,Melbourne V FC,-10.51,-0.07,-17.79,-5.65,0.0,0.0,0.0,0.0004,build_up,high_block
7_312,2017461,1,10:41.0,passing_option,,J. Duncan,Melbourne V FC,-31.73,6.27,-36.47,4.77,0.0,1.0,1.0,0.0,build_up,high_block
8_123,2017461,1,10:46.0,player_possession,,J. Duncan,Melbourne V FC,-35.8,3.58,-35.8,3.58,,,,,build_up,high_block
7_313,2017461,1,10:46.0,passing_option,,N. Velupillay,Melbourne V FC,5.34,21.72,5.34,21.72,0.0,1.0,0.0,0.0018,build_up,high_block
7_314,2017461,1,10:46.0,passing_option,,J. Inserra,Melbourne V FC,-23.26,-25.54,-23.26,-25.54,0.0,0.0,0.0,0.0001,build_up,high_block
8_124,2017461,1,11:06.2,player_possession,,L. Verstraete,Auckland FC,1.94,-28.99,1.94,-28.99,,,,,create,medium_block
7_315,2017461,1,11:06.2,passing_option,,H. Sakai,Auckland FC,-3.55,-33.96,-3.55,-33.96,0.0,1.0,1.0,0.0004,create,medium_block
8_125,2017461,1,11:07.1,player_possession,,H. Sakai,Auckland FC,-4.24,-33.33,-4.24,-33.33,,,,,create,medium_block
7_316,2017461,1,11:07.1,passing_option,,L. Verstraete,Auckland FC,0.82,-29.94,0.82,-29.94,0.0,1.0,0.0,0.0007,create,medium_block
7_317,2017461,1,11:07.1,passing_option,,F. Gallegos,Auckland FC,-4.98,-23.98,-4.98,-23.98,0.0,0.0,0.0,0.0007,create,medium_block
7_318,2017461,1,11:07.1,passing_option,,G. May,Auckland FC,10.96,-23.13,10.96,-23.13,0.0,0.0,0.0,0.0024,create,medium_block
8_126,2017461,1,11:09.3,player_possession,,G. May,Auckland FC,5.97,-18.3,0.37,-12.25,,,,,create,medium_block
7_319,2017461,1,11:09.3,passing_option,,N. Pijnaker,Auckland FC,-16.7,-9.29,-15.81,-6.46,0.0,0.0,0.0,0.0005,create,medium_block
7_320,2017461,1,11:09.3,passing_option,,F. De Vries,Auckland FC,-7.75,3.34,-4.32,5.77,0.0,1.0,1.0,0.002,create,medium_block
7_321,2017461,1,11:09.3,passing_option,,M. Francois,Auckland FC,10.33,9.09,11.09,13.14,0.0,0.0,0.0,0.0081,create,medium_block
1_59,2017461,1,11:11.5,off_ball_run,pulling_half_space,J. Randall,Auckland FC,17.46,-2.69,23.93,14.34,0.0,0.0,0.0,0.0096,create,medium_block
1_60,2017461,1,11:11.8,off_ball_run,pulling_wide,M. Francois,Auckland FC,12.14,16.93,14.41,24.67,0.0,1.0,1.0,0.0069,create,medium_block
8_127,2017461,1,11:12.9,player_possession,,F. De Vries,Auckland FC,2.88,12.74,9.1,16.13,,,,,create,medium_block
7_322,2017461,1,11:12.9,passing_option,,M. Francois,Auckland FC,13.58,21.64,15.62,26.58,0.0,1.0,1.0,0.0069,create,medium_block
7_323,2017461,1,11:12.9,passing_option,,J. Randall,Auckland FC,18.5,4.72,20.48,11.02,0.0,0.0,0.0,0.0096,create,medium_block
1_61,2017461,1,11:14.3,off_ball_run,underlap,F. De Vries,Auckland FC,9.58,16.31,35.66,18.32,1.0,0.0,0.0,0.0294,finish,low_block
1_62,2017461,1,11:14.3,off_ball_run,overlap,F. Gallegos,Auckland FC,1.85,-0.59,29.43,27.17,0.0,0.0,0.0,0.0072,finish,low_block
8_128,2017461,1,11:15.9,player_possession,,M. Francois,Auckland FC,20.79,30.48,24.78,16.06,,,,,finish,low_block
7_324,2017461,1,11:15.9,passing_option,,F. De Vries,Auckland FC,16.64,18.32,34.29,18.36,1.0,0.0,0.0,0.0294,finish,low_block
7_325,2017461,1,11:15.9,passing_option,,J. Randall,Auckland FC,26.5,14.53,37.7,5.53,1.0,0.0,0.0,0.0952,finish,low_block
1_63,2017461,1,11:16.3,off_ball_run,cross_receiver,J. Randall,Auckland FC,27.89,13.74,37.98,5.23,1.0,0.0,0.0,0.0952,finish,low_block
7_326,2017461,1,11:17.5,passing_option,,F. Gallegos,Auckland FC,10.95,12.19,29.43,27.17,0.0,0.0,0.0,0.0072,finish,low_block
7_327,2017461,1,11:21.4,passing_option,,G. May,Auckland FC,34.79,10.24,36.88,12.73,1.0,0.0,0.0,0.0213,finish,low_block
7_328,2017461,1,11:21.7,passing_option,,L. Verstraete,Auckland FC,26.23,-0.03,26.5,0.57,0.0,0.0,0.0,0.0145,finish,low_block
8_129,2017461,1,12:03.8,player_possession,,D. Hall,Auckland FC,-12.74,1.89,-12.74,1.89,,,,,create,medium_block
8_130,2017461,1,12:04.9,player_possession,,L. Verstraete,Auckland FC,-6.04,-4.54,3.1,-4.89,,,,,create,medium_block
7_329,2017461,1,12:05.1,passing_option,,L. Rogerson,Auckland FC,-1.42,-1.63,6.31,-6.94,0.0,0.0,0.0,0.0113,create,medium_block
1_64,2017461,1,12:05.9,off_ball_run,behind,J. Randall,Auckland FC,11.65,3.57,15.35,-2.2,0.0,0.0,0.0,0.0172,create,medium_block
7_330,2017461,1,12:06.2,passing_option,,G. May,Auckland FC,4.7,0.51,8.46,1.71,0.0,0.0,0.0,0.011,create,medium_block
7_331,2017461,1,12:06.7,passing_option,,F. Gallegos,Auckland FC,-6.25,3.57,-4.19,1.56,0.0,0.0,0.0,0.0025,create,medium_block
1_65,2017461,1,12:06.8,off_ball_run,run_ahead_of_the_ball,L. Rogerson,Auckland FC,3.0,-4.82,7.18,-7.57,0.0,0.0,0.0,0.0113,create,medium_block
7_332,2017461,1,12:06.9,passing_option,,J. Randall,Auckland FC,13.76,-0.21,15.63,-2.51,0.0,0.0,0.0,0.0172,create,medium_block
7_333,2017461,1,12:07.4,passing_option,,M. Francois,Auckland FC,4.56,16.95,5.91,17.94,0.0,1.0,1.0,0.007,create,medium_block
1_66,2017461,1,12:08.5,off_ball_run,overlap,F. De Vries,Auckland FC,-10.39,15.27,31.94,25.8,0.0,1.0,1.0,0.0055,finish,low_block
8_131,2017461,1,12:09.5,player_possession,,M. Francois,Auckland FC,8.05,21.62,23.07,20.85,,,,,finish,low_block
7_334,2017461,1,12:09.5,passing_option,,G. May,Auckland FC,12.91,5.39,14.6,6.5,0.0,0.0,0.0,0.0082,finish,low_block
7_335,2017461,1,12:09.5,passing_option,,F. De Vries,Auckland FC,-5.4,17.7,21.64,25.5,0.0,1.0,1.0,0.0055,finish,low_block
1_67,2017461,1,12:09.9,off_ball_run,run_ahead_of_the_ball,G. May,Auckland FC,14.22,6.32,33.78,6.14,0.0,0.0,0.0,0.0082,finish,low_block
8_132,2017461,1,12:16.4,player_possession,,Z. Machach,Melbourne V FC,-30.66,-26.5,-34.53,-33.05,,,,,build_up,high_block
7_336,2017461,1,12:17.4,passing_option,,D. Arzani,Melbourne V FC,-36.31,-22.7,-38.02,-27.41,0.0,1.0,1.0,0.0,build_up,high_block
7_337,2017461,1,12:17.7,passing_option,,R. Teague,Melbourne V FC,-33.39,-17.93,-32.24,-20.75,0.0,0.0,0.0,0.0001,build_up,high_block
7_338,2017461,1,12:18.0,passing_option,,J. Inserra,Melbourne V FC,-39.96,-18.69,-44.45,-23.85,0.0,0.0,0.0,0.0,build_up,high_block
8_133,2017461,1,12:20.9,player_possession,,D. Arzani,Melbourne V FC,-38.25,-27.68,-33.32,-24.22,,,,,build_up,high_block
7_339,2017461,1,12:20.9,passing_option,,Z. Machach,Melbourne V FC,-35.21,-33.07,-35.03,-33.12,0.0,0.0,0.0,0.0001,build_up,high_block
7_340,2017461,1,12:20.9,passing_option,,J. Inserra,Melbourne V FC,-45.63,-24.95,-45.87,-25.02,0.0,0.0,0.0,0.0,build_up,high_block
7_341,2017461,1,12:20.9,passing_option,,R. Teague,Melbourne V FC,-33.01,-21.34,-35.45,-20.97,0.0,1.0,1.0,0.0001,build_up,high_block
7_342,2017461,1,12:22.1,passing_option,,J. Valadon,Melbourne V FC,-28.11,-8.55,-27.12,-8.77,0.0,0.0,0.0,0.0005,build_up,high_block
7_343,2017461,1,12:22.3,passing_option,,B. Hamill,Melbourne V FC,-42.97,-12.19,-42.76,-12.75,0.0,0.0,0.0,0.0001,build_up,high_block
8_134,2017461,1,12:23.3,player_possession,,R. Teague,Melbourne V FC,-35.88,-19.97,-37.65,-16.53,,,,,build_up,high_block
7_344,2017461,1,12:23.3,passing_option,,J. Inserra,Melbourne V FC,-44.31,-24.12,-43.17,-23.67,0.0,0.0,0.0,0.0001,build_up,high_block
7_345,2017461,1,12:23.3,passing_option,,B. Hamill,Melbourne V FC,-42.3,-12.99,-42.6,-12.27,0.0,0.0,0.0,0.0001,build_up,high_block
7_346,2017461,1,12:23.5,passing_option,,L. Jackson,Melbourne V FC,-36.01,2.86,-36.97,4.87,0.0,1.0,1.0,0.0001,build_up,high_block
7_347,2017461,1,12:23.8,passing_option,,K. Bos,Melbourne V FC,-29.0,13.35,-27.71,15.57,0.0,0.0,0.0,0.0004,build_up,high_block
1_68,2017461,1,12:24.5,off_ball_run,pulling_wide,K. Bos,Melbourne V FC,-27.51,15.96,-13.64,31.34,0.0,1.0,1.0,0.0007,build_up,high_block
8_135,2017461,1,12:26.3,player_possession,,L. Jackson,Melbourne V FC,-36.77,8.99,-34.87,11.82,,,,,build_up,high_block
7_348,2017461,1,12:26.3,passing_option,,J. Valadon,Melbourne V FC,-26.88,0.15,-26.35,4.51,0.0,0.0,0.0,0.0005,build_up,high_block
7_349,2017461,1,12:26.3,passing_option,,K. Bos,Melbourne V FC,-24.24,23.56,-21.38,27.41,0.0,1.0,1.0,0.0007,build_up,high_block
7_350,2017461,1,12:26.4,passing_option,,N. Velupillay,Melbourne V FC,-12.89,6.5,-11.93,8.52,0.0,0.0,0.0,0.0027,build_up,high_block
1_69,2017461,1,12:27.5,off_ball_run,support,J. Valadon,Melbourne V FC,-26.25,4.97,-14.06,21.04,0.0,1.0,1.0,0.001,create,medium_block
1_70,2017461,1,12:28.4,off_ball_run,run_ahead_of_the_ball,N. Velupillay,Melbourne V FC,-9.63,11.01,3.26,21.59,0.0,0.0,0.0,0.0077,create,medium_block
8_136,2017461,1,12:29.2,player_possession,,K. Bos,Melbourne V FC,-13.64,31.34,-2.65,32.29,,,,,create,medium_block
7_351,2017461,1,12:29.2,passing_option,,N. Velupillay,Melbourne V FC,-7.13,13.47,4.75,22.86,0.0,0.0,0.0,0.0077,create,medium_block
7_352,2017461,1,12:29.2,passing_option,,J. Valadon,Melbourne V FC,-22.29,12.02,-12.29,24.01,0.0,1.0,1.0,0.001,create,medium_block
8_137,2017461,1,12:33.9,player_possession,,J. Valadon,Melbourne V FC,-9.43,26.98,-9.04,26.33,,,,,create,medium_block
7_353,2017461,1,12:33.9,passing_option,,L. Jackson,Melbourne V FC,-23.64,18.17,-22.76,17.43,0.0,1.0,1.0,0.0002,create,medium_block
8_138,2017461,1,12:36.9,player_possession,,L. Jackson,Melbourne V FC,-20.06,14.45,-19.44,13.27,,,,,create,medium_block
7_354,2017461,1,12:36.9,passing_option,,B. Hamill,Melbourne V FC,-20.77,-3.15,-20.58,-4.66,0.0,1.0,1.0,0.0003,create,medium_block
7_355,2017461,1,12:36.9,passing_option,,R. Teague,Melbourne V FC,-6.8,8.32,-7.87,9.15,0.0,0.0,0.0,0.0009,create,medium_block
1_71,2017461,1,12:39.1,off_ball_run,dropping_off,J. Inserra,Melbourne V FC,-10.3,-23.96,-14.31,-24.04,0.0,1.0,1.0,0.0002,create,medium_block
8_139,2017461,1,12:39.2,player_possession,,B. Hamill,Melbourne V FC,-20.41,-6.73,-18.97,-9.28,,,,,create,medium_block
7_356,2017461,1,12:39.2,passing_option,,J. Inserra,Melbourne V FC,-10.74,-24.0,-16.17,-24.04,0.0,1.0,1.0,0.0002,create,medium_block
8_140,2017461,1,12:42.2,player_possession,,J. Inserra,Melbourne V FC,-16.38,-24.17,-17.98,-22.64,,,,,create,medium_block
7_357,2017461,1,12:42.2,passing_option,,B. Hamill,Melbourne V FC,-21.69,-11.28,-26.67,-12.39,0.0,1.0,1.0,0.0001,create,medium_block
7_358,2017461,1,12:42.3,passing_option,,J. Duncan,Melbourne V FC,-35.9,-2.7,-36.44,-3.67,0.0,0.0,0.0,0.0,create,medium_block
8_141,2017461,1,12:45.7,player_possession,,B. Hamill,Melbourne V FC,-28.28,-6.87,-21.58,-2.89,,,,,create,medium_block
7_359,2017461,1,12:45.7,passing_option,,L. Jackson,Melbourne V FC,-27.44,15.76,-25.24,17.92,0.0,1.0,1.0,0.0001,create,medium_block
7_360,2017461,1,12:48.7,passing_option,,J. Inserra,Melbourne V FC,-21.55,-23.05,-20.21,-23.89,0.0,0.0,0.0,0.0001,create,medium_block
7_361,2017461,1,12:49.3,passing_option,,R. Teague,Melbourne V FC,-11.32,-9.4,-11.52,-8.4,0.0,0.0,0.0,0.0012,create,medium_block
8_142,2017461,1,12:52.0,player_possession,,L. Jackson,Melbourne V FC,-23.63,17.84,-22.28,19.58,,,,,create,medium_block
7_362,2017461,1,12:52.0,passing_option,,N. Velupillay,Melbourne V FC,-0.24,18.0,-1.68,20.33,0.0,0.0,0.0,0.0018,create,medium_block
7_363,2017461,1,12:52.0,passing_option,,K. Bos,Melbourne V FC,-15.49,32.68,-17.48,32.67,0.0,1.0,1.0,0.0002,create,medium_block
1_72,2017461,1,12:53.8,off_ball_run,pulling_wide,N. Velupillay,Melbourne V FC,-2.04,22.51,-4.03,28.92,0.0,1.0,1.0,0.0019,create,medium_block
8_143,2017461,1,12:54.6,player_possession,,K. Bos,Melbourne V FC,-16.65,32.59,-16.65,32.59,,,,,create,medium_block
7_364,2017461,1,12:54.6,passing_option,,N. Velupillay,Melbourne V FC,-2.79,26.29,-2.79,26.29,0.0,1.0,1.0,0.0019,create,medium_block
7_365,2017461,1,12:54.6,passing_option,,J. Valadon,Melbourne V FC,-12.47,18.59,-12.47,18.59,0.0,0.0,0.0,0.0009,create,medium_block
8_144,2017461,1,12:55.6,player_possession,,N. Velupillay,Melbourne V FC,-4.98,29.96,-4.98,29.96,,,,,create,medium_block
7_366,2017461,1,12:55.6,passing_option,,J. Valadon,Melbourne V FC,-12.26,22.32,-12.26,22.32,0.0,1.0,1.0,0.0017,create,medium_block
7_367,2017461,1,12:55.6,passing_option,,K. Bos,Melbourne V FC,-14.7,32.14,-14.7,32.14,0.0,0.0,0.0,0.0014,create,medium_block
1_73,2017461,1,12:55.6,off_ball_run,coming_short,J. Valadon,Melbourne V FC,-12.26,22.32,-11.06,25.72,0.0,1.0,1.0,0.0017,create,medium_block
8_145,2017461,1,12:56.5,player_possession,,J. Valadon,Melbourne V FC,-10.94,26.1,-10.94,26.1,,,,,create,medium_block
7_368,2017461,1,12:56.5,passing_option,,N. Velupillay,Melbourne V FC,-7.64,31.08,-7.64,31.08,0.0,0.0,0.0,0.0007,create,medium_block
7_369,2017461,1,12:56.5,passing_option,,K. Bos,Melbourne V FC,-13.18,31.75,-13.18,31.75,0.0,1.0,1.0,0.0007,create,medium_block
8_146,2017461,1,12:57.2,player_possession,,K. Bos,Melbourne V FC,-13.4,31.41,-13.72,31.2,,,,,create,medium_block
7_370,2017461,1,12:57.2,passing_option,,N. Velupillay,Melbourne V FC,-8.89,31.93,-8.96,32.03,0.0,0.0,0.0,0.0007,create,medium_block
7_371,2017461,1,12:57.2,passing_option,,L. Jackson,Melbourne V FC,-25.73,21.99,-25.73,22.18,0.0,1.0,1.0,0.0001,create,medium_block
8_147,2017461,1,12:59.1,player_possession,,L. Jackson,Melbourne V FC,-26.26,23.21,-25.66,22.67,,,,,build_up,high_block
7_372,2017461,1,12:59.1,passing_option,,B. Hamill,Melbourne V FC,-25.91,-1.13,-26.4,-1.67,0.0,1.0,1.0,0.0001,build_up,high_block
8_148,2017461,1,13:01.6,player_possession,,B. Hamill,Melbourne V FC,-26.51,-2.12,-24.94,-3.83,,,,,build_up,high_block
7_373,2017461,1,13:01.6,passing_option,,D. Arzani,Melbourne V FC,-2.96,-6.8,-8.29,-8.61,0.0,0.0,0.0,0.0008,build_up,high_block
7_374,2017461,1,13:01.6,passing_option,,J. Inserra,Melbourne V FC,-18.62,-21.55,-20.87,-23.74,0.0,0.0,0.0,0.0001,build_up,high_block
7_375,2017461,1,13:02.7,passing_option,,Z. Machach,Melbourne V FC,4.02,-22.03,4.13,-22.53,0.0,1.0,0.0,0.0017,build_up,high_block
1_74,2017461,1,13:31.3,off_ball_run,dropping_off,K. Bos,Melbourne V FC,12.09,-6.42,6.11,-4.1,0.0,0.0,0.0,0.0053,chaotic,chaotic
8_0,2015213,1,00:00.5,player_possession,,M. Mata,Auckland FC,0.28,-0.22,0.28,-0.22,,,,,create,medium_block
8_1,2015213,1,00:01.2,player_possession,,G. May,Auckland FC,-6.34,0.4,-5.5,-0.01,,,,,create,medium_block
7_0,2015213,1,00:01.5,passing_option,,F. Gallegos,Auckland FC,-10.61,5.03,-11.24,5.36,0.0,1.0,1.0,0.0004,create,medium_block
7_1,2015213,1,00:02.0,passing_option,,F. De Vries,Auckland FC,-8.42,26.56,-8.32,26.66,0.0,0.0,0.0,0.0005,create,medium_block
7_2,2015213,1,00:02.1,passing_option,,M. Francois,Auckland FC,6.32,30.15,6.32,30.15,0.0,0.0,0.0,0.0039,create,medium_block
8_2,2015213,1,00:03.1,player_possession,,F. Gallegos,Auckland FC,-12.34,5.47,-12.71,5.74,,,,,create,medium_block
7_3,2015213,1,00:03.2,passing_option,,N. Pijnaker,Auckland FC,-18.67,13.6,-19.08,15.05,0.0,1.0,1.0,0.0002,create,medium_block
7_4,2015213,1,00:03.6,passing_option,,F. De Vries,Auckland FC,-8.88,28.8,-9.04,28.96,0.0,0.0,0.0,0.0004,create,medium_block
1_0,2015213,1,00:04.2,off_ball_run,coming_short,M. Francois,Auckland FC,9.38,27.02,3.47,22.9,0.0,0.0,0.0,0.0026,direct,defending_direct
1_1,2015213,1,00:04.8,off_ball_run,behind,M. Mata,Auckland FC,10.66,3.79,26.52,20.56,0.0,1.0,1.0,0.0083,direct,defending_direct
8_3,2015213,1,00:05.1,player_possession,,N. Pijnaker,Auckland FC,-18.82,19.03,-15.73,22.78,,,,,direct,defending_direct
7_5,2015213,1,00:05.1,passing_option,,M. Francois,Auckland FC,6.3,24.31,2.18,22.02,0.0,0.0,0.0,0.0026,direct,defending_direct
7_6,2015213,1,00:05.1,passing_option,,F. De Vries,Auckland FC,-11.71,31.66,-9.05,33.71,0.0,0.0,0.0,0.0005,direct,defending_direct
7_7,2015213,1,00:05.1,passing_option,,M. Mata,Auckland FC,10.63,5.16,12.33,12.05,0.0,1.0,1.0,0.0083,direct,defending_direct
8_4,2015213,1,00:28.5,player_possession,,M. Sutton,Western United,-35.66,-8.08,-34.89,-5.65,,,,,build_up,high_block
7_8,2015213,1,00:28.5,passing_option,,J. Donachie,Western United,-31.77,-21.56,-32.79,-20.99,0.0,0.0,0.0,0.0001,build_up,high_block
7_9,2015213,1,00:28.5,passing_option,,D. Leonard,Western United,-32.68,7.41,-31.18,12.67,0.0,1.0,1.0,0.0001,build_up,high_block
8_5,2015213,1,00:31.9,player_possession,,D. Leonard,Western United,-26.89,16.48,-23.4,19.3,,,,,direct,defending_direct
7_10,2015213,1,00:31.9,passing_option,,B. Garuccio,Western United,-20.6,27.39,-20.05,30.1,0.0,0.0,0.0,0.0005,direct,defending_direct
1_2,2015213,1,00:32.1,off_ball_run,coming_short,N. Botić,Western United,-0.45,9.68,-4.26,15.74,0.0,0.0,0.0,0.0024,direct,defending_direct
7_11,2015213,1,00:32.2,passing_option,,N. Botić,Western United,-0.64,10.07,-2.91,13.75,0.0,0.0,0.0,0.0024,direct,defending_direct
7_12,2015213,1,00:32.3,passing_option,,M. Grimaldi,Western United,-5.07,26.42,-4.62,28.09,0.0,0.0,0.0,0.002,direct,defending_direct
7_13,2015213,1,00:32.9,passing_option,,M. Ruhs,Western United,4.26,-7.06,4.56,-6.46,0.0,1.0,1.0,0.0113,direct,defending_direct
1_3,2015213,1,00:33.5,off_ball_run,behind,M. Ruhs,Western United,5.64,-5.38,20.4,-3.48,0.0,1.0,1.0,0.0113,direct,defending_direct
8_6,2015213,1,00:38.7,player_possession,,F. De Vries,Auckland FC,-27.37,18.4,-27.37,18.4,,,,,chaotic,chaotic
8_7,2015213,1,00:47.9,player_possession,,M. Francois,Auckland FC,-14.33,28.13,-14.33,28.13,,,,,chaotic,chaotic
7_14,2015213,1,00:47.9,passing_option,,G. May,Auckland FC,-5.54,22.25,-5.54,22.25,0.0,1.0,1.0,0.0022,chaotic,chaotic
7_15,2015213,1,00:47.9,passing_option,,L. Rogerson,Auckland FC,-8.33,10.18,-8.33,10.18,0.0,0.0,0.0,0.0038,chaotic,chaotic
7_16,2015213,1,00:47.9,passing_option,,M. Mata,Auckland FC,0.78,18.86,0.78,18.86,0.0,0.0,0.0,0.0049,chaotic,chaotic
1_4,2015213,1,00:48.0,off_ball_run,run_ahead_of_the_ball,M. Francois,Auckland FC,-13.86,27.89,-5.5,24.28,0.0,0.0,0.0,0.0103,chaotic,chaotic
8_8,2015213,1,00:48.6,player_possession,,G. May,Auckland FC,-5.97,22.96,-5.97,22.96,,,,,chaotic,chaotic
7_17,2015213,1,00:48.6,passing_option,,L. Verstraete,Auckland FC,-18.02,18.92,-18.02,18.92,0.0,1.0,1.0,0.0017,chaotic,chaotic
7_18,2015213,1,00:48.6,passing_option,,L. Rogerson,Auckland FC,-7.16,11.26,-7.16,11.26,0.0,0.0,0.0,0.005,chaotic,chaotic
7_19,2015213,1,00:48.6,passing_option,,M. Mata,Auckland FC,1.14,20.54,1.14,20.54,0.0,0.0,0.0,0.0068,chaotic,chaotic
7_20,2015213,1,00:48.6,passing_option,,M. Francois,Auckland FC,-10.96,26.6,-10.96,26.6,0.0,0.0,0.0,0.0103,chaotic,chaotic
1_5,2015213,1,00:48.9,off_ball_run,run_ahead_of_the_ball,L. Rogerson,Auckland FC,-6.2,11.75,-3.16,12.86,0.0,0.0,0.0,0.005,chaotic,chaotic
8_9,2015213,1,01:26.6,player_possession,,R. Bozinovski,Western United,-22.26,-6.86,-22.26,-6.86,,,,,chaotic,chaotic
8_10,2015213,1,01:28.8,player_possession,,D. Hall,Auckland FC,0.27,2.76,0.27,2.76,,,,,chaotic,chaotic
7_21,2015213,1,01:28.8,passing_option,,L. Verstraete,Auckland FC,12.08,-1.2,12.08,-1.2,0.0,0.0,0.0,0.0023,chaotic,chaotic
7_22,2015213,1,01:28.8,passing_option,,F. Gallegos,Auckland FC,9.08,5.42,9.08,5.42,0.0,1.0,0.0,0.0015,chaotic,chaotic
7_23,2015213,1,01:28.8,passing_option,,N. Pijnaker,Auckland FC,0.81,9.74,0.81,9.74,0.0,0.0,0.0,0.0009,chaotic,chaotic
7_24,2015213,1,01:28.8,passing_option,,F. De Vries,Auckland FC,6.24,20.96,6.24,20.96,0.0,0.0,0.0,0.0012,chaotic,chaotic
8_11,2015213,1,01:30.0,player_possession,,R. Bozinovski,Western United,-11.6,-8.01,-7.47,-11.2,,,,,create,medium_block
7_25,2015213,1,01:30.0,passing_option,,N. Botić,Western United,-5.95,-4.45,-5.72,-4.53,0.0,0.0,0.0,0.0033,create,medium_block
7_26,2015213,1,01:30.0,passing_option,,M. Ruhs,Western United,1.28,-6.21,5.0,-8.11,0.0,0.0,0.0,0.0131,create,medium_block
7_27,2015213,1,01:30.0,passing_option,,R. Danzaki,Western United,-12.44,-22.15,-8.11,-24.85,0.0,1.0,1.0,0.0014,create,medium_block
1_6,2015213,1,01:30.5,off_ball_run,run_ahead_of_the_ball,M. Ruhs,Western United,3.04,-7.13,6.58,-8.84,0.0,0.0,0.0,0.0131,create,medium_block
1_7,2015213,1,01:31.5,off_ball_run,run_ahead_of_the_ball,M. Ruhs,Western United,6.97,-9.01,12.16,-11.05,0.0,0.0,0.0,0.0126,create,medium_block
1_8,2015213,1,01:31.5,off_ball_run,behind,M. Grimaldi,Western United,-0.89,10.41,19.1,9.26,1.0,0.0,0.0,0.0323,create,medium_block
1_9,2015213,1,01:31.5,off_ball_run,support,T. Imai,Western United,-15.86,-16.73,-0.42,-30.57,0.0,0.0,0.0,0.001,create,medium_block
8_12,2015213,1,01:32.8,player_possession,,R. Danzaki,Western United,-2.63,-25.95,1.66,-25.69,,,,,create,medium_block
7_28,2015213,1,01:32.8,passing_option,,M. Ruhs,Western United,12.16,-11.05,15.26,-12.36,0.0,0.0,0.0,0.0126,create,medium_block
7_29,2015213,1,01:33.1,passing_option,,M. Grimaldi,Western United,10.81,10.06,18.67,9.3,1.0,0.0,0.0,0.0323,create,medium_block
7_30,2015213,1,01:33.2,passing_option,,T. Imai,Western United,-9.95,-23.92,-0.13,-30.8,0.0,0.0,0.0,0.001,create,medium_block
7_31,2015213,1,01:34.9,passing_option,,J. Donachie,Western United,-15.54,-18.58,-15.33,-19.84,0.0,1.0,1.0,0.0002,create,medium_block
7_32,2015213,1,01:35.0,passing_option,,R. Bozinovski,Western United,-1.01,-18.38,-1.41,-18.69,0.0,0.0,0.0,0.0006,create,medium_block
8_13,2015213,1,01:37.1,player_possession,,J. Donachie,Western United,-15.61,-22.11,-15.63,-18.79,,,,,create,medium_block
7_33,2015213,1,01:37.1,passing_option,,M. Sutton,Western United,-28.66,-4.56,-26.18,-3.12,0.0,1.0,1.0,0.0,create,medium_block
7_34,2015213,1,01:37.1,passing_option,,D. Leonard,Western United,-17.73,2.3,-17.25,9.01,0.0,0.0,0.0,0.0001,create,medium_block
8_14,2015213,1,01:40.9,player_possession,,M. Sutton,Western United,-24.55,-0.37,-23.41,-0.15,,,,,create,medium_block
7_35,2015213,1,01:40.9,passing_option,,D. Leonard,Western United,-17.46,14.5,-17.89,16.64,0.0,1.0,1.0,0.0001,create,medium_block
7_36,2015213,1,01:41.2,passing_option,,J. Donachie,Western United,-17.86,-16.61,-19.54,-15.2,0.0,0.0,0.0,0.0001,create,medium_block
7_37,2015213,1,01:42.3,passing_option,,M. Grimaldi,Western United,8.28,20.95,8.28,20.95,0.0,0.0,0.0,0.0018,create,medium_block
8_15,2015213,1,01:43.7,player_possession,,D. Leonard,Western United,-17.01,18.63,-15.4,22.74,,,,,create,medium_block
7_38,2015213,1,01:43.7,passing_option,,M. Grimaldi,Western United,3.52,20.56,-1.52,21.86,0.0,0.0,0.0,0.0018,create,medium_block
1_10,2015213,1,01:43.8,off_ball_run,coming_short,M. Grimaldi,Western United,3.1,20.58,-1.52,21.86,0.0,0.0,0.0,0.0018,create,medium_block
7_39,2015213,1,01:44.1,passing_option,,B. Garuccio,Western United,1.36,32.93,4.21,33.19,0.0,1.0,1.0,0.0062,create,medium_block
1_11,2015213,1,01:44.8,off_ball_run,run_ahead_of_the_ball,B. Garuccio,Western United,3.76,33.23,11.97,31.76,0.0,1.0,1.0,0.0062,create,medium_block
1_12,2015213,1,01:46.2,off_ball_run,overlap,M. Grimaldi,Western United,-0.8,24.82,30.09,21.17,0.0,0.0,0.0,0.0043,finish,low_block
8_16,2015213,1,01:46.6,player_possession,,B. Garuccio,Western United,12.33,31.59,20.19,7.76,,,,,finish,low_block
7_40,2015213,1,01:46.6,passing_option,,N. Botić,Western United,12.84,12.88,28.65,22.25,0.0,0.0,0.0,0.0167,finish,low_block
1_13,2015213,1,01:46.7,off_ball_run,run_ahead_of_the_ball,M. Ruhs,Western United,15.08,-4.68,31.61,2.21,1.0,0.0,0.0,0.0373,finish,low_block
7_41,2015213,1,01:46.8,passing_option,,M. Grimaldi,Western United,1.71,25.77,3.19,26.03,0.0,0.0,0.0,0.0043,finish,low_block
1_14,2015213,1,01:46.8,off_ball_run,support,R. Bozinovski,Western United,-2.1,3.38,13.13,3.84,0.0,0.0,0.0,0.0111,finish,low_block
1_15,2015213,1,01:46.8,off_ball_run,run_ahead_of_the_ball,N. Botić,Western United,13.52,13.35,32.32,21.82,0.0,0.0,0.0,0.0167,finish,low_block
1_16,2015213,1,01:46.9,off_ball_run,run_ahead_of_the_ball,R. Danzaki,Western United,11.63,-19.08,25.4,-12.38,1.0,0.0,0.0,0.0356,finish,low_block
7_42,2015213,1,01:47.7,passing_option,,M. Ruhs,Western United,19.88,-3.45,23.78,-2.66,1.0,0.0,0.0,0.0373,finish,low_block
7_43,2015213,1,01:49.8,passing_option,,R. Bozinovski,Western United,11.03,4.19,17.35,1.52,0.0,0.0,0.0,0.0111,finish,low_block
7_44,2015213,1,01:50.1,passing_option,,M. Ruhs,Western United,30.65,0.31,31.88,4.76,1.0,0.0,0.0,0.0373,finish,low_block
7_45,2015213,1,01:50.5,passing_option,,R. Danzaki,Western United,26.6,-10.86,27.33,-4.09,1.0,0.0,0.0,0.0356,finish,low_block
7_46,2015213,1,01:52.1,passing_option,,T. Imai,Western United,13.81,-11.67,15.96,-13.87,0.0,1.0,1.0,0.0073,finish,low_block
1_17,2015213,1,01:52.4,off_ball_run,support,T. Imai,Western United,14.68,-12.52,17.91,-15.81,0.0,1.0,1.0,0.0073,finish,low_block
8_17,2015213,1,01:55.2,player_possession,,T. Imai,Western United,21.7,-17.91,22.75,-18.56,,,,,finish,low_block
7_47,2015213,1,01:55.2,passing_option,,N. Botić,Western United,36.19,7.58,37.76,6.19,1.0,0.0,0.0,0.0316,finish,low_block
7_48,2015213,1,01:55.2,passing_option,,R. Bozinovski,Western United,19.63,-4.73,19.65,-7.12,0.0,1.0,1.0,0.0035,finish,low_block
7_49,2015213,1,01:55.2,passing_option,,M. Grimaldi,Western United,36.98,14.18,38.53,13.09,1.0,0.0,0.0,0.0224,finish,low_block
7_50,2015213,1,01:55.2,passing_option,,M. Ruhs,Western United,36.61,3.31,37.88,2.72,1.0,0.0,0.0,0.0329,finish,low_block
8_18,2015213,1,01:57.1,player_possession,,R. Bozinovski,Western United,19.36,-11.29,19.73,-14.43,,,,,finish,low_block
7_51,2015213,1,01:57.1,passing_option,,T. Imai,Western United,22.45,-21.03,20.44,-22.97,0.0,1.0,1.0,0.0019,finish,low_block
8_19,2015213,1,01:58.9,player_possession,,T. Imai,Western United,17.35,-24.42,17.35,-24.42,,,,,finish,low_block
7_52,2015213,1,01:58.9,passing_option,,J. Donachie,Western United,3.96,-11.66,3.96,-11.66,0.0,1.0,1.0,0.001,finish,low_block
8_20,2015213,1,02:00.7,player_possession,,J. Donachie,Western United,2.57,-13.54,2.87,-14.4,,,,,create,medium_block
7_53,2015213,1,02:00.7,passing_option,,D. Leonard,Western United,0.23,6.54,-2.16,7.01,0.0,0.0,0.0,0.001,create,medium_block
7_54,2015213,1,02:01.8,passing_option,,R. Bozinovski,Western United,16.1,-22.41,12.87,-21.47,0.0,1.0,1.0,0.0017,create,medium_block
8_21,2015213,1,02:03.6,player_possession,,R. Bozinovski,Western United,9.98,-19.87,9.11,-19.12,,,,,create,medium_block
7_55,2015213,1,02:03.6,passing_option,,J. Donachie,Western United,1.69,-15.79,0.56,-16.59,0.0,0.0,0.0,0.0006,create,medium_block
7_56,2015213,1,02:03.7,passing_option,,A. Thurgate,Western United,9.87,-6.75,9.82,-7.45,0.0,1.0,1.0,0.0028,create,medium_block
8_22,2015213,1,02:04.9,player_possession,,A. Thurgate,Western United,9.61,-8.73,9.61,-8.73,,,,,create,medium_block
7_57,2015213,1,02:04.9,passing_option,,J. Donachie,Western United,-2.03,-17.99,-2.03,-17.99,0.0,0.0,0.0,0.0005,create,medium_block
7_58,2015213,1,02:04.9,passing_option,,R. Danzaki,Western United,18.46,-17.81,18.46,-17.81,0.0,0.0,0.0,0.0044,create,medium_block
7_59,2015213,1,02:04.9,passing_option,,T. Imai,Western United,23.64,-30.63,23.64,-30.63,0.0,0.0,0.0,0.0067,create,medium_block
1_18,2015213,1,02:42.1,off_ball_run,coming_short,G. May,Auckland FC,15.3,-10.11,13.12,-16.69,0.0,0.0,0.0,0.0026,direct,defending_direct
8_23,2015213,1,02:43.5,player_possession,,M. Mata,Auckland FC,2.72,-22.85,2.72,-22.85,,,,,direct,defending_direct
7_60,2015213,1,02:43.5,passing_option,,F. Gallegos,Auckland FC,0.37,-15.89,0.37,-15.89,0.0,0.0,0.0,0.0021,direct,defending_direct
7_61,2015213,1,02:43.5,passing_option,,G. May,Auckland FC,13.32,-16.32,13.32,-16.32,0.0,0.0,0.0,0.0026,direct,defending_direct
7_62,2015213,1,02:43.5,passing_option,,L. Rogerson,Auckland FC,12.03,-24.6,12.03,-24.6,0.0,0.0,0.0,0.0069,direct,defending_direct
8_24,2015213,1,02:47.2,player_possession,,B. Garuccio,Western United,-8.82,32.08,-8.82,32.08,,,,,create,medium_block
7_63,2015213,1,02:47.2,passing_option,,N. Botić,Western United,5.02,19.0,5.02,19.0,0.0,0.0,0.0,0.0074,create,medium_block
7_64,2015213,1,02:47.2,passing_option,,M. Grimaldi,Western United,-1.73,32.36,-1.73,32.36,0.0,1.0,1.0,0.001,create,medium_block
8_25,2015213,1,02:47.7,player_possession,,M. Grimaldi,Western United,-2.18,33.05,-1.65,33.52,,,,,create,medium_block
7_65,2015213,1,02:47.7,passing_option,,B. Garuccio,Western United,-8.31,33.24,-8.17,33.81,0.0,0.0,0.0,0.0012,create,medium_block
7_66,2015213,1,02:47.7,passing_option,,N. Botić,Western United,5.64,19.97,6.36,22.15,0.0,0.0,0.0,0.0069,create,medium_block
7_67,2015213,1,02:47.8,passing_option,,A. Thurgate,Western United,-3.88,26.55,-4.05,28.59,0.0,1.0,1.0,0.0017,create,medium_block
8_26,2015213,1,02:49.4,player_possession,,A. Thurgate,Western United,-4.03,29.57,-4.03,29.57,,,,,create,medium_block
7_68,2015213,1,02:49.4,passing_option,,B. Garuccio,Western United,-8.01,33.6,-8.01,33.6,0.0,1.0,1.0,0.0007,create,medium_block
7_69,2015213,1,02:49.4,passing_option,,N. Botić,Western United,6.34,23.55,6.34,23.55,0.0,0.0,0.0,0.0062,create,medium_block
1_19,2015213,1,02:50.3,off_ball_run,dropping_off,D. Leonard,Western United,-14.37,27.27,-24.77,26.93,0.0,1.0,1.0,0.0002,create,medium_block
8_27,2015213,1,02:50.9,player_possession,,B. Garuccio,Western United,-8.82,32.2,-8.82,32.2,,,,,create,medium_block
7_70,2015213,1,02:50.9,passing_option,,D. Leonard,Western United,-16.81,28.13,-16.81,28.13,0.0,1.0,1.0,0.0002,create,medium_block
8_28,2015213,1,02:52.3,player_possession,,D. Leonard,Western United,-24.77,26.93,-34.77,23.36,,,,,build_up,high_block
7_71,2015213,1,02:52.3,passing_option,,M. Sutton,Western United,-41.05,7.27,-43.85,5.95,0.0,1.0,1.0,0.0,build_up,high_block
1_20,2015213,1,02:54.0,off_ball_run,dropping_off,D. Leonard,Western United,-35.31,23.14,-42.38,19.7,0.0,1.0,1.0,0.0003,build_up,high_block
8_29,2015213,1,02:55.9,player_possession,,M. Sutton,Western United,-44.6,2.83,-44.6,2.83,,,,,build_up,high_block
7_72,2015213,1,02:55.9,passing_option,,D. Leonard,Western United,-43.2,19.04,-43.2,19.04,0.0,1.0,1.0,0.0003,build_up,high_block
8_30,2015213,1,02:57.1,player_possession,,D. Leonard,Western United,-42.89,18.03,-41.25,18.21,,,,,build_up,high_block
7_73,2015213,1,02:57.1,passing_option,,B. Garuccio,Western United,-29.34,31.6,-28.77,32.64,0.0,1.0,1.0,0.0001,build_up,high_block
7_74,2015213,1,02:57.1,passing_option,,A. Thurgate,Western United,-24.21,17.68,-27.46,19.03,0.0,0.0,0.0,0.0003,build_up,high_block
7_75,2015213,1,02:57.1,passing_option,,M. Grimaldi,Western United,-7.79,24.96,-8.99,25.38,0.0,0.0,0.0,0.0011,build_up,high_block
8_31,2015213,1,02:59.6,player_possession,,B. Garuccio,Western United,-29.32,33.58,-29.55,33.26,,,,,build_up,high_block
7_76,2015213,1,02:59.6,passing_option,,A. Thurgate,Western United,-30.19,21.92,-29.8,23.29,0.0,0.0,0.0,0.0003,build_up,high_block
7_77,2015213,1,02:59.6,passing_option,,D. Leonard,Western United,-41.79,19.29,-42.41,20.46,0.0,1.0,1.0,0.0,build_up,high_block
7_78,2015213,1,02:59.8,passing_option,,N. Botić,Western United,-2.2,21.09,-2.11,21.7,0.0,0.0,0.0,0.0038,build_up,high_block
8_32,2015213,1,03:01.9,player_possession,,D. Leonard,Western United,-42.97,20.87,-44.56,18.27,,,,,build_up,high_block
7_79,2015213,1,03:01.9,passing_option,,M. Sutton,Western United,-48.92,5.48,-49.15,5.8,0.0,1.0,1.0,0.0,build_up,high_block
7_80,2015213,1,03:02.2,passing_option,,J. Donachie,Western United,-41.63,-10.72,-42.64,-12.89,0.0,0.0,0.0,0.0,build_up,high_block
8_33,2015213,1,03:04.5,player_possession,,M. Sutton,Western United,-49.46,5.03,-48.58,1.9,,,,,build_up,high_block
7_81,2015213,1,03:04.5,passing_option,,J. Donachie,Western United,-43.7,-16.0,-44.39,-19.18,0.0,1.0,1.0,0.0,build_up,high_block
8_34,2015213,1,03:07.8,player_possession,,J. Donachie,Western United,-44.63,-22.53,-40.37,-24.98,,,,,direct,defending_direct
7_82,2015213,1,03:07.8,passing_option,,T. Imai,Western United,-30.63,-31.16,-34.4,-32.57,0.0,0.0,0.0,0.0001,direct,defending_direct
7_83,2015213,1,03:07.8,passing_option,,M. Ruhs,Western United,-0.39,-10.38,0.86,-14.89,0.0,0.0,0.0,0.001,direct,defending_direct
7_84,2015213,1,03:09.3,passing_option,,N. Botić,Western United,1.37,8.1,1.37,8.1,0.0,0.0,0.0,0.0034,direct,defending_direct
8_35,2015213,1,03:15.1,player_possession,,D. Hall,Auckland FC,-32.24,15.15,-32.24,15.15,,,,,build_up,high_block
8_36,2015213,1,03:16.6,player_possession,,A. Paulsen,Auckland FC,-47.21,11.1,-44.14,7.83,,,,,build_up,high_block
7_85,2015213,1,03:16.6,passing_option,,F. De Vries,Auckland FC,-30.91,13.08,-33.08,13.23,0.0,0.0,0.0,0.0002,build_up,high_block
7_86,2015213,1,03:16.6,passing_option,,F. Gallegos,Auckland FC,-6.69,16.61,-15.24,15.91,0.0,0.0,0.0,0.0003,build_up,high_block
7_87,2015213,1,03:19.2,passing_option,,G. May,Auckland FC,7.9,23.34,2.62,18.96,0.0,0.0,0.0,0.0031,build_up,high_block
8_37,2015213,1,03:32.6,player_possession,,A. Paulsen,Auckland FC,-46.0,5.07,-46.76,3.98,,,,,build_up,high_block
7_88,2015213,1,03:32.7,passing_option,,L. Rogerson,Auckland FC,-9.64,-22.94,-10.66,-24.15,0.0,0.0,0.0,0.0003,build_up,high_block
7_89,2015213,1,03:33.8,passing_option,,H. Sakai,Auckland FC,-21.95,-26.74,-22.46,-27.39,0.0,1.0,1.0,0.0001,build_up,high_block
1_21,2015213,1,03:34.6,off_ball_run,coming_short,L. Verstraete,Auckland FC,-35.37,-0.67,-28.7,-15.81,0.0,1.0,1.0,0.0001,build_up,high_block
8_38,2015213,1,03:36.1,player_possession,,H. Sakai,Auckland FC,-27.95,-31.59,-32.2,-32.06,,,,,build_up,high_block
7_90,2015213,1,03:36.1,passing_option,,L. Rogerson,Auckland FC,-11.76,-27.04,-14.0,-31.36,0.0,0.0,0.0,0.0002,build_up,high_block
7_91,2015213,1,03:36.3,passing_option,,L. Verstraete,Auckland FC,-31.89,-8.85,-27.92,-18.29,0.0,1.0,1.0,0.0001,build_up,high_block
7_92,2015213,1,03:37.2,passing_option,,G. May,Auckland FC,-7.21,-8.29,-10.54,-13.91,0.0,0.0,0.0,0.0005,build_up,high_block
7_93,2015213,1,03:37.3,passing_option,,D. Hall,Auckland FC,-37.88,-16.3,-38.07,-19.45,0.0,0.0,0.0,0.0,build_up,high_block
1_22,2015213,1,03:37.5,off_ball_run,coming_short,G. May,Auckland FC,-7.6,-9.43,-12.56,-15.35,0.0,0.0,0.0,0.0005,build_up,high_block
8_39,2015213,1,03:39.4,player_possession,,L. Verstraete,Auckland FC,-28.05,-20.04,-28.05,-20.04,,,,,build_up,high_block
7_94,2015213,1,03:39.4,passing_option,,H. Sakai,Auckland FC,-32.5,-32.44,-32.5,-32.44,0.0,0.0,0.0,0.0001,build_up,high_block
7_95,2015213,1,03:39.4,passing_option,,G. May,Auckland FC,-13.58,-15.6,-13.58,-15.6,0.0,0.0,0.0,0.0005,build_up,high_block
7_96,2015213,1,03:39.4,passing_option,,D. Hall,Auckland FC,-38.95,-20.92,-38.95,-20.92,0.0,1.0,1.0,0.0001,build_up,high_block
7_97,2015213,1,03:39.4,passing_option,,L. Rogerson,Auckland FC,-15.95,-31.93,-15.95,-31.93,0.0,0.0,0.0,0.0002,build_up,high_block
8_40,2015213,1,03:41.8,player_possession,,D. Hall,Auckland FC,-41.2,-23.59,-41.2,-23.59,,,,,build_up,high_block
7_98,2015213,1,03:41.8,passing_option,,H. Sakai,Auckland FC,-34.32,-31.91,-34.32,-31.91,0.0,0.0,0.0,0.0001,build_up,high_block
7_99,2015213,1,03:41.8,passing_option,,A. Paulsen,Auckland FC,-49.65,-8.37,-49.65,-8.37,0.0,1.0,1.0,0.0,build_up,high_block
8_41,2015213,1,03:43.1,player_possession,,A. Paulsen,Auckland FC,-50.12,-11.2,-49.85,-12.27,,,,,direct,defending_direct
7_100,2015213,1,03:43.2,passing_option,,M. Mata,Auckland FC,-1.09,-9.81,-2.13,-10.53,0.0,0.0,0.0,0.0013,direct,defending_direct
7_101,2015213,1,03:43.3,passing_option,,N. Pijnaker,Auckland FC,-41.97,6.72,-44.22,7.73,0.0,0.0,0.0,0.0001,direct,defending_direct
7_102,2015213,1,03:43.9,passing_option,,F. Gallegos,Auckland FC,-31.97,-5.73,-32.92,-5.09,0.0,0.0,0.0,0.0001,direct,defending_direct
7_103,2015213,1,03:44.1,passing_option,,L. Rogerson,Auckland FC,-15.82,-26.29,-15.76,-26.07,0.0,1.0,0.0,0.0002,direct,defending_direct
8_42,2015213,1,03:47.0,player_possession,,B. Garuccio,Western United,10.53,23.59,10.53,23.59,,,,,chaotic,chaotic
7_104,2015213,1,03:47.0,passing_option,,A. Thurgate,Western United,21.56,15.27,21.56,15.27,0.0,1.0,1.0,0.0047,chaotic,chaotic
7_105,2015213,1,03:47.0,passing_option,,R. Bozinovski,Western United,10.74,10.26,10.74,10.26,0.0,0.0,0.0,0.0033,chaotic,chaotic
7_106,2015213,1,03:47.0,passing_option,,M. Grimaldi,Western United,25.18,22.61,25.18,22.61,0.0,0.0,0.0,0.005,chaotic,chaotic
8_43,2015213,1,03:50.2,player_possession,,D. Hall,Auckland FC,-28.86,-17.12,-28.86,-17.12,,,,,chaotic,chaotic
8_44,2015213,1,03:52.2,player_possession,,T. Imai,Western United,2.89,-4.52,2.89,-4.52,,,,,chaotic,chaotic
1_23,2015213,1,03:52.6,off_ball_run,run_ahead_of_the_ball,L. Rogerson,Auckland FC,-12.52,-23.87,12.29,-23.72,0.0,1.0,0.0,0.0103,chaotic,chaotic
8_45,2015213,1,03:53.5,player_possession,,G. May,Auckland FC,-8.49,-13.43,-3.87,-12.12,,,,,chaotic,chaotic
7_107,2015213,1,03:53.5,passing_option,,F. Gallegos,Auckland FC,-14.01,-2.61,-12.59,-2.15,0.0,0.0,0.0,0.0009,chaotic,chaotic
7_108,2015213,1,03:53.5,passing_option,,L. Rogerson,Auckland FC,-8.06,-24.12,3.79,-24.69,0.0,1.0,0.0,0.0103,chaotic,chaotic
1_24,2015213,1,03:54.1,off_ball_run,run_ahead_of_the_ball,M. Francois,Auckland FC,-0.83,4.14,10.78,4.77,0.0,0.0,0.0,0.0197,chaotic,chaotic
7_109,2015213,1,03:54.2,passing_option,,M. Francois,Auckland FC,-0.39,4.21,4.74,4.49,0.0,0.0,0.0,0.0197,chaotic,chaotic
1_25,2015213,1,03:54.2,off_ball_run,run_ahead_of_the_ball,M. Mata,Auckland FC,4.2,-8.9,14.8,-6.17,0.0,0.0,0.0,0.019,chaotic,chaotic
7_110,2015213,1,03:55.2,passing_option,,M. Mata,Auckland FC,8.97,-7.32,8.97,-7.32,0.0,0.0,0.0,0.019,chaotic,chaotic
8_46,2015213,1,03:56.6,player_possession,,B. Garuccio,Western United,-14.34,19.51,8.65,29.33,,,,,create,medium_block
7_111,2015213,1,03:56.6,passing_option,,M. Sutton,Western United,-41.05,2.55,-41.32,2.58,0.0,0.0,0.0,0.0,create,medium_block
7_112,2015213,1,03:57.1,passing_option,,D. Leonard,Western United,-23.03,10.85,-24.95,11.21,0.0,0.0,0.0,0.0002,create,medium_block
7_113,2015213,1,03:57.4,passing_option,,R. Bozinovski,Western United,-8.56,10.99,-14.63,10.69,0.0,0.0,0.0,0.0005,create,medium_block
7_114,2015213,1,03:57.6,passing_option,,A. Thurgate,Western United,-1.57,14.12,-7.59,14.8,0.0,0.0,0.0,0.002,create,medium_block
7_115,2015213,1,03:58.1,passing_option,,N. Botić,Western United,10.28,12.98,14.03,17.45,0.0,0.0,0.0,0.0118,create,medium_block
7_116,2015213,1,03:58.1,passing_option,,M. Grimaldi,Western United,-0.13,22.22,17.61,31.5,0.0,1.0,1.0,0.0045,create,medium_block
1_26,2015213,1,04:01.2,off_ball_run,run_ahead_of_the_ball,M. Grimaldi,Western United,2.85,31.51,16.36,31.33,0.0,1.0,1.0,0.0045,create,medium_block
8_47,2015213,1,04:05.3,player_possession,,M. Grimaldi,Western United,18.88,31.91,18.88,31.91,,,,,create,medium_block
7_117,2015213,1,04:05.3,passing_option,,B. Garuccio,Western United,10.32,31.44,10.32,31.44,0.0,0.0,0.0,0.0017,create,medium_block
7_118,2015213,1,04:05.3,passing_option,,N. Botić,Western United,16.36,15.83,16.36,15.83,0.0,1.0,1.0,0.0168,create,medium_block
1_27,2015213,1,04:06.1,off_ball_run,run_ahead_of_the_ball,M. Grimaldi,Western United,21.09,31.57,28.64,26.81,1.0,0.0,0.0,0.0316,finish,low_block
8_48,2015213,1,04:06.3,player_possession,,N. Botić,Western United,18.96,16.35,21.69,15.98,,,,,finish,low_block
7_119,2015213,1,04:06.3,passing_option,,M. Grimaldi,Western United,21.96,31.27,26.85,28.49,1.0,0.0,0.0,0.0316,finish,low_block
7_120,2015213,1,04:06.3,passing_option,,M. Ruhs,Western United,22.98,4.17,27.23,5.01,1.0,0.0,0.0,0.0646,finish,low_block
1_28,2015213,1,04:06.6,off_ball_run,behind,M. Ruhs,Western United,24.19,4.44,29.09,5.2,1.0,0.0,0.0,0.0646,finish,low_block
8_49,2015213,1,04:07.8,player_possession,,H. Sakai,Auckland FC,-27.57,-26.85,-37.24,-25.16,,,,,chaotic,chaotic
7_121,2015213,1,04:07.8,passing_option,,A. Paulsen,Auckland FC,-46.92,-2.79,-47.49,-2.76,0.0,0.0,0.0,0.0,chaotic,chaotic
7_122,2015213,1,04:07.8,passing_option,,L. Verstraete,Auckland FC,-20.9,-22.09,-28.09,-21.17,0.0,0.0,0.0,0.0003,chaotic,chaotic
7_123,2015213,1,04:07.8,passing_option,,L. Rogerson,Auckland FC,-19.53,-29.85,-27.11,-29.65,0.0,1.0,0.0,0.0001,chaotic,chaotic
8_50,2015213,1,04:14.5,player_possession,,A. Thurgate,Western United,26.2,21.55,26.2,21.55,,,,,chaotic,chaotic
1_29,2015213,1,04:16.0,off_ball_run,run_ahead_of_the_ball,M. Francois,Auckland FC,-22.08,4.76,-16.44,12.54,0.0,0.0,0.0,0.0018,build_up,high_block
8_51,2015213,1,04:16.8,player_possession,,F. Gallegos,Auckland FC,-24.53,-8.54,-24.11,-9.97,,,,,build_up,high_block
7_124,2015213,1,04:16.8,passing_option,,M. Francois,Auckland FC,-19.79,7.68,-17.98,10.45,0.0,0.0,0.0,0.0018,build_up,high_block
7_125,2015213,1,04:18.0,passing_option,,N. Pijnaker,Auckland FC,-31.26,-3.63,-31.7,-2.8,0.0,0.0,0.0,0.0002,build_up,high_block
7_126,2015213,1,04:18.1,passing_option,,L. Verstraete,Auckland FC,-22.52,-14.57,-21.17,-14.04,0.0,0.0,0.0,0.0007,build_up,high_block
7_127,2015213,1,04:18.1,passing_option,,L. Rogerson,Auckland FC,-17.24,-25.8,-17.02,-26.51,0.0,0.0,0.0,0.0006,build_up,high_block
7_128,2015213,1,04:18.7,passing_option,,D. Hall,Auckland FC,-30.86,-13.42,-30.74,-13.41,0.0,0.0,0.0,0.0002,build_up,high_block
7_129,2015213,1,04:18.7,passing_option,,A. Paulsen,Auckland FC,-47.42,-1.85,-47.34,-2.01,0.0,1.0,1.0,0.0,build_up,high_block
8_52,2015213,1,04:21.6,player_possession,,A. Paulsen,Auckland FC,-46.7,-6.96,-45.87,-6.57,,,,,build_up,high_block
7_130,2015213,1,04:21.6,passing_option,,D. Hall,Auckland FC,-34.67,-16.49,-35.61,-16.91,0.0,0.0,0.0,0.0001,build_up,high_block
7_131,2015213,1,04:21.6,passing_option,,N. Pijnaker,Auckland FC,-37.39,2.52,-39.28,5.6,0.0,1.0,1.0,0.0,build_up,high_block
7_132,2015213,1,04:22.5,passing_option,,F. De Vries,Auckland FC,-30.06,19.4,-30.22,19.75,0.0,0.0,0.0,0.0001,build_up,high_block
8_53,2015213,1,04:24.0,player_possession,,N. Pijnaker,Auckland FC,-40.68,8.06,-40.68,8.06,,,,,build_up,high_block
7_133,2015213,1,04:24.0,passing_option,,F. De Vries,Auckland FC,-32.66,24.41,-32.66,24.41,0.0,0.0,0.0,0.0001,build_up,high_block
7_134,2015213,1,04:24.0,passing_option,,A. Paulsen,Auckland FC,-46.53,-4.11,-46.53,-4.11,0.0,1.0,1.0,0.0,build_up,high_block
8_54,2015213,1,04:25.4,player_possession,,A. Paulsen,Auckland FC,-45.21,-2.4,-45.03,-2.81,,,,,build_up,high_block
7_135,2015213,1,04:25.4,passing_option,,F. Gallegos,Auckland FC,-27.71,5.0,-30.77,5.85,0.0,0.0,0.0,0.0001,build_up,high_block
7_136,2015213,1,04:25.9,passing_option,,L. Verstraete,Auckland FC,-27.07,-6.52,-28.4,-6.29,0.0,0.0,0.0,0.0002,build_up,high_block
7_137,2015213,1,04:26.2,passing_option,,N. Pijnaker,Auckland FC,-42.44,11.29,-42.58,11.62,0.0,1.0,1.0,0.0,build_up,high_block
8_55,2015213,1,04:27.6,player_possession,,N. Pijnaker,Auckland FC,-42.55,13.69,-40.89,16.32,,,,,build_up,high_block
7_138,2015213,1,04:27.6,passing_option,,F. De Vries,Auckland FC,-33.9,30.79,-32.44,32.45,0.0,0.0,0.0,0.0002,build_up,high_block
7_139,2015213,1,04:27.6,passing_option,,M. Francois,Auckland FC,-9.9,19.67,-14.72,20.41,0.0,1.0,1.0,0.0005,build_up,high_block
1_30,2015213,1,04:29.7,off_ball_run,support,F. Gallegos,Auckland FC,-32.08,13.76,-29.69,16.24,0.0,0.0,0.0,0.0012,build_up,high_block
8_56,2015213,1,04:30.3,player_possession,,M. Francois,Auckland FC,-18.71,23.2,-22.95,24.7,,,,,build_up,high_block
7_140,2015213,1,04:30.3,passing_option,,F. De Vries,Auckland FC,-29.74,32.68,-29.52,31.18,0.0,1.0,1.0,0.0003,build_up,high_block
7_141,2015213,1,04:30.6,passing_option,,F. Gallegos,Auckland FC,-29.37,16.5,-27.15,18.5,0.0,0.0,0.0,0.0012,build_up,high_block
1_31,2015213,1,04:32.1,off_ball_run,pulling_wide,G. May,Auckland FC,-13.08,16.87,-8.94,26.42,0.0,1.0,0.0,0.0033,build_up,high_block
8_57,2015213,1,04:33.1,player_possession,,F. De Vries,Auckland FC,-31.48,30.1,-31.48,30.1,,,,,build_up,high_block
7_142,2015213,1,04:33.1,passing_option,,G. May,Auckland FC,-11.77,21.61,-11.77,21.61,0.0,1.0,0.0,0.0033,build_up,high_block
7_143,2015213,1,04:33.1,passing_option,,M. Mata,Auckland FC,0.57,10.55,0.57,10.55,0.0,0.0,0.0,0.0047,build_up,high_block
8_58,2015213,1,04:35.4,player_possession,,J. Donachie,Western United,3.43,-25.44,3.43,-25.44,,,,,create,medium_block
8_59,2015213,1,04:36.5,player_possession,,A. Thurgate,Western United,8.8,-17.88,9.78,-17.95,,,,,finish,low_block
7_144,2015213,1,04:36.5,passing_option,,R. Danzaki,Western United,10.48,-28.56,10.43,-28.68,0.0,0.0,0.0,0.0012,finish,low_block
7_145,2015213,1,04:36.5,passing_option,,N. Botić,Western United,26.43,-11.81,25.62,-12.44,0.0,1.0,1.0,0.0092,finish,low_block
7_146,2015213,1,04:36.5,passing_option,,R. Bozinovski,Western United,12.51,-22.46,11.81,-22.41,0.0,0.0,0.0,0.0025,finish,low_block
7_147,2015213,1,04:36.7,passing_option,,M. Grimaldi,Western United,19.44,-2.61,19.1,-3.05,0.0,0.0,0.0,0.009,finish,low_block
7_148,2015213,1,04:36.8,passing_option,,M. Ruhs,Western United,25.94,-24.02,25.86,-23.84,0.0,0.0,0.0,0.0109,finish,low_block
1_32,2015213,1,04:37.9,off_ball_run,run_ahead_of_the_ball,M. Ruhs,Western United,26.1,-20.94,27.53,-17.29,1.0,0.0,0.0,0.0335,finish,low_block
1_33,2015213,1,04:37.9,off_ball_run,support,A. Thurgate,Western United,11.62,-15.53,15.38,-9.16,0.0,0.0,0.0,0.0121,finish,low_block
8_60,2015213,1,04:38.4,player_possession,,N. Botić,Western United,22.01,-12.35,20.88,-10.38,,,,,finish,low_block
7_149,2015213,1,04:38.4,passing_option,,M. Ruhs,Western United,26.89,-18.52,27.09,-18.07,1.0,0.0,0.0,0.0335,finish,low_block
7_150,2015213,1,04:38.4,passing_option,,A. Thurgate,Western United,12.8,-13.45,15.38,-9.16,0.0,0.0,0.0,0.0121,finish,low_block
7_151,2015213,1,04:38.4,passing_option,,M. Grimaldi,Western United,18.91,-5.87,21.3,-4.84,1.0,1.0,1.0,0.0262,finish,low_block
1_34,2015213,1,04:39.4,off_ball_run,support,A. Thurgate,Western United,15.64,-8.68,18.62,-3.68,0.0,1.0,1.0,0.0107,finish,low_block
1_35,2015213,1,04:40.0,off_ball_run,run_ahead_of_the_ball,N. Botić,Western United,21.99,-8.29,24.88,-6.62,1.0,0.0,0.0,0.0373,finish,low_block
8_61,2015213,1,04:40.2,player_possession,,M. Grimaldi,Western United,23.3,-3.15,23.7,-2.57,,,,,finish,low_block
7_152,2015213,1,04:40.2,passing_option,,A. Thurgate,Western United,17.66,-5.14,18.85,-3.37,0.0,1.0,1.0,0.0107,finish,low_block
7_153,2015213,1,04:40.2,passing_option,,N. Botić,Western United,22.7,-7.74,24.88,-6.62,1.0,0.0,0.0,0.0373,finish,low_block
8_62,2015213,1,04:41.3,player_possession,,A. Thurgate,Western United,19.92,-1.97,19.89,-1.79,,,,,finish,low_block
7_154,2015213,1,04:41.3,passing_option,,M. Grimaldi,Western United,24.41,-1.74,25.75,-0.45,1.0,0.0,0.0,0.0222,finish,low_block
7_155,2015213,1,04:41.3,passing_option,,B. Garuccio,Western United,9.24,11.15,12.62,13.2,0.0,0.0,0.0,0.0068,finish,low_block
7_156,2015213,1,04:41.6,passing_option,,R. Bozinovski,Western United,14.03,-14.21,15.05,-11.77,0.0,1.0,1.0,0.0056,finish,low_block
7_157,2015213,1,04:42.3,passing_option,,R. Danzaki,Western United,19.89,-22.68,20.1,-22.57,0.0,0.0,0.0,0.0053,finish,low_block
7_158,2015213,1,04:42.3,passing_option,,D. Leonard,Western United,2.15,-2.42,2.57,-2.0,0.0,0.0,0.0,0.0022,finish,low_block
8_63,2015213,1,04:43.5,player_possession,,R. Bozinovski,Western United,15.23,-8.52,14.83,-3.85,,,,,finish,low_block
7_159,2015213,1,04:43.5,passing_option,,B. Garuccio,Western United,15.85,15.54,18.55,18.97,0.0,0.0,0.0,0.0092,finish,low_block
7_160,2015213,1,04:43.5,passing_option,,A. Thurgate,Western United,17.23,-1.68,14.14,0.34,0.0,0.0,0.0,0.0049,finish,low_block
7_161,2015213,1,04:43.5,passing_option,,D. Leonard,Western United,4.23,0.24,5.4,3.84,0.0,1.0,1.0,0.0026,finish,low_block
8_64,2015213,1,04:46.4,player_possession,,D. Leonard,Western United,6.34,8.29,6.66,10.15,,,,,finish,low_block
7_162,2015213,1,04:46.4,passing_option,,B. Garuccio,Western United,19.3,24.32,18.14,26.6,0.0,1.0,1.0,0.0031,finish,low_block
8_65,2015213,1,04:48.6,player_possession,,B. Garuccio,Western United,17.54,27.2,15.86,23.28,,,,,finish,low_block
7_163,2015213,1,04:48.6,passing_option,,M. Grimaldi,Western United,25.19,13.42,26.53,15.72,0.0,0.0,0.0,0.02,finish,low_block
7_164,2015213,1,04:48.6,passing_option,,D. Leonard,Western United,5.36,13.08,2.54,16.29,0.0,1.0,1.0,0.001,finish,low_block
7_165,2015213,1,04:49.3,passing_option,,A. Thurgate,Western United,16.47,12.22,18.41,13.44,0.0,0.0,0.0,0.0182,finish,low_block
7_166,2015213,1,04:49.8,passing_option,,R. Bozinovski,Western United,11.97,7.17,11.6,8.27,0.0,0.0,0.0,0.004,finish,low_block
8_66,2015213,1,04:51.3,player_possession,,D. Leonard,Western United,2.06,15.86,2.59,15.2,,,,,create,medium_block
7_167,2015213,1,04:51.3,passing_option,,J. Donachie,Western United,-4.79,-6.89,-5.45,-7.3,0.0,0.0,0.0,0.0005,create,medium_block
7_168,2015213,1,04:51.3,passing_option,,R. Bozinovski,Western United,10.06,9.95,8.87,10.05,0.0,0.0,0.0,0.0029,create,medium_block
7_169,2015213,1,04:52.0,passing_option,,A. Thurgate,Western United,20.29,19.56,20.04,20.33,0.0,1.0,1.0,0.004,create,medium_block
8_67,2015213,1,04:53.8,player_possession,,A. Thurgate,Western United,19.63,26.21,19.54,21.61,,,,,finish,low_block
7_170,2015213,1,04:53.8,passing_option,,M. Grimaldi,Western United,26.56,14.85,32.38,15.01,1.0,0.0,0.0,0.0274,finish,low_block
7_171,2015213,1,04:53.8,passing_option,,B. Garuccio,Western United,11.4,19.06,16.08,27.07,0.0,0.0,0.0,0.0056,finish,low_block
7_172,2015213,1,04:57.2,passing_option,,R. Bozinovski,Western United,19.41,10.89,18.67,11.87,0.0,0.0,0.0,0.0061,finish,low_block
7_173,2015213,1,04:58.0,passing_option,,D. Leonard,Western United,6.28,17.13,6.37,17.04,0.0,0.0,0.0,0.0017,finish,low_block
7_174,2015213,1,04:58.1,passing_option,,B. Garuccio,Western United,21.27,28.66,21.89,28.68,0.0,1.0,1.0,0.0056,finish,low_block
8_68,2015213,1,04:59.3,player_possession,,B. Garuccio,Western United,23.78,28.63,25.22,29.19,,,,,finish,low_block
7_175,2015213,1,04:59.3,passing_option,,A. Thurgate,Western United,18.06,22.14,18.13,24.22,0.0,0.0,0.0,0.0028,finish,low_block
7_176,2015213,1,04:59.6,passing_option,,M. Grimaldi,Western United,31.48,9.9,34.0,11.32,0.0,0.0,0.0,0.02,finish,low_block
7_177,2015213,1,05:00.2,passing_option,,N. Botić,Western United,36.43,3.07,36.73,3.09,1.0,1.0,0.0,0.0252,finish,low_block
7_178,2015213,1,05:00.2,passing_option,,M. Ruhs,Western United,35.81,-2.12,36.23,-1.97,1.0,0.0,0.0,0.0322,finish,low_block
8_69,2015213,1,05:02.0,player_possession,,D. Hall,Auckland FC,-42.25,-10.35,-42.25,-10.35,,,,,disruption,disruption
8_70,2015213,1,05:04.0,player_possession,,R. Bozinovski,Western United,29.15,14.32,29.15,14.32,,,,,chaotic,chaotic
8_71,2015213,1,05:04.8,player_possession,,L. Verstraete,Auckland FC,-33.05,-17.64,-35.38,-20.57,,,,,chaotic,chaotic
7_179,2015213,1,05:04.8,passing_option,,H. Sakai,Auckland FC,-39.06,-16.77,-39.22,-17.47,0.0,1.0,0.0,0.0002,chaotic,chaotic
7_180,2015213,1,05:04.8,passing_option,,L. Rogerson,Auckland FC,-35.57,-24.19,-36.28,-22.98,0.0,0.0,0.0,0.0002,chaotic,chaotic
8_72,2015213,1,05:06.1,player_possession,,R. Bozinovski,Western United,36.01,19.06,48.92,13.26,,,,,chaotic,chaotic
7_181,2015213,1,05:06.1,passing_option,,B. Garuccio,Western United,33.97,26.02,34.7,24.93,0.0,0.0,0.0,0.0128,chaotic,chaotic
7_182,2015213,1,05:06.1,passing_option,,M. Grimaldi,Western United,36.33,14.19,39.59,9.14,0.0,0.0,0.0,0.018,chaotic,chaotic
7_183,2015213,1,05:07.2,passing_option,,N. Botić,Western United,38.51,8.31,43.23,5.25,1.0,0.0,0.0,0.1028,chaotic,chaotic
7_184,2015213,1,05:07.3,passing_option,,M. Ruhs,Western United,38.78,0.84,46.69,0.66,1.0,1.0,0.0,0.458,chaotic,chaotic
1_36,2015213,1,05:07.5,off_ball_run,cross_receiver,M. Ruhs,Western United,39.6,0.87,49.7,0.5,1.0,1.0,0.0,0.458,chaotic,chaotic
1_37,2015213,1,05:08.0,off_ball_run,cross_receiver,M. Grimaldi,Western United,38.3,12.01,40.72,6.72,1.0,0.0,0.0,0.0839,chaotic,chaotic
1_38,2015213,1,05:08.1,off_ball_run,cross_receiver,N. Botić,Western United,40.74,6.14,45.4,4.91,1.0,0.0,0.0,0.1028,chaotic,chaotic
8_73,2015213,1,05:38.7,player_possession,,B. Garuccio,Western United,-24.01,18.7,-24.01,18.7,,,,,chaotic,chaotic
7_185,2015213,1,05:38.7,passing_option,,R. Bozinovski,Western United,-16.2,11.91,-16.2,11.91,0.0,1.0,1.0,0.0007,chaotic,chaotic
8_74,2015213,1,05:40.1,player_possession,,R. Bozinovski,Western United,-17.68,14.61,-17.68,14.61,,,,,chaotic,chaotic
7_186,2015213,1,05:40.1,passing_option,,R. Danzaki,Western United,-8.67,0.08,-8.67,0.08,0.0,0.0,0.0,0.0026,chaotic,chaotic
7_187,2015213,1,05:40.1,passing_option,,A. Thurgate,Western United,-15.3,16.38,-15.3,16.38,0.0,0.0,0.0,0.0005,chaotic,chaotic
7_188,2015213,1,05:40.1,passing_option,,N. Botić,Western United,-2.79,15.85,-2.79,15.85,0.0,0.0,0.0,0.002,chaotic,chaotic
7_189,2015213,1,05:40.1,passing_option,,M. Grimaldi,Western United,-12.42,20.46,-12.42,20.46,0.0,1.0,0.0,0.0008,chaotic,chaotic
7_190,2015213,1,05:40.1,passing_option,,M. Ruhs,Western United,1.92,7.64,1.92,7.64,0.0,0.0,0.0,0.0058,chaotic,chaotic
8_75,2015213,1,05:42.6,player_possession,,H. Sakai,Auckland FC,5.41,-28.74,5.41,-28.74,,,,,chaotic,chaotic
8_76,2015213,1,06:07.2,player_possession,,F. Gallegos,Auckland FC,2.63,-27.7,2.63,-27.7,,,,,chaotic,chaotic
8_77,2015213,1,06:08.4,player_possession,,L. Verstraete,Auckland FC,8.0,-27.55,7.67,-28.42,,,,,chaotic,chaotic
7_191,2015213,1,06:08.4,passing_option,,G. May,Auckland FC,18.87,-22.36,18.62,-22.32,0.0,0.0,0.0,0.0056,chaotic,chaotic
7_192,2015213,1,06:08.4,passing_option,,H. Sakai,Auckland FC,6.15,-25.74,6.02,-25.51,0.0,0.0,0.0,0.0023,chaotic,chaotic
7_193,2015213,1,06:08.4,passing_option,,L. Rogerson,Auckland FC,3.55,-30.78,3.96,-30.69,0.0,1.0,1.0,0.0011,chaotic,chaotic
8_78,2015213,1,06:09.6,player_possession,,L. Rogerson,Auckland FC,4.27,-30.6,4.27,-30.6,,,,,chaotic,chaotic
7_194,2015213,1,06:09.6,passing_option,,H. Sakai,Auckland FC,5.95,-25.87,5.95,-25.87,0.0,0.0,0.0,0.0018,chaotic,chaotic
7_195,2015213,1,06:09.6,passing_option,,L. Verstraete,Auckland FC,7.76,-28.79,7.76,-28.79,0.0,0.0,0.0,0.0018,chaotic,chaotic
7_196,2015213,1,06:09.6,passing_option,,G. May,Auckland FC,18.43,-22.01,18.43,-22.01,0.0,1.0,0.0,0.0072,chaotic,chaotic
8_79,2015213,1,06:13.6,player_possession,,M. Sutton,Western United,-41.35,4.56,-42.01,0.75,,,,,build_up,high_block
8_80,2015213,1,06:18.0,player_possession,,D. Leonard,Western United,-34.67,16.23,-34.21,16.44,,,,,build_up,high_block
7_197,2015213,1,06:18.0,passing_option,,A. Thurgate,Western United,-21.46,17.29,-22.54,17.6,0.0,1.0,1.0,0.0002,build_up,high_block
7_198,2015213,1,06:18.6,passing_option,,M. Grimaldi,Western United,-23.34,29.74,-23.35,29.79,0.0,0.0,0.0,0.0002,build_up,high_block
8_81,2015213,1,06:19.9,player_possession,,A. Thurgate,Western United,-24.51,17.8,-27.07,17.59,,,,,build_up,high_block
7_199,2015213,1,06:19.9,passing_option,,D. Leonard,Western United,-34.47,16.58,-37.15,17.42,0.0,0.0,0.0,0.0001,build_up,high_block
7_200,2015213,1,06:21.8,passing_option,,M. Sutton,Western United,-40.51,3.72,-40.65,2.73,0.0,0.0,0.0,0.0,build_up,high_block
7_201,2015213,1,06:22.7,passing_option,,J. Donachie,Western United,-34.56,-12.79,-34.59,-13.04,0.0,1.0,1.0,0.0,build_up,high_block
8_82,2015213,1,06:25.4,player_possession,,J. Donachie,Western United,-32.3,-14.18,-25.85,-19.58,,,,,build_up,high_block
7_202,2015213,1,06:25.4,passing_option,,T. Imai,Western United,-16.15,-29.33,-18.83,-31.34,0.0,1.0,1.0,0.0001,build_up,high_block
7_203,2015213,1,06:26.3,passing_option,,R. Danzaki,Western United,-0.58,-25.29,-4.27,-23.57,0.0,0.0,0.0,0.001,build_up,high_block
7_204,2015213,1,06:27.1,passing_option,,M. Ruhs,Western United,3.15,-4.29,3.27,-5.91,0.0,0.0,0.0,0.0032,build_up,high_block
1_39,2015213,1,06:27.2,off_ball_run,coming_short,R. Danzaki,Western United,-2.71,-24.4,-6.84,-23.05,0.0,0.0,0.0,0.001,build_up,high_block
8_83,2015213,1,06:28.8,player_possession,,T. Imai,Western United,-22.52,-31.27,-22.52,-31.27,,,,,build_up,high_block
7_205,2015213,1,06:28.8,passing_option,,M. Sutton,Western United,-40.71,-9.46,-40.71,-9.46,0.0,1.0,1.0,0.0,build_up,high_block
8_84,2015213,1,06:31.7,player_possession,,M. Sutton,Western United,-41.89,-5.44,-41.89,-5.44,,,,,build_up,high_block
7_206,2015213,1,06:31.7,passing_option,,B. Garuccio,Western United,-24.51,22.2,-24.51,22.2,0.0,0.0,0.0,0.0002,build_up,high_block
7_207,2015213,1,06:31.7,passing_option,,D. Leonard,Western United,-38.15,8.62,-38.15,8.62,0.0,1.0,1.0,0.0001,build_up,high_block
8_85,2015213,1,06:33.0,player_possession,,D. Leonard,Western United,-37.02,12.84,-28.22,18.73,,,,,build_up,high_block
7_208,2015213,1,06:33.0,passing_option,,M. Grimaldi,Western United,-13.39,14.4,-13.61,15.88,0.0,0.0,0.0,0.0021,build_up,high_block
7_209,2015213,1,06:33.0,passing_option,,B. Garuccio,Western United,-27.15,25.37,-20.02,31.91,0.0,1.0,1.0,0.0012,build_up,high_block
7_210,2015213,1,06:33.0,passing_option,,A. Thurgate,Western United,-22.85,4.77,-21.11,12.96,0.0,0.0,0.0,0.0009,build_up,high_block
1_40,2015213,1,06:34.3,off_ball_run,pulling_wide,B. Garuccio,Western United,-25.39,29.21,-20.02,31.91,0.0,1.0,1.0,0.0012,build_up,high_block
1_41,2015213,1,06:36.3,off_ball_run,run_ahead_of_the_ball,M. Grimaldi,Western United,-10.22,19.15,-2.66,23.29,0.0,0.0,0.0,0.0109,create,medium_block
8_86,2015213,1,06:37.1,player_possession,,B. Garuccio,Western United,-16.0,32.77,-16.79,32.43,,,,,create,medium_block
7_211,2015213,1,06:37.1,passing_option,,A. Thurgate,Western United,-19.65,17.47,-19.24,18.39,0.0,0.0,0.0,0.0008,create,medium_block
7_212,2015213,1,06:37.1,passing_option,,N. Botić,Western United,2.71,15.67,3.32,16.32,0.0,0.0,0.0,0.0088,create,medium_block
7_213,2015213,1,06:37.1,passing_option,,M. Grimaldi,Western United,-6.89,21.34,-1.96,23.62,0.0,0.0,0.0,0.0109,create,medium_block
7_214,2015213,1,06:37.4,passing_option,,D. Leonard,Western United,-29.21,21.61,-31.0,22.65,0.0,1.0,1.0,0.0001,create,medium_block
1_42,2015213,1,06:39.0,off_ball_run,coming_short,R. Bozinovski,Western United,-19.57,7.63,-27.28,11.4,0.0,0.0,0.0,0.0003,build_up,high_block
8_87,2015213,1,06:39.8,player_possession,,D. Leonard,Western United,-36.19,24.1,-40.6,22.59,,,,,build_up,high_block
7_215,2015213,1,06:39.8,passing_option,,R. Bozinovski,Western United,-22.46,9.81,-24.19,10.67,0.0,0.0,0.0,0.0003,build_up,high_block
7_216,2015213,1,06:39.8,passing_option,,M. Sutton,Western United,-47.12,8.5,-48.53,10.02,0.0,1.0,1.0,0.0,build_up,high_block
8_88,2015213,1,06:42.4,player_possession,,M. Sutton,Western United,-49.89,11.09,-49.51,7.49,,,,,direct,defending_direct
7_217,2015213,1,06:42.4,passing_option,,J. Donachie,Western United,-41.49,-10.54,-43.8,-15.65,0.0,0.0,0.0,0.0001,direct,defending_direct
7_218,2015213,1,06:43.6,passing_option,,M. Ruhs,Western United,-8.22,-6.14,-8.55,-6.89,0.0,1.0,1.0,0.0008,direct,defending_direct
7_219,2015213,1,06:43.8,passing_option,,R. Danzaki,Western United,-8.72,-28.82,-8.72,-28.82,0.0,0.0,0.0,0.0002,direct,defending_direct
8_89,2015213,1,06:47.9,player_possession,,F. De Vries,Auckland FC,-7.19,24.68,-17.16,25.9,,,,,create,medium_block
7_220,2015213,1,06:47.9,passing_option,,N. Pijnaker,Auckland FC,-4.56,17.75,-7.97,18.09,0.0,0.0,0.0,0.0006,create,medium_block
7_221,2015213,1,06:47.9,passing_option,,A. Paulsen,Auckland FC,-28.4,5.2,-30.96,8.36,0.0,1.0,1.0,0.0,create,medium_block
8_90,2015213,1,06:52.6,player_possession,,A. Paulsen,Auckland FC,-37.4,10.21,-37.23,10.01,,,,,create,medium_block
7_222,2015213,1,06:52.6,passing_option,,N. Pijnaker,Auckland FC,-22.19,21.6,-24.94,22.47,0.0,1.0,1.0,0.0,create,medium_block
7_223,2015213,1,06:52.6,passing_option,,F. De Vries,Auckland FC,-27.43,29.27,-26.67,30.8,0.0,0.0,0.0,0.0,create,medium_block
8_91,2015213,1,06:56.3,player_possession,,N. Pijnaker,Auckland FC,-28.74,21.35,-28.84,20.8,,,,,create,medium_block
7_224,2015213,1,06:56.3,passing_option,,D. Hall,Auckland FC,-29.81,-8.99,-30.12,-8.22,0.0,1.0,1.0,0.0,create,medium_block
7_225,2015213,1,06:56.3,passing_option,,A. Paulsen,Auckland FC,-36.65,7.6,-36.66,6.64,0.0,0.0,0.0,0.0,create,medium_block
8_92,2015213,1,07:00.0,player_possession,,D. Hall,Auckland FC,-28.67,-9.79,-24.8,-9.86,,,,,create,medium_block
7_226,2015213,1,07:00.0,passing_option,,H. Sakai,Auckland FC,-13.05,-30.09,-18.48,-28.86,0.0,0.0,0.0,0.0001,create,medium_block
7_227,2015213,1,07:01.5,passing_option,,N. Pijnaker,Auckland FC,-26.75,16.3,-25.95,13.65,0.0,1.0,1.0,0.0001,create,medium_block
8_93,2015213,1,07:04.6,player_possession,,N. Pijnaker,Auckland FC,-24.95,12.24,-24.54,12.95,,,,,create,medium_block
7_228,2015213,1,07:04.6,passing_option,,F. Gallegos,Auckland FC,-17.13,20.44,-18.25,22.05,0.0,1.0,1.0,0.0001,create,medium_block
7_229,2015213,1,07:04.6,passing_option,,F. De Vries,Auckland FC,-9.5,32.44,-7.29,32.76,0.0,0.0,0.0,0.0007,create,medium_block
8_94,2015213,1,07:06.5,player_possession,,F. Gallegos,Auckland FC,-19.26,22.96,-12.56,27.69,,,,,create,medium_block
7_230,2015213,1,07:06.5,passing_option,,N. Pijnaker,Auckland FC,-24.6,13.67,-24.68,13.64,0.0,0.0,0.0,0.0001,create,medium_block
7_231,2015213,1,07:06.5,passing_option,,M. Francois,Auckland FC,2.11,21.69,-1.98,17.85,0.0,0.0,0.0,0.0021,create,medium_block
7_232,2015213,1,07:06.5,passing_option,,F. De Vries,Auckland FC,-3.46,33.03,3.66,33.87,0.0,0.0,0.0,0.0031,create,medium_block
7_233,2015213,1,07:09.5,passing_option,,L. Verstraete,Auckland FC,-9.78,13.85,-10.1,15.54,0.0,0.0,0.0,0.0009,create,medium_block
7_234,2015213,1,07:09.9,passing_option,,N. Pijnaker,Auckland FC,-22.08,12.76,-21.73,13.04,0.0,1.0,1.0,0.0001,create,medium_block
8_95,2015213,1,07:11.5,player_possession,,N. Pijnaker,Auckland FC,-22.35,13.83,-20.74,10.86,,,,,create,medium_block
7_235,2015213,1,07:11.5,passing_option,,D. Hall,Auckland FC,-18.64,-5.9,-22.72,-8.99,0.0,0.0,0.0,0.0001,create,medium_block
7_236,2015213,1,07:12.3,passing_option,,H. Sakai,Auckland FC,-12.84,-26.29,-12.73,-27.61,0.0,0.0,0.0,0.0001,create,medium_block
7_237,2015213,1,07:12.6,passing_option,,G. May,Auckland FC,0.49,-9.31,-1.49,-9.81,0.0,0.0,0.0,0.0005,create,medium_block
7_238,2015213,1,07:13.7,passing_option,,F. Gallegos,Auckland FC,-15.06,25.66,-15.92,25.27,0.0,1.0,1.0,0.0002,create,medium_block
8_96,2015213,1,07:15.5,player_possession,,F. Gallegos,Auckland FC,-17.2,23.94,-18.21,21.98,,,,,create,medium_block
7_239,2015213,1,07:15.5,passing_option,,N. Pijnaker,Auckland FC,-22.3,11.91,-23.85,11.8,0.0,0.0,0.0,0.0004,create,medium_block
7_240,2015213,1,07:16.2,passing_option,,A. Paulsen,Auckland FC,-37.19,4.31,-37.19,4.29,0.0,1.0,1.0,0.0,create,medium_block
1_43,2015213,1,07:17.7,off_ball_run,coming_short,L. Verstraete,Auckland FC,-14.45,8.02,-23.14,-5.15,0.0,0.0,0.0,0.0005,build_up,high_block
8_97,2015213,1,07:18.0,player_possession,,A. Paulsen,Auckland FC,-37.39,2.96,-40.53,-0.43,,,,,build_up,high_block
1_44,2015213,1,07:18.3,off_ball_run,dropping_off,G. May,Auckland FC,-5.12,-10.95,-8.92,-12.21,0.0,0.0,0.0,0.0003,build_up,high_block
7_241,2015213,1,07:18.5,passing_option,,H. Sakai,Auckland FC,-14.01,-28.82,-16.06,-29.09,0.0,1.0,1.0,0.0002,build_up,high_block
7_242,2015213,1,07:18.5,passing_option,,L. Rogerson,Auckland FC,1.91,-26.02,-3.24,-25.62,0.0,0.0,0.0,0.0006,build_up,high_block
7_243,2015213,1,07:18.7,passing_option,,L. Verstraete,Auckland FC,-17.38,3.47,-19.35,-0.19,0.0,0.0,0.0,0.0005,build_up,high_block
7_244,2015213,1,07:19.0,passing_option,,G. May,Auckland FC,-8.12,-11.92,-10.02,-12.71,0.0,0.0,0.0,0.0003,build_up,high_block
8_98,2015213,1,07:23.1,player_possession,,H. Sakai,Auckland FC,-18.84,-31.58,-18.13,-31.41,,,,,create,medium_block
7_245,2015213,1,07:23.1,passing_option,,L. Rogerson,Auckland FC,-3.84,-28.31,-4.08,-32.95,0.0,0.0,0.0,0.0004,create,medium_block
7_246,2015213,1,07:23.5,passing_option,,L. Verstraete,Auckland FC,-23.49,-12.4,-20.51,-16.33,0.0,0.0,0.0,0.0002,create,medium_block
7_247,2015213,1,07:24.6,passing_option,,G. May,Auckland FC,-6.45,-19.49,-5.51,-20.2,0.0,1.0,1.0,0.0011,create,medium_block
1_45,2015213,1,07:25.1,off_ball_run,run_ahead_of_the_ball,G. May,Auckland FC,-4.84,-20.69,-1.86,-22.36,0.0,1.0,1.0,0.0011,create,medium_block
8_99,2015213,1,07:25.9,player_possession,,G. May,Auckland FC,-1.86,-22.36,10.75,-32.67,,,,,create,medium_block
7_248,2015213,1,07:25.9,passing_option,,L. Rogerson,Auckland FC,-2.12,-33.49,20.52,-31.52,0.0,0.0,0.0,0.0062,create,medium_block
1_46,2015213,1,07:26.0,off_ball_run,run_ahead_of_the_ball,L. Rogerson,Auckland FC,-1.69,-33.44,19.24,-30.77,0.0,0.0,0.0,0.0062,create,medium_block
1_47,2015213,1,07:26.2,off_ball_run,underlap,H. Sakai,Auckland FC,-14.36,-30.7,16.22,-24.79,0.0,0.0,0.0,0.0126,create,medium_block
1_48,2015213,1,07:26.9,off_ball_run,run_ahead_of_the_ball,M. Mata,Auckland FC,7.87,-7.35,20.28,-11.73,0.0,0.0,0.0,0.0129,create,medium_block
7_249,2015213,1,07:28.7,passing_option,,M. Mata,Auckland FC,15.79,-7.37,19.99,-11.45,0.0,0.0,0.0,0.0129,create,medium_block
7_250,2015213,1,07:28.8,passing_option,,H. Sakai,Auckland FC,0.32,-25.91,9.01,-24.09,0.0,0.0,0.0,0.0126,create,medium_block
7_251,2015213,1,07:29.7,passing_option,,L. Verstraete,Auckland FC,-2.82,-21.04,-2.14,-21.3,0.0,1.0,1.0,0.0004,create,medium_block
8_100,2015213,1,07:32.4,player_possession,,L. Verstraete,Auckland FC,-0.15,-26.4,-0.15,-26.4,,,,,create,medium_block
7_252,2015213,1,07:32.4,passing_option,,D. Hall,Auckland FC,-9.86,-20.56,-9.86,-20.56,0.0,1.0,1.0,0.0003,create,medium_block
8_101,2015213,1,07:33.8,player_possession,,D. Hall,Auckland FC,-11.01,-21.25,-10.91,-18.62,,,,,create,medium_block
7_253,2015213,1,07:33.8,passing_option,,L. Verstraete,Auckland FC,-2.78,-28.25,-3.13,-28.66,0.0,0.0,0.0,0.0004,create,medium_block
7_254,2015213,1,07:33.8,passing_option,,F. Gallegos,Auckland FC,0.84,-13.2,-3.14,-12.17,0.0,0.0,0.0,0.001,create,medium_block
7_255,2015213,1,07:33.8,passing_option,,N. Pijnaker,Auckland FC,-14.48,0.26,-15.84,2.06,0.0,1.0,1.0,0.0002,create,medium_block
8_102,2015213,1,07:36.9,player_possession,,N. Pijnaker,Auckland FC,-15.91,4.28,-15.23,8.19,,,,,create,medium_block
7_256,2015213,1,07:36.9,passing_option,,F. De Vries,Auckland FC,-4.67,25.17,-3.02,29.25,0.0,1.0,1.0,0.0004,create,medium_block
7_257,2015213,1,07:37.7,passing_option,,M. Francois,Auckland FC,11.72,18.02,9.76,17.75,0.0,0.0,0.0,0.0023,create,medium_block
1_49,2015213,1,07:39.7,off_ball_run,pulling_wide,M. Francois,Auckland FC,7.24,19.79,8.45,23.69,0.0,0.0,0.0,0.003,create,medium_block
8_103,2015213,1,07:40.1,player_possession,,F. De Vries,Auckland FC,-3.82,32.51,-3.82,32.51,,,,,create,medium_block
7_258,2015213,1,07:40.1,passing_option,,N. Pijnaker,Auckland FC,-15.82,13.29,-15.82,13.29,0.0,1.0,1.0,0.0002,create,medium_block
7_259,2015213,1,07:40.1,passing_option,,M. Francois,Auckland FC,7.79,21.57,7.79,21.57,0.0,0.0,0.0,0.003,create,medium_block
8_104,2015213,1,07:44.8,player_possession,,N. Pijnaker,Auckland FC,-15.63,19.74,-15.25,19.43,,,,,create,medium_block
7_260,2015213,1,07:44.8,passing_option,,F. Gallegos,Auckland FC,-6.92,25.57,-7.44,25.63,0.0,0.0,0.0,0.0004,create,medium_block
7_261,2015213,1,07:44.8,passing_option,,D. Hall,Auckland FC,-17.19,-7.0,-17.56,-7.19,0.0,1.0,1.0,0.0001,create,medium_block
8_105,2015213,1,07:47.8,player_possession,,D. Hall,Auckland FC,-19.0,-9.3,-11.67,-18.21,,,,,create,medium_block
7_262,2015213,1,07:48.2,passing_option,,H. Sakai,Auckland FC,5.0,-32.2,3.29,-33.63,0.0,1.0,1.0,0.0004,create,medium_block
7_263,2015213,1,07:49.2,passing_option,,G. May,Auckland FC,10.86,-12.74,6.42,-11.91,0.0,0.0,0.0,0.0015,create,medium_block
7_264,2015213,1,07:49.2,passing_option,,L. Rogerson,Auckland FC,5.94,-19.11,4.59,-21.71,0.0,0.0,0.0,0.0005,create,medium_block
8_106,2015213,1,07:52.2,player_possession,,H. Sakai,Auckland FC,1.71,-34.43,-1.94,-34.01,,,,,create,medium_block
7_265,2015213,1,07:52.2,passing_option,,L. Rogerson,Auckland FC,4.19,-22.72,4.57,-23.01,0.0,0.0,0.0,0.0019,create,medium_block
7_266,2015213,1,07:52.2,passing_option,,D. Hall,Auckland FC,-10.66,-21.14,-13.48,-23.15,0.0,1.0,1.0,0.0002,create,medium_block
1_50,2015213,1,07:53.0,off_ball_run,dropping_off,D. Hall,Auckland FC,-12.7,-22.76,-19.34,-24.53,0.0,1.0,1.0,0.0002,create,medium_block
8_107,2015213,1,07:55.4,player_possession,,D. Hall,Auckland FC,-22.19,-24.4,-24.06,-23.51,,,,,build_up,high_block
7_267,2015213,1,07:55.4,passing_option,,A. Paulsen,Auckland FC,-36.79,-7.84,-37.63,-8.33,0.0,1.0,1.0,0.0,build_up,high_block
1_51,2015213,1,07:57.3,off_ball_run,dropping_off,N. Pijnaker,Auckland FC,-28.94,6.63,-31.57,8.9,0.0,0.0,0.0,0.0001,build_up,high_block
8_108,2015213,1,07:58.0,player_possession,,A. Paulsen,Auckland FC,-38.39,-8.17,-39.35,-7.71,,,,,build_up,high_block
7_268,2015213,1,07:58.0,passing_option,,N. Pijnaker,Auckland FC,-31.28,8.61,-34.39,11.35,0.0,0.0,0.0,0.0001,build_up,high_block
7_269,2015213,1,07:59.6,passing_option,,L. Rogerson,Auckland FC,1.91,-25.01,1.29,-24.72,0.0,0.0,0.0,0.0009,build_up,high_block
7_270,2015213,1,07:59.8,passing_option,,H. Sakai,Auckland FC,-16.62,-32.08,-16.71,-32.02,0.0,1.0,1.0,0.0002,build_up,high_block
7_271,2015213,1,08:00.0,passing_option,,L. Verstraete,Auckland FC,-28.67,-8.68,-28.67,-8.68,0.0,0.0,0.0,0.0002,build_up,high_block
8_109,2015213,1,08:03.0,player_possession,,H. Sakai,Auckland FC,-18.18,-30.48,-18.18,-30.48,,,,,create,medium_block
7_272,2015213,1,08:03.0,passing_option,,L. Verstraete,Auckland FC,-25.1,-14.76,-25.1,-14.76,0.0,0.0,0.0,0.0003,create,medium_block
7_273,2015213,1,08:03.0,passing_option,,D. Hall,Auckland FC,-28.92,-24.54,-28.92,-24.54,0.0,0.0,0.0,0.0,create,medium_block
8_110,2015213,1,08:04.7,player_possession,,D. Hall,Auckland FC,-26.36,-26.0,-26.36,-26.0,,,,,direct,defending_direct
7_274,2015213,1,08:04.7,passing_option,,H. Sakai,Auckland FC,-23.5,-28.41,-23.5,-28.41,0.0,0.0,0.0,0.0001,direct,defending_direct
7_275,2015213,1,08:04.7,passing_option,,L. Rogerson,Auckland FC,-0.06,-26.08,-0.06,-26.08,0.0,1.0,0.0,0.0007,direct,defending_direct
8_111,2015213,1,08:08.4,player_possession,,D. Leonard,Western United,-14.65,29.04,-14.65,29.04,,,,,chaotic,chaotic
1_52,2015213,1,08:18.8,off_ball_run,run_ahead_of_the_ball,F. De Vries,Auckland FC,2.72,23.19,18.96,31.9,0.0,1.0,0.0,0.0041,chaotic,chaotic
8_112,2015213,1,08:18.9,player_possession,,N. Pijnaker,Auckland FC,-12.12,-2.69,-10.15,3.33,,,,,chaotic,chaotic
7_276,2015213,1,08:18.9,passing_option,,F. De Vries,Auckland FC,3.04,23.47,14.05,30.14,0.0,1.0,0.0,0.0041,chaotic,chaotic
8_113,2015213,1,08:33.4,player_possession,,N. Pijnaker,Auckland FC,-8.93,25.81,-8.93,25.81,,,,,create,medium_block
7_277,2015213,1,08:33.4,passing_option,,D. Hall,Auckland FC,-8.78,7.45,-8.78,7.45,0.0,1.0,1.0,0.0003,create,medium_block
8_114,2015213,1,08:36.6,player_possession,,D. Hall,Auckland FC,-14.42,5.23,-13.85,3.69,,,,,create,medium_block
7_278,2015213,1,08:36.6,passing_option,,H. Sakai,Auckland FC,-8.71,-15.75,-12.34,-13.76,0.0,1.0,1.0,0.0001,create,medium_block
7_279,2015213,1,08:37.7,passing_option,,G. May,Auckland FC,7.19,-9.35,6.91,-9.53,0.0,0.0,0.0,0.0024,create,medium_block
1_53,2015213,1,08:37.9,off_ball_run,pulling_wide,L. Rogerson,Auckland FC,14.78,-19.43,6.12,-28.32,0.0,0.0,0.0,0.0009,create,medium_block
8_115,2015213,1,08:39.1,player_possession,,H. Sakai,Auckland FC,-13.27,-12.24,-8.81,-13.09,,,,,create,medium_block
7_280,2015213,1,08:39.1,passing_option,,D. Hall,Auckland FC,-15.34,2.59,-15.77,2.02,0.0,0.0,0.0,0.0001,create,medium_block
7_281,2015213,1,08:39.1,passing_option,,L. Rogerson,Auckland FC,10.97,-24.14,3.91,-29.41,0.0,0.0,0.0,0.0009,create,medium_block
1_54,2015213,1,08:40.3,off_ball_run,run_ahead_of_the_ball,M. Mata,Auckland FC,14.57,8.33,14.17,-1.44,0.0,0.0,0.0,0.0067,create,medium_block
7_282,2015213,1,08:40.5,passing_option,,M. Mata,Auckland FC,14.35,7.49,13.64,4.04,0.0,0.0,0.0,0.0067,create,medium_block
7_283,2015213,1,08:40.8,passing_option,,G. May,Auckland FC,5.78,-15.09,6.85,-15.09,0.0,1.0,1.0,0.0018,create,medium_block
8_116,2015213,1,08:43.2,player_possession,,D. Leonard,Western United,-19.56,10.54,-19.64,10.9,,,,,create,medium_block
7_284,2015213,1,08:43.2,passing_option,,B. Garuccio,Western United,-14.5,17.69,-15.67,17.92,0.0,0.0,0.0,0.0007,create,medium_block
7_285,2015213,1,08:43.2,passing_option,,A. Thurgate,Western United,-11.65,11.87,-13.08,10.83,0.0,0.0,0.0,0.001,create,medium_block
7_286,2015213,1,08:43.2,passing_option,,R. Bozinovski,Western United,-10.89,2.99,-12.44,4.07,0.0,0.0,0.0,0.0013,create,medium_block
7_287,2015213,1,08:43.2,passing_option,,M. Grimaldi,Western United,-7.43,15.1,-9.28,14.66,0.0,1.0,1.0,0.0009,create,medium_block
8_117,2015213,1,08:44.6,player_possession,,M. Grimaldi,Western United,-10.06,15.7,-10.07,18.18,,,,,create,medium_block
7_288,2015213,1,08:44.6,passing_option,,B. Garuccio,Western United,-16.01,19.28,-15.75,21.25,0.0,1.0,1.0,0.0011,create,medium_block
7_289,2015213,1,08:44.6,passing_option,,N. Botić,Western United,1.47,14.18,-0.67,18.2,0.0,0.0,0.0,0.0058,create,medium_block
8_118,2015213,1,08:47.0,player_possession,,B. Garuccio,Western United,-16.97,22.9,-19.0,23.77,,,,,create,medium_block
7_290,2015213,1,08:47.0,passing_option,,M. Sutton,Western United,-42.01,4.33,-42.07,5.04,0.0,1.0,1.0,0.0,create,medium_block
7_291,2015213,1,08:47.0,passing_option,,D. Leonard,Western United,-22.71,13.72,-24.6,14.67,0.0,0.0,0.0,0.0003,create,medium_block
1_55,2015213,1,08:48.9,off_ball_run,dropping_off,J. Donachie,Western United,-28.89,-3.88,-34.67,-8.93,0.0,0.0,0.0,0.0001,build_up,high_block
8_119,2015213,1,08:50.3,player_possession,,M. Sutton,Western United,-42.21,5.87,-39.86,2.09,,,,,build_up,high_block
7_292,2015213,1,08:50.3,passing_option,,J. Donachie,Western United,-33.63,-8.2,-40.31,-10.37,0.0,1.0,1.0,0.0,build_up,high_block
8_120,2015213,1,08:54.8,player_possession,,J. Donachie,Western United,-40.3,-10.16,-34.09,-10.93,,,,,build_up,high_block
7_293,2015213,1,08:54.8,passing_option,,D. Leonard,Western United,-39.99,13.62,-39.99,13.63,0.0,0.0,0.0,0.0,build_up,high_block
7_294,2015213,1,08:54.8,passing_option,,M. Sutton,Western United,-41.23,1.26,-41.81,0.81,0.0,0.0,0.0,0.0,build_up,high_block
7_295,2015213,1,08:58.4,passing_option,,M. Sutton,Western United,-40.99,-1.17,-39.12,-0.55,0.0,1.0,1.0,0.0,build_up,high_block
7_296,2015213,1,08:58.5,passing_option,,D. Leonard,Western United,-37.23,14.41,-36.26,15.03,0.0,0.0,0.0,0.0,build_up,high_block
8_121,2015213,1,09:01.8,player_possession,,M. Sutton,Western United,-37.61,1.26,-34.25,0.21,,,,,build_up,high_block
7_297,2015213,1,09:01.8,passing_option,,D. Leonard,Western United,-35.11,16.36,-32.73,16.63,0.0,1.0,1.0,0.0,build_up,high_block
7_298,2015213,1,09:03.9,passing_option,,A. Thurgate,Western United,-22.43,2.67,-25.41,1.27,0.0,0.0,0.0,0.0002,build_up,high_block
7_299,2015213,1,09:04.0,passing_option,,J. Donachie,Western United,-33.71,-10.73,-29.34,-21.8,0.0,0.0,0.0,0.0002,build_up,high_block
8_122,2015213,1,09:10.0,player_possession,,D. Leonard,Western United,-29.7,18.0,-23.91,21.76,,,,,direct,defending_direct
7_300,2015213,1,09:10.0,passing_option,,B. Garuccio,Western United,-14.7,33.73,-10.84,34.37,0.0,0.0,0.0,0.0015,direct,defending_direct
7_301,2015213,1,09:10.0,passing_option,,M. Ruhs,Western United,6.27,-2.01,9.99,-0.1,0.0,1.0,0.0,0.0117,direct,defending_direct
7_302,2015213,1,09:10.7,passing_option,,N. Botić,Western United,0.57,10.83,0.71,14.23,0.0,0.0,0.0,0.0043,direct,defending_direct
7_303,2015213,1,09:10.9,passing_option,,M. Grimaldi,Western United,-7.75,11.71,-6.6,9.87,0.0,0.0,0.0,0.004,direct,defending_direct
7_304,2015213,1,09:11.2,passing_option,,A. Thurgate,Western United,-22.86,7.78,-20.86,9.85,0.0,0.0,0.0,0.0005,direct,defending_direct
1_56,2015213,1,09:11.3,off_ball_run,run_ahead_of_the_ball,B. Garuccio,Western United,-11.71,34.21,-3.12,33.82,0.0,0.0,0.0,0.0015,direct,defending_direct
8_123,2015213,1,09:16.8,player_possession,,A. Paulsen,Auckland FC,-38.66,14.69,-41.5,8.05,,,,,build_up,high_block
8_124,2015213,1,09:24.9,player_possession,,N. Pijnaker,Auckland FC,-36.73,19.02,-36.73,19.02,,,,,build_up,high_block
7_305,2015213,1,09:24.9,passing_option,,A. Paulsen,Auckland FC,-42.33,7.89,-42.33,7.89,0.0,1.0,1.0,0.0,build_up,high_block
8_125,2015213,1,09:26.1,player_possession,,A. Paulsen,Auckland FC,-42.35,8.02,-42.34,7.85,,,,,build_up,high_block
7_306,2015213,1,09:26.1,passing_option,,N. Pijnaker,Auckland FC,-38.98,20.02,-39.71,20.34,0.0,1.0,1.0,0.0001,build_up,high_block
7_307,2015213,1,09:26.3,passing_option,,F. Gallegos,Auckland FC,-28.11,11.21,-28.65,11.32,0.0,0.0,0.0,0.0001,build_up,high_block
8_126,2015213,1,09:27.9,player_possession,,N. Pijnaker,Auckland FC,-40.07,21.23,-39.72,21.6,,,,,build_up,high_block
7_308,2015213,1,09:27.9,passing_option,,G. May,Auckland FC,-4.51,11.53,-5.96,13.06,0.0,0.0,0.0,0.0018,build_up,high_block
7_309,2015213,1,09:27.9,passing_option,,F. De Vries,Auckland FC,-27.73,33.58,-29.16,33.79,0.0,0.0,0.0,0.0001,build_up,high_block
7_310,2015213,1,09:27.9,passing_option,,M. Francois,Auckland FC,-5.92,23.57,-6.27,24.74,0.0,0.0,0.0,0.001,build_up,high_block
7_311,2015213,1,09:28.4,passing_option,,A. Paulsen,Auckland FC,-45.1,9.52,-45.4,9.92,0.0,1.0,1.0,0.0,build_up,high_block
1_57,2015213,1,09:29.3,off_ball_run,coming_short,G. May,Auckland FC,-7.88,14.63,-12.81,17.75,0.0,0.0,0.0,0.0004,build_up,high_block
8_127,2015213,1,09:29.9,player_possession,,A. Paulsen,Auckland FC,-45.42,10.44,-45.19,9.61,,,,,build_up,high_block
7_312,2015213,1,09:29.9,passing_option,,G. May,Auckland FC,-10.33,16.31,-13.19,17.89,0.0,0.0,0.0,0.0004,build_up,high_block
1_58,2015213,1,09:30.2,off_ball_run,coming_short,L. Verstraete,Auckland FC,-31.98,4.33,-35.21,0.02,0.0,1.0,1.0,0.0002,build_up,high_block
7_313,2015213,1,09:30.4,passing_option,,L. Verstraete,Auckland FC,-32.61,3.75,-33.24,3.09,0.0,1.0,1.0,0.0002,build_up,high_block
8_128,2015213,1,09:31.4,player_possession,,L. Verstraete,Auckland FC,-35.21,0.02,-28.81,-8.85,,,,,build_up,high_block
7_314,2015213,1,09:31.4,passing_option,,H. Sakai,Auckland FC,-25.41,-20.59,-22.45,-7.55,0.0,0.0,0.0,0.0004,build_up,high_block
7_315,2015213,1,09:31.4,passing_option,,L. Rogerson,Auckland FC,-12.29,-14.58,-22.51,-16.32,0.0,1.0,1.0,0.0003,build_up,high_block
7_316,2015213,1,09:31.5,passing_option,,M. Mata,Auckland FC,-2.15,-4.3,-2.72,-7.18,0.0,0.0,0.0,0.0012,build_up,high_block
1_59,2015213,1,09:31.7,off_ball_run,run_ahead_of_the_ball,H. Sakai,Auckland FC,-25.25,-19.38,-22.45,-7.94,0.0,0.0,0.0,0.0004,build_up,high_block
7_317,2015213,1,09:33.0,passing_option,,G. May,Auckland FC,-16.32,14.85,-14.92,10.51,0.0,0.0,0.0,0.0015,build_up,high_block
1_60,2015213,1,09:34.7,off_ball_run,pulling_wide,L. Rogerson,Auckland FC,-22.72,-17.72,-22.4,-21.26,0.0,1.0,1.0,0.0003,build_up,high_block
8_129,2015213,1,09:35.4,player_possession,,L. Rogerson,Auckland FC,-22.4,-21.26,-9.03,-32.81,,,,,create,medium_block
7_318,2015213,1,09:36.2,passing_option,,M. Mata,Auckland FC,-1.45,-9.48,2.48,-20.41,0.0,1.0,1.0,0.0019,create,medium_block
1_61,2015213,1,09:37.0,off_ball_run,pulling_wide,M. Mata,Auckland FC,-0.14,-12.01,3.17,-22.21,0.0,1.0,1.0,0.0019,create,medium_block
1_62,2015213,1,09:38.8,off_ball_run,support,L. Verstraete,Auckland FC,-10.01,-18.96,-5.03,-20.97,0.0,0.0,0.0,0.0021,create,medium_block
1_63,2015213,1,09:38.8,off_ball_run,overlap,L. Rogerson,Auckland FC,-8.42,-32.78,4.07,-32.21,0.0,0.0,0.0,0.0029,create,medium_block
8_130,2015213,1,09:39.9,player_possession,,M. Mata,Auckland FC,3.64,-24.2,2.76,-24.57,,,,,create,medium_block
7_319,2015213,1,09:39.9,passing_option,,L. Verstraete,Auckland FC,-5.03,-20.97,-3.2,-21.53,0.0,0.0,0.0,0.0021,create,medium_block
7_320,2015213,1,09:39.9,passing_option,,L. Rogerson,Auckland FC,-1.45,-32.43,2.96,-32.35,0.0,0.0,0.0,0.0029,create,medium_block
8_131,2015213,1,09:40.9,player_possession,,D. Leonard,Western United,-3.79,25.37,-5.04,26.09,,,,,chaotic,chaotic
7_321,2015213,1,09:40.9,passing_option,,N. Botić,Western United,16.45,12.05,15.63,12.51,0.0,0.0,0.0,0.0058,chaotic,chaotic
7_322,2015213,1,09:40.9,passing_option,,A. Thurgate,Western United,-0.87,23.07,-1.12,23.87,0.0,0.0,0.0,0.0028,chaotic,chaotic
7_323,2015213,1,09:40.9,passing_option,,M. Grimaldi,Western United,3.09,24.02,0.52,29.13,0.0,1.0,1.0,0.0026,chaotic,chaotic
7_324,2015213,1,09:41.9,passing_option,,R. Bozinovski,Western United,-1.46,9.13,-3.28,12.07,0.0,0.0,0.0,0.0024,chaotic,chaotic
1_64,2015213,1,09:42.1,off_ball_run,coming_short,R. Bozinovski,Western United,-1.98,9.78,-4.05,14.06,0.0,0.0,0.0,0.0024,chaotic,chaotic
8_132,2015213,1,09:44.9,player_possession,,M. Grimaldi,Western United,2.62,31.81,2.62,31.81,,,,,chaotic,chaotic
7_325,2015213,1,09:44.9,passing_option,,N. Botić,Western United,8.52,21.3,8.52,21.3,0.0,0.0,0.0,0.0071,chaotic,chaotic
8_133,2015213,1,09:46.9,player_possession,,M. Mata,Auckland FC,-1.88,-31.99,-1.88,-31.99,,,,,chaotic,chaotic
7_326,2015213,1,09:46.9,passing_option,,H. Sakai,Auckland FC,-4.2,-31.02,-4.2,-31.02,0.0,0.0,0.0,0.0008,chaotic,chaotic
7_327,2015213,1,09:46.9,passing_option,,L. Verstraete,Auckland FC,-2.77,-28.24,-2.77,-28.24,0.0,0.0,0.0,0.0011,chaotic,chaotic
7_328,2015213,1,09:46.9,passing_option,,L. Rogerson,Auckland FC,3.75,-31.79,3.75,-31.79,0.0,1.0,1.0,0.0011,chaotic,chaotic
8_134,2015213,1,09:47.6,player_possession,,L. Rogerson,Auckland FC,3.9,-32.51,3.9,-32.51,,,,,chaotic,chaotic
7_329,2015213,1,09:47.6,passing_option,,L. Verstraete,Auckland FC,-2.21,-28.31,-2.21,-28.31,0.0,1.0,0.0,0.0007,chaotic,chaotic
7_330,2015213,1,09:47.6,passing_option,,M. Mata,Auckland FC,-0.96,-31.51,-0.96,-31.51,0.0,0.0,0.0,0.0009,chaotic,chaotic
8_135,2015213,1,09:48.8,player_possession,,B. Garuccio,Western United,-3.16,26.19,-3.16,26.19,,,,,create,medium_block
7_331,2015213,1,09:48.8,passing_option,,R. Bozinovski,Western United,-4.56,21.62,-4.56,21.62,0.0,1.0,1.0,0.002,create,medium_block
8_136,2015213,1,09:49.4,player_possession,,R. Bozinovski,Western United,-4.87,22.0,-14.53,15.1,,,,,create,medium_block
7_332,2015213,1,09:49.4,passing_option,,D. Leonard,Western United,-13.57,24.79,-14.04,24.67,0.0,0.0,0.0,0.0003,create,medium_block
7_333,2015213,1,09:49.4,passing_option,,N. Botić,Western United,3.33,23.62,4.02,21.57,0.0,0.0,0.0,0.004,create,medium_block
7_334,2015213,1,09:49.5,passing_option,,J. Donachie,Western United,-14.35,14.84,-24.6,9.82,0.0,1.0,1.0,0.0001,create,medium_block
7_335,2015213,1,09:50.7,passing_option,,R. Danzaki,Western United,8.75,-6.46,9.72,-7.26,0.0,0.0,0.0,0.0138,create,medium_block
7_336,2015213,1,09:51.2,passing_option,,D. Leonard,Western United,-15.76,23.0,-17.34,21.41,0.0,0.0,0.0,0.0003,create,medium_block
1_65,2015213,1,09:53.4,off_ball_run,dropping_off,T. Imai,Western United,-16.1,-8.46,-23.43,-13.0,0.0,0.0,0.0,0.0001,build_up,high_block
8_137,2015213,1,09:54.7,player_possession,,J. Donachie,Western United,-27.16,6.05,-27.97,0.72,,,,,build_up,high_block
7_337,2015213,1,09:54.7,passing_option,,T. Imai,Western United,-21.27,-11.53,-27.04,-15.67,0.0,0.0,0.0,0.0002,build_up,high_block
7_338,2015213,1,09:56.5,passing_option,,D. Leonard,Western United,-25.78,14.93,-27.11,14.75,0.0,1.0,1.0,0.0001,build_up,high_block
8_138,2015213,1,09:58.8,player_possession,,D. Leonard,Western United,-27.99,15.62,-26.44,17.39,,,,,build_up,high_block
7_339,2015213,1,09:58.8,passing_option,,M. Sutton,Western United,-37.35,1.62,-37.35,1.62,0.0,0.0,0.0,0.0,build_up,high_block
7_340,2015213,1,09:58.9,passing_option,,B. Garuccio,Western United,-10.31,29.72,-8.51,31.98,0.0,0.0,0.0,0.001,build_up,high_block
7_341,2015213,1,09:59.7,passing_option,,A. Thurgate,Western United,-15.15,14.99,-15.49,15.84,0.0,0.0,0.0,0.0006,build_up,high_block
7_342,2015213,1,10:00.7,passing_option,,J. Donachie,Western United,-30.23,-7.27,-30.38,-7.56,0.0,1.0,1.0,0.0,build_up,high_block
7_343,2015213,1,10:00.8,passing_option,,M. Sutton,Western United,-35.84,3.5,-35.76,3.53,0.0,0.0,0.0,0.0,build_up,high_block
8_139,2015213,1,10:03.1,player_possession,,J. Donachie,Western United,-31.08,-7.29,-27.58,-8.02,,,,,build_up,high_block
7_344,2015213,1,10:04.7,passing_option,,R. Bozinovski,Western United,-15.65,-1.67,-15.76,-3.65,0.0,0.0,0.0,0.0004,build_up,high_block
7_345,2015213,1,10:05.2,passing_option,,D. Leonard,Western United,-27.84,15.04,-28.42,15.13,0.0,0.0,0.0,0.0001,build_up,high_block
7_346,2015213,1,10:05.6,passing_option,,M. Sutton,Western United,-35.29,-0.28,-35.34,0.08,0.0,1.0,1.0,0.0,build_up,high_block
8_140,2015213,1,10:07.6,player_possession,,M. Sutton,Western United,-35.42,2.49,-35.53,2.02,,,,,build_up,high_block
7_347,2015213,1,10:07.6,passing_option,,D. Leonard,Western United,-30.22,17.19,-29.65,19.32,0.0,1.0,1.0,0.0,build_up,high_block
7_348,2015213,1,10:08.0,passing_option,,J. Donachie,Western United,-30.04,-9.48,-33.52,-11.7,0.0,0.0,0.0,0.0001,build_up,high_block
7_349,2015213,1,10:08.9,passing_option,,R. Danzaki,Western United,-0.12,-25.64,-2.58,-21.91,0.0,0.0,0.0,0.0008,build_up,high_block
1_66,2015213,1,10:08.9,off_ball_run,coming_short,R. Danzaki,Western United,-0.12,-25.64,-3.04,-21.2,0.0,0.0,0.0,0.0008,build_up,high_block
8_141,2015213,1,10:12.7,player_possession,,D. Leonard,Western United,-28.37,20.47,-22.98,22.89,,,,,build_up,high_block
7_350,2015213,1,10:12.7,passing_option,,B. Garuccio,Western United,-20.26,33.38,-21.72,33.24,0.0,0.0,0.0,0.0003,build_up,high_block
7_351,2015213,1,10:12.7,passing_option,,M. Grimaldi,Western United,-8.05,18.09,-9.55,22.3,0.0,0.0,0.0,0.0018,build_up,high_block
7_352,2015213,1,10:14.0,passing_option,,N. Botić,Western United,6.64,3.6,7.91,4.35,0.0,1.0,0.0,0.0166,build_up,high_block
8_142,2015213,1,10:23.7,player_possession,,F. De Vries,Auckland FC,-11.59,29.71,-5.64,32.14,,,,,transition,defending_transition
7_353,2015213,1,10:24.0,passing_option,,M. Francois,Auckland FC,-1.13,28.5,2.65,32.22,0.0,1.0,0.0,0.0035,transition,defending_transition
1_67,2015213,1,10:24.4,off_ball_run,run_ahead_of_the_ball,G. May,Auckland FC,4.97,8.11,10.8,13.66,0.0,0.0,0.0,0.0097,transition,defending_transition
1_68,2015213,1,10:24.5,off_ball_run,run_ahead_of_the_ball,M. Francois,Auckland FC,-0.34,30.12,9.54,32.49,0.0,1.0,0.0,0.0035,transition,defending_transition
7_354,2015213,1,10:25.2,passing_option,,G. May,Auckland FC,7.06,11.18,7.06,11.18,0.0,0.0,0.0,0.0097,transition,defending_transition
8_143,2015213,1,11:15.9,player_possession,,R. Danzaki,Western United,27.21,-27.8,27.21,-27.8,,,,,finish,low_block
7_355,2015213,1,11:15.9,passing_option,,T. Imai,Western United,25.8,-33.94,25.8,-33.94,0.0,1.0,1.0,0.0031,finish,low_block
7_356,2015213,1,11:15.9,passing_option,,M. Grimaldi,Western United,35.45,-20.04,35.45,-20.04,0.0,0.0,0.0,0.0069,finish,low_block
7_357,2015213,1,11:15.9,passing_option,,M. Ruhs,Western United,37.94,-24.73,37.94,-24.73,0.0,0.0,0.0,0.0074,finish,low_block
8_144,2015213,1,11:16.4,player_possession,,T. Imai,Western United,25.33,-33.81,24.21,-32.92,,,,,finish,low_block
7_358,2015213,1,11:16.4,passing_option,,R. Danzaki,Western United,27.95,-27.45,28.86,-26.34,0.0,0.0,0.0,0.0065,finish,low_block
7_359,2015213,1,11:16.4,passing_option,,R. Bozinovski,Western United,22.88,-23.81,22.55,-25.22,0.0,1.0,1.0,0.003,finish,low_block
7_360,2015213,1,11:17.7,passing_option,,D. Leonard,Western United,2.96,-11.43,2.96,-11.43,0.0,0.0,0.0,0.0012,finish,low_block
8_145,2015213,1,11:18.3,player_possession,,R. Bozinovski,Western United,21.73,-25.09,18.12,-22.72,,,,,finish,low_block
7_361,2015213,1,11:18.3,passing_option,,T. Imai,Western United,22.74,-32.4,22.45,-32.31,0.0,0.0,0.0,0.0026,finish,low_block
7_362,2015213,1,11:18.3,passing_option,,D. Leonard,Western United,2.72,-11.08,1.84,-9.9,0.0,1.0,1.0,0.0018,finish,low_block
1_69,2015213,1,11:20.9,off_ball_run,dropping_off,B. Garuccio,Western United,15.93,5.66,6.36,15.14,0.0,0.0,0.0,0.0036,create,medium_block
8_146,2015213,1,11:21.7,player_possession,,D. Leonard,Western United,-1.26,-4.43,-2.19,1.05,,,,,create,medium_block
7_363,2015213,1,11:21.7,passing_option,,B. Garuccio,Western United,13.28,8.52,7.85,13.38,0.0,0.0,0.0,0.0036,create,medium_block
1_70,2015213,1,11:22.4,off_ball_run,coming_short,N. Botić,Western United,28.89,2.05,21.98,7.46,0.0,1.0,0.0,0.0072,create,medium_block
7_364,2015213,1,11:22.8,passing_option,,N. Botić,Western United,27.55,3.21,26.77,3.83,0.0,1.0,0.0,0.0072,create,medium_block
8_147,2015213,1,11:27.8,player_possession,,D. Hall,Auckland FC,-39.16,-20.43,-44.12,-28.84,,,,,build_up,high_block
7_365,2015213,1,11:27.8,passing_option,,A. Paulsen,Auckland FC,-49.76,-3.22,-50.51,-3.6,0.0,0.0,0.0,0.0,build_up,high_block
7_366,2015213,1,11:27.8,passing_option,,H. Sakai,Auckland FC,-24.86,-22.38,-31.94,-25.66,0.0,1.0,0.0,0.0001,build_up,high_block
7_367,2015213,1,11:28.4,passing_option,,L. Rogerson,Auckland FC,-17.14,-26.85,-20.47,-29.22,0.0,0.0,0.0,0.0002,build_up,high_block
7_368,2015213,1,11:28.6,passing_option,,G. May,Auckland FC,-2.92,-18.06,-3.87,-19.4,0.0,0.0,0.0,0.0004,build_up,high_block
8_148,2015213,1,11:29.9,player_possession,,D. Hall,Auckland FC,-44.45,-29.73,-45.07,-26.28,,,,,build_up,high_block
7_369,2015213,1,11:29.9,passing_option,,L. Rogerson,Auckland FC,-21.65,-30.1,-24.11,-31.42,0.0,0.0,0.0,0.0001,build_up,high_block
7_370,2015213,1,11:29.9,passing_option,,H. Sakai,Auckland FC,-33.33,-26.35,-37.14,-27.56,0.0,0.0,0.0,0.0001,build_up,high_block
7_371,2015213,1,11:29.9,passing_option,,G. May,Auckland FC,-4.36,-19.95,-6.58,-22.47,0.0,0.0,0.0,0.0004,build_up,high_block
7_372,2015213,1,11:31.2,passing_option,,F. Gallegos,Auckland FC,-29.86,-7.24,-31.38,-8.44,0.0,1.0,1.0,0.0001,build_up,high_block
7_373,2015213,1,11:31.3,passing_option,,L. Verstraete,Auckland FC,-31.26,-19.48,-32.32,-18.99,0.0,0.0,0.0,0.0001,build_up,high_block
8_149,2015213,1,11:33.1,player_possession,,F. Gallegos,Auckland FC,-33.2,-11.5,-33.2,-11.5,,,,,build_up,high_block
7_374,2015213,1,11:33.1,passing_option,,L. Verstraete,Auckland FC,-33.71,-16.49,-33.71,-16.49,0.0,1.0,1.0,0.0001,build_up,high_block
8_150,2015213,1,11:33.8,player_possession,,L. Verstraete,Auckland FC,-33.99,-15.69,-33.99,-15.69,,,,,build_up,high_block
7_375,2015213,1,11:33.8,passing_option,,F. Gallegos,Auckland FC,-33.44,-13.68,-33.44,-13.68,0.0,0.0,0.0,0.0002,build_up,high_block
7_376,2015213,1,11:33.8,passing_option,,A. Paulsen,Auckland FC,-50.46,-3.89,-50.46,-3.89,0.0,1.0,1.0,0.0,build_up,high_block
8_151,2015213,1,11:35.4,player_possession,,A. Paulsen,Auckland FC,-49.7,-6.13,-48.75,-7.7,,,,,build_up,high_block
8_0,2013725,1,00:00.0,player_possession,,M. Ruhs,Western United,0.2,2.26,0.2,2.26,,,,,create,medium_block
8_1,2013725,1,00:01.5,player_possession,,J. Donachie,Western United,-22.59,0.04,-21.64,-1.47,,,,,create,medium_block
7_0,2013725,1,00:01.5,passing_option,,T. Imai,Western United,-16.79,-18.07,-18.78,-18.77,0.0,0.0,0.0,0.0001,create,medium_block
7_1,2013725,1,00:03.0,passing_option,,R. Bozinovski,Western United,-7.44,-7.03,-8.02,-7.34,0.0,0.0,0.0,0.0007,create,medium_block
7_2,2013725,1,00:03.1,passing_option,,A. Thurgate,Western United,-12.22,7.73,-13.9,8.27,0.0,0.0,0.0,0.0003,create,medium_block
7_3,2013725,1,00:03.3,passing_option,,D. Leonard,Western United,-20.78,15.72,-20.33,15.63,0.0,1.0,1.0,0.0001,create,medium_block
8_2,2013725,1,00:05.6,player_possession,,D. Leonard,Western United,-19.39,16.99,-19.31,17.63,,,,,create,medium_block
7_4,2013725,1,00:05.6,passing_option,,B. Garuccio,Western United,-6.75,31.63,-7.16,31.84,0.0,1.0,1.0,0.0005,create,medium_block
8_3,2013725,1,00:07.9,player_possession,,B. Garuccio,Western United,-8.13,30.14,-8.13,30.14,,,,,create,medium_block
7_5,2013725,1,00:07.9,passing_option,,D. Leonard,Western United,-21.25,19.28,-21.25,19.28,0.0,1.0,1.0,0.0001,create,medium_block
8_4,2013725,1,00:09.4,player_possession,,D. Leonard,Western United,-22.54,19.53,-22.65,17.09,,,,,create,medium_block
7_6,2013725,1,00:09.4,passing_option,,J. Donachie,Western United,-24.64,-2.36,-25.55,-3.68,0.0,1.0,1.0,0.0001,create,medium_block
7_7,2013725,1,00:09.4,passing_option,,M. Sutton,Western United,-37.59,4.74,-35.72,3.98,0.0,0.0,0.0,0.0001,create,medium_block
7_8,2013725,1,00:10.4,passing_option,,T. Imai,Western United,-15.35,-18.67,-15.36,-18.89,0.0,0.0,0.0,0.0001,create,medium_block
7_9,2013725,1,00:10.5,passing_option,,M. Grimaldi,Western United,5.28,-23.3,5.14,-23.08,0.0,0.0,0.0,0.0022,create,medium_block
8_5,2013725,1,00:12.2,player_possession,,J. Donachie,Western United,-26.26,-4.49,-19.57,-9.78,,,,,create,medium_block
7_10,2013725,1,00:12.2,passing_option,,T. Imai,Western United,-14.7,-21.0,-8.92,-26.11,0.0,0.0,0.0,0.0006,create,medium_block
7_11,2013725,1,00:14.6,passing_option,,D. Leonard,Western United,-22.03,9.85,-21.93,10.53,0.0,1.0,1.0,0.0001,create,medium_block
7_12,2013725,1,00:14.9,passing_option,,A. Thurgate,Western United,-10.29,4.36,-10.46,2.85,0.0,0.0,0.0,0.0003,create,medium_block
8_6,2013725,1,00:17.7,player_possession,,D. Leonard,Western United,-21.44,12.2,-19.65,12.0,,,,,create,medium_block
7_13,2013725,1,00:17.7,passing_option,,B. Garuccio,Western United,-2.5,31.17,-3.06,31.89,0.0,0.0,0.0,0.0007,create,medium_block
7_14,2013725,1,00:17.7,passing_option,,J. Donachie,Western United,-19.81,-8.7,-20.22,-6.22,0.0,1.0,1.0,0.0002,create,medium_block
8_7,2013725,1,00:21.6,player_possession,,J. Donachie,Western United,-19.13,-6.22,-16.22,-11.48,,,,,create,medium_block
7_15,2013725,1,00:21.6,passing_option,,T. Imai,Western United,-2.8,-28.11,1.04,-30.23,0.0,0.0,0.0,0.0008,create,medium_block
7_16,2013725,1,00:23.7,passing_option,,D. Leonard,Western United,-17.61,8.63,-17.47,7.9,0.0,1.0,1.0,0.0001,create,medium_block
8_8,2013725,1,00:26.0,player_possession,,D. Leonard,Western United,-17.19,8.66,-13.58,17.11,,,,,create,medium_block
7_17,2013725,1,00:26.0,passing_option,,B. Garuccio,Western United,0.14,29.65,-0.49,30.75,0.0,1.0,1.0,0.0007,create,medium_block
7_18,2013725,1,00:27.2,passing_option,,M. Ruhs,Western United,14.62,5.76,17.27,8.7,0.0,0.0,0.0,0.0135,create,medium_block
7_19,2013725,1,00:27.4,passing_option,,R. Danzaki,Western United,9.46,15.31,13.05,17.37,0.0,0.0,0.0,0.0074,create,medium_block
7_20,2013725,1,00:27.7,passing_option,,N. Botić,Western United,15.31,-1.51,17.27,0.26,0.0,0.0,0.0,0.0195,create,medium_block
1_0,2013725,1,00:28.5,off_ball_run,behind,R. Danzaki,Western United,13.47,17.58,22.97,19.96,0.0,0.0,0.0,0.0158,create,medium_block
8_9,2013725,1,00:28.9,player_possession,,B. Garuccio,Western United,0.06,30.97,2.51,31.52,,,,,create,medium_block
7_21,2013725,1,00:28.9,passing_option,,M. Ruhs,Western United,18.79,9.82,23.85,12.48,0.0,0.0,0.0,0.0159,create,medium_block
7_22,2013725,1,00:28.9,passing_option,,R. Danzaki,Western United,15.11,18.36,23.91,20.3,0.0,0.0,0.0,0.0158,create,medium_block
7_23,2013725,1,00:28.9,passing_option,,A. Thurgate,Western United,-2.44,13.58,-0.14,19.85,0.0,0.0,0.0,0.0015,create,medium_block
7_24,2013725,1,00:29.6,passing_option,,N. Botić,Western United,19.02,3.59,18.7,8.53,0.0,0.0,0.0,0.0069,create,medium_block
7_25,2013725,1,00:30.8,passing_option,,D. Leonard,Western United,-14.08,22.26,-14.3,22.37,0.0,1.0,1.0,0.0003,create,medium_block
1_1,2013725,1,00:32.4,off_ball_run,coming_short,R. Bozinovski,Western United,-0.51,11.5,-8.36,10.17,0.0,0.0,0.0,0.0005,create,medium_block
8_10,2013725,1,00:33.1,player_possession,,D. Leonard,Western United,-15.56,20.63,-16.99,19.61,,,,,create,medium_block
7_26,2013725,1,00:33.1,passing_option,,M. Sutton,Western United,-28.98,7.51,-28.68,7.56,0.0,1.0,1.0,0.0001,create,medium_block
7_27,2013725,1,00:33.1,passing_option,,R. Bozinovski,Western United,-4.15,11.38,-8.36,10.17,0.0,0.0,0.0,0.0005,create,medium_block
8_11,2013725,1,00:35.4,player_possession,,M. Sutton,Western United,-27.7,6.87,-27.85,2.98,,,,,direct,defending_direct
7_28,2013725,1,00:35.5,passing_option,,J. Donachie,Western United,-21.56,-10.75,-24.7,-15.11,0.0,0.0,0.0,0.0002,direct,defending_direct
1_2,2013725,1,00:35.8,off_ball_run,dropping_off,T. Imai,Western United,-4.36,-24.51,-9.51,-27.47,0.0,0.0,0.0,0.0003,direct,defending_direct
7_29,2013725,1,00:36.7,passing_option,,N. Botić,Western United,7.32,-2.34,6.93,-3.26,0.0,1.0,0.0,0.0025,direct,defending_direct
7_30,2013725,1,00:36.8,passing_option,,T. Imai,Western United,-8.74,-26.98,-9.15,-27.23,0.0,0.0,0.0,0.0003,direct,defending_direct
8_12,2013725,1,00:39.7,player_possession,,J. King,Sydney FC,-16.04,18.87,-28.08,25.31,,,,,chaotic,chaotic
7_31,2013725,1,00:39.7,passing_option,,A. Segecic,Sydney FC,11.38,18.29,10.22,18.67,0.0,0.0,0.0,0.0033,chaotic,chaotic
7_32,2013725,1,00:39.7,passing_option,,J. Lolley,Sydney FC,-3.4,26.79,-12.55,30.45,0.0,0.0,0.0,0.0005,chaotic,chaotic
7_33,2013725,1,00:39.7,passing_option,,H. Devenish-Meares,Sydney FC,-38.17,5.15,-43.87,8.92,0.0,1.0,1.0,0.0,chaotic,chaotic
1_3,2013725,1,00:41.6,off_ball_run,dropping_off,J. King,Sydney FC,-28.7,25.61,-38.68,29.47,0.0,0.0,0.0,0.0001,direct,defending_direct
8_13,2013725,1,00:43.7,player_possession,,H. Devenish-Meares,Sydney FC,-43.02,11.91,-43.02,11.91,,,,,direct,defending_direct
7_34,2013725,1,00:43.7,passing_option,,J. Courtney-Perkins,Sydney FC,-27.04,18.81,-27.04,18.81,0.0,0.0,0.0,0.0001,direct,defending_direct
7_35,2013725,1,00:43.7,passing_option,,A. Cáceres,Sydney FC,-13.17,15.36,-13.17,15.36,0.0,0.0,0.0,0.0003,direct,defending_direct
7_36,2013725,1,00:43.7,passing_option,,J. King,Sydney FC,-39.51,29.92,-39.51,29.92,0.0,0.0,0.0,0.0001,direct,defending_direct
7_37,2013725,1,00:43.7,passing_option,,A. Segecic,Sydney FC,-7.58,21.24,-7.58,21.24,0.0,0.0,0.0,0.0007,direct,defending_direct
8_14,2013725,1,00:46.2,player_possession,,J. Donachie,Western United,-3.79,-12.99,-3.79,-12.99,,,,,chaotic,chaotic
1_4,2013725,1,00:46.7,off_ball_run,coming_short,M. Ruhs,Western United,38.57,-10.72,27.84,-2.95,0.0,0.0,0.0,0.0186,chaotic,chaotic
8_15,2013725,1,00:48.2,player_possession,,R. Danzaki,Western United,18.72,-1.96,18.79,-2.37,,,,,chaotic,chaotic
7_38,2013725,1,00:48.2,passing_option,,N. Botić,Western United,22.69,-15.66,23.1,-13.18,0.0,0.0,0.0,0.0192,chaotic,chaotic
7_39,2013725,1,00:48.2,passing_option,,M. Grimaldi,Western United,16.55,-17.75,18.29,-15.77,0.0,0.0,0.0,0.0125,chaotic,chaotic
7_40,2013725,1,00:48.2,passing_option,,A. Thurgate,Western United,6.31,-3.91,9.35,-1.12,0.0,0.0,0.0,0.0073,chaotic,chaotic
7_41,2013725,1,00:48.2,passing_option,,M. Ruhs,Western United,33.07,-7.56,28.55,-3.99,0.0,0.0,0.0,0.0186,chaotic,chaotic
1_5,2013725,1,01:05.5,off_ball_run,run_ahead_of_the_ball,M. Grimaldi,Western United,32.41,-17.06,30.86,-8.39,0.0,0.0,0.0,0.0152,finish,low_block
8_16,2013725,1,01:06.5,player_possession,,R. Bozinovski,Western United,21.6,-6.12,21.69,-6.03,,,,,finish,low_block
7_42,2013725,1,01:06.5,passing_option,,T. Imai,Western United,22.69,-27.41,23.86,-27.66,0.0,0.0,0.0,0.0064,finish,low_block
7_43,2013725,1,01:06.5,passing_option,,A. Thurgate,Western United,18.48,-2.64,18.1,-2.5,0.0,1.0,1.0,0.0038,finish,low_block
7_44,2013725,1,01:06.5,passing_option,,M. Grimaldi,Western United,31.42,-11.86,30.86,-8.39,0.0,0.0,0.0,0.0152,finish,low_block
8_17,2013725,1,01:07.7,player_possession,,A. Thurgate,Western United,17.45,-2.61,14.93,-8.57,,,,,finish,low_block
7_45,2013725,1,01:07.7,passing_option,,R. Bozinovski,Western United,22.07,-6.26,22.49,-6.56,0.0,0.0,0.0,0.0076,finish,low_block
7_46,2013725,1,01:07.7,passing_option,,T. Imai,Western United,24.98,-27.87,28.39,-28.89,0.0,0.0,0.0,0.0069,finish,low_block
7_47,2013725,1,01:09.4,passing_option,,J. Donachie,Western United,4.56,-5.6,4.55,-5.87,0.0,1.0,1.0,0.0018,finish,low_block
1_6,2013725,1,01:10.5,off_ball_run,dropping_off,R. Bozinovski,Western United,21.4,-6.62,14.72,1.03,0.0,0.0,0.0,0.0036,create,medium_block
8_18,2013725,1,01:11.4,player_possession,,J. Donachie,Western United,5.23,-6.87,4.55,-4.77,,,,,create,medium_block
7_48,2013725,1,01:11.4,passing_option,,A. Thurgate,Western United,12.33,-15.26,11.32,-17.37,0.0,0.0,0.0,0.0014,create,medium_block
7_49,2013725,1,01:11.4,passing_option,,R. Bozinovski,Western United,18.5,-3.28,14.5,1.38,0.0,0.0,0.0,0.0036,create,medium_block
7_50,2013725,1,01:11.4,passing_option,,D. Leonard,Western United,6.31,9.58,4.99,9.71,0.0,1.0,1.0,0.0014,create,medium_block
8_19,2013725,1,01:13.9,player_possession,,D. Leonard,Western United,3.7,10.48,3.23,10.98,,,,,create,medium_block
7_51,2013725,1,01:13.9,passing_option,,J. Donachie,Western United,1.56,-2.48,-1.17,-0.91,0.0,1.0,1.0,0.0009,create,medium_block
7_52,2013725,1,01:13.9,passing_option,,B. Garuccio,Western United,22.65,31.91,20.51,32.35,0.0,0.0,0.0,0.0033,create,medium_block
8_20,2013725,1,01:16.2,player_possession,,J. Donachie,Western United,-2.22,0.08,-1.86,0.6,,,,,create,medium_block
7_53,2013725,1,01:16.2,passing_option,,A. Thurgate,Western United,5.47,-20.08,4.15,-21.12,0.0,0.0,0.0,0.0009,create,medium_block
7_54,2013725,1,01:16.2,passing_option,,D. Leonard,Western United,1.29,12.17,1.32,14.29,0.0,0.0,0.0,0.0011,create,medium_block
7_55,2013725,1,01:16.3,passing_option,,R. Bozinovski,Western United,12.08,8.22,8.23,9.39,0.0,1.0,1.0,0.0019,create,medium_block
8_21,2013725,1,01:18.9,player_possession,,R. Bozinovski,Western United,7.68,10.2,7.68,10.2,,,,,create,medium_block
7_56,2013725,1,01:18.9,passing_option,,J. Donachie,Western United,-2.99,0.34,-2.99,0.34,0.0,1.0,1.0,0.0007,create,medium_block
7_57,2013725,1,01:18.9,passing_option,,D. Leonard,Western United,2.09,16.26,2.09,16.26,0.0,0.0,0.0,0.0011,create,medium_block
8_22,2013725,1,01:21.0,player_possession,,J. Donachie,Western United,-3.01,-4.4,1.58,-9.72,,,,,create,medium_block
7_58,2013725,1,01:21.0,passing_option,,A. Thurgate,Western United,0.96,-16.98,1.99,-20.27,0.0,1.0,1.0,0.001,create,medium_block
7_59,2013725,1,01:21.5,passing_option,,M. Grimaldi,Western United,16.86,-6.7,15.63,-11.51,0.0,0.0,0.0,0.003,create,medium_block
7_60,2013725,1,01:21.6,passing_option,,T. Imai,Western United,20.36,-31.11,19.63,-32.12,0.0,0.0,0.0,0.0031,create,medium_block
1_7,2013725,1,01:23.7,off_ball_run,coming_short,R. Bozinovski,Western United,10.32,0.48,8.7,-7.52,0.0,0.0,0.0,0.0024,create,medium_block
8_23,2013725,1,01:23.9,player_possession,,A. Thurgate,Western United,3.12,-21.57,2.68,-21.56,,,,,create,medium_block
7_61,2013725,1,01:23.9,passing_option,,T. Imai,Western United,17.21,-33.02,14.21,-33.32,0.0,0.0,0.0,0.0013,create,medium_block
7_62,2013725,1,01:24.1,passing_option,,J. Donachie,Western United,1.31,-11.93,-0.95,-12.96,0.0,1.0,1.0,0.0005,create,medium_block
7_63,2013725,1,01:24.7,passing_option,,R. Bozinovski,Western United,10.13,-4.36,9.93,-5.27,0.0,0.0,0.0,0.0024,create,medium_block
8_24,2013725,1,01:25.8,player_possession,,J. Donachie,Western United,-3.38,-13.96,-4.78,-17.79,,,,,create,medium_block
7_64,2013725,1,01:25.8,passing_option,,M. Sutton,Western United,-31.8,-3.45,-32.47,-3.7,0.0,0.0,0.0,0.0,create,medium_block
7_65,2013725,1,01:25.8,passing_option,,A. Thurgate,Western United,1.11,-21.67,-3.45,-23.0,0.0,0.0,0.0,0.0007,create,medium_block
7_66,2013725,1,01:26.6,passing_option,,T. Imai,Western United,10.57,-32.79,9.34,-32.76,0.0,1.0,1.0,0.001,create,medium_block
8_25,2013725,1,01:28.3,player_possession,,T. Imai,Western United,6.48,-33.43,6.48,-33.43,,,,,create,medium_block
7_67,2013725,1,01:28.3,passing_option,,M. Grimaldi,Western United,8.99,-25.25,8.99,-25.25,0.0,1.0,1.0,0.0009,create,medium_block
8_26,2013725,1,01:28.9,player_possession,,M. Grimaldi,Western United,7.81,-26.63,3.4,-24.26,,,,,create,medium_block
7_68,2013725,1,01:28.9,passing_option,,T. Imai,Western United,7.27,-33.74,9.26,-33.68,0.0,0.0,0.0,0.0031,create,medium_block
1_8,2013725,1,01:29.2,off_ball_run,run_ahead_of_the_ball,T. Imai,Western United,8.39,-33.75,11.76,-32.92,0.0,0.0,0.0,0.0031,create,medium_block
7_69,2013725,1,01:29.6,passing_option,,A. Thurgate,Western United,-3.59,-28.14,-2.33,-26.58,0.0,0.0,0.0,0.0018,create,medium_block
7_70,2013725,1,01:30.1,passing_option,,D. Leonard,Western United,-9.57,-7.01,-9.95,-7.24,0.0,1.0,1.0,0.0003,create,medium_block
8_27,2013725,1,01:32.2,player_possession,,D. Leonard,Western United,-15.62,-2.75,-19.36,6.85,,,,,create,medium_block
7_71,2013725,1,01:32.2,passing_option,,B. Garuccio,Western United,-0.01,13.64,-3.36,18.88,0.0,1.0,1.0,0.0011,create,medium_block
1_9,2013725,1,01:32.5,off_ball_run,pulling_wide,B. Garuccio,Western United,-0.93,14.46,-3.26,18.5,0.0,1.0,1.0,0.0011,create,medium_block
1_10,2013725,1,01:33.8,off_ball_run,run_ahead_of_the_ball,M. Grimaldi,Western United,8.23,-14.08,24.78,-9.34,1.0,0.0,0.0,0.0219,create,medium_block
1_11,2013725,1,01:33.8,off_ball_run,coming_short,R. Bozinovski,Western United,2.88,-5.2,4.7,16.31,0.0,0.0,0.0,0.0024,create,medium_block
1_12,2013725,1,01:34.3,off_ball_run,run_ahead_of_the_ball,M. Ruhs,Western United,15.97,7.92,29.43,23.81,0.0,1.0,1.0,0.0093,create,medium_block
8_28,2013725,1,01:35.3,player_possession,,B. Garuccio,Western United,-0.7,23.23,9.41,25.83,,,,,create,medium_block
7_72,2013725,1,01:35.3,passing_option,,R. Bozinovski,Western United,1.79,2.8,1.78,7.59,0.0,0.0,0.0,0.0024,create,medium_block
7_73,2013725,1,01:35.9,passing_option,,M. Ruhs,Western United,18.85,14.45,24.44,20.51,0.0,1.0,1.0,0.0093,create,medium_block
1_13,2013725,1,01:36.0,off_ball_run,run_ahead_of_the_ball,R. Danzaki,Western United,16.92,9.91,28.65,10.09,1.0,0.0,0.0,0.0273,create,medium_block
7_74,2013725,1,01:36.3,passing_option,,M. Grimaldi,Western United,19.06,-9.68,24.78,-9.34,1.0,0.0,0.0,0.0219,create,medium_block
7_75,2013725,1,01:36.8,passing_option,,R. Danzaki,Western United,20.46,9.57,23.45,9.72,1.0,0.0,0.0,0.0273,create,medium_block
1_14,2013725,1,01:37.5,off_ball_run,support,A. Thurgate,Western United,4.6,1.99,22.15,7.89,0.0,0.0,0.0,0.019,finish,low_block
1_15,2013725,1,01:37.5,off_ball_run,overlap,B. Garuccio,Western United,9.86,25.98,36.88,23.77,0.0,1.0,1.0,0.0121,finish,low_block
8_29,2013725,1,01:38.7,player_possession,,M. Ruhs,Western United,30.0,24.18,29.42,20.77,,,,,finish,low_block
7_76,2013725,1,01:38.7,passing_option,,B. Garuccio,Western United,15.12,27.03,27.52,27.72,0.0,1.0,1.0,0.0121,finish,low_block
7_77,2013725,1,01:38.7,passing_option,,R. Danzaki,Western United,29.9,10.27,36.33,11.19,1.0,0.0,0.0,0.027,finish,low_block
7_78,2013725,1,01:40.3,passing_option,,A. Thurgate,Western United,19.14,7.28,22.15,7.89,0.0,0.0,0.0,0.019,finish,low_block
1_16,2013725,1,01:40.8,off_ball_run,support,A. Thurgate,Western United,22.9,8.06,40.25,18.84,0.0,0.0,0.0,0.0108,finish,low_block
8_30,2013725,1,01:42.1,player_possession,,B. Garuccio,Western United,36.88,23.77,49.0,29.46,,,,,finish,low_block
7_79,2013725,1,01:42.1,passing_option,,R. Danzaki,Western United,40.42,10.48,45.35,6.33,1.0,0.0,0.0,0.0454,finish,low_block
7_80,2013725,1,01:42.1,passing_option,,A. Thurgate,Western United,31.25,10.7,43.39,21.53,0.0,0.0,0.0,0.0108,finish,low_block
7_81,2013725,1,01:45.4,passing_option,,M. Ruhs,Western United,37.83,18.33,39.39,17.11,0.0,0.0,0.0,0.0179,finish,low_block
8_31,2013725,1,02:23.4,player_possession,,T. Imai,Western United,-9.07,-29.55,-9.07,-29.55,,,,,chaotic,chaotic
8_32,2013725,1,02:25.1,player_possession,,J. King,Sydney FC,-11.9,25.42,-11.9,25.42,,,,,create,medium_block
7_82,2013725,1,02:25.1,passing_option,,A. Cáceres,Sydney FC,-4.56,26.3,-4.56,26.3,0.0,0.0,0.0,0.0006,create,medium_block
7_83,2013725,1,02:25.1,passing_option,,J. Kucharski,Sydney FC,13.15,20.1,13.15,20.1,0.0,0.0,0.0,0.0074,create,medium_block
7_84,2013725,1,02:25.1,passing_option,,W. Kamijo,Sydney FC,-3.46,19.35,-3.46,19.35,0.0,1.0,1.0,0.0012,create,medium_block
8_33,2013725,1,02:25.9,player_possession,,W. Kamijo,Sydney FC,-3.61,19.83,-3.12,20.09,,,,,create,medium_block
7_85,2013725,1,02:25.9,passing_option,,J. Kucharski,Sydney FC,12.26,19.05,11.81,18.54,0.0,0.0,0.0,0.0104,create,medium_block
7_86,2013725,1,02:25.9,passing_option,,A. Segecic,Sydney FC,9.63,24.97,9.93,24.73,0.0,1.0,1.0,0.0084,create,medium_block
7_87,2013725,1,02:26.0,passing_option,,Douglas Costa,Sydney FC,7.34,8.74,7.18,9.23,0.0,0.0,0.0,0.0081,create,medium_block
7_88,2013725,1,02:26.3,passing_option,,J. Courtney-Perkins,Sydney FC,1.95,25.93,1.95,25.93,0.0,0.0,0.0,0.0021,create,medium_block
8_34,2013725,1,02:27.6,player_possession,,A. Segecic,Sydney FC,12.81,25.46,29.33,21.28,,,,,finish,low_block
7_89,2013725,1,02:27.6,passing_option,,J. Kucharski,Sydney FC,11.4,17.23,26.67,9.05,1.0,1.0,0.0,0.1925,finish,low_block
1_17,2013725,1,02:28.2,off_ball_run,cross_receiver,J. Kucharski,Sydney FC,12.89,16.1,28.83,7.79,1.0,1.0,0.0,0.1925,finish,low_block
1_18,2013725,1,02:28.5,off_ball_run,support,Douglas Costa,Sydney FC,10.48,12.59,21.51,9.59,1.0,0.0,0.0,0.0353,finish,low_block
7_90,2013725,1,02:30.0,passing_option,,Douglas Costa,Sydney FC,17.97,10.83,20.03,10.12,1.0,0.0,0.0,0.0353,finish,low_block
8_35,2013725,1,02:30.8,player_possession,,T. Imai,Western United,-31.63,-19.16,-35.94,-16.7,,,,,disruption,disruption
7_91,2013725,1,02:30.8,passing_option,,J. Donachie,Western United,-29.74,-18.23,-33.82,-14.87,0.0,1.0,1.0,0.0002,disruption,disruption
7_92,2013725,1,02:30.8,passing_option,,M. Sutton,Western United,-49.23,-3.49,-49.83,-3.61,0.0,0.0,0.0,0.0,disruption,disruption
1_19,2013725,1,02:32.0,off_ball_run,coming_short,M. Grimaldi,Western United,-7.38,-24.17,-17.31,-22.98,0.0,1.0,0.0,0.0007,disruption,disruption
8_36,2013725,1,02:32.2,player_possession,,J. Donachie,Western United,-34.43,-14.55,-35.07,-14.61,,,,,disruption,disruption
7_93,2013725,1,02:32.2,passing_option,,R. Bozinovski,Western United,-24.73,-15.85,-26.67,-15.88,0.0,0.0,0.0,0.0004,disruption,disruption
7_94,2013725,1,02:32.2,passing_option,,M. Grimaldi,Western United,-8.27,-24.03,-11.51,-23.51,0.0,1.0,0.0,0.0007,disruption,disruption
7_95,2013725,1,02:32.5,passing_option,,N. Botić,Western United,2.55,-14.69,1.47,-13.9,0.0,0.0,0.0,0.0034,disruption,disruption
7_96,2013725,1,02:32.6,passing_option,,T. Imai,Western United,-36.41,-15.92,-36.29,-16.27,0.0,0.0,0.0,0.0002,disruption,disruption
7_97,2013725,1,02:32.9,passing_option,,M. Ruhs,Western United,-9.83,-10.87,-9.83,-10.87,0.0,0.0,0.0,0.0015,disruption,disruption
8_37,2013725,1,02:34.4,player_possession,,J. Lolley,Sydney FC,22.81,24.87,28.65,29.65,,,,,finish,low_block
7_98,2013725,1,02:34.4,passing_option,,W. Kamijo,Sydney FC,19.48,11.98,19.36,12.24,0.0,0.0,0.0,0.0043,finish,low_block
7_99,2013725,1,02:34.4,passing_option,,Douglas Costa,Sydney FC,30.01,14.25,28.52,15.03,0.0,0.0,0.0,0.0089,finish,low_block
7_100,2013725,1,02:34.4,passing_option,,A. Segecic,Sydney FC,31.02,17.22,32.42,19.3,0.0,0.0,0.0,0.0103,finish,low_block
7_101,2013725,1,02:34.4,passing_option,,A. Cáceres,Sydney FC,25.66,19.11,23.74,24.12,0.0,0.0,0.0,0.0047,finish,low_block
7_102,2013725,1,02:36.6,passing_option,,J. Courtney-Perkins,Sydney FC,13.53,24.86,13.19,25.89,0.0,1.0,1.0,0.0012,finish,low_block
8_38,2013725,1,02:38.6,player_possession,,J. Courtney-Perkins,Sydney FC,10.79,28.55,9.56,27.85,,,,,finish,low_block
7_103,2013725,1,02:38.6,passing_option,,Douglas Costa,Sydney FC,23.42,18.13,20.33,18.82,0.0,0.0,0.0,0.0033,finish,low_block
7_104,2013725,1,02:38.6,passing_option,,A. Cáceres,Sydney FC,20.13,26.8,17.08,27.07,0.0,0.0,0.0,0.0021,finish,low_block
7_105,2013725,1,02:39.2,passing_option,,J. King,Sydney FC,-4.47,17.42,-5.23,17.16,0.0,1.0,1.0,0.0005,finish,low_block
1_20,2013725,1,02:42.3,off_ball_run,coming_short,A. Cáceres,Sydney FC,9.14,22.95,5.05,21.69,0.0,1.0,1.0,0.001,create,medium_block
8_39,2013725,1,02:42.4,player_possession,,J. King,Sydney FC,-7.67,12.96,-7.6,12.67,,,,,create,medium_block
7_106,2013725,1,02:42.4,passing_option,,A. Popovic,Sydney FC,-4.35,-1.81,-5.13,-2.39,0.0,0.0,0.0,0.0007,create,medium_block
7_107,2013725,1,02:42.6,passing_option,,J. Courtney-Perkins,Sydney FC,-0.51,28.12,-4.47,27.4,0.0,0.0,0.0,0.0005,create,medium_block
7_108,2013725,1,02:42.6,passing_option,,A. Cáceres,Sydney FC,7.93,22.53,3.02,20.77,0.0,1.0,1.0,0.001,create,medium_block
8_40,2013725,1,02:44.9,player_possession,,A. Cáceres,Sydney FC,1.08,18.8,0.34,18.35,,,,,create,medium_block
7_109,2013725,1,02:44.9,passing_option,,J. Courtney-Perkins,Sydney FC,-6.87,27.33,-7.64,27.48,0.0,1.0,1.0,0.0004,create,medium_block
7_110,2013725,1,02:44.9,passing_option,,J. King,Sydney FC,-8.79,12.93,-10.31,12.85,0.0,0.0,0.0,0.0004,create,medium_block
8_41,2013725,1,02:47.0,player_possession,,J. Courtney-Perkins,Sydney FC,-7.54,28.63,-7.13,29.0,,,,,create,medium_block
7_111,2013725,1,02:47.0,passing_option,,J. Lolley,Sydney FC,15.38,33.1,14.55,33.31,0.0,0.0,0.0,0.0016,create,medium_block
7_112,2013725,1,02:47.0,passing_option,,A. Cáceres,Sydney FC,0.44,20.47,0.19,22.18,0.0,1.0,1.0,0.0013,create,medium_block
7_113,2013725,1,02:47.0,passing_option,,J. King,Sydney FC,-14.99,13.25,-16.8,13.48,0.0,0.0,0.0,0.0002,create,medium_block
7_114,2013725,1,02:47.0,passing_option,,A. Segecic,Sydney FC,18.17,22.42,17.54,23.27,0.0,0.0,0.0,0.0053,create,medium_block
8_42,2013725,1,02:48.4,player_possession,,A. Cáceres,Sydney FC,-0.58,23.08,-1.64,24.12,,,,,create,medium_block
7_115,2013725,1,02:48.4,passing_option,,J. King,Sydney FC,-18.43,13.91,-18.79,14.04,0.0,0.0,0.0,0.0002,create,medium_block
7_116,2013725,1,02:48.4,passing_option,,J. Courtney-Perkins,Sydney FC,-7.03,29.35,-7.62,30.43,0.0,1.0,1.0,0.0005,create,medium_block
7_117,2013725,1,02:48.5,passing_option,,A. Segecic,Sydney FC,16.73,24.05,15.74,24.89,0.0,0.0,0.0,0.0044,create,medium_block
8_43,2013725,1,02:50.9,player_possession,,J. Courtney-Perkins,Sydney FC,-7.62,31.2,-2.69,32.68,,,,,direct,defending_direct
7_118,2013725,1,02:50.9,passing_option,,J. Lolley,Sydney FC,9.05,33.63,6.31,33.94,0.0,0.0,0.0,0.0015,direct,defending_direct
7_119,2013725,1,02:50.9,passing_option,,J. Kucharski,Sydney FC,15.93,12.54,15.43,15.23,0.0,0.0,0.0,0.0095,direct,defending_direct
7_120,2013725,1,02:50.9,passing_option,,A. Segecic,Sydney FC,14.69,26.29,15.8,28.8,0.0,1.0,0.0,0.0062,direct,defending_direct
1_21,2013725,1,02:52.4,off_ball_run,behind,A. Segecic,Sydney FC,16.15,29.04,20.76,30.58,0.0,1.0,0.0,0.0062,direct,defending_direct
8_44,2013725,1,02:56.4,player_possession,,J. Donachie,Western United,-41.8,-19.82,-41.8,-19.82,,,,,chaotic,chaotic
8_45,2013725,1,03:31.4,player_possession,,A. Popovic,Sydney FC,37.81,-14.25,37.81,-14.25,,,,,set_play,defending_set_play
7_121,2013725,1,03:31.4,passing_option,,J. Lolley,Sydney FC,25.1,4.81,25.1,4.81,0.0,1.0,1.0,0.008,set_play,defending_set_play
8_46,2013725,1,03:32.5,player_possession,,J. Lolley,Sydney FC,23.63,3.92,25.42,-0.03,,,,,set_play,defending_set_play
7_122,2013725,1,03:32.5,passing_option,,A. Popovic,Sydney FC,36.97,-14.7,47.76,-15.91,1.0,0.0,0.0,0.038,set_play,defending_set_play
7_123,2013725,1,03:33.5,passing_option,,W. Kamijo,Sydney FC,36.04,-2.7,34.51,-11.73,0.0,0.0,0.0,0.0067,set_play,defending_set_play
1_22,2013725,1,03:35.3,off_ball_run,run_ahead_of_the_ball,A. Popovic,Sydney FC,42.3,-16.29,48.63,-15.93,1.0,0.0,0.0,0.038,set_play,defending_set_play
7_124,2013725,1,03:36.2,passing_option,,R. Grant,Sydney FC,47.69,-2.66,48.13,-2.82,1.0,0.0,0.0,0.1027,set_play,defending_set_play
7_125,2013725,1,03:36.2,passing_option,,A. Segecic,Sydney FC,41.8,-3.59,42.53,-3.7,1.0,1.0,1.0,0.0634,set_play,defending_set_play
8_47,2013725,1,03:37.4,player_possession,,M. Ruhs,Western United,-45.05,0.46,-45.05,0.46,,,,,transition,defending_transition
7_126,2013725,1,03:37.4,passing_option,,R. Danzaki,Western United,-34.69,2.72,-34.69,2.72,0.0,1.0,1.0,0.0004,transition,defending_transition
7_127,2013725,1,03:37.4,passing_option,,R. Bozinovski,Western United,-42.63,6.92,-42.63,6.92,0.0,0.0,0.0,0.0004,transition,defending_transition
7_128,2013725,1,03:37.4,passing_option,,M. Grimaldi,Western United,-42.86,-0.19,-42.86,-0.19,0.0,0.0,0.0,0.0007,transition,defending_transition
8_48,2013725,1,03:38.7,player_possession,,R. Danzaki,Western United,-36.27,3.77,-36.27,3.77,,,,,transition,defending_transition
7_129,2013725,1,03:38.7,passing_option,,R. Bozinovski,Western United,-40.25,6.53,-40.25,6.53,0.0,0.0,0.0,0.0014,transition,defending_transition
7_130,2013725,1,03:38.7,passing_option,,M. Grimaldi,Western United,-40.44,-0.12,-40.44,-0.12,0.0,1.0,1.0,0.0024,transition,defending_transition
7_131,2013725,1,03:38.7,passing_option,,M. Ruhs,Western United,-43.09,2.4,-43.09,2.4,0.0,0.0,0.0,0.0015,transition,defending_transition
1_23,2013725,1,03:38.8,off_ball_run,support,T. Imai,Western United,-46.36,-4.8,-38.89,-8.84,0.0,0.0,0.0,0.0032,transition,defending_transition
1_24,2013725,1,03:39.2,off_ball_run,run_ahead_of_the_ball,M. Ruhs,Western United,-41.25,2.43,-35.62,1.16,0.0,0.0,0.0,0.0044,transition,defending_transition
8_49,2013725,1,03:39.4,player_possession,,M. Grimaldi,Western United,-37.93,-1.45,-35.28,-1.35,,,,,transition,defending_transition
7_132,2013725,1,03:39.4,passing_option,,M. Ruhs,Western United,-40.36,2.31,-35.62,1.16,0.0,0.0,0.0,0.0044,transition,defending_transition
7_133,2013725,1,03:39.5,passing_option,,T. Imai,Western United,-43.39,-6.79,-39.51,-8.61,0.0,0.0,0.0,0.0032,transition,defending_transition
7_134,2013725,1,03:40.1,passing_option,,R. Bozinovski,Western United,-36.55,6.55,-36.03,6.44,0.0,1.0,1.0,0.0012,transition,defending_transition
7_135,2013725,1,03:40.3,passing_option,,R. Danzaki,Western United,-32.29,3.84,-32.29,3.84,0.0,0.0,0.0,0.0043,transition,defending_transition
1_25,2013725,1,03:40.4,off_ball_run,run_ahead_of_the_ball,R. Danzaki,Western United,-31.76,3.66,-21.95,4.88,0.0,0.0,0.0,0.0111,transition,defending_transition
8_50,2013725,1,03:41.2,player_possession,,R. Bozinovski,Western United,-34.61,6.74,-33.24,9.14,,,,,transition,defending_transition
7_136,2013725,1,03:41.8,passing_option,,R. Danzaki,Western United,-24.06,3.6,-21.95,4.88,0.0,0.0,0.0,0.0111,transition,defending_transition
7_137,2013725,1,03:42.0,passing_option,,A. Thurgate,Western United,-39.69,4.66,-39.06,4.76,0.0,1.0,1.0,0.0006,transition,defending_transition
1_26,2013725,1,03:42.3,off_ball_run,run_ahead_of_the_ball,R. Danzaki,Western United,-21.41,5.22,-13.25,14.91,0.0,0.0,0.0,0.0042,transition,defending_transition
1_27,2013725,1,03:42.3,off_ball_run,behind,M. Ruhs,Western United,-22.58,0.3,-1.07,6.55,0.0,1.0,0.0,0.0199,transition,defending_transition
1_28,2013725,1,03:42.6,off_ball_run,run_ahead_of_the_ball,R. Bozinovski,Western United,-32.15,10.26,-25.65,14.55,0.0,0.0,0.0,0.0011,transition,defending_transition
8_51,2013725,1,03:43.1,player_possession,,A. Thurgate,Western United,-36.07,5.93,-32.07,7.67,,,,,transition,defending_transition
7_138,2013725,1,03:43.1,passing_option,,R. Bozinovski,Western United,-30.37,11.75,-29.14,12.61,0.0,0.0,0.0,0.0011,transition,defending_transition
7_139,2013725,1,03:43.1,passing_option,,R. Danzaki,Western United,-17.34,8.47,-13.25,14.91,0.0,0.0,0.0,0.0042,transition,defending_transition
7_140,2013725,1,03:43.1,passing_option,,M. Ruhs,Western United,-16.89,1.58,-8.87,3.76,0.0,1.0,0.0,0.0199,transition,defending_transition
1_29,2013725,1,03:44.3,off_ball_run,run_ahead_of_the_ball,M. Grimaldi,Western United,-15.96,-0.86,7.73,-0.14,1.0,0.0,0.0,0.0423,transition,defending_transition
1_30,2013725,1,03:44.3,off_ball_run,run_ahead_of_the_ball,R. Danzaki,Western United,-12.91,15.61,23.09,24.02,0.0,1.0,1.0,0.0192,transition,defending_transition
8_52,2013725,1,03:47.8,player_possession,,N. Botić,Western United,2.56,10.94,5.79,11.12,,,,,transition,defending_transition
7_141,2013725,1,03:47.8,passing_option,,R. Danzaki,Western United,6.2,24.16,9.15,24.3,0.0,1.0,1.0,0.0192,transition,defending_transition
7_142,2013725,1,03:47.8,passing_option,,M. Grimaldi,Western United,4.95,-0.33,7.73,-0.14,1.0,0.0,0.0,0.0423,transition,defending_transition
7_143,2013725,1,03:47.8,passing_option,,M. Ruhs,Western United,12.58,11.99,14.38,12.01,1.0,0.0,0.0,0.0311,transition,defending_transition
1_31,2013725,1,03:48.4,off_ball_run,cross_receiver,N. Botić,Western United,6.4,11.16,34.16,2.84,1.0,0.0,0.0,0.1518,transition,defending_transition
1_32,2013725,1,03:48.4,off_ball_run,cross_receiver,M. Grimaldi,Western United,8.31,-0.15,48.72,-5.92,1.0,1.0,1.0,0.3792,transition,defending_transition
1_33,2013725,1,03:48.7,off_ball_run,cross_receiver,M. Ruhs,Western United,15.95,12.29,39.91,3.81,1.0,0.0,0.0,0.278,transition,defending_transition
8_53,2013725,1,03:50.3,player_possession,,R. Danzaki,Western United,23.09,24.02,39.87,15.72,,,,,transition,defending_transition
7_144,2013725,1,03:50.3,passing_option,,M. Grimaldi,Western United,21.08,-1.92,40.18,-5.23,1.0,1.0,1.0,0.3792,transition,defending_transition
7_145,2013725,1,03:50.3,passing_option,,M. Ruhs,Western United,23.59,11.1,39.91,3.81,1.0,0.0,0.0,0.278,transition,defending_transition
7_146,2013725,1,03:51.0,passing_option,,N. Botić,Western United,21.95,7.66,34.16,2.84,1.0,0.0,0.0,0.1518,transition,defending_transition
8_54,2013725,1,03:53.9,player_possession,,M. Grimaldi,Western United,48.72,-5.92,48.72,-5.92,,,,,transition,defending_transition
8_55,2013725,1,05:53.6,player_possession,,Douglas Costa,Sydney FC,0.45,-0.31,0.45,-0.31,,,,,create,medium_block
8_56,2013725,1,05:54.8,player_possession,,A. Cáceres,Sydney FC,-11.23,4.75,-11.54,5.42,,,,,create,medium_block
7_147,2013725,1,05:54.8,passing_option,,J. Courtney-Perkins,Sydney FC,-16.18,16.16,-17.68,16.68,0.0,1.0,1.0,0.0002,create,medium_block
8_57,2013725,1,05:57.0,player_possession,,J. Courtney-Perkins,Sydney FC,-20.46,19.36,-21.09,22.38,,,,,build_up,high_block
7_148,2013725,1,05:57.0,passing_option,,J. Kucharski,Sydney FC,8.8,5.68,10.85,6.65,0.0,0.0,0.0,0.0144,build_up,high_block
7_149,2013725,1,05:57.0,passing_option,,J. Lolley,Sydney FC,-4.59,33.04,-6.94,33.78,0.0,0.0,0.0,0.0007,build_up,high_block
7_150,2013725,1,05:57.0,passing_option,,A. Segecic,Sydney FC,2.45,15.35,-0.89,20.89,0.0,0.0,0.0,0.0024,build_up,high_block
7_151,2013725,1,05:58.4,passing_option,,J. King,Sydney FC,-30.4,4.19,-31.38,5.4,0.0,1.0,1.0,0.0001,build_up,high_block
7_152,2013725,1,05:58.8,passing_option,,H. Devenish-Meares,Sydney FC,-43.48,7.08,-43.55,7.16,0.0,0.0,0.0,0.0,build_up,high_block
1_34,2013725,1,05:59.9,off_ball_run,dropping_off,A. Popovic,Sydney FC,-24.14,-9.7,-33.04,-9.98,0.0,1.0,1.0,0.0002,build_up,high_block
1_35,2013725,1,06:00.1,off_ball_run,dropping_off,J. Courtney-Perkins,Sydney FC,-24.44,22.35,-32.22,21.62,0.0,0.0,0.0,0.0002,build_up,high_block
8_58,2013725,1,06:00.4,player_possession,,J. King,Sydney FC,-32.98,7.81,-33.36,6.68,,,,,build_up,high_block
7_153,2013725,1,06:00.4,passing_option,,J. Courtney-Perkins,Sydney FC,-25.8,22.36,-29.19,22.24,0.0,0.0,0.0,0.0002,build_up,high_block
7_154,2013725,1,06:01.6,passing_option,,A. Popovic,Sydney FC,-32.2,-9.93,-33.04,-9.98,0.0,1.0,1.0,0.0002,build_up,high_block
1_36,2013725,1,06:02.3,off_ball_run,coming_short,Douglas Costa,Sydney FC,-4.76,-4.98,-10.99,-16.99,0.0,0.0,0.0,0.0006,build_up,high_block
1_37,2013725,1,06:02.8,off_ball_run,coming_short,R. Grant,Sydney FC,-6.79,-33.32,-17.96,-31.1,0.0,1.0,0.0,0.0002,build_up,high_block
8_59,2013725,1,06:03.3,player_possession,,A. Popovic,Sydney FC,-36.93,-13.87,-36.99,-16.82,,,,,build_up,high_block
7_155,2013725,1,06:03.3,passing_option,,R. Grant,Sydney FC,-9.25,-33.53,-13.11,-33.55,0.0,1.0,0.0,0.0002,build_up,high_block
7_156,2013725,1,06:03.7,passing_option,,Douglas Costa,Sydney FC,-8.67,-10.35,-9.34,-11.84,0.0,0.0,0.0,0.0006,build_up,high_block
8_60,2013725,1,06:05.6,player_possession,,B. Garuccio,Western United,18.01,28.55,18.01,28.55,,,,,quick_break,defending_quick_break
7_157,2013725,1,06:05.6,passing_option,,R. Danzaki,Western United,33.5,22.89,33.5,22.89,0.0,1.0,1.0,0.0089,quick_break,defending_quick_break
7_158,2013725,1,06:05.6,passing_option,,A. Thurgate,Western United,23.25,16.85,23.25,16.85,0.0,0.0,0.0,0.0067,quick_break,defending_quick_break
1_38,2013725,1,06:05.7,off_ball_run,overlap,B. Garuccio,Western United,18.57,28.68,46.38,29.0,0.0,1.0,1.0,0.009,quick_break,defending_quick_break
8_61,2013725,1,06:06.7,player_possession,,R. Danzaki,Western United,31.97,25.81,32.65,26.61,,,,,quick_break,defending_quick_break
7_159,2013725,1,06:06.7,passing_option,,A. Thurgate,Western United,23.64,20.62,25.02,21.38,0.0,0.0,0.0,0.0106,quick_break,defending_quick_break
7_160,2013725,1,06:06.7,passing_option,,B. Garuccio,Western United,24.38,30.49,31.13,31.88,0.0,1.0,1.0,0.009,quick_break,defending_quick_break
1_39,2013725,1,06:06.9,off_ball_run,cross_receiver,M. Grimaldi,Western United,28.14,-7.07,38.16,-7.49,1.0,0.0,0.0,0.0657,quick_break,defending_quick_break
7_161,2013725,1,06:07.5,passing_option,,M. Grimaldi,Western United,31.37,-6.97,32.61,-7.13,1.0,0.0,0.0,0.0657,quick_break,defending_quick_break
1_40,2013725,1,06:07.8,off_ball_run,cross_receiver,M. Ruhs,Western United,33.26,4.82,44.13,3.72,1.0,0.0,0.0,0.08,quick_break,defending_quick_break
8_62,2013725,1,06:09.8,player_possession,,B. Garuccio,Western United,46.38,29.0,49.56,26.15,,,,,quick_break,defending_quick_break
7_162,2013725,1,06:09.8,passing_option,,M. Grimaldi,Western United,42.86,-7.4,44.27,-6.96,1.0,0.0,0.0,0.0565,quick_break,defending_quick_break
7_163,2013725,1,06:09.8,passing_option,,N. Botić,Western United,40.71,12.04,41.59,9.33,1.0,0.0,0.0,0.0451,quick_break,defending_quick_break
7_164,2013725,1,06:09.8,passing_option,,M. Ruhs,Western United,43.72,3.75,47.45,2.93,1.0,0.0,0.0,0.08,quick_break,defending_quick_break
7_165,2013725,1,06:09.8,passing_option,,R. Danzaki,Western United,36.95,22.69,39.64,22.65,0.0,0.0,0.0,0.0136,quick_break,defending_quick_break
7_166,2013725,1,06:10.3,passing_option,,A. Thurgate,Western United,34.77,18.14,36.68,17.63,0.0,0.0,0.0,0.0181,quick_break,defending_quick_break
1_41,2013725,1,06:45.0,off_ball_run,cross_receiver,A. Segecic,Sydney FC,10.02,20.01,45.31,2.89,1.0,0.0,0.0,0.115,finish,low_block
1_42,2013725,1,06:47.9,off_ball_run,cross_receiver,Douglas Costa,Sydney FC,8.9,-14.35,40.44,-30.76,0.0,1.0,1.0,0.0117,finish,low_block
8_63,2013725,1,06:50.1,player_possession,,J. Kucharski,Sydney FC,46.35,25.27,49.47,23.92,,,,,finish,low_block
7_167,2013725,1,06:50.1,passing_option,,Douglas Costa,Sydney FC,21.25,-8.7,25.57,-8.64,0.0,1.0,1.0,0.0117,finish,low_block
7_168,2013725,1,06:50.1,passing_option,,A. Segecic,Sydney FC,38.22,11.69,41.18,7.49,1.0,0.0,0.0,0.115,finish,low_block
1_43,2013725,1,06:51.6,off_ball_run,support,W. Kamijo,Sydney FC,17.03,10.01,31.77,-13.02,0.0,1.0,1.0,0.0036,finish,low_block
8_64,2013725,1,06:55.7,player_possession,,Douglas Costa,Sydney FC,40.48,-31.13,39.48,-32.05,,,,,finish,low_block
7_169,2013725,1,06:55.7,passing_option,,A. Segecic,Sydney FC,44.21,-12.87,42.3,-16.34,0.0,0.0,0.0,0.0087,finish,low_block
7_170,2013725,1,06:55.7,passing_option,,R. Grant,Sydney FC,15.35,-17.09,18.31,-21.1,0.0,0.0,0.0,0.0021,finish,low_block
7_171,2013725,1,06:55.7,passing_option,,W. Kamijo,Sydney FC,29.84,-9.86,31.37,-18.11,0.0,1.0,1.0,0.0036,finish,low_block
8_65,2013725,1,06:58.9,player_possession,,W. Kamijo,Sydney FC,30.35,-20.43,29.1,-21.5,,,,,finish,low_block
7_172,2013725,1,06:58.9,passing_option,,R. Grant,Sydney FC,18.7,-21.59,18.52,-21.57,0.0,1.0,1.0,0.0028,finish,low_block
7_173,2013725,1,06:59.1,passing_option,,A. Popovic,Sydney FC,11.03,-12.04,10.8,-12.91,0.0,0.0,0.0,0.0019,finish,low_block
8_66,2013725,1,07:00.6,player_possession,,R. Grant,Sydney FC,18.43,-21.3,19.15,-21.31,,,,,finish,low_block
7_174,2013725,1,07:00.6,passing_option,,J. King,Sydney FC,6.35,0.71,5.56,0.62,0.0,0.0,0.0,0.0015,finish,low_block
7_175,2013725,1,07:00.6,passing_option,,A. Cáceres,Sydney FC,26.75,-13.94,25.64,-15.54,0.0,0.0,0.0,0.0057,finish,low_block
7_176,2013725,1,07:00.6,passing_option,,A. Popovic,Sydney FC,9.95,-14.73,9.1,-16.41,0.0,0.0,0.0,0.0014,finish,low_block
7_177,2013725,1,07:00.6,passing_option,,W. Kamijo,Sydney FC,26.78,-22.42,24.54,-22.06,0.0,0.0,0.0,0.0035,finish,low_block
7_178,2013725,1,07:01.4,passing_option,,Douglas Costa,Sydney FC,32.48,-33.3,31.66,-33.53,0.0,1.0,1.0,0.005,finish,low_block
1_44,2013725,1,07:02.5,off_ball_run,underlap,A. Cáceres,Sydney FC,26.92,-17.45,38.28,-21.5,0.0,0.0,0.0,0.0101,finish,low_block
8_67,2013725,1,07:02.9,player_possession,,Douglas Costa,Sydney FC,31.18,-33.74,25.64,-26.94,,,,,finish,low_block
7_179,2013725,1,07:02.9,passing_option,,A. Cáceres,Sydney FC,28.38,-18.52,38.9,-21.57,0.0,0.0,0.0,0.0101,finish,low_block
7_180,2013725,1,07:02.9,passing_option,,W. Kamijo,Sydney FC,23.39,-23.0,21.51,-27.8,0.0,0.0,0.0,0.0029,finish,low_block
7_181,2013725,1,07:05.1,passing_option,,A. Popovic,Sydney FC,12.7,-18.24,15.84,-18.92,0.0,1.0,1.0,0.0022,finish,low_block
1_45,2013725,1,07:05.1,off_ball_run,underlap,R. Grant,Sydney FC,22.9,-18.54,30.3,-16.3,0.0,0.0,0.0,0.0182,finish,low_block
7_182,2013725,1,07:05.4,passing_option,,R. Grant,Sydney FC,24.13,-18.0,27.04,-17.07,0.0,0.0,0.0,0.0182,finish,low_block
8_68,2013725,1,07:09.6,player_possession,,A. Popovic,Sydney FC,16.04,-17.68,16.32,-18.16,,,,,finish,low_block
7_183,2013725,1,07:09.6,passing_option,,J. King,Sydney FC,9.78,-0.76,8.89,0.01,0.0,0.0,0.0,0.0019,finish,low_block
7_184,2013725,1,07:10.5,passing_option,,Douglas Costa,Sydney FC,22.24,-27.36,21.89,-27.54,0.0,1.0,1.0,0.0022,finish,low_block
8_69,2013725,1,07:11.7,player_possession,,Douglas Costa,Sydney FC,20.04,-28.8,16.7,-27.07,,,,,finish,low_block
7_185,2013725,1,07:11.7,passing_option,,W. Kamijo,Sydney FC,28.28,-29.22,28.23,-30.16,0.0,0.0,0.0,0.0037,finish,low_block
7_186,2013725,1,07:11.7,passing_option,,A. Cáceres,Sydney FC,22.59,-19.05,22.54,-21.82,0.0,0.0,0.0,0.0028,finish,low_block
7_187,2013725,1,07:11.7,passing_option,,A. Popovic,Sydney FC,14.31,-20.35,8.29,-23.72,0.0,1.0,1.0,0.0007,finish,low_block
1_46,2013725,1,07:11.9,off_ball_run,dropping_off,A. Popovic,Sydney FC,13.62,-20.79,7.53,-24.12,0.0,1.0,1.0,0.0007,finish,low_block
7_188,2013725,1,07:12.6,passing_option,,J. King,Sydney FC,4.84,-2.54,3.35,-3.03,0.0,0.0,0.0,0.0016,finish,low_block
1_47,2013725,1,07:14.3,off_ball_run,dropping_off,J. King,Sydney FC,-0.2,-4.62,-7.0,-10.55,0.0,1.0,1.0,0.0004,create,medium_block
8_70,2013725,1,07:15.6,player_possession,,A. Popovic,Sydney FC,5.02,-30.32,4.28,-29.92,,,,,create,medium_block
7_189,2013725,1,07:15.6,passing_option,,W. Kamijo,Sydney FC,16.96,-33.86,13.11,-33.49,0.0,0.0,0.0,0.0011,create,medium_block
7_190,2013725,1,07:15.6,passing_option,,J. King,Sydney FC,-4.99,-8.73,-9.07,-12.0,0.0,1.0,1.0,0.0004,create,medium_block
1_48,2013725,1,07:17.8,off_ball_run,dropping_off,J. Courtney-Perkins,Sydney FC,-5.47,9.6,-17.22,14.03,0.0,0.0,0.0,0.0003,create,medium_block
1_49,2013725,1,07:18.0,off_ball_run,dropping_off,A. Popovic,Sydney FC,0.88,-29.53,-10.96,-30.73,0.0,1.0,1.0,0.0003,create,medium_block
8_71,2013725,1,07:19.5,player_possession,,J. King,Sydney FC,-15.78,-10.33,-15.78,-10.33,,,,,create,medium_block
7_191,2013725,1,07:19.5,passing_option,,J. Courtney-Perkins,Sydney FC,-14.57,12.85,-14.57,12.85,0.0,0.0,0.0,0.0003,create,medium_block
7_192,2013725,1,07:19.5,passing_option,,A. Popovic,Sydney FC,-6.5,-30.45,-6.5,-30.45,0.0,1.0,1.0,0.0003,create,medium_block
1_50,2013725,1,07:19.6,off_ball_run,dropping_off,A. Cáceres,Sydney FC,0.94,-12.76,-10.45,-16.46,0.0,0.0,0.0,0.0007,create,medium_block
1_51,2013725,1,07:20.7,off_ball_run,coming_short,W. Kamijo,Sydney FC,2.12,-28.7,-1.67,-32.41,0.0,0.0,0.0,0.0006,create,medium_block
8_72,2013725,1,07:21.3,player_possession,,A. Popovic,Sydney FC,-13.62,-30.99,-12.83,-29.32,,,,,create,medium_block
7_193,2013725,1,07:21.4,passing_option,,W. Kamijo,Sydney FC,0.05,-31.09,-5.77,-29.42,0.0,0.0,0.0,0.0006,create,medium_block
7_194,2013725,1,07:22.6,passing_option,,Douglas Costa,Sydney FC,8.55,-27.7,7.52,-29.4,0.0,0.0,0.0,0.0008,create,medium_block
7_195,2013725,1,07:22.7,passing_option,,A. Cáceres,Sydney FC,-10.25,-15.65,-10.62,-18.77,0.0,0.0,0.0,0.0007,create,medium_block
7_196,2013725,1,07:23.1,passing_option,,J. Kucharski,Sydney FC,12.91,-10.71,13.4,-11.61,0.0,1.0,0.0,0.0051,create,medium_block
7_197,2013725,1,07:23.5,passing_option,,R. Grant,Sydney FC,6.73,-22.91,6.69,-22.96,0.0,0.0,0.0,0.0008,create,medium_block
8_73,2013725,1,07:25.2,player_possession,,D. Leonard,Western United,-19.43,24.56,-24.96,33.38,,,,,build_up,high_block
7_198,2013725,1,07:25.2,passing_option,,A. Thurgate,Western United,-6.21,23.4,-13.32,24.02,0.0,0.0,0.0,0.0008,build_up,high_block
7_199,2013725,1,07:25.2,passing_option,,M. Sutton,Western United,-41.19,6.51,-44.26,11.3,0.0,1.0,1.0,0.0,build_up,high_block
7_200,2013725,1,07:25.7,passing_option,,B. Garuccio,Western United,-11.79,26.08,-16.44,26.72,0.0,0.0,0.0,0.0004,build_up,high_block
1_52,2013725,1,07:29.3,off_ball_run,dropping_off,D. Leonard,Western United,-29.61,32.86,-39.18,26.37,0.0,0.0,0.0,0.0002,build_up,high_block
1_53,2013725,1,07:29.5,off_ball_run,dropping_off,M. Grimaldi,Western United,-3.82,-0.52,-12.7,-3.15,0.0,0.0,0.0,0.0007,build_up,high_block
8_74,2013725,1,07:30.2,player_possession,,M. Sutton,Western United,-44.66,16.1,-46.31,12.47,,,,,build_up,high_block
7_201,2013725,1,07:30.2,passing_option,,M. Grimaldi,Western United,-7.11,-1.29,-9.21,-1.7,0.0,0.0,0.0,0.0007,build_up,high_block
7_202,2013725,1,07:32.1,passing_option,,D. Leonard,Western United,-39.52,26.17,-42.92,26.35,0.0,0.0,0.0,0.0002,build_up,high_block
7_203,2013725,1,07:32.2,passing_option,,A. Thurgate,Western United,-29.88,18.57,-32.77,16.3,0.0,1.0,1.0,0.0001,build_up,high_block
7_204,2013725,1,07:33.1,passing_option,,R. Bozinovski,Western United,-34.54,5.86,-34.85,5.9,0.0,0.0,0.0,0.0002,build_up,high_block
8_75,2013725,1,07:34.3,player_possession,,A. Thurgate,Western United,-34.82,14.78,-34.82,14.78,,,,,build_up,high_block
7_205,2013725,1,07:34.3,passing_option,,R. Bozinovski,Western United,-36.98,6.63,-36.98,6.63,0.0,1.0,1.0,0.0001,build_up,high_block
8_76,2013725,1,07:34.9,player_possession,,R. Bozinovski,Western United,-36.71,7.35,-36.71,7.35,,,,,build_up,high_block
7_206,2013725,1,07:34.9,passing_option,,B. Garuccio,Western United,-26.07,30.34,-26.07,30.34,0.0,0.0,0.0,0.0002,build_up,high_block
7_207,2013725,1,07:34.9,passing_option,,A. Thurgate,Western United,-34.35,14.39,-34.35,14.39,0.0,0.0,0.0,0.0002,build_up,high_block
7_208,2013725,1,07:34.9,passing_option,,N. Botić,Western United,-6.7,11.59,-6.7,11.59,0.0,1.0,0.0,0.0013,build_up,high_block
8_77,2013725,1,07:36.1,player_possession,,A. Cáceres,Sydney FC,18.85,-3.54,20.81,-3.62,,,,,quick_break,defending_quick_break
7_209,2013725,1,07:36.1,passing_option,,J. Lolley,Sydney FC,15.16,13.05,14.66,13.0,0.0,0.0,0.0,0.0062,quick_break,defending_quick_break
7_210,2013725,1,07:36.1,passing_option,,J. Kucharski,Sydney FC,34.98,-7.09,33.53,-4.76,1.0,0.0,0.0,0.0349,quick_break,defending_quick_break
7_211,2013725,1,07:36.1,passing_option,,A. Segecic,Sydney FC,31.13,0.39,29.27,1.14,1.0,1.0,1.0,0.0211,quick_break,defending_quick_break
7_212,2013725,1,07:36.1,passing_option,,W. Kamijo,Sydney FC,34.38,-7.38,31.34,-6.63,1.0,0.0,0.0,0.0269,quick_break,defending_quick_break
8_78,2013725,1,07:37.9,player_possession,,A. Segecic,Sydney FC,28.84,1.85,33.67,9.37,,,,,quick_break,defending_quick_break
7_213,2013725,1,07:37.9,passing_option,,W. Kamijo,Sydney FC,28.93,-6.62,28.33,-6.34,0.0,0.0,0.0,0.0178,quick_break,defending_quick_break
7_214,2013725,1,07:37.9,passing_option,,J. Kucharski,Sydney FC,33.66,-2.21,37.37,2.01,1.0,0.0,0.0,0.0468,quick_break,defending_quick_break
7_215,2013725,1,07:37.9,passing_option,,A. Cáceres,Sydney FC,22.26,-1.79,25.67,3.93,0.0,0.0,0.0,0.013,quick_break,defending_quick_break
7_216,2013725,1,07:37.9,passing_option,,J. Lolley,Sydney FC,17.01,14.48,31.53,19.88,0.0,1.0,1.0,0.0106,quick_break,defending_quick_break
1_54,2013725,1,07:38.0,off_ball_run,overlap,J. Lolley,Sydney FC,17.38,14.65,35.13,20.63,0.0,1.0,1.0,0.0106,quick_break,defending_quick_break
1_55,2013725,1,07:40.8,off_ball_run,support,A. Cáceres,Sydney FC,28.25,7.88,30.29,12.76,0.0,0.0,0.0,0.0069,quick_break,defending_quick_break
8_79,2013725,1,07:41.7,player_possession,,J. Lolley,Sydney FC,36.86,20.75,43.24,20.71,,,,,quick_break,defending_quick_break
7_217,2013725,1,07:41.7,passing_option,,A. Cáceres,Sydney FC,29.86,11.56,31.44,15.8,0.0,0.0,0.0,0.0069,quick_break,defending_quick_break
7_218,2013725,1,07:41.7,passing_option,,J. Kucharski,Sydney FC,40.66,4.67,44.06,5.4,1.0,0.0,0.0,0.0397,quick_break,defending_quick_break
7_219,2013725,1,07:41.8,passing_option,,A. Segecic,Sydney FC,34.71,10.35,35.11,10.21,0.0,0.0,0.0,0.0173,quick_break,defending_quick_break
7_220,2013725,1,07:42.5,passing_option,,Douglas Costa,Sydney FC,38.55,-16.35,40.32,-15.92,0.0,1.0,1.0,0.0179,quick_break,defending_quick_break
8_80,2013725,1,07:47.2,player_possession,,Douglas Costa,Sydney FC,49.01,-24.71,45.45,-32.48,,,,,quick_break,defending_quick_break
7_221,2013725,1,07:47.5,passing_option,,R. Grant,Sydney FC,22.98,-22.51,25.48,-26.26,0.0,0.0,0.0,0.0028,quick_break,defending_quick_break
7_222,2013725,1,07:51.2,passing_option,,W. Kamijo,Sydney FC,36.96,-12.3,37.36,-13.16,0.0,0.0,0.0,0.0102,quick_break,defending_quick_break
7_223,2013725,1,07:51.4,passing_option,,A. Popovic,Sydney FC,20.6,-16.06,21.37,-16.82,0.0,0.0,0.0,0.0026,quick_break,defending_quick_break
7_224,2013725,1,07:51.5,passing_option,,J. Kucharski,Sydney FC,43.85,-0.43,45.09,-2.16,1.0,0.0,0.0,0.0565,quick_break,defending_quick_break
8_81,2013725,1,07:53.6,player_possession,,D. Leonard,Western United,-47.79,5.99,-49.29,10.82,,,,,chaotic,chaotic
7_225,2013725,1,07:53.6,passing_option,,A. Thurgate,Western United,-43.08,19.42,-44.3,13.99,0.0,0.0,0.0,0.0003,chaotic,chaotic
7_226,2013725,1,07:56.4,passing_option,,R. Danzaki,Western United,-34.7,23.51,-34.65,23.34,0.0,1.0,0.0,0.0003,chaotic,chaotic
7_227,2013725,1,07:56.6,passing_option,,B. Garuccio,Western United,-42.53,24.24,-42.53,24.24,0.0,0.0,0.0,0.0002,chaotic,chaotic
8_82,2013725,1,07:58.1,player_possession,,R. Grant,Sydney FC,26.06,-20.67,23.36,-18.03,,,,,finish,low_block
7_228,2013725,1,07:58.1,passing_option,,A. Cáceres,Sydney FC,29.29,-6.22,26.21,-7.72,0.0,0.0,0.0,0.011,finish,low_block
7_229,2013725,1,07:58.1,passing_option,,J. King,Sydney FC,15.79,-8.74,9.85,-7.55,0.0,1.0,1.0,0.0018,finish,low_block
7_230,2013725,1,07:58.1,passing_option,,A. Popovic,Sydney FC,16.67,-17.58,14.04,-18.61,0.0,0.0,0.0,0.0021,finish,low_block
1_56,2013725,1,07:58.5,off_ball_run,dropping_off,J. King,Sydney FC,14.29,-8.69,11.19,-8.05,0.0,1.0,1.0,0.0018,finish,low_block
7_231,2013725,1,07:59.1,passing_option,,J. Courtney-Perkins,Sydney FC,15.45,-0.5,15.24,0.83,0.0,0.0,0.0,0.0042,finish,low_block
1_57,2013725,1,08:00.7,off_ball_run,dropping_off,J. Courtney-Perkins,Sydney FC,14.16,4.33,7.55,10.63,0.0,1.0,1.0,0.001,finish,low_block
8_83,2013725,1,08:01.9,player_possession,,J. King,Sydney FC,6.53,-4.15,6.58,-3.17,,,,,finish,low_block
7_232,2013725,1,08:01.9,passing_option,,A. Popovic,Sydney FC,9.97,-17.92,8.78,-17.52,0.0,0.0,0.0,0.0014,finish,low_block
7_233,2013725,1,08:01.9,passing_option,,J. Courtney-Perkins,Sydney FC,10.18,8.28,6.21,12.03,0.0,1.0,1.0,0.001,finish,low_block
1_58,2013725,1,08:03.6,off_ball_run,coming_short,J. Lolley,Sydney FC,23.98,22.15,12.03,28.52,0.0,1.0,1.0,0.0015,create,medium_block
1_59,2013725,1,08:04.4,off_ball_run,coming_short,A. Segecic,Sydney FC,21.03,8.31,17.53,12.75,0.0,0.0,0.0,0.004,create,medium_block
8_84,2013725,1,08:05.0,player_possession,,J. Courtney-Perkins,Sydney FC,4.09,16.69,3.58,18.56,,,,,create,medium_block
7_234,2013725,1,08:05.0,passing_option,,J. Lolley,Sydney FC,18.95,26.15,15.81,27.49,0.0,1.0,1.0,0.0015,create,medium_block
7_235,2013725,1,08:05.1,passing_option,,A. Segecic,Sydney FC,19.03,10.49,17.53,12.75,0.0,0.0,0.0,0.004,create,medium_block
1_60,2013725,1,08:05.8,off_ball_run,coming_short,A. Segecic,Sydney FC,17.29,13.2,13.67,21.39,0.0,1.0,1.0,0.0035,create,medium_block
8_85,2013725,1,08:06.8,player_possession,,J. Lolley,Sydney FC,10.96,28.09,10.96,28.09,,,,,create,medium_block
7_236,2013725,1,08:06.8,passing_option,,A. Segecic,Sydney FC,15.28,18.12,15.28,18.12,0.0,1.0,1.0,0.0035,create,medium_block
1_61,2013725,1,08:06.9,off_ball_run,coming_short,A. Cáceres,Sydney FC,12.28,7.77,11.22,13.96,0.0,0.0,0.0,0.0049,create,medium_block
1_62,2013725,1,08:07.3,off_ball_run,dropping_off,J. Lolley,Sydney FC,9.98,26.49,10.26,22.23,0.0,1.0,0.0,0.0123,create,medium_block
8_86,2013725,1,08:07.9,player_possession,,A. Segecic,Sydney FC,13.11,22.44,13.11,22.44,,,,,create,medium_block
7_237,2013725,1,08:07.9,passing_option,,J. Lolley,Sydney FC,9.95,23.67,9.95,23.67,0.0,1.0,0.0,0.0123,create,medium_block
7_238,2013725,1,08:07.9,passing_option,,A. Cáceres,Sydney FC,11.62,12.63,11.62,12.63,0.0,0.0,0.0,0.0049,create,medium_block
1_63,2013725,1,08:08.0,off_ball_run,support,A. Thurgate,Western United,-20.29,-3.95,-19.14,-7.4,0.0,0.0,0.0,0.0016,create,medium_block
8_87,2013725,1,08:08.3,player_possession,,T. Imai,Western United,-11.48,-22.68,-16.28,-17.25,,,,,create,medium_block
7_239,2013725,1,08:08.3,passing_option,,M. Ruhs,Western United,-6.44,-16.53,-5.36,-17.06,0.0,0.0,0.0,0.0039,create,medium_block
7_240,2013725,1,08:08.3,passing_option,,N. Botić,Western United,-4.56,-7.09,-4.71,-8.8,0.0,0.0,0.0,0.0037,create,medium_block
7_241,2013725,1,08:08.3,passing_option,,J. Donachie,Western United,-27.03,-15.17,-28.28,-17.47,0.0,1.0,1.0,0.0001,create,medium_block
7_242,2013725,1,08:08.3,passing_option,,A. Thurgate,Western United,-19.86,-5.27,-18.68,-11.07,0.0,0.0,0.0,0.0016,create,medium_block
7_243,2013725,1,08:09.3,passing_option,,D. Leonard,Western United,-25.02,-6.26,-25.64,-6.27,0.0,0.0,0.0,0.0004,create,medium_block
8_88,2013725,1,08:12.1,player_possession,,J. Donachie,Western United,-31.31,-19.16,-33.6,-19.24,,,,,build_up,high_block
7_244,2013725,1,08:12.1,passing_option,,M. Sutton,Western United,-43.67,-3.79,-43.61,-3.61,0.0,1.0,1.0,0.0,build_up,high_block
1_64,2013725,1,08:13.1,off_ball_run,dropping_off,D. Leonard,Western United,-32.32,-3.46,-41.45,7.02,0.0,0.0,0.0,0.0001,build_up,high_block
1_65,2013725,1,08:14.0,off_ball_run,dropping_off,J. Donachie,Western United,-37.81,-20.08,-42.18,-22.1,0.0,0.0,0.0,0.0002,build_up,high_block
8_89,2013725,1,08:14.9,player_possession,,M. Sutton,Western United,-45.58,-5.2,-44.04,-1.5,,,,,build_up,high_block
7_245,2013725,1,08:14.9,passing_option,,J. Donachie,Western United,-41.4,-21.75,-47.3,-22.58,0.0,0.0,0.0,0.0002,build_up,high_block
7_246,2013725,1,08:15.0,passing_option,,D. Leonard,Western United,-38.35,3.57,-43.19,12.61,0.0,1.0,1.0,0.0,build_up,high_block
7_247,2013725,1,08:15.2,passing_option,,A. Thurgate,Western United,-30.41,-7.12,-34.92,-5.52,0.0,0.0,0.0,0.0002,build_up,high_block
7_248,2013725,1,08:18.8,passing_option,,B. Garuccio,Western United,-31.32,23.0,-29.97,26.85,0.0,0.0,0.0,0.0001,build_up,high_block
8_90,2013725,1,08:22.2,player_possession,,D. Leonard,Western United,-42.34,12.94,-42.07,13.15,,,,,build_up,high_block
7_249,2013725,1,08:22.2,passing_option,,B. Garuccio,Western United,-28.1,29.68,-27.65,30.31,0.0,0.0,0.0,0.0001,build_up,high_block
7_250,2013725,1,08:22.2,passing_option,,M. Sutton,Western United,-44.87,-1.13,-44.72,0.12,0.0,1.0,1.0,0.0,build_up,high_block
7_251,2013725,1,08:23.3,passing_option,,J. Donachie,Western United,-42.74,-18.02,-42.74,-18.02,0.0,0.0,0.0,0.0,build_up,high_block
8_91,2013725,1,08:24.6,player_possession,,M. Sutton,Western United,-42.81,0.78,-41.07,1.28,,,,,build_up,high_block
7_252,2013725,1,08:24.6,passing_option,,D. Leonard,Western United,-40.93,13.55,-40.66,13.62,0.0,0.0,0.0,0.0,build_up,high_block
7_253,2013725,1,08:24.6,passing_option,,J. Donachie,Western United,-41.2,-17.61,-39.41,-17.8,0.0,0.0,0.0,0.0,build_up,high_block
8_92,2013725,1,08:29.0,player_possession,,J. Donachie,Western United,-31.86,-15.72,-29.16,-15.99,,,,,build_up,high_block
7_254,2013725,1,08:29.2,passing_option,,T. Imai,Western United,-17.44,-30.55,-17.61,-30.69,0.0,1.0,1.0,0.0001,build_up,high_block
8_93,2013725,1,08:31.5,player_possession,,T. Imai,Western United,-15.67,-30.92,-14.52,-31.4,,,,,direct,defending_direct
7_255,2013725,1,08:31.5,passing_option,,J. Donachie,Western United,-28.97,-19.01,-29.27,-19.88,0.0,0.0,0.0,0.0,direct,defending_direct
7_256,2013725,1,08:32.0,passing_option,,M. Ruhs,Western United,5.94,-11.17,7.09,-12.43,0.0,1.0,0.0,0.0089,direct,defending_direct
8_94,2013725,1,08:37.0,player_possession,,A. Popovic,Sydney FC,-31.23,3.44,-34.33,-0.04,,,,,build_up,high_block
7_257,2013725,1,08:37.0,passing_option,,H. Devenish-Meares,Sydney FC,-43.52,1.66,-44.91,-0.83,0.0,0.0,0.0,0.0001,build_up,high_block
7_258,2013725,1,08:37.0,passing_option,,W. Kamijo,Sydney FC,-11.95,5.71,-17.97,2.19,0.0,1.0,1.0,0.0004,build_up,high_block
8_95,2013725,1,08:39.6,player_possession,,W. Kamijo,Sydney FC,-21.8,1.74,-22.11,3.41,,,,,build_up,high_block
7_259,2013725,1,08:39.6,passing_option,,A. Cáceres,Sydney FC,-24.52,6.76,-20.24,6.06,0.0,0.0,0.0,0.0016,build_up,high_block
7_260,2013725,1,08:39.6,passing_option,,J. Courtney-Perkins,Sydney FC,-31.86,11.08,-30.91,13.72,0.0,1.0,0.0,0.0002,build_up,high_block
7_261,2013725,1,08:39.7,passing_option,,J. Lolley,Sydney FC,-19.35,27.47,-19.9,26.94,0.0,0.0,0.0,0.0004,build_up,high_block
7_262,2013725,1,08:41.0,passing_option,,J. King,Sydney FC,-32.73,3.98,-32.73,3.98,0.0,0.0,0.0,0.0002,build_up,high_block
8_96,2013725,1,08:46.6,player_possession,,J. King,Sydney FC,-40.69,30.6,-40.69,30.6,,,,,build_up,high_block
7_263,2013725,1,08:46.6,passing_option,,J. Lolley,Sydney FC,-33.63,34.01,-33.63,34.01,0.0,0.0,0.0,0.0001,build_up,high_block
7_264,2013725,1,08:46.6,passing_option,,J. Courtney-Perkins,Sydney FC,-29.68,21.76,-29.68,21.76,0.0,0.0,0.0,0.0002,build_up,high_block
7_265,2013725,1,08:46.6,passing_option,,A. Cáceres,Sydney FC,-23.92,21.8,-23.92,21.8,0.0,0.0,0.0,0.0003,build_up,high_block
7_266,2013725,1,08:46.6,passing_option,,J. Kucharski,Sydney FC,-3.19,19.45,-3.19,19.45,0.0,0.0,0.0,0.0017,build_up,high_block
7_267,2013725,1,08:46.6,passing_option,,A. Segecic,Sydney FC,-4.16,27.37,-4.16,27.37,0.0,0.0,0.0,0.0017,build_up,high_block
7_268,2013725,1,08:46.6,passing_option,,W. Kamijo,Sydney FC,-36.87,16.56,-36.87,16.56,0.0,1.0,0.0,0.0001,build_up,high_block
8_97,2013725,1,09:09.3,player_possession,,J. Donachie,Western United,8.11,-27.57,8.11,-27.57,,,,,create,medium_block
7_269,2013725,1,09:09.3,passing_option,,T. Imai,Western United,11.81,-31.56,11.81,-31.56,0.0,0.0,0.0,0.0017,create,medium_block
7_270,2013725,1,09:09.3,passing_option,,A. Thurgate,Western United,11.29,-22.73,11.29,-22.73,0.0,0.0,0.0,0.0025,create,medium_block
7_271,2013725,1,09:09.3,passing_option,,N. Botić,Western United,24.44,-18.75,24.44,-18.75,0.0,0.0,0.0,0.0065,create,medium_block
7_272,2013725,1,09:09.3,passing_option,,R. Bozinovski,Western United,9.87,-29.35,9.87,-29.35,0.0,0.0,0.0,0.0012,create,medium_block
7_273,2013725,1,09:09.3,passing_option,,M. Grimaldi,Western United,17.34,-28.84,17.34,-28.84,0.0,1.0,1.0,0.0029,create,medium_block
7_274,2013725,1,09:09.3,passing_option,,M. Ruhs,Western United,26.79,-26.15,26.79,-26.15,0.0,0.0,0.0,0.0056,create,medium_block
8_98,2013725,1,09:10.6,player_possession,,M. Grimaldi,Western United,13.7,-26.89,13.7,-26.89,,,,,create,medium_block
7_275,2013725,1,09:10.6,passing_option,,R. Danzaki,Western United,17.42,-11.29,17.42,-11.29,0.0,0.0,0.0,0.0115,create,medium_block
7_276,2013725,1,09:10.6,passing_option,,A. Thurgate,Western United,8.99,-22.05,8.99,-22.05,0.0,0.0,0.0,0.004,create,medium_block
8_99,2013725,1,09:11.5,player_possession,,R. Bozinovski,Western United,10.53,-25.82,10.53,-25.82,,,,,create,medium_block
7_277,2013725,1,09:11.5,passing_option,,B. Garuccio,Western United,4.44,-3.45,4.44,-3.45,0.0,0.0,0.0,0.0051,create,medium_block
7_278,2013725,1,09:11.5,passing_option,,A. Thurgate,Western United,8.76,-20.62,8.76,-20.62,0.0,1.0,1.0,0.0044,create,medium_block
8_100,2013725,1,09:12.1,player_possession,,A. Thurgate,Western United,8.26,-19.54,7.55,-18.3,,,,,create,medium_block
7_279,2013725,1,09:12.1,passing_option,,D. Leonard,Western United,-2.89,-17.32,-3.35,-15.53,0.0,1.0,1.0,0.0016,create,medium_block
7_280,2013725,1,09:12.2,passing_option,,B. Garuccio,Western United,4.31,-1.78,3.92,-0.36,0.0,0.0,0.0,0.0057,create,medium_block
8_101,2013725,1,09:14.0,player_possession,,D. Leonard,Western United,-4.08,-11.69,-4.33,-6.88,,,,,create,medium_block
7_281,2013725,1,09:14.0,passing_option,,B. Garuccio,Western United,2.19,2.33,-0.42,5.11,0.0,1.0,1.0,0.0024,create,medium_block
1_66,2013725,1,09:15.2,off_ball_run,pulling_half_space,R. Danzaki,Western United,12.7,-0.13,13.24,6.36,0.0,0.0,0.0,0.0108,create,medium_block
1_67,2013725,1,09:15.2,off_ball_run,dropping_off,D. Leonard,Western United,-4.39,-6.42,-6.82,-1.9,0.0,1.0,1.0,0.0011,create,medium_block
8_102,2013725,1,09:16.3,player_possession,,B. Garuccio,Western United,-2.37,8.01,-2.37,8.01,,,,,create,medium_block
7_282,2013725,1,09:16.3,passing_option,,R. Danzaki,Western United,13.24,6.36,13.24,6.36,0.0,0.0,0.0,0.0108,create,medium_block
7_283,2013725,1,09:16.3,passing_option,,D. Leonard,Western United,-6.54,-2.2,-6.54,-2.2,0.0,1.0,1.0,0.0011,create,medium_block
8_103,2013725,1,09:17.6,player_possession,,D. Leonard,Western United,-9.62,-0.2,-10.39,-0.57,,,,,create,medium_block
7_284,2013725,1,09:17.6,passing_option,,J. Donachie,Western United,-10.01,-18.5,-12.6,-18.36,0.0,1.0,1.0,0.0002,create,medium_block
7_285,2013725,1,09:17.6,passing_option,,T. Imai,Western United,10.12,-30.21,7.73,-30.53,0.0,0.0,0.0,0.0008,create,medium_block
7_286,2013725,1,09:17.8,passing_option,,M. Sutton,Western United,-29.21,-1.25,-29.56,-1.61,0.0,0.0,0.0,0.0,create,medium_block
1_68,2013725,1,09:18.6,off_ball_run,dropping_off,T. Imai,Western United,6.91,-30.65,-12.91,-31.54,0.0,0.0,0.0,0.0004,build_up,high_block
8_104,2013725,1,09:20.2,player_possession,,J. Donachie,Western United,-20.22,-18.13,-24.53,-17.01,,,,,build_up,high_block
7_287,2013725,1,09:20.2,passing_option,,T. Imai,Western United,-2.07,-31.82,-7.89,-31.97,0.0,0.0,0.0,0.0004,build_up,high_block
7_288,2013725,1,09:20.2,passing_option,,M. Sutton,Western United,-31.11,-4.84,-33.12,-6.19,0.0,1.0,1.0,0.0001,build_up,high_block
1_69,2013725,1,09:21.2,off_ball_run,dropping_off,J. Donachie,Western United,-24.99,-16.88,-38.6,-21.04,0.0,0.0,0.0,0.0008,direct,defending_direct
1_70,2013725,1,09:21.2,off_ball_run,coming_short,R. Bozinovski,Western United,-11.15,-12.97,-27.32,-10.86,0.0,0.0,0.0,0.0004,direct,defending_direct
8_105,2013725,1,09:22.4,player_possession,,M. Sutton,Western United,-36.82,-7.36,-40.18,-8.8,,,,,direct,defending_direct
7_289,2013725,1,09:22.4,passing_option,,J. Donachie,Western United,-30.53,-17.27,-40.27,-22.45,0.0,0.0,0.0,0.0008,direct,defending_direct
7_290,2013725,1,09:23.7,passing_option,,R. Bozinovski,Western United,-24.48,-11.11,-26.89,-10.88,0.0,0.0,0.0,0.0004,direct,defending_direct
7_291,2013725,1,09:23.7,passing_option,,T. Imai,Western United,-18.24,-31.11,-21.02,-31.17,0.0,0.0,0.0,0.0003,direct,defending_direct
7_292,2013725,1,09:24.2,passing_option,,M. Grimaldi,Western United,-4.98,-19.42,-8.29,-18.44,0.0,0.0,0.0,0.001,direct,defending_direct
7_293,2013725,1,09:24.2,passing_option,,M. Ruhs,Western United,6.1,-14.93,4.69,-15.68,0.0,1.0,1.0,0.0011,direct,defending_direct
1_71,2013725,1,09:26.3,off_ball_run,run_ahead_of_the_ball,N. Botić,Western United,2.29,0.29,13.36,-14.63,0.0,0.0,0.0,0.0148,create,medium_block
8_106,2013725,1,09:29.4,player_possession,,M. Grimaldi,Western United,1.28,-21.41,-2.36,-31.86,,,,,create,medium_block
7_294,2013725,1,09:29.4,passing_option,,N. Botić,Western United,13.04,-14.35,15.4,-16.21,0.0,0.0,0.0,0.0148,create,medium_block
7_295,2013725,1,09:29.4,passing_option,,M. Ruhs,Western United,4.43,-20.76,5.36,-28.51,0.0,0.0,0.0,0.0023,create,medium_block
7_296,2013725,1,09:29.9,passing_option,,T. Imai,Western United,-14.38,-28.99,-11.06,-31.24,0.0,1.0,0.0,0.0005,create,medium_block
7_297,2013725,1,09:30.8,passing_option,,A. Thurgate,Western United,-7.67,-12.98,-6.94,-13.56,0.0,0.0,0.0,0.0035,create,medium_block
7_298,2013725,1,09:32.6,passing_option,,R. Bozinovski,Western United,-8.97,-21.22,-8.7,-21.86,0.0,0.0,0.0,0.001,create,medium_block
8_107,2013725,1,09:48.4,player_possession,,J. Donachie,Western United,-19.4,-26.08,-19.4,-26.08,,,,,create,medium_block
7_299,2013725,1,09:48.4,passing_option,,M. Sutton,Western United,-25.28,-8.54,-25.28,-8.54,0.0,1.0,1.0,0.0,create,medium_block
7_300,2013725,1,09:48.4,passing_option,,D. Leonard,Western United,-18.72,1.22,-18.72,1.22,0.0,0.0,0.0,0.0001,create,medium_block
1_72,2013725,1,09:48.9,off_ball_run,run_ahead_of_the_ball,D. Leonard,Western United,-18.45,3.12,-14.53,13.09,0.0,1.0,1.0,0.0003,create,medium_block
8_108,2013725,1,09:49.7,player_possession,,M. Sutton,Western United,-23.13,-6.88,-21.04,-4.61,,,,,create,medium_block
7_301,2013725,1,09:49.7,passing_option,,D. Leonard,Western United,-17.65,6.58,-14.8,12.77,0.0,1.0,1.0,0.0003,create,medium_block
8_109,2013725,1,09:52.7,player_possession,,D. Leonard,Western United,-11.35,16.53,-5.23,19.2,,,,,create,medium_block
7_302,2013725,1,09:52.7,passing_option,,B. Garuccio,Western United,4.45,29.5,8.92,32.26,0.0,1.0,1.0,0.0023,create,medium_block
7_303,2013725,1,09:53.5,passing_option,,R. Danzaki,Western United,12.68,13.51,15.49,15.1,0.0,0.0,0.0,0.0127,create,medium_block
7_304,2013725,1,09:53.5,passing_option,,N. Botić,Western United,15.39,5.74,18.99,5.89,1.0,0.0,0.0,0.0347,create,medium_block
1_73,2013725,1,09:54.4,off_ball_run,behind,R. Danzaki,Western United,15.9,15.27,30.99,18.32,1.0,0.0,0.0,0.0208,finish,low_block
1_74,2013725,1,09:54.4,off_ball_run,pulling_half_space,N. Botić,Western United,19.44,5.91,27.71,16.74,0.0,1.0,1.0,0.007,finish,low_block
1_75,2013725,1,09:54.6,off_ball_run,coming_short,A. Thurgate,Western United,1.23,6.25,10.01,15.83,0.0,0.0,0.0,0.0031,finish,low_block
8_110,2013725,1,09:56.0,player_possession,,B. Garuccio,Western United,13.84,32.0,16.5,32.04,,,,,finish,low_block
7_305,2013725,1,09:56.0,passing_option,,R. Danzaki,Western United,24.56,17.49,30.56,18.26,1.0,0.0,0.0,0.0208,finish,low_block
7_306,2013725,1,09:56.0,passing_option,,N. Botić,Western United,26.3,7.78,28.9,12.18,0.0,1.0,1.0,0.007,finish,low_block
7_307,2013725,1,09:56.6,passing_option,,A. Thurgate,Western United,7.45,12.78,8.94,14.49,0.0,0.0,0.0,0.0031,finish,low_block
8_111,2013725,1,09:59.5,player_possession,,J. Kucharski,Sydney FC,-25.75,-26.37,-26.61,-25.94,,,,,chaotic,chaotic
7_308,2013725,1,09:59.5,passing_option,,A. Cáceres,Sydney FC,-23.35,-10.7,-23.2,-13.43,0.0,1.0,1.0,0.0006,chaotic,chaotic
7_309,2013725,1,09:59.5,passing_option,,W. Kamijo,Sydney FC,-26.17,-22.61,-24.86,-23.81,0.0,0.0,0.0,0.0004,chaotic,chaotic
7_310,2013725,1,09:59.6,passing_option,,Douglas Costa,Sydney FC,-9.84,-22.1,-11.78,-22.55,0.0,0.0,0.0,0.0006,chaotic,chaotic
1_76,2013725,1,10:00.9,off_ball_run,run_ahead_of_the_ball,A. Segecic,Sydney FC,-12.32,0.89,-0.86,0.51,0.0,0.0,0.0,0.0184,chaotic,chaotic
8_112,2013725,1,10:01.6,player_possession,,A. Cáceres,Sydney FC,-20.62,-14.98,-18.01,-16.14,,,,,chaotic,chaotic
7_311,2013725,1,10:01.6,passing_option,,Douglas Costa,Sydney FC,-13.2,-22.04,-13.38,-21.1,0.0,0.0,0.0,0.001,chaotic,chaotic
7_312,2013725,1,10:01.6,passing_option,,A. Segecic,Sydney FC,-8.55,0.65,-3.92,0.54,0.0,0.0,0.0,0.0184,chaotic,chaotic
8_113,2013725,1,10:09.8,player_possession,,D. Leonard,Western United,-6.49,12.92,-6.49,12.92,,,,,chaotic,chaotic
8_114,2013725,1,10:11.1,player_possession,,N. Botić,Western United,-0.3,10.29,-0.3,10.29,,,,,chaotic,chaotic
7_313,2013725,1,10:11.1,passing_option,,A. Thurgate,Western United,-0.68,15.29,-0.68,15.29,0.0,1.0,1.0,0.003,chaotic,chaotic
7_314,2013725,1,10:11.1,passing_option,,M. Grimaldi,Western United,1.6,3.59,1.6,3.59,0.0,0.0,0.0,0.0071,chaotic,chaotic
7_315,2013725,1,10:11.1,passing_option,,M. Ruhs,Western United,-4.22,13.85,-4.22,13.85,0.0,0.0,0.0,0.0026,chaotic,chaotic
8_115,2013725,1,10:12.9,player_possession,,Douglas Costa,Sydney FC,3.35,-13.23,2.41,-13.59,,,,,create,medium_block
7_316,2013725,1,10:12.9,passing_option,,J. Kucharski,Sydney FC,4.51,-19.96,4.12,-20.57,0.0,0.0,0.0,0.0038,create,medium_block
7_317,2013725,1,10:13.3,passing_option,,J. Lolley,Sydney FC,-0.05,13.82,0.69,14.34,0.0,0.0,0.0,0.0035,create,medium_block
7_318,2013725,1,10:13.4,passing_option,,R. Grant,Sydney FC,-9.22,-20.47,-7.81,-21.09,0.0,0.0,0.0,0.0028,create,medium_block
7_319,2013725,1,10:13.5,passing_option,,A. Cáceres,Sydney FC,-1.99,-10.38,-1.77,-10.42,0.0,0.0,0.0,0.0033,create,medium_block
7_320,2013725,1,10:13.8,passing_option,,A. Segecic,Sydney FC,9.65,-2.86,10.38,-2.79,1.0,1.0,1.0,0.0266,create,medium_block
1_77,2013725,1,10:14.9,off_ball_run,run_ahead_of_the_ball,J. Lolley,Sydney FC,3.28,15.79,31.11,20.96,0.0,1.0,1.0,0.0106,finish,low_block
8_116,2013725,1,10:16.0,player_possession,,A. Segecic,Sydney FC,16.39,-0.09,25.52,7.32,,,,,finish,low_block
7_321,2013725,1,10:16.0,passing_option,,J. Lolley,Sydney FC,9.66,16.43,29.05,19.83,0.0,1.0,1.0,0.0106,finish,low_block
1_78,2013725,1,10:19.0,off_ball_run,cross_receiver,R. Grant,Sydney FC,20.99,-20.21,50.17,-9.29,1.0,1.0,1.0,0.044,finish,low_block
1_79,2013725,1,10:20.0,off_ball_run,support,A. Segecic,Sydney FC,29.29,9.5,34.41,13.02,0.0,0.0,0.0,0.0175,finish,low_block
8_117,2013725,1,10:20.6,player_possession,,J. Lolley,Sydney FC,33.38,22.83,35.66,23.13,,,,,finish,low_block
7_322,2013725,1,10:20.6,passing_option,,A. Segecic,Sydney FC,31.71,10.99,35.41,13.88,0.0,0.0,0.0,0.0175,finish,low_block
7_323,2013725,1,10:21.5,passing_option,,R. Grant,Sydney FC,35.72,-14.38,37.33,-13.36,1.0,1.0,1.0,0.044,finish,low_block
7_324,2013725,1,10:21.7,passing_option,,J. Kucharski,Sydney FC,38.64,-7.26,38.94,-6.96,1.0,0.0,0.0,0.0646,finish,low_block
1_80,2013725,1,10:21.7,off_ball_run,cross_receiver,J. Kucharski,Sydney FC,38.64,-7.26,42.93,-4.7,1.0,0.0,0.0,0.0646,finish,low_block
8_118,2013725,1,10:24.1,player_possession,,R. Grant,Sydney FC,50.17,-9.29,50.17,-9.29,,,,,finish,low_block
7_325,2013725,1,10:24.1,passing_option,,J. Kucharski,Sydney FC,47.02,-4.15,47.02,-4.15,1.0,1.0,0.0,0.095,finish,low_block
1_81,2013725,1,11:04.6,off_ball_run,underlap,J. Lolley,Sydney FC,36.64,-12.82,40.79,-15.57,0.0,0.0,0.0,0.0139,set_play,defending_set_play
8_119,2013725,1,11:06.0,player_possession,,R. Grant,Sydney FC,37.74,-17.98,37.74,-17.98,,,,,set_play,defending_set_play
7_326,2013725,1,11:06.0,passing_option,,W. Kamijo,Sydney FC,30.26,-13.8,30.26,-13.8,0.0,1.0,1.0,0.0065,set_play,defending_set_play
8_120,2013725,1,11:07.0,player_possession,,W. Kamijo,Sydney FC,30.56,-15.29,30.56,-15.29,,,,,set_play,defending_set_play
7_327,2013725,1,11:07.0,passing_option,,Douglas Costa,Sydney FC,40.44,11.04,40.44,11.04,1.0,0.0,0.0,0.0252,set_play,defending_set_play
7_328,2013725,1,11:07.0,passing_option,,J. Kucharski,Sydney FC,40.11,5.04,40.11,5.04,1.0,0.0,0.0,0.0373,set_play,defending_set_play
7_329,2013725,1,11:07.0,passing_option,,A. Segecic,Sydney FC,37.53,-3.5,37.53,-3.5,1.0,0.0,0.0,0.0206,set_play,defending_set_play
7_330,2013725,1,11:07.0,passing_option,,A. Popovic,Sydney FC,39.18,-5.15,39.18,-5.15,1.0,1.0,1.0,0.0357,set_play,defending_set_play
8_121,2013725,1,11:08.6,player_possession,,B. Garuccio,Western United,-46.18,-2.42,-46.18,-2.42,,,,,disruption,disruption
7_331,2013725,1,11:08.6,passing_option,,R. Danzaki,Western United,-16.55,1.45,-16.55,1.45,0.0,0.0,0.0,0.0014,disruption,disruption
7_332,2013725,1,11:08.6,passing_option,,N. Botić,Western United,-43.34,3.13,-43.34,3.13,0.0,1.0,1.0,0.0003,disruption,disruption
8_122,2013725,1,11:09.0,player_possession,,N. Botić,Western United,-43.79,3.32,-43.79,3.32,,,,,disruption,disruption
7_333,2013725,1,11:09.0,passing_option,,R. Danzaki,Western United,-16.6,1.76,-16.6,1.76,0.0,0.0,0.0,0.0033,disruption,disruption
7_334,2013725,1,11:09.0,passing_option,,M. Sutton,Western United,-51.95,-0.73,-51.95,-0.73,0.0,0.0,0.0,0.0001,disruption,disruption
8_123,2013725,1,11:12.8,player_possession,,N. Botić,Western United,-46.82,4.36,-46.82,4.36,,,,,disruption,disruption
7_335,2013725,1,11:12.8,passing_option,,R. Danzaki,Western United,-21.3,10.19,-21.3,10.19,0.0,0.0,0.0,0.001,disruption,disruption
7_336,2013725,1,11:12.8,passing_option,,A. Thurgate,Western United,-39.13,5.33,-39.13,5.33,0.0,1.0,1.0,0.0005,disruption,disruption
8_124,2013725,1,11:12.9,player_possession,,A. Thurgate,Western United,-38.98,5.34,-38.98,5.34,,,,,disruption,disruption
8_125,2013725,1,11:13.0,player_possession,,A. Popovic,Sydney FC,40.07,-1.15,28.02,-4.64,,,,,set_play,defending_set_play
7_337,2013725,1,11:13.0,passing_option,,J. Kucharski,Sydney FC,41.23,4.52,38.37,4.19,1.0,0.0,0.0,0.0211,set_play,defending_set_play
7_338,2013725,1,11:13.0,passing_option,,A. Segecic,Sydney FC,36.07,1.26,32.5,-0.45,1.0,0.0,0.0,0.025,set_play,defending_set_play
7_339,2013725,1,11:13.0,passing_option,,J. Lolley,Sydney FC,35.06,-15.55,28.77,-22.87,0.0,0.0,0.0,0.0118,set_play,defending_set_play
7_340,2013725,1,11:13.0,passing_option,,W. Kamijo,Sydney FC,31.71,-7.86,23.09,-12.3,0.0,0.0,0.0,0.0188,set_play,defending_set_play
7_341,2013725,1,11:13.9,passing_option,,J. King,Sydney FC,15.14,-14.22,16.6,-16.1,0.0,0.0,0.0,0.0059,set_play,defending_set_play
1_82,2013725,1,11:14.6,off_ball_run,dropping_off,W. Kamijo,Sydney FC,28.57,-8.89,23.09,-12.3,0.0,0.0,0.0,0.0055,set_play,defending_set_play
7_342,2013725,1,11:14.9,passing_option,,H. Devenish-Meares,Sydney FC,-22.17,-2.02,-23.61,-3.28,0.0,1.0,1.0,0.0001,set_play,defending_set_play
1_83,2013725,1,11:15.7,off_ball_run,dropping_off,J. Lolley,Sydney FC,29.72,-21.91,25.89,-25.74,0.0,0.0,0.0,0.0053,set_play,defending_set_play
1_84,2013725,1,11:16.1,off_ball_run,dropping_off,J. King,Sydney FC,11.68,-21.19,-11.37,-29.63,0.0,0.0,0.0,0.0001,direct,defending_direct
1_85,2013725,1,11:16.1,off_ball_run,dropping_off,W. Kamijo,Sydney FC,22.65,-12.55,-3.07,-13.85,0.0,0.0,0.0,0.0003,direct,defending_direct
8_126,2013725,1,11:18.5,player_possession,,H. Devenish-Meares,Sydney FC,-30.74,-4.42,-34.93,-4.1,,,,,direct,defending_direct
7_343,2013725,1,11:18.5,passing_option,,J. King,Sydney FC,-2.47,-27.11,-13.38,-30.23,0.0,0.0,0.0,0.0001,direct,defending_direct
7_344,2013725,1,11:20.0,passing_option,,W. Kamijo,Sydney FC,3.48,-13.86,-1.72,-13.78,0.0,0.0,0.0,0.0003,direct,defending_direct
7_345,2013725,1,11:20.1,passing_option,,J. Lolley,Sydney FC,14.95,-28.49,12.94,-29.26,0.0,1.0,1.0,0.0003,direct,defending_direct
8_127,2013725,1,11:23.7,player_possession,,J. Lolley,Sydney FC,13.72,-30.35,13.72,-30.35,,,,,direct,defending_direct
7_346,2013725,1,11:23.7,passing_option,,J. Kucharski,Sydney FC,18.94,-7.32,18.94,-7.32,0.0,0.0,0.0,0.0153,direct,defending_direct
8_128,2013725,1,11:24.7,player_possession,,D. Leonard,Western United,-20.55,19.69,-21.9,17.58,,,,,chaotic,chaotic
7_347,2013725,1,11:24.7,passing_option,,A. Thurgate,Western United,-16.45,20.63,-16.7,20.44,0.0,0.0,0.0,0.0005,chaotic,chaotic
7_348,2013725,1,11:24.7,passing_option,,R. Bozinovski,Western United,-14.27,7.12,-16.31,9.11,0.0,0.0,0.0,0.0012,chaotic,chaotic
7_349,2013725,1,11:25.5,passing_option,,J. Donachie,Western United,-27.24,8.86,-27.98,9.09,0.0,1.0,0.0,0.0003,chaotic,chaotic
8_129,2013725,1,11:30.9,player_possession,,J. Kucharski,Sydney FC,47.57,-18.4,47.57,-18.4,,,,,chaotic,chaotic
8_130,2013725,1,11:32.0,player_possession,,A. Thurgate,Western United,-38.2,4.26,-33.6,2.01,,,,,create,medium_block
8_131,2013725,1,11:47.0,player_possession,,A. Thurgate,Western United,-26.42,10.94,-26.48,9.97,,,,,create,medium_block
7_350,2013725,1,11:47.1,passing_option,,B. Garuccio,Western United,-27.55,27.83,-26.8,28.26,0.0,0.0,0.0,0.0001,create,medium_block
7_351,2013725,1,11:47.1,passing_option,,D. Leonard,Western United,-31.17,15.51,-30.4,15.76,0.0,0.0,0.0,0.0001,create,medium_block
7_352,2013725,1,11:47.3,passing_option,,R. Bozinovski,Western United,-23.2,-0.71,-23.39,-1.98,0.0,1.0,1.0,0.0004,create,medium_block
7_353,2013725,1,11:48.0,passing_option,,J. Donachie,Western United,-32.91,-10.51,-31.92,-10.57,0.0,0.0,0.0,0.0001,create,medium_block
8_132,2013725,1,11:49.8,player_possession,,R. Bozinovski,Western United,-22.6,-4.09,-19.13,-8.85,,,,,create,medium_block
7_354,2013725,1,11:49.8,passing_option,,T. Imai,Western United,-19.58,-29.38,-16.86,-31.39,0.0,0.0,0.0,0.0002,create,medium_block
7_355,2013725,1,11:49.8,passing_option,,M. Grimaldi,Western United,-12.16,-29.05,-9.02,-31.48,0.0,1.0,1.0,0.0004,create,medium_block
1_86,2013725,1,11:51.5,off_ball_run,coming_short,R. Bozinovski,Western United,-18.83,-9.18,-9.21,-17.0,0.0,1.0,1.0,0.0007,create,medium_block
8_133,2013725,1,11:53.5,player_possession,,M. Grimaldi,Western United,-8.01,-32.59,-7.85,-32.15,,,,,create,medium_block
7_356,2013725,1,11:53.5,passing_option,,T. Imai,Western United,-14.07,-32.85,-13.8,-32.39,0.0,0.0,0.0,0.0002,create,medium_block
7_357,2013725,1,11:53.5,passing_option,,R. Bozinovski,Western United,-11.61,-14.46,-8.58,-18.46,0.0,1.0,1.0,0.0007,create,medium_block
7_358,2013725,1,11:54.3,passing_option,,J. Donachie,Western United,-26.65,-17.4,-26.48,-17.83,0.0,0.0,0.0,0.0,create,medium_block
8_134,2013725,1,11:55.7,player_possession,,R. Bozinovski,Western United,-8.01,-21.51,-8.15,-22.66,,,,,create,medium_block
7_359,2013725,1,11:55.7,passing_option,,T. Imai,Western United,-14.81,-30.84,-16.36,-29.77,0.0,0.0,0.0,0.0004,create,medium_block
7_360,2013725,1,11:55.7,passing_option,,M. Grimaldi,Western United,-7.48,-32.22,-7.08,-32.52,0.0,0.0,0.0,0.0008,create,medium_block
7_361,2013725,1,11:55.8,passing_option,,A. Thurgate,Western United,-10.02,-5.34,-10.21,-6.87,0.0,0.0,0.0,0.0006,create,medium_block
7_362,2013725,1,11:56.1,passing_option,,J. Donachie,Western United,-26.21,-18.17,-26.16,-18.05,0.0,1.0,1.0,0.0001,create,medium_block
8_135,2013725,1,11:57.9,player_possession,,J. Donachie,Western United,-24.87,-15.52,-23.83,-12.7,,,,,create,medium_block
7_363,2013725,1,11:57.9,passing_option,,A. Thurgate,Western United,-12.3,-9.61,-14.14,-9.4,0.0,1.0,1.0,0.0004,create,medium_block
7_364,2013725,1,11:57.9,passing_option,,D. Leonard,Western United,-24.6,5.3,-24.29,8.27,0.0,0.0,0.0,0.0001,create,medium_block
8_136,2013725,1,11:59.7,player_possession,,A. Thurgate,Western United,-15.17,-8.94,-15.17,-8.94,,,,,create,medium_block
7_365,2013725,1,11:59.7,passing_option,,J. Donachie,Western United,-23.95,-10.73,-23.95,-10.73,0.0,0.0,0.0,0.0002,create,medium_block
7_366,2013725,1,11:59.7,passing_option,,M. Sutton,Western United,-34.54,-2.44,-34.54,-2.44,0.0,1.0,1.0,0.0,create,medium_block
7_367,2013725,1,11:59.7,passing_option,,D. Leonard,Western United,-23.68,10.1,-23.68,10.1,0.0,0.0,0.0,0.0001,create,medium_block
8_137,2013725,1,12:01.8,player_possession,,M. Sutton,Western United,-32.21,0.41,-32.21,0.41,,,,,create,medium_block
7_368,2013725,1,12:01.8,passing_option,,D. Leonard,Western United,-25.37,13.75,-25.37,13.75,0.0,1.0,1.0,0.0001,create,medium_block
8_138,2013725,1,12:03.0,player_possession,,D. Leonard,Western United,-24.22,15.72,-22.56,17.0,,,,,create,medium_block
7_369,2013725,1,12:03.0,passing_option,,B. Garuccio,Western United,-10.47,29.69,-8.91,30.95,0.0,1.0,1.0,0.0011,create,medium_block
1_87,2013725,1,12:04.6,off_ball_run,run_ahead_of_the_ball,R. Danzaki,Western United,1.47,18.04,36.55,27.61,0.0,1.0,1.0,0.0192,create,medium_block
8_139,2013725,1,12:05.5,player_possession,,B. Garuccio,Western United,-6.17,31.39,-1.96,30.85,,,,,create,medium_block
7_370,2013725,1,12:05.5,passing_option,,R. Danzaki,Western United,6.23,18.47,19.01,20.42,0.0,1.0,1.0,0.0192,create,medium_block
7_371,2013725,1,12:05.6,passing_option,,N. Botić,Western United,9.37,9.82,12.49,16.08,0.0,0.0,0.0,0.0096,create,medium_block
8_0,2011166,1,00:00.3,player_possession,,N. Velupillay,Melbourne V FC,0.17,1.64,0.17,1.64,,,,,create,medium_block
8_1,2011166,1,00:01.8,player_possession,,L. Jackson,Melbourne V FC,-23.32,-0.39,-22.33,-0.32,,,,,create,medium_block
7_0,2011166,1,00:01.8,passing_option,,Roderick Miranda,Melbourne V FC,-18.48,-11.09,-18.56,-11.7,0.0,0.0,0.0,0.0001,create,medium_block
7_1,2011166,1,00:01.8,passing_option,,K. Bos,Melbourne V FC,-15.72,10.84,-15.33,11.34,0.0,1.0,1.0,0.0002,create,medium_block
8_2,2011166,1,00:04.6,player_possession,,K. Bos,Melbourne V FC,-12.58,12.65,-10.33,13.58,,,,,create,medium_block
7_2,2011166,1,00:05.8,passing_option,,L. Jackson,Melbourne V FC,-21.05,2.79,-20.85,3.04,0.0,1.0,1.0,0.0001,create,medium_block
7_3,2011166,1,00:05.8,passing_option,,J. Valadon,Melbourne V FC,-2.54,3.37,-2.36,3.75,0.0,0.0,0.0,0.0018,create,medium_block
7_4,2011166,1,00:06.0,passing_option,,Roderick Miranda,Melbourne V FC,-14.68,-12.17,-14.68,-12.17,0.0,0.0,0.0,0.0001,create,medium_block
8_3,2011166,1,00:07.5,player_possession,,L. Jackson,Melbourne V FC,-19.0,3.62,-17.33,2.45,,,,,create,medium_block
7_5,2011166,1,00:07.5,passing_option,,Roderick Miranda,Melbourne V FC,-14.45,-10.67,-15.11,-9.05,0.0,0.0,0.0,0.0002,create,medium_block
7_6,2011166,1,00:07.5,passing_option,,R. Teague,Melbourne V FC,-0.49,-7.93,-3.83,-4.99,0.0,1.0,1.0,0.0008,create,medium_block
1_0,2011166,1,00:09.0,off_ball_run,coming_short,R. Teague,Melbourne V FC,-3.83,-4.99,-6.44,0.36,0.0,1.0,1.0,0.0008,create,medium_block
8_4,2011166,1,00:10.2,player_possession,,R. Teague,Melbourne V FC,-6.44,0.36,-6.44,0.36,,,,,create,medium_block
7_7,2011166,1,00:10.2,passing_option,,L. Jackson,Melbourne V FC,-18.13,3.12,-18.13,3.12,0.0,1.0,1.0,0.0002,create,medium_block
7_8,2011166,1,00:10.2,passing_option,,K. Bos,Melbourne V FC,-5.51,23.57,-5.51,23.57,0.0,0.0,0.0,0.0006,create,medium_block
8_5,2011166,1,00:11.5,player_possession,,L. Jackson,Melbourne V FC,-19.71,4.21,-19.38,6.56,,,,,create,medium_block
7_9,2011166,1,00:11.6,passing_option,,K. Bos,Melbourne V FC,-6.66,26.59,-11.63,27.75,0.0,1.0,1.0,0.0003,create,medium_block
7_10,2011166,1,00:12.7,passing_option,,Roderick Miranda,Melbourne V FC,-19.74,-8.83,-22.2,-10.86,0.0,0.0,0.0,0.0001,create,medium_block
1_1,2011166,1,00:16.6,off_ball_run,dropping_off,L. Jackson,Melbourne V FC,-23.23,9.82,-26.91,14.34,0.0,1.0,1.0,0.0001,create,medium_block
8_6,2011166,1,00:16.7,player_possession,,K. Bos,Melbourne V FC,-10.18,29.77,-15.81,25.52,,,,,create,medium_block
7_11,2011166,1,00:16.7,passing_option,,N. Velupillay,Melbourne V FC,5.76,14.51,4.63,16.99,0.0,0.0,0.0,0.0046,create,medium_block
7_12,2011166,1,00:17.0,passing_option,,L. Jackson,Melbourne V FC,-24.62,10.97,-29.57,19.63,0.0,1.0,1.0,0.0001,create,medium_block
1_2,2011166,1,00:18.3,off_ball_run,coming_short,R. Teague,Melbourne V FC,-9.73,5.15,-13.65,9.25,0.0,0.0,0.0,0.0007,create,medium_block
7_13,2011166,1,00:18.7,passing_option,,R. Teague,Melbourne V FC,-10.77,6.52,-13.65,9.25,0.0,0.0,0.0,0.0007,create,medium_block
1_3,2011166,1,00:19.7,off_ball_run,coming_short,R. Teague,Melbourne V FC,-14.02,9.49,-20.7,13.18,0.0,0.0,0.0,0.0003,direct,defending_direct
1_4,2011166,1,00:19.7,off_ball_run,dropping_off,K. Bos,Melbourne V FC,-16.28,25.34,-23.88,27.41,0.0,0.0,0.0,0.0002,direct,defending_direct
8_7,2011166,1,00:20.7,player_possession,,L. Jackson,Melbourne V FC,-30.75,21.3,-30.58,23.45,,,,,direct,defending_direct
7_14,2011166,1,00:20.7,passing_option,,R. Teague,Melbourne V FC,-17.97,11.66,-19.59,12.54,0.0,0.0,0.0,0.0003,direct,defending_direct
7_15,2011166,1,00:20.7,passing_option,,K. Bos,Melbourne V FC,-20.7,25.23,-24.78,28.93,0.0,0.0,0.0,0.0002,direct,defending_direct
7_16,2011166,1,00:21.0,passing_option,,N. Vergos,Melbourne V FC,6.75,6.92,4.45,8.9,0.0,1.0,0.0,0.0035,direct,defending_direct
7_17,2011166,1,00:21.0,passing_option,,N. Velupillay,Melbourne V FC,-1.43,21.69,-4.86,22.43,0.0,0.0,0.0,0.0015,direct,defending_direct
7_18,2011166,1,00:21.4,passing_option,,Z. Machach,Melbourne V FC,0.44,10.59,-0.73,12.42,0.0,0.0,0.0,0.0025,direct,defending_direct
1_5,2011166,1,00:23.1,off_ball_run,support,Roderick Miranda,Melbourne V FC,-28.01,-3.92,-4.27,3.42,0.0,0.0,0.0,0.003,create,medium_block
8_8,2011166,1,00:26.6,player_possession,,J. Valadon,Melbourne V FC,-0.88,10.94,0.81,7.43,,,,,create,medium_block
7_19,2011166,1,00:26.6,passing_option,,N. Vergos,Melbourne V FC,9.06,7.14,9.32,6.4,0.0,0.0,0.0,0.0111,create,medium_block
7_20,2011166,1,00:26.6,passing_option,,Z. Machach,Melbourne V FC,4.14,10.53,4.44,7.76,0.0,0.0,0.0,0.0067,create,medium_block
7_21,2011166,1,00:26.6,passing_option,,D. Arzani,Melbourne V FC,9.18,-3.38,8.2,-4.75,0.0,0.0,0.0,0.0068,create,medium_block
7_22,2011166,1,00:26.6,passing_option,,J. Rawlins,Melbourne V FC,-8.76,-10.94,-6.38,-11.65,0.0,0.0,0.0,0.0023,create,medium_block
7_23,2011166,1,00:27.1,passing_option,,Roderick Miranda,Melbourne V FC,-5.91,5.15,-4.27,3.42,0.0,0.0,0.0,0.003,create,medium_block
7_24,2011166,1,00:27.4,passing_option,,R. Teague,Melbourne V FC,-8.64,6.88,-8.25,6.3,0.0,1.0,1.0,0.0012,create,medium_block
1_6,2011166,1,00:27.7,off_ball_run,run_ahead_of_the_ball,J. Rawlins,Melbourne V FC,-6.03,-11.86,-2.28,-14.56,0.0,0.0,0.0,0.0036,create,medium_block
1_7,2011166,1,00:28.4,off_ball_run,pulling_half_space,D. Arzani,Melbourne V FC,6.81,-7.16,6.17,-10.1,0.0,1.0,1.0,0.002,create,medium_block
8_9,2011166,1,00:28.6,player_possession,,R. Teague,Melbourne V FC,-6.35,3.05,-6.35,3.05,,,,,create,medium_block
7_25,2011166,1,00:28.6,passing_option,,D. Arzani,Melbourne V FC,6.56,-7.99,6.56,-7.99,0.0,1.0,1.0,0.002,create,medium_block
7_26,2011166,1,00:28.6,passing_option,,J. Rawlins,Melbourne V FC,-2.28,-14.56,-2.28,-14.56,0.0,0.0,0.0,0.0036,create,medium_block
1_8,2011166,1,00:28.7,off_ball_run,support,J. Rawlins,Melbourne V FC,-1.84,-14.94,3.02,-19.03,0.0,0.0,0.0,0.0042,create,medium_block
1_9,2011166,1,00:28.7,off_ball_run,run_ahead_of_the_ball,Z. Machach,Melbourne V FC,6.69,0.89,11.93,-8.5,0.0,1.0,1.0,0.0066,create,medium_block
8_10,2011166,1,00:29.7,player_possession,,D. Arzani,Melbourne V FC,6.3,-12.28,6.3,-12.28,,,,,create,medium_block
7_27,2011166,1,00:29.7,passing_option,,Z. Machach,Melbourne V FC,8.89,-4.47,8.89,-4.47,0.0,1.0,1.0,0.0066,create,medium_block
7_28,2011166,1,00:29.7,passing_option,,J. Rawlins,Melbourne V FC,3.02,-19.03,3.02,-19.03,0.0,0.0,0.0,0.0042,create,medium_block
1_10,2011166,1,00:29.8,off_ball_run,support,J. Rawlins,Melbourne V FC,3.57,-19.43,16.35,-25.19,0.0,1.0,1.0,0.0061,create,medium_block
8_11,2011166,1,00:30.6,player_possession,,Z. Machach,Melbourne V FC,11.93,-8.5,11.93,-8.5,,,,,create,medium_block
7_29,2011166,1,00:30.6,passing_option,,D. Arzani,Melbourne V FC,7.09,-15.32,7.09,-15.32,0.0,0.0,0.0,0.0019,create,medium_block
7_30,2011166,1,00:30.6,passing_option,,J. Rawlins,Melbourne V FC,8.21,-22.24,8.21,-22.24,0.0,1.0,1.0,0.0061,create,medium_block
1_11,2011166,1,00:30.7,off_ball_run,run_ahead_of_the_ball,Z. Machach,Melbourne V FC,12.3,-8.87,29.12,-18.82,0.0,0.0,0.0,0.0132,finish,low_block
1_12,2011166,1,00:31.2,off_ball_run,support,D. Arzani,Melbourne V FC,8.22,-17.37,10.32,-20.14,0.0,1.0,1.0,0.0031,finish,low_block
8_12,2011166,1,00:32.0,player_possession,,J. Rawlins,Melbourne V FC,16.35,-25.19,22.37,-26.61,,,,,finish,low_block
7_31,2011166,1,00:32.0,passing_option,,Z. Machach,Melbourne V FC,18.74,-13.66,27.92,-18.17,0.0,0.0,0.0,0.0132,finish,low_block
7_32,2011166,1,00:33.2,passing_option,,D. Arzani,Melbourne V FC,14.08,-22.67,16.02,-23.42,0.0,1.0,1.0,0.0031,finish,low_block
1_13,2011166,1,00:33.9,off_ball_run,run_ahead_of_the_ball,J. Valadon,Melbourne V FC,21.46,-3.71,31.67,-8.57,1.0,0.0,0.0,0.0388,finish,low_block
8_13,2011166,1,00:34.7,player_possession,,D. Arzani,Melbourne V FC,18.32,-24.0,22.77,-22.1,,,,,finish,low_block
7_33,2011166,1,00:34.7,passing_option,,J. Rawlins,Melbourne V FC,23.18,-27.76,27.21,-28.89,0.0,0.0,0.0,0.0048,finish,low_block
7_34,2011166,1,00:35.4,passing_option,,J. Valadon,Melbourne V FC,28.87,-7.17,31.67,-8.57,1.0,0.0,0.0,0.0388,finish,low_block
7_35,2011166,1,00:35.8,passing_option,,Z. Machach,Melbourne V FC,30.59,-17.54,30.77,-17.22,0.0,1.0,1.0,0.0124,finish,low_block
1_14,2011166,1,00:36.1,off_ball_run,run_ahead_of_the_ball,J. Valadon,Melbourne V FC,32.13,-8.81,35.07,-10.35,1.0,0.0,0.0,0.03,finish,low_block
8_14,2011166,1,00:36.7,player_possession,,Z. Machach,Melbourne V FC,31.4,-16.17,31.42,-12.48,,,,,finish,low_block
7_36,2011166,1,00:36.7,passing_option,,J. Valadon,Melbourne V FC,34.71,-10.16,36.53,-11.52,1.0,0.0,0.0,0.03,finish,low_block
7_37,2011166,1,00:37.5,passing_option,,N. Velupillay,Melbourne V FC,34.08,-4.87,34.59,-4.76,1.0,1.0,1.0,0.0428,finish,low_block
1_15,2011166,1,00:37.9,off_ball_run,support,Z. Machach,Melbourne V FC,31.4,-12.03,31.27,-8.01,1.0,0.0,0.0,0.021,finish,low_block
8_15,2011166,1,00:38.7,player_possession,,N. Velupillay,Melbourne V FC,35.86,-4.82,35.86,-4.82,,,,,finish,low_block
7_38,2011166,1,00:38.7,passing_option,,Z. Machach,Melbourne V FC,31.27,-8.01,31.27,-8.01,1.0,0.0,0.0,0.021,finish,low_block
7_39,2011166,1,00:38.7,passing_option,,N. Vergos,Melbourne V FC,37.86,-0.53,37.86,-0.53,1.0,0.0,0.0,0.0999,finish,low_block
7_40,2011166,1,00:38.7,passing_option,,J. Valadon,Melbourne V FC,36.65,-10.91,36.65,-10.91,1.0,0.0,0.0,0.0322,finish,low_block
8_16,2011166,1,00:39.2,player_possession,,N. Vergos,Melbourne V FC,38.5,-1.12,41.79,-6.03,,,,,finish,low_block
1_16,2011166,1,01:13.3,off_ball_run,coming_short,D. Arzani,Melbourne V FC,45.86,-10.56,36.01,-16.58,0.0,0.0,0.0,0.0045,set_play,defending_set_play
8_17,2011166,1,01:15.0,player_possession,,J. Valadon,Melbourne V FC,25.93,-16.52,9.53,-14.08,,,,,set_play,defending_set_play
7_41,2011166,1,01:15.0,passing_option,,D. Arzani,Melbourne V FC,39.24,-14.47,36.75,-16.19,0.0,0.0,0.0,0.0045,set_play,defending_set_play
7_42,2011166,1,01:15.0,passing_option,,J. Rawlins,Melbourne V FC,11.0,-9.55,2.42,-9.87,0.0,1.0,1.0,0.0012,set_play,defending_set_play
7_43,2011166,1,01:16.8,passing_option,,M. Langerak,Melbourne V FC,-23.73,-3.07,-25.19,-3.57,0.0,0.0,0.0,0.0003,set_play,defending_set_play
1_17,2011166,1,01:17.5,off_ball_run,dropping_off,K. Bos,Melbourne V FC,17.81,4.51,13.31,6.48,0.0,0.0,0.0,0.0028,set_play,defending_set_play
7_44,2011166,1,01:17.6,passing_option,,K. Bos,Melbourne V FC,17.41,4.68,13.31,6.48,0.0,0.0,0.0,0.0028,set_play,defending_set_play
1_18,2011166,1,01:19.3,off_ball_run,dropping_off,J. Valadon,Melbourne V FC,6.67,-14.77,-2.27,-28.22,0.0,1.0,1.0,0.0007,create,medium_block
8_18,2011166,1,01:19.6,player_possession,,J. Rawlins,Melbourne V FC,-0.38,-9.42,-0.38,-9.42,,,,,create,medium_block
7_45,2011166,1,01:19.6,passing_option,,J. Valadon,Melbourne V FC,5.66,-15.61,5.66,-15.61,0.0,1.0,1.0,0.0007,create,medium_block
1_19,2011166,1,01:21.4,off_ball_run,dropping_off,J. Rawlins,Melbourne V FC,-4.91,-10.72,-16.87,-19.73,0.0,0.0,0.0,0.0003,create,medium_block
8_19,2011166,1,01:22.1,player_possession,,J. Valadon,Melbourne V FC,-2.27,-28.22,-5.41,-32.14,,,,,create,medium_block
7_46,2011166,1,01:22.1,passing_option,,J. Rawlins,Melbourne V FC,-7.89,-12.55,-13.37,-16.31,0.0,0.0,0.0,0.0003,create,medium_block
7_47,2011166,1,01:22.1,passing_option,,R. Teague,Melbourne V FC,12.27,-16.5,6.83,-22.61,0.0,0.0,0.0,0.0007,create,medium_block
7_48,2011166,1,01:23.3,passing_option,,M. Langerak,Melbourne V FC,-32.86,-5.82,-33.15,-5.88,0.0,1.0,1.0,0.0,create,medium_block
1_20,2011166,1,01:24.1,off_ball_run,coming_short,L. Jackson,Melbourne V FC,11.67,-1.72,-18.27,5.63,0.0,0.0,0.0,0.0007,create,medium_block
8_20,2011166,1,01:27.6,player_possession,,M. Langerak,Melbourne V FC,-37.05,-4.52,-40.96,-0.02,,,,,create,medium_block
7_49,2011166,1,01:27.6,passing_option,,K. Bos,Melbourne V FC,-16.75,12.47,-20.69,18.77,0.0,0.0,0.0,0.0001,create,medium_block
7_50,2011166,1,01:27.6,passing_option,,Roderick Miranda,Melbourne V FC,-5.95,-11.36,-24.07,-12.38,0.0,0.0,0.0,0.0002,create,medium_block
7_51,2011166,1,01:27.6,passing_option,,L. Jackson,Melbourne V FC,-8.7,2.6,-25.07,7.18,0.0,1.0,1.0,0.0,create,medium_block
8_21,2011166,1,01:33.4,player_possession,,L. Jackson,Melbourne V FC,-25.52,7.07,-23.52,5.87,,,,,create,medium_block
7_52,2011166,1,01:33.6,passing_option,,J. Valadon,Melbourne V FC,-10.21,-2.25,-10.16,-1.3,0.0,0.0,0.0,0.0012,create,medium_block
7_53,2011166,1,01:33.7,passing_option,,R. Teague,Melbourne V FC,-10.05,-10.39,-14.75,-2.09,0.0,0.0,0.0,0.0008,create,medium_block
1_21,2011166,1,01:34.2,off_ball_run,coming_short,R. Teague,Melbourne V FC,-10.94,-8.62,-13.61,-3.84,0.0,0.0,0.0,0.0008,create,medium_block
7_54,2011166,1,01:35.9,passing_option,,J. Rawlins,Melbourne V FC,-7.86,-28.24,-7.84,-28.25,0.0,1.0,1.0,0.0002,create,medium_block
7_55,2011166,1,01:36.1,passing_option,,Roderick Miranda,Melbourne V FC,-26.19,-13.48,-26.19,-13.48,0.0,0.0,0.0,0.0001,create,medium_block
8_22,2011166,1,01:38.5,player_possession,,J. Rawlins,Melbourne V FC,-7.42,-27.01,-8.07,-26.3,,,,,create,medium_block
7_56,2011166,1,01:38.5,passing_option,,Z. Machach,Melbourne V FC,1.17,-10.24,0.34,-13.28,0.0,0.0,0.0,0.0013,create,medium_block
7_57,2011166,1,01:38.5,passing_option,,D. Arzani,Melbourne V FC,7.51,-30.91,6.24,-31.79,0.0,0.0,0.0,0.0015,create,medium_block
7_58,2011166,1,01:39.2,passing_option,,R. Teague,Melbourne V FC,-11.66,-8.65,-11.32,-9.51,0.0,1.0,1.0,0.0009,create,medium_block
8_23,2011166,1,01:40.9,player_possession,,R. Teague,Melbourne V FC,-8.27,-15.87,-8.27,-15.87,,,,,create,medium_block
7_59,2011166,1,01:40.9,passing_option,,Z. Machach,Melbourne V FC,0.59,-17.89,0.59,-17.89,0.0,0.0,0.0,0.0028,create,medium_block
7_60,2011166,1,01:40.9,passing_option,,D. Arzani,Melbourne V FC,2.99,-29.06,2.99,-29.06,0.0,0.0,0.0,0.0016,create,medium_block
1_22,2011166,1,01:41.0,off_ball_run,coming_short,D. Arzani,Melbourne V FC,2.75,-28.72,1.05,-25.17,0.0,0.0,0.0,0.0016,create,medium_block
8_24,2011166,1,01:43.6,player_possession,,S. Wootton,Wellington P FC,-13.98,27.19,-13.98,27.19,,,,,create,medium_block
7_61,2011166,1,01:43.6,passing_option,,S. Sutton,Wellington P FC,-4.6,28.64,-4.6,28.64,0.0,1.0,1.0,0.0008,create,medium_block
8_25,2011166,1,01:44.4,player_possession,,S. Sutton,Wellington P FC,-5.51,30.75,-2.39,33.59,,,,,create,medium_block
7_62,2011166,1,01:44.4,passing_option,,S. Wootton,Wellington P FC,-13.55,31.19,-13.49,31.61,0.0,0.0,0.0,0.0006,create,medium_block
7_63,2011166,1,01:44.4,passing_option,,A. Rufer,Wellington P FC,-12.81,22.29,-12.97,22.33,0.0,0.0,0.0,0.0006,create,medium_block
7_64,2011166,1,01:44.7,passing_option,,H. Ishige,Wellington P FC,0.47,22.73,-0.22,27.65,0.0,1.0,1.0,0.0017,create,medium_block
7_65,2011166,1,01:45.5,passing_option,,C. Piper,Wellington P FC,-3.44,22.28,-2.96,22.84,0.0,0.0,0.0,0.0018,create,medium_block
7_66,2011166,1,01:45.8,passing_option,,K. Barbarouses,Wellington P FC,10.62,18.29,10.82,18.54,0.0,0.0,0.0,0.0075,create,medium_block
8_26,2011166,1,01:46.5,player_possession,,H. Ishige,Wellington P FC,-0.1,29.07,-0.1,29.07,,,,,create,medium_block
7_67,2011166,1,01:46.5,passing_option,,S. Sutton,Wellington P FC,-0.8,33.92,-0.8,33.92,0.0,1.0,0.0,0.0022,create,medium_block
1_23,2011166,1,01:46.6,off_ball_run,run_ahead_of_the_ball,S. Sutton,Wellington P FC,-0.38,33.98,3.92,34.03,0.0,1.0,0.0,0.0022,create,medium_block
8_27,2011166,1,01:49.6,player_possession,,R. Teague,Melbourne V FC,-18.15,-32.8,-38.88,-29.36,,,,,build_up,high_block
7_68,2011166,1,01:49.6,passing_option,,M. Langerak,Melbourne V FC,-40.95,-6.31,-49.53,-10.93,0.0,1.0,1.0,0.0,build_up,high_block
7_69,2011166,1,01:49.6,passing_option,,Roderick Miranda,Melbourne V FC,-19.2,-25.38,-35.61,-23.95,0.0,0.0,0.0,0.0002,build_up,high_block
7_70,2011166,1,01:52.3,passing_option,,J. Rawlins,Melbourne V FC,-18.71,-32.1,-26.84,-32.92,0.0,0.0,0.0,0.0002,build_up,high_block
1_24,2011166,1,01:52.7,off_ball_run,dropping_off,Roderick Miranda,Melbourne V FC,-28.12,-25.1,-35.21,-24.04,0.0,0.0,0.0,0.0002,build_up,high_block
8_28,2011166,1,01:55.8,player_possession,,M. Langerak,Melbourne V FC,-48.06,-11.79,-48.06,-11.79,,,,,build_up,high_block
7_71,2011166,1,01:55.8,passing_option,,Z. Machach,Melbourne V FC,-10.91,-25.99,-10.91,-25.99,0.0,0.0,0.0,0.0005,build_up,high_block
7_72,2011166,1,01:55.8,passing_option,,D. Arzani,Melbourne V FC,-10.46,-33.09,-10.46,-33.09,0.0,0.0,0.0,0.0003,build_up,high_block
7_73,2011166,1,01:55.8,passing_option,,N. Velupillay,Melbourne V FC,-10.61,-3.11,-10.61,-3.11,0.0,0.0,0.0,0.0012,build_up,high_block
8_29,2011166,1,01:59.4,player_possession,,C. Piper,Wellington P FC,19.72,18.6,19.72,18.6,,,,,finish,low_block
8_30,2011166,1,02:02.9,player_possession,,A. Rufer,Wellington P FC,10.41,17.86,9.43,19.22,,,,,create,medium_block
7_74,2011166,1,02:02.9,passing_option,,S. Sutton,Wellington P FC,21.08,28.85,18.94,29.58,0.0,1.0,1.0,0.0029,create,medium_block
7_75,2011166,1,02:02.9,passing_option,,I. Hughes,Wellington P FC,4.87,22.27,4.63,23.33,0.0,0.0,0.0,0.0015,create,medium_block
7_76,2011166,1,02:02.9,passing_option,,C. Piper,Wellington P FC,15.42,20.21,14.29,20.25,0.0,0.0,0.0,0.003,create,medium_block
8_31,2011166,1,02:04.7,player_possession,,S. Sutton,Wellington P FC,15.3,29.82,14.46,29.44,,,,,create,medium_block
7_77,2011166,1,02:05.3,passing_option,,C. Piper,Wellington P FC,12.31,21.45,12.13,21.92,0.0,0.0,0.0,0.0035,create,medium_block
7_78,2011166,1,02:05.5,passing_option,,A. Rufer,Wellington P FC,10.22,24.12,11.1,24.69,0.0,1.0,1.0,0.0045,create,medium_block
7_79,2011166,1,02:05.6,passing_option,,H. Ishige,Wellington P FC,16.48,16.84,16.65,17.31,0.0,0.0,0.0,0.0081,create,medium_block
8_32,2011166,1,02:06.3,player_possession,,A. Rufer,Wellington P FC,12.54,25.55,17.26,27.83,,,,,finish,low_block
7_80,2011166,1,02:06.3,passing_option,,H. Ishige,Wellington P FC,16.91,18.39,17.32,20.42,0.0,0.0,0.0,0.0066,finish,low_block
7_81,2011166,1,02:06.3,passing_option,,S. Sutton,Wellington P FC,15.11,29.66,19.04,33.2,0.0,1.0,0.0,0.0026,finish,low_block
8_33,2011166,1,02:23.3,player_possession,,N. Vergos,Melbourne V FC,6.08,-30.19,5.9,-31.27,,,,,create,medium_block
7_82,2011166,1,02:23.3,passing_option,,Z. Machach,Melbourne V FC,1.57,-31.88,5.59,-28.68,0.0,1.0,1.0,0.004,create,medium_block
7_83,2011166,1,02:23.9,passing_option,,D. Arzani,Melbourne V FC,-4.56,-27.97,-2.41,-29.05,0.0,0.0,0.0,0.0011,create,medium_block
8_34,2011166,1,02:25.6,player_possession,,Z. Machach,Melbourne V FC,6.04,-28.38,14.93,-28.66,,,,,create,medium_block
7_84,2011166,1,02:25.6,passing_option,,N. Vergos,Melbourne V FC,6.19,-31.48,14.9,-31.76,0.0,0.0,0.0,0.0056,create,medium_block
7_85,2011166,1,02:25.6,passing_option,,N. Velupillay,Melbourne V FC,8.09,-11.68,17.91,-11.77,1.0,0.0,0.0,0.0451,create,medium_block
1_25,2011166,1,02:26.5,off_ball_run,run_ahead_of_the_ball,N. Vergos,Melbourne V FC,8.57,-33.15,18.23,-27.81,0.0,0.0,0.0,0.0056,create,medium_block
1_26,2011166,1,02:26.6,off_ball_run,run_ahead_of_the_ball,N. Velupillay,Melbourne V FC,11.08,-11.75,20.9,-12.01,1.0,0.0,0.0,0.0451,create,medium_block
8_35,2011166,1,02:30.8,player_possession,,M. Sheridan,Wellington P FC,-24.82,16.35,-24.82,16.35,,,,,chaotic,chaotic
1_27,2011166,1,02:32.0,off_ball_run,dropping_off,T. Payne,Wellington P FC,-31.7,1.45,-33.37,-6.32,0.0,1.0,1.0,0.0002,chaotic,chaotic
8_36,2011166,1,02:32.4,player_possession,,S. Wootton,Wellington P FC,-33.26,9.87,-33.26,9.87,,,,,chaotic,chaotic
7_86,2011166,1,02:32.4,passing_option,,T. Payne,Wellington P FC,-32.29,-0.21,-32.29,-0.21,0.0,1.0,1.0,0.0002,chaotic,chaotic
1_28,2011166,1,02:32.5,off_ball_run,run_ahead_of_the_ball,K. Nagasawa,Wellington P FC,-2.34,3.27,4.75,-18.45,0.0,1.0,1.0,0.0015,direct,defending_direct
8_37,2011166,1,02:33.7,player_possession,,T. Payne,Wellington P FC,-33.37,-6.32,-32.49,-14.16,,,,,direct,defending_direct
7_87,2011166,1,02:34.3,passing_option,,K. Nagasawa,Wellington P FC,-2.31,-5.43,-1.42,-11.72,0.0,1.0,1.0,0.0015,direct,defending_direct
8_38,2011166,1,02:37.4,player_possession,,K. Nagasawa,Wellington P FC,4.75,-18.45,4.75,-18.45,,,,,direct,defending_direct
7_88,2011166,1,02:37.4,passing_option,,K. Barbarouses,Wellington P FC,-0.07,0.14,-0.07,0.14,0.0,1.0,1.0,0.0055,direct,defending_direct
1_29,2011166,1,02:37.4,off_ball_run,support,K. Barbarouses,Wellington P FC,-0.07,0.14,3.59,-10.53,0.0,1.0,1.0,0.0055,direct,defending_direct
8_39,2011166,1,02:39.4,player_possession,,K. Barbarouses,Wellington P FC,3.59,-10.53,5.53,-14.98,,,,,direct,defending_direct
7_89,2011166,1,02:39.4,passing_option,,K. Nagasawa,Wellington P FC,9.75,-24.03,12.33,-25.64,0.0,0.0,0.0,0.0065,direct,defending_direct
7_90,2011166,1,02:39.4,passing_option,,M. Sheridan,Wellington P FC,-15.14,-15.92,-11.12,-17.24,0.0,0.0,0.0,0.0019,direct,defending_direct
8_40,2011166,1,02:40.3,player_possession,,K. Bos,Melbourne V FC,-7.58,16.25,-7.58,16.25,,,,,transition,defending_transition
7_91,2011166,1,02:40.3,passing_option,,R. Teague,Melbourne V FC,-4.88,7.98,-4.88,7.98,0.0,1.0,1.0,0.0012,transition,defending_transition
7_92,2011166,1,02:40.3,passing_option,,J. Valadon,Melbourne V FC,-4.74,16.21,-4.74,16.21,0.0,0.0,0.0,0.0011,transition,defending_transition
8_41,2011166,1,02:41.3,player_possession,,R. Teague,Melbourne V FC,-6.43,9.27,1.74,7.96,,,,,transition,defending_transition
7_93,2011166,1,02:41.4,passing_option,,J. Valadon,Melbourne V FC,-6.33,16.46,3.23,16.91,0.0,0.0,0.0,0.002,transition,defending_transition
7_94,2011166,1,02:41.5,passing_option,,D. Arzani,Melbourne V FC,11.57,-3.96,10.8,-1.24,0.0,0.0,0.0,0.0108,transition,defending_transition
1_30,2011166,1,02:43.2,off_ball_run,support,J. Rawlins,Melbourne V FC,-9.1,-10.02,-4.84,-13.06,0.0,0.0,0.0,0.0021,transition,defending_transition
7_95,2011166,1,02:43.4,passing_option,,J. Rawlins,Melbourne V FC,-8.41,-10.53,-7.33,-11.3,0.0,0.0,0.0,0.0021,transition,defending_transition
7_96,2011166,1,02:44.0,passing_option,,N. Velupillay,Melbourne V FC,12.32,24.71,11.99,25.89,0.0,0.0,0.0,0.0035,transition,defending_transition
7_97,2011166,1,02:44.0,passing_option,,K. Bos,Melbourne V FC,-5.07,18.58,-0.15,21.4,0.0,0.0,0.0,0.0021,transition,defending_transition
1_31,2011166,1,02:44.8,off_ball_run,support,K. Bos,Melbourne V FC,-2.18,19.88,0.18,21.66,0.0,0.0,0.0,0.0021,transition,defending_transition
7_98,2011166,1,02:45.2,passing_option,,Z. Machach,Melbourne V FC,15.33,9.97,15.63,10.21,0.0,1.0,1.0,0.0098,transition,defending_transition
8_42,2011166,1,02:46.3,player_possession,,Z. Machach,Melbourne V FC,17.05,11.56,17.05,11.56,,,,,transition,defending_transition
7_99,2011166,1,02:46.3,passing_option,,D. Arzani,Melbourne V FC,18.31,3.77,18.31,3.77,1.0,1.0,1.0,0.0295,transition,defending_transition
7_100,2011166,1,02:46.3,passing_option,,N. Vergos,Melbourne V FC,21.31,13.21,21.31,13.21,1.0,0.0,0.0,0.0264,transition,defending_transition
8_43,2011166,1,02:47.2,player_possession,,D. Arzani,Melbourne V FC,20.66,6.28,21.59,9.86,,,,,transition,defending_transition
7_101,2011166,1,02:47.2,passing_option,,N. Vergos,Melbourne V FC,24.26,12.95,31.28,13.79,1.0,0.0,0.0,0.0342,transition,defending_transition
7_102,2011166,1,02:47.2,passing_option,,Z. Machach,Melbourne V FC,19.31,12.03,28.62,11.23,1.0,0.0,0.0,0.0227,transition,defending_transition
1_32,2011166,1,02:47.4,off_ball_run,run_ahead_of_the_ball,N. Vergos,Melbourne V FC,25.07,12.94,29.38,13.49,1.0,0.0,0.0,0.0342,transition,defending_transition
1_33,2011166,1,02:47.7,off_ball_run,run_ahead_of_the_ball,Z. Machach,Melbourne V FC,21.24,12.11,26.04,11.87,1.0,0.0,0.0,0.0227,transition,defending_transition
7_103,2011166,1,02:49.2,passing_option,,N. Velupillay,Melbourne V FC,21.66,24.94,23.11,24.97,0.0,1.0,1.0,0.0078,transition,defending_transition
1_34,2011166,1,02:49.8,off_ball_run,overlap,K. Bos,Melbourne V FC,17.36,24.29,36.68,30.29,0.0,0.0,0.0,0.0095,transition,defending_transition
8_44,2011166,1,02:51.3,player_possession,,N. Velupillay,Melbourne V FC,27.9,26.17,32.14,25.48,,,,,transition,defending_transition
7_104,2011166,1,02:51.3,passing_option,,Z. Machach,Melbourne V FC,32.74,14.11,36.51,17.64,0.0,1.0,1.0,0.0131,transition,defending_transition
7_105,2011166,1,02:51.3,passing_option,,K. Bos,Melbourne V FC,25.67,27.56,34.35,29.9,0.0,0.0,0.0,0.0095,transition,defending_transition
7_106,2011166,1,02:51.9,passing_option,,D. Arzani,Melbourne V FC,27.13,14.36,29.57,16.59,0.0,0.0,0.0,0.011,transition,defending_transition
1_35,2011166,1,02:53.1,off_ball_run,support,N. Velupillay,Melbourne V FC,32.93,24.62,36.47,17.78,0.0,0.0,0.0,0.0188,transition,defending_transition
8_45,2011166,1,02:53.6,player_possession,,Z. Machach,Melbourne V FC,38.94,19.21,38.94,19.21,,,,,transition,defending_transition
7_107,2011166,1,02:53.6,passing_option,,D. Arzani,Melbourne V FC,31.68,17.86,31.68,17.86,0.0,1.0,1.0,0.0179,transition,defending_transition
7_108,2011166,1,02:53.6,passing_option,,N. Velupillay,Melbourne V FC,34.19,22.65,34.19,22.65,0.0,0.0,0.0,0.0188,transition,defending_transition
7_109,2011166,1,02:53.6,passing_option,,K. Bos,Melbourne V FC,37.79,30.17,37.79,30.17,0.0,0.0,0.0,0.0146,transition,defending_transition
8_46,2011166,1,02:58.2,player_possession,,D. Arzani,Melbourne V FC,39.51,21.28,30.26,19.75,,,,,finish,low_block
7_110,2011166,1,02:58.2,passing_option,,Z. Machach,Melbourne V FC,40.84,17.66,40.83,17.83,0.0,0.0,0.0,0.018,finish,low_block
7_111,2011166,1,02:58.2,passing_option,,K. Bos,Melbourne V FC,37.99,27.99,37.46,31.66,0.0,0.0,0.0,0.0101,finish,low_block
7_112,2011166,1,02:58.7,passing_option,,J. Valadon,Melbourne V FC,27.28,20.62,23.31,23.53,0.0,0.0,0.0,0.0066,finish,low_block
7_113,2011166,1,03:01.8,passing_option,,R. Teague,Melbourne V FC,25.09,10.56,24.95,12.13,0.0,0.0,0.0,0.0084,finish,low_block
7_114,2011166,1,03:02.8,passing_option,,N. Velupillay,Melbourne V FC,36.05,13.89,36.33,13.76,1.0,1.0,1.0,0.025,finish,low_block
8_47,2011166,1,03:03.8,player_possession,,N. Velupillay,Melbourne V FC,38.4,13.71,44.89,12.2,,,,,finish,low_block
1_36,2011166,1,04:09.8,off_ball_run,run_ahead_of_the_ball,C. Piper,Wellington P FC,1.07,-22.24,6.11,-23.19,0.0,0.0,0.0,0.0063,create,medium_block
8_48,2011166,1,04:10.1,player_possession,,A. Rufer,Wellington P FC,-9.57,-0.57,-9.63,-1.38,,,,,create,medium_block
7_115,2011166,1,04:10.1,passing_option,,M. Sheridan,Wellington P FC,-15.11,-17.85,-16.07,-19.77,0.0,0.0,0.0,0.0002,create,medium_block
7_116,2011166,1,04:10.6,passing_option,,T. Payne,Wellington P FC,1.36,-15.48,1.99,-15.51,0.0,1.0,1.0,0.0051,create,medium_block
7_117,2011166,1,04:10.7,passing_option,,I. Hughes,Wellington P FC,-20.67,-6.66,-20.68,-6.68,0.0,0.0,0.0,0.0001,create,medium_block
7_118,2011166,1,04:10.8,passing_option,,C. Piper,Wellington P FC,6.11,-23.19,6.11,-23.19,0.0,0.0,0.0,0.0063,create,medium_block
1_37,2011166,1,04:10.9,off_ball_run,run_ahead_of_the_ball,C. Piper,Wellington P FC,6.68,-23.27,14.04,-25.18,0.0,0.0,0.0,0.0108,create,medium_block
8_49,2011166,1,04:12.1,player_possession,,T. Payne,Wellington P FC,6.82,-15.9,10.5,-23.56,,,,,create,medium_block
7_119,2011166,1,04:12.1,passing_option,,M. Sheridan,Wellington P FC,-13.29,-21.56,-9.3,-23.7,0.0,0.0,0.0,0.0004,create,medium_block
7_120,2011166,1,04:12.1,passing_option,,K. Nagasawa,Wellington P FC,4.49,-10.47,18.89,-17.56,0.0,0.0,0.0,0.0171,create,medium_block
7_121,2011166,1,04:12.1,passing_option,,C. Piper,Wellington P FC,12.89,-24.6,12.03,-31.34,0.0,0.0,0.0,0.0108,create,medium_block
1_38,2011166,1,04:12.2,off_ball_run,run_ahead_of_the_ball,K. Nagasawa,Wellington P FC,4.89,-10.61,16.9,-16.18,0.0,0.0,0.0,0.0171,create,medium_block
7_122,2011166,1,04:15.6,passing_option,,I. Hughes,Wellington P FC,-18.18,-10.66,-18.35,-10.85,0.0,1.0,1.0,0.0001,create,medium_block
8_50,2011166,1,04:16.9,player_possession,,I. Hughes,Wellington P FC,-19.01,-12.16,-17.75,-15.05,,,,,create,medium_block
7_123,2011166,1,04:16.9,passing_option,,J. Oluwayemi,Wellington P FC,-39.85,-3.02,-40.07,-3.09,0.0,0.0,0.0,0.0,create,medium_block
7_124,2011166,1,04:17.3,passing_option,,T. Payne,Wellington P FC,6.89,-23.87,4.26,-24.12,0.0,1.0,0.0,0.0012,create,medium_block
7_125,2011166,1,04:17.3,passing_option,,M. Sheridan,Wellington P FC,-10.85,-24.78,-12.93,-25.23,0.0,0.0,0.0,0.0004,create,medium_block
7_126,2011166,1,04:18.1,passing_option,,C. Piper,Wellington P FC,8.53,-28.85,8.53,-28.85,0.0,0.0,0.0,0.0013,create,medium_block
8_51,2011166,1,04:20.2,player_possession,,K. Bos,Melbourne V FC,-11.58,28.29,-28.99,31.93,,,,,build_up,high_block
7_127,2011166,1,04:20.2,passing_option,,N. Velupillay,Melbourne V FC,8.18,26.84,7.7,27.19,0.0,0.0,0.0,0.0046,build_up,high_block
7_128,2011166,1,04:20.2,passing_option,,J. Valadon,Melbourne V FC,-2.84,27.82,-3.29,28.26,0.0,0.0,0.0,0.0016,build_up,high_block
7_129,2011166,1,04:20.2,passing_option,,M. Langerak,Melbourne V FC,-40.64,4.91,-45.99,9.75,0.0,1.0,1.0,0.0,build_up,high_block
7_130,2011166,1,04:22.7,passing_option,,J. Valadon,Melbourne V FC,-9.88,28.86,-12.47,28.79,0.0,0.0,0.0,0.0016,build_up,high_block
8_52,2011166,1,04:25.9,player_possession,,M. Langerak,Melbourne V FC,-46.69,11.48,-46.69,11.48,,,,,build_up,high_block
7_131,2011166,1,04:25.9,passing_option,,K. Bos,Melbourne V FC,-36.21,31.91,-36.21,31.91,0.0,1.0,1.0,0.0001,build_up,high_block
8_53,2011166,1,04:27.2,player_possession,,K. Bos,Melbourne V FC,-39.88,31.73,-42.97,29.69,,,,,build_up,high_block
7_132,2011166,1,04:27.2,passing_option,,N. Velupillay,Melbourne V FC,-8.24,30.25,-16.5,30.69,0.0,0.0,0.0,0.0007,build_up,high_block
7_133,2011166,1,04:27.6,passing_option,,Z. Machach,Melbourne V FC,-4.73,17.24,-9.55,20.62,0.0,0.0,0.0,0.0012,build_up,high_block
7_134,2011166,1,04:27.8,passing_option,,N. Vergos,Melbourne V FC,4.64,16.91,1.39,19.69,0.0,0.0,0.0,0.0026,build_up,high_block
7_135,2011166,1,04:28.3,passing_option,,J. Valadon,Melbourne V FC,-22.76,21.46,-24.15,24.11,0.0,0.0,0.0,0.0003,build_up,high_block
7_136,2011166,1,04:30.1,passing_option,,M. Langerak,Melbourne V FC,-49.88,8.73,-50.19,8.55,0.0,0.0,0.0,0.0,build_up,high_block
7_137,2011166,1,04:30.4,passing_option,,L. Jackson,Melbourne V FC,-38.0,19.24,-37.99,19.47,0.0,1.0,1.0,0.0001,build_up,high_block
8_54,2011166,1,04:31.3,player_possession,,L. Jackson,Melbourne V FC,-37.79,20.22,-34.51,23.69,,,,,build_up,high_block
7_138,2011166,1,04:31.3,passing_option,,N. Vergos,Melbourne V FC,0.88,20.3,-0.03,21.39,0.0,0.0,0.0,0.0037,build_up,high_block
7_139,2011166,1,04:31.6,passing_option,,Z. Machach,Melbourne V FC,-11.37,21.23,-12.79,22.59,0.0,0.0,0.0,0.0013,build_up,high_block
7_140,2011166,1,04:31.6,passing_option,,N. Velupillay,Melbourne V FC,-22.31,30.25,-25.16,30.45,0.0,0.0,0.0,0.0003,build_up,high_block
7_141,2011166,1,04:32.3,passing_option,,J. Valadon,Melbourne V FC,-27.03,21.83,-25.98,21.31,0.0,0.0,0.0,0.0014,build_up,high_block
1_39,2011166,1,04:32.3,off_ball_run,support,K. Bos,Melbourne V FC,-41.58,29.5,-34.44,31.27,0.0,1.0,1.0,0.0005,build_up,high_block
7_142,2011166,1,04:32.4,passing_option,,K. Bos,Melbourne V FC,-41.17,29.62,-39.33,30.13,0.0,1.0,1.0,0.0005,build_up,high_block
8_55,2011166,1,04:33.8,player_possession,,K. Bos,Melbourne V FC,-34.44,31.27,-29.16,32.77,,,,,build_up,high_block
7_143,2011166,1,04:33.8,passing_option,,Z. Machach,Melbourne V FC,-13.3,24.27,-13.67,26.89,0.0,0.0,0.0,0.0017,build_up,high_block
7_144,2011166,1,04:33.8,passing_option,,N. Vergos,Melbourne V FC,-0.24,22.9,-0.7,24.95,0.0,0.0,0.0,0.005,build_up,high_block
7_145,2011166,1,04:33.8,passing_option,,N. Velupillay,Melbourne V FC,-25.74,31.79,-22.08,33.66,0.0,0.0,0.0,0.002,build_up,high_block
7_146,2011166,1,04:33.8,passing_option,,J. Valadon,Melbourne V FC,-23.21,21.68,-20.43,23.86,0.0,1.0,0.0,0.0016,build_up,high_block
1_40,2011166,1,04:34.8,off_ball_run,run_ahead_of_the_ball,N. Velupillay,Melbourne V FC,-22.97,33.41,-19.06,34.03,0.0,0.0,0.0,0.002,build_up,high_block
1_41,2011166,1,04:35.1,off_ball_run,run_ahead_of_the_ball,T. Payne,Wellington P FC,25.49,-29.04,23.02,-30.82,0.0,0.0,0.0,0.0021,quick_break,defending_quick_break
8_56,2011166,1,04:35.7,player_possession,,A. Rufer,Wellington P FC,17.77,-26.89,31.45,-21.39,,,,,quick_break,defending_quick_break
7_147,2011166,1,04:35.7,passing_option,,T. Payne,Wellington P FC,23.37,-30.6,20.51,-31.76,0.0,0.0,0.0,0.0021,quick_break,defending_quick_break
7_148,2011166,1,04:35.7,passing_option,,K. Nagasawa,Wellington P FC,26.67,-29.43,29.12,-23.72,0.0,0.0,0.0,0.0148,quick_break,defending_quick_break
7_149,2011166,1,04:35.7,passing_option,,K. Barbarouses,Wellington P FC,28.4,-25.75,36.18,-23.45,1.0,1.0,1.0,0.0296,quick_break,defending_quick_break
7_150,2011166,1,04:36.1,passing_option,,M. Sheridan,Wellington P FC,19.95,-29.33,20.22,-29.72,0.0,0.0,0.0,0.0043,quick_break,defending_quick_break
7_151,2011166,1,04:36.3,passing_option,,C. Piper,Wellington P FC,17.43,-15.67,17.07,-14.37,0.0,0.0,0.0,0.0071,quick_break,defending_quick_break
7_152,2011166,1,04:36.4,passing_option,,H. Ishige,Wellington P FC,26.46,-14.91,34.62,-12.11,1.0,0.0,0.0,0.0613,quick_break,defending_quick_break
1_42,2011166,1,04:37.3,off_ball_run,behind,H. Ishige,Wellington P FC,28.1,-13.93,34.62,-12.11,1.0,0.0,0.0,0.0613,quick_break,defending_quick_break
1_43,2011166,1,04:37.3,off_ball_run,run_ahead_of_the_ball,K. Barbarouses,Wellington P FC,30.91,-25.65,44.13,-17.94,1.0,1.0,1.0,0.0296,quick_break,defending_quick_break
1_44,2011166,1,04:37.7,off_ball_run,support,K. Nagasawa,Wellington P FC,27.14,-26.37,29.37,-23.28,0.0,0.0,0.0,0.0148,quick_break,defending_quick_break
1_45,2011166,1,04:38.6,off_ball_run,cross_receiver,A. Rufer,Wellington P FC,31.94,-20.93,46.87,-4.15,1.0,0.0,0.0,0.1278,quick_break,defending_quick_break
1_46,2011166,1,04:38.6,off_ball_run,cross_receiver,K. Nagasawa,Wellington P FC,29.62,-22.82,42.1,-9.74,1.0,1.0,0.0,0.0899,quick_break,defending_quick_break
1_47,2011166,1,04:38.6,off_ball_run,cross_receiver,C. Piper,Wellington P FC,22.95,-8.14,44.96,5.78,1.0,0.0,0.0,0.0702,quick_break,defending_quick_break
1_48,2011166,1,04:38.6,off_ball_run,cross_receiver,H. Ishige,Wellington P FC,35.24,-12.04,50.18,1.7,1.0,0.0,0.0,0.2419,quick_break,defending_quick_break
8_57,2011166,1,04:40.2,player_possession,,K. Barbarouses,Wellington P FC,44.13,-17.94,50.05,-11.5,,,,,quick_break,defending_quick_break
7_153,2011166,1,04:40.2,passing_option,,H. Ishige,Wellington P FC,43.38,-9.15,49.08,-0.95,1.0,0.0,0.0,0.2419,quick_break,defending_quick_break
7_154,2011166,1,04:40.4,passing_option,,A. Rufer,Wellington P FC,39.89,-11.26,46.55,-4.42,1.0,0.0,0.0,0.1278,quick_break,defending_quick_break
7_155,2011166,1,04:40.9,passing_option,,C. Piper,Wellington P FC,37.11,1.59,43.6,5.23,1.0,0.0,0.0,0.0702,quick_break,defending_quick_break
7_156,2011166,1,04:41.7,passing_option,,K. Nagasawa,Wellington P FC,40.4,-10.54,41.3,-10.12,1.0,1.0,0.0,0.0899,quick_break,defending_quick_break
1_49,2011166,1,04:44.1,off_ball_run,dropping_off,C. Piper,Wellington P FC,42.56,5.61,35.84,4.85,1.0,0.0,0.0,0.0309,finish,low_block
8_58,2011166,1,04:44.6,player_possession,,M. Sheridan,Wellington P FC,33.37,-6.97,33.37,-6.97,,,,,finish,low_block
7_157,2011166,1,04:44.6,passing_option,,K. Nagasawa,Wellington P FC,39.41,-7.02,39.41,-7.02,1.0,0.0,0.0,0.029,finish,low_block
7_158,2011166,1,04:44.6,passing_option,,C. Piper,Wellington P FC,40.33,5.25,40.33,5.25,1.0,0.0,0.0,0.0309,finish,low_block
8_59,2011166,1,04:46.1,player_possession,,N. Velupillay,Melbourne V FC,-25.2,13.52,-25.2,13.52,,,,,transition,defending_transition
7_159,2011166,1,04:46.1,passing_option,,Z. Machach,Melbourne V FC,-21.56,6.87,-21.56,6.87,0.0,1.0,1.0,0.0035,transition,defending_transition
7_160,2011166,1,04:46.1,passing_option,,D. Arzani,Melbourne V FC,-22.74,0.53,-22.74,0.53,0.0,0.0,0.0,0.0055,transition,defending_transition
1_50,2011166,1,04:46.2,off_ball_run,support,N. Velupillay,Melbourne V FC,-25.04,13.07,18.15,3.09,0.0,0.0,0.0,0.0037,transition,defending_transition
1_51,2011166,1,04:46.2,off_ball_run,behind,D. Arzani,Melbourne V FC,-22.35,0.73,39.76,-10.95,1.0,1.0,1.0,0.1049,transition,defending_transition
8_60,2011166,1,04:46.7,player_possession,,Z. Machach,Melbourne V FC,-20.04,7.47,27.43,0.69,,,,,transition,defending_transition
7_161,2011166,1,04:46.7,passing_option,,N. Velupillay,Melbourne V FC,-23.95,11.01,-23.66,10.63,0.0,0.0,0.0,0.0037,transition,defending_transition
7_162,2011166,1,04:46.7,passing_option,,D. Arzani,Melbourne V FC,-20.1,1.87,31.9,-8.11,1.0,1.0,1.0,0.1049,transition,defending_transition
7_163,2011166,1,04:46.7,passing_option,,N. Vergos,Melbourne V FC,-5.3,15.8,32.64,9.46,1.0,0.0,0.0,0.1472,transition,defending_transition
1_52,2011166,1,04:47.6,off_ball_run,behind,N. Vergos,Melbourne V FC,-3.63,17.3,32.64,9.46,1.0,0.0,0.0,0.1472,transition,defending_transition
1_53,2011166,1,04:53.4,off_ball_run,cross_receiver,Z. Machach,Melbourne V FC,28.01,0.53,37.48,-3.43,1.0,1.0,1.0,0.079,transition,defending_transition
1_54,2011166,1,04:53.4,off_ball_run,cross_receiver,N. Vergos,Melbourne V FC,33.22,9.12,46.83,2.28,1.0,0.0,0.0,0.3287,transition,defending_transition
8_61,2011166,1,04:54.4,player_possession,,D. Arzani,Melbourne V FC,39.76,-10.95,44.93,-13.47,,,,,transition,defending_transition
7_164,2011166,1,04:54.4,passing_option,,N. Vergos,Melbourne V FC,39.01,5.68,43.79,3.39,1.0,0.0,0.0,0.3287,transition,defending_transition
7_165,2011166,1,04:55.0,passing_option,,Z. Machach,Melbourne V FC,35.45,-1.55,36.21,-2.16,1.0,1.0,1.0,0.079,transition,defending_transition
8_62,2011166,1,04:57.5,player_possession,,Z. Machach,Melbourne V FC,39.88,-5.04,39.88,-5.04,,,,,transition,defending_transition
1_55,2011166,1,05:00.4,off_ball_run,pulling_wide,D. Arzani,Melbourne V FC,40.13,-20.44,36.78,-24.52,0.0,1.0,1.0,0.0061,finish,low_block
8_63,2011166,1,05:00.7,player_possession,,J. Rawlins,Melbourne V FC,24.33,-18.02,24.33,-18.02,,,,,finish,low_block
7_166,2011166,1,05:00.7,passing_option,,Z. Machach,Melbourne V FC,38.31,-8.06,38.31,-8.06,0.0,0.0,0.0,0.0127,finish,low_block
7_167,2011166,1,05:00.7,passing_option,,D. Arzani,Melbourne V FC,39.19,-21.29,39.19,-21.29,0.0,1.0,1.0,0.0061,finish,low_block
1_56,2011166,1,05:00.8,off_ball_run,overlap,J. Rawlins,Melbourne V FC,24.87,-18.45,34.91,-28.6,0.0,0.0,0.0,0.009,finish,low_block
8_64,2011166,1,05:02.6,player_possession,,D. Arzani,Melbourne V FC,35.14,-26.69,39.72,-18.21,,,,,finish,low_block
7_168,2011166,1,05:02.6,passing_option,,J. Rawlins,Melbourne V FC,32.29,-26.64,43.79,-22.32,1.0,1.0,1.0,0.0228,finish,low_block
7_169,2011166,1,05:03.0,passing_option,,R. Teague,Melbourne V FC,21.17,-13.89,25.35,-16.67,0.0,0.0,0.0,0.0077,finish,low_block
7_170,2011166,1,05:05.4,passing_option,,J. Valadon,Melbourne V FC,30.66,-7.67,32.91,-8.5,0.0,0.0,0.0,0.018,finish,low_block
7_171,2011166,1,05:05.4,passing_option,,Z. Machach,Melbourne V FC,39.94,-13.56,36.83,-12.98,0.0,0.0,0.0,0.0112,finish,low_block
7_172,2011166,1,05:05.7,passing_option,,N. Velupillay,Melbourne V FC,39.86,0.96,43.0,-1.56,1.0,0.0,0.0,0.0734,finish,low_block
7_173,2011166,1,05:05.8,passing_option,,N. Vergos,Melbourne V FC,40.48,-1.32,41.97,-0.43,1.0,0.0,0.0,0.0769,finish,low_block
8_65,2011166,1,05:08.7,player_possession,,J. Rawlins,Melbourne V FC,46.47,-20.0,50.9,-18.49,,,,,finish,low_block
7_174,2011166,1,05:08.7,passing_option,,D. Arzani,Melbourne V FC,40.76,-17.96,40.97,-18.52,0.0,0.0,0.0,0.0127,finish,low_block
7_175,2011166,1,05:08.7,passing_option,,N. Velupillay,Melbourne V FC,44.27,-3.97,46.26,-6.89,1.0,0.0,0.0,0.0495,finish,low_block
7_176,2011166,1,05:09.0,passing_option,,N. Vergos,Melbourne V FC,45.5,2.26,46.26,3.06,1.0,1.0,1.0,0.1127,finish,low_block
8_66,2011166,1,05:11.4,player_possession,,N. Vergos,Melbourne V FC,44.03,5.76,38.12,7.38,,,,,finish,low_block
8_67,2011166,1,05:50.4,player_possession,,C. Piper,Wellington P FC,1.78,17.27,1.78,17.27,,,,,direct,defending_direct
7_177,2011166,1,05:50.4,passing_option,,H. Ishige,Wellington P FC,11.68,25.03,11.68,25.03,0.0,0.0,0.0,0.0072,direct,defending_direct
7_178,2011166,1,05:50.4,passing_option,,A. Rufer,Wellington P FC,-1.8,18.4,-1.8,18.4,0.0,0.0,0.0,0.002,direct,defending_direct
7_179,2011166,1,05:50.4,passing_option,,S. Sutton,Wellington P FC,-4.09,26.84,-4.09,26.84,0.0,1.0,0.0,0.0009,direct,defending_direct
8_68,2011166,1,05:51.8,player_possession,,Z. Machach,Melbourne V FC,-0.32,-21.47,-0.32,-21.47,,,,,chaotic,chaotic
8_69,2011166,1,05:52.8,player_possession,,D. Arzani,Melbourne V FC,-3.14,-26.31,-3.14,-26.31,,,,,chaotic,chaotic
7_180,2011166,1,05:52.8,passing_option,,Z. Machach,Melbourne V FC,1.15,-23.9,1.15,-23.9,0.0,1.0,1.0,0.0018,chaotic,chaotic
7_181,2011166,1,05:52.8,passing_option,,R. Teague,Melbourne V FC,-2.84,-20.15,-2.84,-20.15,0.0,0.0,0.0,0.001,chaotic,chaotic
8_70,2011166,1,05:55.1,player_possession,,J. Rawlins,Melbourne V FC,-7.36,-27.82,-7.36,-27.82,,,,,chaotic,chaotic
7_182,2011166,1,05:55.1,passing_option,,Z. Machach,Melbourne V FC,5.08,-25.29,5.08,-25.29,0.0,0.0,0.0,0.0046,chaotic,chaotic
7_183,2011166,1,05:55.1,passing_option,,N. Vergos,Melbourne V FC,12.86,-17.97,12.86,-17.97,0.0,1.0,1.0,0.0093,chaotic,chaotic
7_184,2011166,1,05:55.1,passing_option,,R. Teague,Melbourne V FC,-4.51,-24.27,-4.51,-24.27,0.0,0.0,0.0,0.0005,chaotic,chaotic
8_71,2011166,1,05:58.4,player_possession,,S. Wootton,Wellington P FC,-17.93,21.81,-17.93,21.81,,,,,chaotic,chaotic
1_57,2011166,1,06:12.0,off_ball_run,support,Z. Machach,Melbourne V FC,16.34,-29.1,22.11,-29.29,0.0,0.0,0.0,0.0083,chaotic,chaotic
8_72,2011166,1,06:12.7,player_possession,,N. Vergos,Melbourne V FC,27.65,-26.31,39.71,-28.74,,,,,chaotic,chaotic
7_185,2011166,1,06:12.7,passing_option,,Z. Machach,Melbourne V FC,21.23,-29.46,27.83,-26.1,0.0,0.0,0.0,0.0083,chaotic,chaotic
1_58,2011166,1,06:12.8,off_ball_run,support,N. Velupillay,Melbourne V FC,17.71,-9.71,25.55,-9.29,1.0,0.0,0.0,0.04,chaotic,chaotic
7_186,2011166,1,06:12.9,passing_option,,N. Velupillay,Melbourne V FC,18.14,-9.69,26.29,-9.13,1.0,0.0,0.0,0.04,chaotic,chaotic
8_73,2011166,1,06:34.3,player_possession,,I. Hughes,Wellington P FC,-35.83,-9.5,-28.53,-11.14,,,,,build_up,high_block
7_187,2011166,1,06:34.3,passing_option,,J. Oluwayemi,Wellington P FC,-45.8,-1.58,-46.39,-1.45,0.0,0.0,0.0,0.0,build_up,high_block
7_188,2011166,1,06:34.3,passing_option,,S. Wootton,Wellington P FC,-37.38,12.98,-37.42,10.61,0.0,0.0,0.0,0.0,build_up,high_block
7_189,2011166,1,06:37.0,passing_option,,M. Sheridan,Wellington P FC,-19.88,-13.57,-19.53,-15.05,0.0,1.0,1.0,0.0002,build_up,high_block
7_190,2011166,1,06:39.0,passing_option,,K. Nagasawa,Wellington P FC,-2.98,-9.1,-3.09,-9.28,0.0,0.0,0.0,0.0013,build_up,high_block
7_191,2011166,1,06:39.1,passing_option,,T. Payne,Wellington P FC,-14.32,-34.15,-14.32,-34.15,0.0,0.0,0.0,0.0001,build_up,high_block
8_74,2011166,1,06:40.1,player_possession,,M. Sheridan,Wellington P FC,-20.1,-16.03,-20.17,-16.15,,,,,build_up,high_block
7_192,2011166,1,06:40.1,passing_option,,K. Nagasawa,Wellington P FC,-4.55,-11.28,-5.81,-12.48,0.0,0.0,0.0,0.0013,build_up,high_block
7_193,2011166,1,06:40.1,passing_option,,I. Hughes,Wellington P FC,-28.84,-13.81,-29.72,-15.19,0.0,0.0,0.0,0.0002,build_up,high_block
7_194,2011166,1,06:40.5,passing_option,,S. Wootton,Wellington P FC,-33.84,7.29,-33.68,7.06,0.0,1.0,1.0,0.0001,build_up,high_block
8_75,2011166,1,06:42.5,player_possession,,S. Wootton,Wellington P FC,-38.48,5.96,-48.98,13.02,,,,,build_up,high_block
7_195,2011166,1,06:42.5,passing_option,,J. Oluwayemi,Wellington P FC,-47.09,-0.76,-48.19,1.7,0.0,0.0,0.0,0.0,build_up,high_block
7_196,2011166,1,06:44.4,passing_option,,S. Sutton,Wellington P FC,-23.26,31.65,-32.95,31.74,0.0,1.0,1.0,0.0001,build_up,high_block
7_197,2011166,1,06:46.4,passing_option,,H. Ishige,Wellington P FC,-9.34,17.9,-10.71,18.8,0.0,0.0,0.0,0.0008,build_up,high_block
7_198,2011166,1,06:46.4,passing_option,,C. Piper,Wellington P FC,-21.87,12.7,-24.37,12.99,0.0,0.0,0.0,0.0004,build_up,high_block
8_76,2011166,1,06:48.6,player_possession,,S. Sutton,Wellington P FC,-33.72,31.2,-35.43,23.67,,,,,build_up,high_block
7_199,2011166,1,06:48.6,passing_option,,H. Ishige,Wellington P FC,-14.78,22.48,-20.5,27.39,0.0,0.0,0.0,0.0011,build_up,high_block
7_200,2011166,1,06:50.4,passing_option,,A. Rufer,Wellington P FC,-34.76,12.78,-36.73,16.43,0.0,0.0,0.0,0.0003,build_up,high_block
7_201,2011166,1,06:51.2,passing_option,,M. Sheridan,Wellington P FC,-28.55,4.69,-26.78,9.7,0.0,1.0,1.0,0.0009,build_up,high_block
1_59,2011166,1,06:51.2,off_ball_run,coming_short,M. Sheridan,Wellington P FC,-28.55,4.69,-26.85,8.88,0.0,1.0,1.0,0.0009,build_up,high_block
7_202,2011166,1,06:51.7,passing_option,,S. Wootton,Wellington P FC,-45.9,17.24,-46.35,18.28,0.0,0.0,0.0,0.0001,build_up,high_block
8_77,2011166,1,06:53.3,player_possession,,M. Sheridan,Wellington P FC,-27.15,13.07,-22.16,21.9,,,,,build_up,high_block
7_203,2011166,1,06:53.3,passing_option,,A. Rufer,Wellington P FC,-35.43,14.54,-35.01,13.78,0.0,0.0,0.0,0.001,build_up,high_block
7_204,2011166,1,06:53.3,passing_option,,C. Piper,Wellington P FC,-22.79,22.98,-12.99,22.55,0.0,0.0,0.0,0.0079,build_up,high_block
1_60,2011166,1,06:53.3,off_ball_run,support,A. Rufer,Wellington P FC,-35.43,14.54,-33.78,12.0,0.0,0.0,0.0,0.001,build_up,high_block
1_61,2011166,1,06:53.3,off_ball_run,run_ahead_of_the_ball,C. Piper,Wellington P FC,-22.79,22.98,-12.99,22.55,0.0,0.0,0.0,0.0079,build_up,high_block
7_205,2011166,1,06:53.6,passing_option,,H. Ishige,Wellington P FC,-23.95,31.98,-22.52,34.3,0.0,0.0,0.0,0.0007,build_up,high_block
7_206,2011166,1,06:54.9,passing_option,,K. Barbarouses,Wellington P FC,-7.06,7.69,-6.37,8.15,0.0,1.0,1.0,0.0128,build_up,high_block
1_62,2011166,1,06:55.1,off_ball_run,run_ahead_of_the_ball,K. Barbarouses,Wellington P FC,-6.37,8.15,1.09,12.86,0.0,1.0,1.0,0.0128,build_up,high_block
1_63,2011166,1,06:55.2,off_ball_run,support,C. Piper,Wellington P FC,-12.32,22.73,4.82,30.46,0.0,0.0,0.0,0.0091,create,medium_block
8_78,2011166,1,06:56.7,player_possession,,K. Barbarouses,Wellington P FC,1.09,12.86,8.03,17.19,,,,,create,medium_block
7_207,2011166,1,06:56.7,passing_option,,C. Piper,Wellington P FC,-2.87,27.2,3.07,30.03,0.0,0.0,0.0,0.0091,create,medium_block
8_79,2011166,1,06:58.4,player_possession,,Roderick Miranda,Melbourne V FC,-6.51,-29.8,-2.39,-27.46,,,,,create,medium_block
8_80,2011166,1,07:04.1,player_possession,,J. Valadon,Melbourne V FC,-3.27,-20.06,-1.66,-23.57,,,,,create,medium_block
7_208,2011166,1,07:04.1,passing_option,,Roderick Miranda,Melbourne V FC,-6.16,-22.83,-7.81,-22.19,0.0,0.0,0.0,0.0011,create,medium_block
7_209,2011166,1,07:04.1,passing_option,,J. Rawlins,Melbourne V FC,-8.29,-27.37,-8.12,-27.92,0.0,0.0,0.0,0.0006,create,medium_block
7_210,2011166,1,07:04.1,passing_option,,R. Teague,Melbourne V FC,-8.27,-17.65,-8.39,-16.54,0.0,0.0,0.0,0.0011,create,medium_block
7_211,2011166,1,07:05.1,passing_option,,D. Arzani,Melbourne V FC,4.81,-31.53,4.19,-31.77,0.0,0.0,0.0,0.0015,create,medium_block
7_212,2011166,1,07:05.2,passing_option,,Z. Machach,Melbourne V FC,7.37,-22.0,8.11,-22.43,0.0,1.0,1.0,0.0046,create,medium_block
7_213,2011166,1,07:05.3,passing_option,,N. Velupillay,Melbourne V FC,3.1,-7.72,3.14,-7.84,0.0,0.0,0.0,0.0046,create,medium_block
8_81,2011166,1,07:07.1,player_possession,,Z. Machach,Melbourne V FC,11.66,-26.62,32.23,-19.67,,,,,finish,low_block
7_214,2011166,1,07:07.1,passing_option,,D. Arzani,Melbourne V FC,5.69,-31.09,41.32,-17.43,1.0,0.0,0.0,0.0241,finish,low_block
1_64,2011166,1,07:07.2,off_ball_run,underlap,D. Arzani,Melbourne V FC,6.09,-30.92,40.58,-17.79,1.0,0.0,0.0,0.0241,finish,low_block
7_215,2011166,1,07:07.3,passing_option,,N. Vergos,Melbourne V FC,17.4,-11.21,33.28,1.07,1.0,0.0,0.0,0.0545,finish,low_block
7_216,2011166,1,07:07.3,passing_option,,N. Velupillay,Melbourne V FC,5.84,-8.77,37.46,-7.5,1.0,1.0,1.0,0.0571,finish,low_block
1_65,2011166,1,07:07.3,off_ball_run,cross_receiver,N. Velupillay,Melbourne V FC,5.84,-8.77,37.07,-7.5,1.0,1.0,1.0,0.0571,finish,low_block
1_66,2011166,1,07:07.3,off_ball_run,support,J. Valadon,Melbourne V FC,3.24,-25.51,29.29,-11.93,0.0,0.0,0.0,0.0191,finish,low_block
1_67,2011166,1,07:07.6,off_ball_run,cross_receiver,N. Vergos,Melbourne V FC,18.2,-10.46,36.36,2.62,1.0,0.0,0.0,0.0545,finish,low_block
7_217,2011166,1,07:11.8,passing_option,,J. Valadon,Melbourne V FC,23.97,-18.16,27.01,-16.04,0.0,0.0,0.0,0.0191,finish,low_block
8_82,2011166,1,07:54.5,player_possession,,K. Barbarouses,Wellington P FC,-40.6,17.11,-33.91,23.22,,,,,chaotic,chaotic
7_218,2011166,1,07:54.5,passing_option,,H. Ishige,Wellington P FC,-39.0,7.1,-25.46,12.34,0.0,1.0,0.0,0.0156,chaotic,chaotic
1_68,2011166,1,07:54.6,off_ball_run,run_ahead_of_the_ball,H. Ishige,Wellington P FC,-38.68,7.35,-18.96,15.91,0.0,1.0,0.0,0.0156,chaotic,chaotic
7_219,2011166,1,07:56.2,passing_option,,S. Sutton,Wellington P FC,-43.41,14.43,-42.62,16.75,0.0,0.0,0.0,0.0002,chaotic,chaotic
8_83,2011166,1,07:58.6,player_possession,,J. Valadon,Melbourne V FC,13.31,-23.19,9.29,-25.42,,,,,finish,low_block
7_220,2011166,1,07:58.6,passing_option,,M. Langerak,Melbourne V FC,-26.5,-5.11,-26.89,-5.29,0.0,0.0,0.0,0.0,finish,low_block
7_221,2011166,1,07:58.6,passing_option,,J. Rawlins,Melbourne V FC,11.38,-22.82,5.85,-22.07,0.0,1.0,1.0,0.0007,finish,low_block
1_69,2011166,1,07:59.5,off_ball_run,dropping_off,K. Bos,Melbourne V FC,9.2,-11.69,-2.4,-8.46,0.0,0.0,0.0,0.001,create,medium_block
8_84,2011166,1,08:00.8,player_possession,,J. Rawlins,Melbourne V FC,-3.57,-21.36,-3.84,-20.88,,,,,create,medium_block
7_222,2011166,1,08:00.8,passing_option,,Roderick Miranda,Melbourne V FC,11.4,-12.26,8.17,-13.19,0.0,0.0,0.0,0.0016,create,medium_block
7_223,2011166,1,08:00.8,passing_option,,K. Bos,Melbourne V FC,2.79,-10.43,-0.8,-9.11,0.0,0.0,0.0,0.001,create,medium_block
7_224,2011166,1,08:01.4,passing_option,,Z. Machach,Melbourne V FC,27.71,-18.0,27.09,-18.09,0.0,1.0,1.0,0.0029,create,medium_block
8_85,2011166,1,08:02.5,player_possession,,Z. Machach,Melbourne V FC,24.56,-18.19,20.96,-17.59,,,,,create,medium_block
7_225,2011166,1,08:02.5,passing_option,,D. Arzani,Melbourne V FC,19.54,-27.85,16.09,-28.91,0.0,0.0,0.0,0.0039,create,medium_block
7_226,2011166,1,08:04.1,passing_option,,J. Rawlins,Melbourne V FC,-5.95,-22.42,-5.83,-22.56,0.0,1.0,1.0,0.0002,create,medium_block
8_86,2011166,1,08:05.8,player_possession,,J. Rawlins,Melbourne V FC,-5.48,-23.22,-5.48,-23.22,,,,,create,medium_block
7_227,2011166,1,08:05.8,passing_option,,Roderick Miranda,Melbourne V FC,-4.93,-12.41,-4.93,-12.41,0.0,1.0,1.0,0.0003,create,medium_block
8_87,2011166,1,08:07.3,player_possession,,Roderick Miranda,Melbourne V FC,-8.87,-14.01,-8.68,-16.11,,,,,create,medium_block
7_228,2011166,1,08:07.3,passing_option,,L. Jackson,Melbourne V FC,-9.24,2.32,-10.36,1.87,0.0,0.0,0.0,0.0003,create,medium_block
7_229,2011166,1,08:07.3,passing_option,,J. Rawlins,Melbourne V FC,-3.8,-25.72,-0.11,-29.0,0.0,0.0,0.0,0.0014,create,medium_block
7_230,2011166,1,08:07.9,passing_option,,D. Arzani,Melbourne V FC,12.0,-31.65,11.1,-32.21,0.0,1.0,1.0,0.0012,create,medium_block
1_70,2011166,1,08:09.9,off_ball_run,overlap,J. Rawlins,Melbourne V FC,3.41,-30.74,21.5,-33.54,0.0,0.0,0.0,0.0048,create,medium_block
8_88,2011166,1,08:10.5,player_possession,,D. Arzani,Melbourne V FC,11.3,-33.36,12.63,-32.89,,,,,create,medium_block
7_231,2011166,1,08:10.5,passing_option,,Z. Machach,Melbourne V FC,17.21,-18.77,17.63,-20.9,0.0,0.0,0.0,0.0052,create,medium_block
7_232,2011166,1,08:10.5,passing_option,,J. Rawlins,Melbourne V FC,6.16,-31.88,16.14,-34.16,0.0,0.0,0.0,0.0048,create,medium_block
7_233,2011166,1,08:11.6,passing_option,,R. Teague,Melbourne V FC,6.82,-22.87,7.83,-23.85,0.0,1.0,1.0,0.0018,create,medium_block
8_89,2011166,1,08:13.3,player_possession,,R. Teague,Melbourne V FC,9.23,-25.2,7.41,-22.49,,,,,create,medium_block
7_234,2011166,1,08:13.3,passing_option,,D. Arzani,Melbourne V FC,11.29,-32.65,10.91,-32.75,0.0,0.0,0.0,0.0011,create,medium_block
7_235,2011166,1,08:13.4,passing_option,,J. Valadon,Melbourne V FC,9.08,-10.08,8.73,-11.82,0.0,0.0,0.0,0.003,create,medium_block
7_236,2011166,1,08:13.7,passing_option,,L. Jackson,Melbourne V FC,-4.02,-1.92,-2.7,0.39,0.0,0.0,0.0,0.0007,create,medium_block
7_237,2011166,1,08:14.5,passing_option,,Roderick Miranda,Melbourne V FC,-3.73,-19.64,-4.03,-19.28,0.0,1.0,1.0,0.0004,create,medium_block
8_90,2011166,1,08:16.8,player_possession,,Roderick Miranda,Melbourne V FC,-4.24,-17.88,-3.49,-16.29,,,,,create,medium_block
7_238,2011166,1,08:16.8,passing_option,,L. Jackson,Melbourne V FC,-5.23,4.09,-8.09,6.5,0.0,1.0,1.0,0.0003,create,medium_block
8_91,2011166,1,08:19.7,player_possession,,L. Jackson,Melbourne V FC,-9.14,8.79,-7.84,10.31,,,,,create,medium_block
7_239,2011166,1,08:19.8,passing_option,,K. Bos,Melbourne V FC,10.23,26.9,10.87,29.49,0.0,1.0,1.0,0.0021,create,medium_block
1_71,2011166,1,08:20.9,off_ball_run,coming_short,N. Velupillay,Melbourne V FC,15.98,6.19,18.69,20.66,0.0,1.0,1.0,0.0058,finish,low_block
8_92,2011166,1,08:22.8,player_possession,,K. Bos,Melbourne V FC,14.55,32.7,18.45,33.56,,,,,finish,low_block
7_240,2011166,1,08:22.8,passing_option,,N. Vergos,Melbourne V FC,28.36,8.15,32.79,12.89,1.0,0.0,0.0,0.0222,finish,low_block
7_241,2011166,1,08:22.8,passing_option,,N. Velupillay,Melbourne V FC,17.28,15.33,19.38,24.53,0.0,1.0,1.0,0.0058,finish,low_block
8_93,2011166,1,08:26.1,player_possession,,N. Velupillay,Melbourne V FC,18.77,27.11,16.46,29.07,,,,,finish,low_block
7_242,2011166,1,08:26.1,passing_option,,K. Bos,Melbourne V FC,18.37,33.14,17.29,32.82,0.0,0.0,0.0,0.0023,finish,low_block
7_243,2011166,1,08:26.1,passing_option,,L. Jackson,Melbourne V FC,-3.99,19.23,-3.55,21.53,0.0,1.0,1.0,0.0005,finish,low_block
8_94,2011166,1,08:29.7,player_possession,,L. Jackson,Melbourne V FC,-4.57,21.46,-4.57,21.46,,,,,create,medium_block
7_244,2011166,1,08:29.7,passing_option,,Roderick Miranda,Melbourne V FC,-7.52,2.54,-7.52,2.54,0.0,0.0,0.0,0.0007,create,medium_block
7_245,2011166,1,08:29.7,passing_option,,R. Teague,Melbourne V FC,9.14,9.52,9.14,9.52,0.0,1.0,1.0,0.0027,create,medium_block
7_246,2011166,1,08:29.7,passing_option,,J. Valadon,Melbourne V FC,6.86,20.65,6.86,20.65,0.0,0.0,0.0,0.0013,create,medium_block
8_95,2011166,1,08:31.0,player_possession,,R. Teague,Melbourne V FC,4.19,11.63,4.19,11.63,,,,,create,medium_block
7_247,2011166,1,08:31.0,passing_option,,Roderick Miranda,Melbourne V FC,-10.69,3.26,-10.69,3.26,0.0,1.0,1.0,0.0007,create,medium_block
8_96,2011166,1,08:32.7,player_possession,,Roderick Miranda,Melbourne V FC,-10.54,0.07,-6.83,-6.05,,,,,create,medium_block
7_248,2011166,1,08:32.7,passing_option,,J. Rawlins,Melbourne V FC,0.45,-20.32,3.68,-24.03,0.0,1.0,1.0,0.0029,create,medium_block
7_249,2011166,1,08:33.2,passing_option,,Z. Machach,Melbourne V FC,13.33,-6.82,12.45,-8.11,0.0,0.0,0.0,0.0046,create,medium_block
1_72,2011166,1,08:34.9,off_ball_run,run_ahead_of_the_ball,J. Rawlins,Melbourne V FC,5.5,-24.96,11.87,-26.26,0.0,1.0,1.0,0.0029,create,medium_block
8_97,2011166,1,08:36.3,player_possession,,J. Rawlins,Melbourne V FC,11.87,-26.26,30.46,-24.51,,,,,finish,low_block
7_250,2011166,1,08:36.3,passing_option,,Z. Machach,Melbourne V FC,15.94,-10.93,28.97,-15.26,0.0,0.0,0.0,0.0122,finish,low_block
1_73,2011166,1,08:36.3,off_ball_run,run_ahead_of_the_ball,Z. Machach,Melbourne V FC,15.94,-10.93,25.8,-14.04,0.0,0.0,0.0,0.0122,finish,low_block
7_251,2011166,1,08:36.6,passing_option,,N. Vergos,Melbourne V FC,27.73,4.41,32.36,3.43,1.0,0.0,0.0,0.0344,finish,low_block
7_252,2011166,1,08:36.6,passing_option,,D. Arzani,Melbourne V FC,25.26,-17.68,35.11,-21.18,0.0,1.0,1.0,0.0062,finish,low_block
1_74,2011166,1,08:38.6,off_ball_run,run_ahead_of_the_ball,D. Arzani,Melbourne V FC,32.61,-17.64,35.11,-21.18,0.0,1.0,1.0,0.0062,finish,low_block
8_98,2011166,1,08:40.3,player_possession,,D. Arzani,Melbourne V FC,35.98,-23.29,35.9,-26.2,,,,,finish,low_block
7_253,2011166,1,08:40.3,passing_option,,Z. Machach,Melbourne V FC,31.05,-16.11,36.62,-15.77,0.0,0.0,0.0,0.0145,finish,low_block
7_254,2011166,1,08:40.3,passing_option,,J. Rawlins,Melbourne V FC,33.28,-24.83,39.3,-28.22,0.0,1.0,1.0,0.0061,finish,low_block
8_99,2011166,1,08:45.8,player_possession,,J. Rawlins,Melbourne V FC,38.27,-29.58,36.07,-31.6,,,,,finish,low_block
7_255,2011166,1,08:45.8,passing_option,,D. Arzani,Melbourne V FC,34.01,-28.04,30.19,-30.68,0.0,1.0,1.0,0.002,finish,low_block
1_75,2011166,1,08:45.9,off_ball_run,support,D. Arzani,Melbourne V FC,33.69,-28.3,29.49,-31.14,0.0,1.0,1.0,0.002,finish,low_block
8_100,2011166,1,08:47.7,player_possession,,D. Arzani,Melbourne V FC,27.55,-32.36,16.16,-28.55,,,,,finish,low_block
7_256,2011166,1,08:47.7,passing_option,,J. Rawlins,Melbourne V FC,34.6,-32.96,34.42,-33.1,0.0,0.0,0.0,0.0038,finish,low_block
7_257,2011166,1,08:47.7,passing_option,,Roderick Miranda,Melbourne V FC,7.82,-19.58,5.56,-23.16,0.0,1.0,1.0,0.0005,finish,low_block
7_258,2011166,1,08:48.6,passing_option,,R. Teague,Melbourne V FC,20.11,-24.52,19.82,-23.65,0.0,0.0,0.0,0.0034,finish,low_block
8_101,2011166,1,08:52.3,player_possession,,Roderick Miranda,Melbourne V FC,5.39,-23.28,4.97,-23.52,,,,,finish,low_block
7_259,2011166,1,08:53.4,passing_option,,Z. Machach,Melbourne V FC,26.16,-20.86,25.53,-20.95,0.0,1.0,1.0,0.0032,finish,low_block
7_260,2011166,1,08:53.4,passing_option,,D. Arzani,Melbourne V FC,15.33,-29.96,15.81,-29.75,0.0,0.0,0.0,0.0033,finish,low_block
7_261,2011166,1,08:53.6,passing_option,,R. Teague,Melbourne V FC,13.58,-19.05,13.58,-19.05,0.0,0.0,0.0,0.0024,finish,low_block
8_102,2011166,1,08:55.0,player_possession,,Z. Machach,Melbourne V FC,23.48,-22.5,23.48,-22.5,,,,,finish,low_block
7_262,2011166,1,08:55.0,passing_option,,D. Arzani,Melbourne V FC,18.67,-27.18,18.67,-27.18,0.0,1.0,1.0,0.0071,finish,low_block
7_263,2011166,1,08:55.0,passing_option,,J. Rawlins,Melbourne V FC,25.02,-32.91,25.02,-32.91,0.0,0.0,0.0,0.0057,finish,low_block
1_76,2011166,1,08:55.5,off_ball_run,run_ahead_of_the_ball,N. Velupillay,Melbourne V FC,24.75,-3.39,34.74,-9.72,1.0,0.0,0.0,0.0308,finish,low_block
8_103,2011166,1,08:55.8,player_possession,,D. Arzani,Melbourne V FC,20.97,-25.61,24.47,-23.03,,,,,finish,low_block
7_264,2011166,1,08:55.8,passing_option,,Z. Machach,Melbourne V FC,25.5,-22.4,28.75,-21.68,0.0,0.0,0.0,0.0097,finish,low_block
7_265,2011166,1,08:55.8,passing_option,,J. Rawlins,Melbourne V FC,27.66,-32.05,33.16,-30.04,0.0,0.0,0.0,0.0074,finish,low_block
7_266,2011166,1,08:56.1,passing_option,,N. Velupillay,Melbourne V FC,26.54,-5.5,31.38,-8.61,1.0,0.0,0.0,0.0308,finish,low_block
1_77,2011166,1,08:56.1,off_ball_run,run_ahead_of_the_ball,J. Rawlins,Melbourne V FC,28.78,-31.64,32.44,-30.34,0.0,0.0,0.0,0.0074,finish,low_block
1_78,2011166,1,08:56.1,off_ball_run,cross_receiver,N. Vergos,Melbourne V FC,30.26,-1.85,38.95,1.57,1.0,1.0,0.0,0.0657,finish,low_block
7_267,2011166,1,08:56.2,passing_option,,N. Vergos,Melbourne V FC,30.69,-1.73,35.34,0.33,1.0,1.0,0.0,0.0657,finish,low_block
8_104,2011166,1,08:58.0,player_possession,,C. Piper,Wellington P FC,-36.95,8.13,-36.95,8.13,,,,,chaotic,chaotic
8_105,2011166,1,08:59.9,player_possession,,M. Sheridan,Wellington P FC,-29.24,23.05,-23.69,33.93,,,,,chaotic,chaotic
7_268,2011166,1,09:00.5,passing_option,,K. Barbarouses,Wellington P FC,-6.78,13.82,-4.33,15.97,0.0,0.0,0.0,0.0078,chaotic,chaotic
7_269,2011166,1,09:00.8,passing_option,,H. Ishige,Wellington P FC,-20.99,17.62,-18.26,23.94,0.0,0.0,0.0,0.0031,chaotic,chaotic
8_106,2011166,1,09:24.0,player_possession,,J. Rawlins,Melbourne V FC,26.58,-32.73,26.58,-32.73,,,,,chaotic,chaotic
7_270,2011166,1,09:24.0,passing_option,,Z. Machach,Melbourne V FC,28.05,-31.47,28.05,-31.47,0.0,0.0,0.0,0.0018,chaotic,chaotic
7_271,2011166,1,09:24.0,passing_option,,D. Arzani,Melbourne V FC,26.88,-27.54,26.88,-27.54,0.0,1.0,0.0,0.006,chaotic,chaotic
7_272,2011166,1,09:24.0,passing_option,,N. Vergos,Melbourne V FC,33.1,-26.77,33.1,-26.77,0.0,0.0,0.0,0.0046,chaotic,chaotic
8_107,2011166,1,09:27.0,player_possession,,A. Rufer,Wellington P FC,-41.46,28.7,-41.46,28.7,,,,,build_up,high_block
7_273,2011166,1,09:27.0,passing_option,,J. Oluwayemi,Wellington P FC,-49.61,3.06,-49.61,3.06,0.0,0.0,0.0,0.0,build_up,high_block
7_274,2011166,1,09:27.0,passing_option,,S. Wootton,Wellington P FC,-41.44,20.46,-41.44,20.46,0.0,1.0,1.0,0.0003,build_up,high_block
1_79,2011166,1,09:28.0,off_ball_run,dropping_off,I. Hughes,Wellington P FC,-41.41,7.11,-43.09,3.69,0.0,0.0,0.0,0.0003,build_up,high_block
8_108,2011166,1,09:28.2,player_possession,,S. Wootton,Wellington P FC,-44.56,18.7,-45.13,17.25,,,,,build_up,high_block
7_275,2011166,1,09:28.6,passing_option,,J. Oluwayemi,Wellington P FC,-50.54,5.18,-50.56,5.08,0.0,1.0,1.0,0.0,build_up,high_block
7_276,2011166,1,09:28.8,passing_option,,I. Hughes,Wellington P FC,-43.09,3.69,-43.09,3.69,0.0,0.0,0.0,0.0003,build_up,high_block
1_80,2011166,1,09:28.9,off_ball_run,dropping_off,I. Hughes,Wellington P FC,-43.32,3.22,-47.91,-13.8,0.0,0.0,0.0,0.0004,build_up,high_block
1_81,2011166,1,09:29.1,off_ball_run,pulling_wide,T. Payne,Wellington P FC,-37.1,-6.69,-37.66,-21.83,0.0,1.0,1.0,0.0001,build_up,high_block
8_109,2011166,1,09:30.3,player_possession,,J. Oluwayemi,Wellington P FC,-49.42,1.8,-48.52,0.39,,,,,build_up,high_block
7_277,2011166,1,09:30.3,passing_option,,T. Payne,Wellington P FC,-37.56,-12.59,-37.92,-16.19,0.0,1.0,1.0,0.0001,build_up,high_block
7_278,2011166,1,09:30.3,passing_option,,I. Hughes,Wellington P FC,-46.31,-4.42,-47.56,-8.69,0.0,0.0,0.0,0.0004,build_up,high_block
8_110,2011166,1,09:32.9,player_possession,,T. Payne,Wellington P FC,-36.9,-23.84,-36.9,-23.84,,,,,build_up,high_block
7_279,2011166,1,09:32.9,passing_option,,K. Nagasawa,Wellington P FC,-20.15,-0.68,-20.15,-0.68,0.0,0.0,0.0,0.0009,build_up,high_block
7_280,2011166,1,09:32.9,passing_option,,I. Hughes,Wellington P FC,-46.85,-16.68,-46.85,-16.68,0.0,1.0,1.0,0.0003,build_up,high_block
8_111,2011166,1,09:34.3,player_possession,,I. Hughes,Wellington P FC,-45.83,-18.97,-45.33,-19.33,,,,,build_up,high_block
7_281,2011166,1,09:34.3,passing_option,,K. Nagasawa,Wellington P FC,-19.01,-8.28,-18.41,-15.48,0.0,0.0,0.0,0.0006,build_up,high_block
7_282,2011166,1,09:34.3,passing_option,,C. Piper,Wellington P FC,-25.52,-14.19,-27.84,-16.44,0.0,1.0,1.0,0.0001,build_up,high_block
7_283,2011166,1,09:34.8,passing_option,,J. Oluwayemi,Wellington P FC,-50.67,-8.87,-51.02,-9.18,0.0,0.0,0.0,0.0,build_up,high_block
8_112,2011166,1,09:37.1,player_possession,,C. Piper,Wellington P FC,-32.7,-18.69,-32.7,-18.69,,,,,build_up,high_block
7_284,2011166,1,09:37.1,passing_option,,K. Nagasawa,Wellington P FC,-19.96,-21.83,-19.96,-21.83,0.0,0.0,0.0,0.0005,build_up,high_block
7_285,2011166,1,09:37.1,passing_option,,T. Payne,Wellington P FC,-36.27,-32.21,-36.27,-32.21,0.0,1.0,1.0,0.0005,build_up,high_block
8_113,2011166,1,09:38.5,player_possession,,T. Payne,Wellington P FC,-37.4,-30.33,-34.88,-16.95,,,,,build_up,high_block
7_286,2011166,1,09:38.5,passing_option,,C. Piper,Wellington P FC,-35.04,-20.85,-32.95,-19.7,0.0,0.0,0.0,0.0004,build_up,high_block
7_287,2011166,1,09:38.5,passing_option,,K. Nagasawa,Wellington P FC,-22.32,-26.54,-25.31,-29.77,0.0,0.0,0.0,0.0003,build_up,high_block
1_82,2011166,1,09:40.0,off_ball_run,run_ahead_of_the_ball,C. Piper,Wellington P FC,-34.32,-20.13,-25.34,-17.15,0.0,0.0,0.0,0.0004,build_up,high_block
7_288,2011166,1,09:40.8,passing_option,,A. Rufer,Wellington P FC,-33.75,2.15,-33.72,1.09,0.0,0.0,0.0,0.0003,build_up,high_block
7_289,2011166,1,09:41.4,passing_option,,H. Ishige,Wellington P FC,-19.68,7.71,-20.1,7.72,0.0,1.0,1.0,0.0006,build_up,high_block
7_290,2011166,1,09:41.4,passing_option,,S. Sutton,Wellington P FC,-23.84,24.78,-23.27,25.11,0.0,0.0,0.0,0.0006,build_up,high_block
1_83,2011166,1,09:41.7,off_ball_run,run_ahead_of_the_ball,C. Piper,Wellington P FC,-24.77,-16.91,-15.68,-12.55,0.0,0.0,0.0,0.0142,build_up,high_block
8_114,2011166,1,09:43.4,player_possession,,H. Ishige,Wellington P FC,-20.19,5.82,-20.19,5.82,,,,,build_up,high_block
7_291,2011166,1,09:43.4,passing_option,,K. Barbarouses,Wellington P FC,-9.32,3.07,-9.32,3.07,0.0,1.0,1.0,0.0054,build_up,high_block
7_292,2011166,1,09:43.4,passing_option,,A. Rufer,Wellington P FC,-30.29,0.55,-30.29,0.55,0.0,0.0,0.0,0.0008,build_up,high_block
7_293,2011166,1,09:43.4,passing_option,,S. Sutton,Wellington P FC,-16.97,27.51,-16.97,27.51,0.0,0.0,0.0,0.0031,build_up,high_block
7_294,2011166,1,09:43.4,passing_option,,C. Piper,Wellington P FC,-15.68,-12.55,-15.68,-12.55,0.0,0.0,0.0,0.0142,build_up,high_block
1_84,2011166,1,09:43.5,off_ball_run,run_ahead_of_the_ball,C. Piper,Wellington P FC,-15.07,-12.38,31.09,-4.26,1.0,0.0,0.0,0.0641,finish,low_block
1_85,2011166,1,09:43.5,off_ball_run,overlap,S. Sutton,Wellington P FC,-16.47,27.58,47.6,13.88,1.0,1.0,1.0,0.0851,finish,low_block
8_115,2011166,1,09:44.6,player_possession,,K. Barbarouses,Wellington P FC,-8.31,7.62,27.72,17.13,,,,,finish,low_block
7_295,2011166,1,09:44.6,passing_option,,S. Sutton,Wellington P FC,-9.64,27.8,32.1,20.46,1.0,1.0,1.0,0.0851,finish,low_block
7_296,2011166,1,09:44.9,passing_option,,C. Piper,Wellington P FC,-5.47,-10.14,20.13,-5.08,1.0,0.0,0.0,0.0641,finish,low_block
1_86,2011166,1,09:50.2,off_ball_run,cross_receiver,C. Piper,Wellington P FC,31.62,-4.21,48.1,2.73,1.0,1.0,1.0,0.1181,finish,low_block
8_116,2011166,1,09:52.5,player_possession,,S. Sutton,Wellington P FC,48.15,13.55,48.15,13.55,,,,,finish,low_block
7_297,2011166,1,09:52.5,passing_option,,C. Piper,Wellington P FC,45.37,1.04,45.37,1.04,1.0,1.0,1.0,0.1181,finish,low_block
8_117,2011166,1,09:53.0,player_possession,,C. Piper,Wellington P FC,48.1,2.73,48.1,2.73,,,,,finish,low_block
8_118,2011166,1,10:57.4,player_possession,,R. Teague,Melbourne V FC,-6.92,-7.34,-6.92,-7.34,,,,,create,medium_block
7_298,2011166,1,10:57.4,passing_option,,J. Rawlins,Melbourne V FC,-3.43,-29.87,-3.43,-29.87,0.0,1.0,1.0,0.0012,create,medium_block
8_119,2011166,1,10:59.6,player_possession,,J. Rawlins,Melbourne V FC,-0.15,-28.38,-0.16,-28.2,,,,,create,medium_block
7_299,2011166,1,10:59.6,passing_option,,Z. Machach,Melbourne V FC,14.43,-20.22,14.85,-19.99,0.0,0.0,0.0,0.007,create,medium_block
7_300,2011166,1,10:59.6,passing_option,,D. Arzani,Melbourne V FC,11.45,-23.28,12.51,-22.91,0.0,0.0,0.0,0.0038,create,medium_block
7_301,2011166,1,10:59.6,passing_option,,Roderick Miranda,Melbourne V FC,-14.25,-14.38,-14.24,-17.1,0.0,1.0,1.0,0.0002,create,medium_block
8_120,2011166,1,11:01.6,player_possession,,Roderick Miranda,Melbourne V FC,-16.95,-21.74,-32.57,-22.98,,,,,create,medium_block
7_302,2011166,1,11:01.6,passing_option,,M. Langerak,Melbourne V FC,-38.68,-4.1,-43.9,-3.58,0.0,1.0,1.0,0.0,create,medium_block
1_87,2011166,1,11:04.4,off_ball_run,dropping_off,L. Jackson,Melbourne V FC,-27.28,10.67,-38.68,18.61,0.0,1.0,1.0,0.0,create,medium_block
8_121,2011166,1,11:06.3,player_possession,,M. Langerak,Melbourne V FC,-48.63,-4.71,-48.72,-3.01,,,,,create,medium_block
7_303,2011166,1,11:06.3,passing_option,,L. Jackson,Melbourne V FC,-35.55,15.84,-38.68,18.61,0.0,1.0,1.0,0.0,create,medium_block
7_304,2011166,1,11:07.1,passing_option,,K. Bos,Melbourne V FC,-21.93,24.39,-22.19,24.72,0.0,0.0,0.0,0.0001,create,medium_block
8_122,2011166,1,11:09.1,player_possession,,L. Jackson,Melbourne V FC,-41.0,23.29,-23.67,13.7,,,,,create,medium_block
7_305,2011166,1,11:09.1,passing_option,,K. Bos,Melbourne V FC,-25.52,30.12,-26.23,32.81,0.0,0.0,0.0,0.0005,create,medium_block
7_306,2011166,1,11:09.1,passing_option,,N. Velupillay,Melbourne V FC,-0.15,12.12,-5.58,18.35,0.0,0.0,0.0,0.0019,create,medium_block
7_307,2011166,1,11:11.7,passing_option,,J. Valadon,Melbourne V FC,-21.82,14.57,-22.71,12.04,0.0,0.0,0.0,0.0005,create,medium_block
7_308,2011166,1,11:14.2,passing_option,,Roderick Miranda,Melbourne V FC,-33.9,-9.55,-31.41,-9.73,0.0,0.0,0.0,0.0002,create,medium_block
7_309,2011166,1,11:19.4,passing_option,,K. Bos,Melbourne V FC,-17.73,30.97,-14.8,31.36,0.0,0.0,0.0,0.0005,create,medium_block
7_310,2011166,1,11:20.6,passing_option,,Roderick Miranda,Melbourne V FC,-26.04,-10.47,-26.91,-10.12,0.0,0.0,0.0,0.0002,create,medium_block
7_311,2011166,1,11:22.8,passing_option,,M. Langerak,Melbourne V FC,-42.49,2.29,-42.48,2.23,0.0,1.0,1.0,0.0,create,medium_block
8_123,2011166,1,11:25.5,player_possession,,M. Langerak,Melbourne V FC,-42.32,0.34,-42.32,0.34,,,,,create,medium_block
7_312,2011166,1,11:25.5,passing_option,,Roderick Miranda,Melbourne V FC,-29.79,-13.31,-29.79,-13.31,0.0,1.0,1.0,0.0,create,medium_block
7_313,2011166,1,11:25.5,passing_option,,J. Rawlins,Melbourne V FC,-5.81,-32.79,-5.81,-32.79,0.0,0.0,0.0,0.0001,create,medium_block
8_124,2011166,1,11:26.6,player_possession,,Roderick Miranda,Melbourne V FC,-29.71,-14.82,-15.28,-16.04,,,,,create,medium_block
7_314,2011166,1,11:27.5,passing_option,,R. Teague,Melbourne V FC,-11.01,-9.93,-13.24,-11.0,0.0,0.0,0.0,0.0009,create,medium_block
7_315,2011166,1,11:28.1,passing_option,,D. Arzani,Melbourne V FC,6.56,-15.74,6.78,-16.07,0.0,0.0,0.0,0.004,create,medium_block
7_316,2011166,1,11:29.1,passing_option,,J. Rawlins,Melbourne V FC,-2.54,-33.17,-2.31,-32.65,0.0,0.0,0.0,0.0005,create,medium_block
7_317,2011166,1,11:31.2,passing_option,,R. Teague,Melbourne V FC,-8.47,-11.34,-6.95,-11.38,0.0,0.0,0.0,0.0009,create,medium_block
7_318,2011166,1,11:31.5,passing_option,,N. Vergos,Melbourne V FC,8.83,-7.72,11.35,-7.95,0.0,0.0,0.0,0.0154,create,medium_block
7_319,2011166,1,11:31.7,passing_option,,D. Arzani,Melbourne V FC,8.66,-17.33,9.5,-17.07,0.0,0.0,0.0,0.004,create,medium_block
7_320,2011166,1,11:31.7,passing_option,,K. Bos,Melbourne V FC,-2.69,24.46,0.83,24.54,0.0,1.0,1.0,0.004,create,medium_block
1_88,2011166,1,11:31.7,off_ball_run,run_ahead_of_the_ball,K. Bos,Melbourne V FC,-2.69,24.46,10.0,29.05,0.0,1.0,1.0,0.004,create,medium_block
7_321,2011166,1,11:31.8,passing_option,,N. Velupillay,Melbourne V FC,5.36,4.58,8.14,4.23,0.0,0.0,0.0,0.0188,create,medium_block
1_89,2011166,1,11:32.5,off_ball_run,behind,N. Vergos,Melbourne V FC,11.77,-7.93,16.11,-6.86,0.0,0.0,0.0,0.0154,create,medium_block
1_90,2011166,1,11:32.5,off_ball_run,run_ahead_of_the_ball,N. Velupillay,Melbourne V FC,8.7,4.2,25.66,12.85,0.0,0.0,0.0,0.0152,create,medium_block
8_125,2011166,1,11:35.4,player_possession,,K. Bos,Melbourne V FC,10.96,30.95,2.73,28.96,,,,,create,medium_block
7_322,2011166,1,11:35.4,passing_option,,N. Velupillay,Melbourne V FC,24.4,10.97,27.33,15.74,0.0,0.0,0.0,0.0152,create,medium_block
7_323,2011166,1,11:37.1,passing_option,,L. Jackson,Melbourne V FC,-12.54,13.34,-13.81,18.28,0.0,1.0,1.0,0.0002,create,medium_block
1_91,2011166,1,11:39.8,off_ball_run,dropping_off,K. Bos,Melbourne V FC,-0.35,29.2,-3.45,29.52,0.0,0.0,0.0,0.0004,create,medium_block
8_126,2011166,1,11:40.8,player_possession,,L. Jackson,Melbourne V FC,-17.13,21.11,-11.42,18.64,,,,,create,medium_block
7_324,2011166,1,11:40.8,passing_option,,K. Bos,Melbourne V FC,-4.36,29.82,-5.48,31.58,0.0,1.0,1.0,0.0012,create,medium_block
7_325,2011166,1,11:43.7,passing_option,,Roderick Miranda,Melbourne V FC,-17.8,-4.66,-14.34,-4.57,0.0,0.0,0.0,0.0004,create,medium_block
7_326,2011166,1,11:43.9,passing_option,,J. Valadon,Melbourne V FC,-0.81,15.03,-2.93,12.91,0.0,0.0,0.0,0.002,create,medium_block
7_327,2011166,1,11:44.6,passing_option,,N. Velupillay,Melbourne V FC,9.41,16.71,7.33,16.2,0.0,0.0,0.0,0.0056,create,medium_block
8_127,2011166,1,11:47.9,player_possession,,K. Bos,Melbourne V FC,-3.73,31.79,-2.53,30.68,,,,,create,medium_block
7_328,2011166,1,11:47.9,passing_option,,N. Velupillay,Melbourne V FC,6.55,18.39,6.22,21.77,0.0,0.0,0.0,0.0049,create,medium_block
7_329,2011166,1,11:49.0,passing_option,,L. Jackson,Melbourne V FC,-15.07,19.84,-17.72,22.66,0.0,0.0,0.0,0.0002,create,medium_block
7_330,2011166,1,11:50.3,passing_option,,Roderick Miranda,Melbourne V FC,-10.76,-2.1,-10.82,-1.95,0.0,1.0,1.0,0.0003,create,medium_block
8_128,2011166,1,11:52.7,player_possession,,Roderick Miranda,Melbourne V FC,-10.28,-6.24,-7.79,-9.56,,,,,create,medium_block
7_331,2011166,1,11:52.7,passing_option,,J. Rawlins,Melbourne V FC,5.43,-26.15,3.01,-28.45,0.0,0.0,0.0,0.0013,create,medium_block
7_332,2011166,1,11:53.0,passing_option,,D. Arzani,Melbourne V FC,13.09,-6.47,13.63,-9.41,0.0,0.0,0.0,0.0063,create,medium_block
1_92,2011166,1,11:53.1,off_ball_run,run_ahead_of_the_ball,Z. Machach,Melbourne V FC,6.71,3.4,7.0,-1.25,0.0,1.0,1.0,0.0037,create,medium_block
7_333,2011166,1,11:53.5,passing_option,,Z. Machach,Melbourne V FC,6.67,1.69,6.79,-0.01,0.0,1.0,1.0,0.0037,create,medium_block
1_93,2011166,1,11:54.3,off_ball_run,run_ahead_of_the_ball,D. Arzani,Melbourne V FC,14.47,-10.81,28.36,-11.83,1.0,0.0,0.0,0.034,finish,low_block
8_129,2011166,1,11:54.7,player_possession,,Z. Machach,Melbourne V FC,7.68,-3.1,28.05,-16.64,,,,,finish,low_block
7_334,2011166,1,11:54.7,passing_option,,D. Arzani,Melbourne V FC,15.68,-12.06,35.53,-12.65,1.0,0.0,0.0,0.034,finish,low_block
7_335,2011166,1,11:54.7,passing_option,,J. Rawlins,Melbourne V FC,4.05,-28.67,31.58,-24.7,0.0,1.0,0.0,0.0121,finish,low_block
7_336,2011166,1,11:54.9,passing_option,,N. Vergos,Melbourne V FC,15.38,2.82,27.29,2.82,1.0,0.0,0.0,0.0554,finish,low_block
1_94,2011166,1,11:55.1,off_ball_run,overlap,J. Rawlins,Melbourne V FC,5.56,-28.45,35.64,-24.41,0.0,1.0,0.0,0.0121,finish,low_block
1_95,2011166,1,11:55.3,off_ball_run,run_ahead_of_the_ball,N. Vergos,Melbourne V FC,16.66,2.65,32.24,2.43,1.0,0.0,0.0,0.0554,finish,low_block
8_130,2011166,1,12:00.1,player_possession,,S. Sutton,Wellington P FC,-39.0,19.75,-23.85,32.34,,,,,build_up,high_block
7_337,2011166,1,12:00.1,passing_option,,H. Ishige,Wellington P FC,-17.29,14.37,-17.64,14.33,0.0,0.0,0.0,0.002,build_up,high_block
7_338,2011166,1,12:00.1,passing_option,,A. Rufer,Wellington P FC,-34.57,15.5,-38.1,17.73,0.0,0.0,0.0,0.0003,build_up,high_block
7_339,2011166,1,12:00.7,passing_option,,M. Sheridan,Wellington P FC,-33.66,14.84,-26.04,25.81,0.0,1.0,1.0,0.0017,build_up,high_block
7_340,2011166,1,12:00.9,passing_option,,K. Barbarouses,Wellington P FC,-4.48,8.29,-5.66,18.18,0.0,0.0,0.0,0.0046,build_up,high_block
7_341,2011166,1,12:03.1,passing_option,,H. Ishige,Wellington P FC,-23.03,15.25,-18.96,21.14,0.0,0.0,0.0,0.002,build_up,high_block
1_96,2011166,1,12:03.5,off_ball_run,run_ahead_of_the_ball,H. Ishige,Wellington P FC,-22.24,16.61,-19.59,20.07,0.0,0.0,0.0,0.002,build_up,high_block
1_97,2011166,1,12:04.7,off_ball_run,run_ahead_of_the_ball,M. Sheridan,Wellington P FC,-26.47,25.76,-21.72,25.8,0.0,1.0,1.0,0.0017,build_up,high_block
1_98,2011166,1,12:05.0,off_ball_run,run_ahead_of_the_ball,H. Ishige,Wellington P FC,-18.62,21.89,-7.98,30.97,0.0,0.0,0.0,0.0024,create,medium_block
8_131,2011166,1,12:05.7,player_possession,,M. Sheridan,Wellington P FC,-21.72,25.8,-14.81,23.69,,,,,create,medium_block
7_342,2011166,1,12:05.7,passing_option,,H. Ishige,Wellington P FC,-17.27,24.67,-12.88,28.6,0.0,0.0,0.0,0.0024,create,medium_block
7_343,2011166,1,12:05.7,passing_option,,K. Barbarouses,Wellington P FC,-6.17,18.88,-9.01,17.91,0.0,0.0,0.0,0.0032,create,medium_block
8_132,2011166,1,12:28.6,player_possession,,M. Sheridan,Wellington P FC,-10.52,4.15,-7.68,2.0,,,,,create,medium_block
7_344,2011166,1,12:28.7,passing_option,,K. Barbarouses,Wellington P FC,4.46,2.96,3.23,5.24,0.0,0.0,0.0,0.0063,create,medium_block
7_345,2011166,1,12:28.8,passing_option,,K. Nagasawa,Wellington P FC,-1.4,-1.88,-0.58,-1.36,0.0,0.0,0.0,0.0047,create,medium_block
7_346,2011166,1,12:29.4,passing_option,,S. Sutton,Wellington P FC,-11.38,25.72,-10.66,26.02,0.0,1.0,0.0,0.0006,create,medium_block
7_347,2011166,1,12:29.5,passing_option,,H. Ishige,Wellington P FC,0.43,14.6,0.26,14.65,0.0,0.0,0.0,0.0021,create,medium_block
8_133,2011166,1,12:51.7,player_possession,,A. Rufer,Wellington P FC,-15.69,29.41,-15.69,29.41,,,,,create,medium_block
8_134,2011166,1,12:52.5,player_possession,,M. Sheridan,Wellington P FC,-8.17,28.25,-5.97,31.04,,,,,create,medium_block
7_348,2011166,1,12:52.5,passing_option,,S. Sutton,Wellington P FC,-12.96,31.58,-11.45,33.24,0.0,0.0,0.0,0.0009,create,medium_block
7_349,2011166,1,12:53.0,passing_option,,H. Ishige,Wellington P FC,-4.5,29.28,-3.7,28.28,0.0,1.0,1.0,0.0031,create,medium_block
7_350,2011166,1,12:53.4,passing_option,,K. Barbarouses,Wellington P FC,8.77,21.83,8.42,21.49,0.0,0.0,0.0,0.0098,create,medium_block
8_135,2011166,1,12:55.0,player_possession,,H. Ishige,Wellington P FC,-3.48,27.28,-1.32,15.4,,,,,create,medium_block
7_351,2011166,1,12:55.0,passing_option,,M. Sheridan,Wellington P FC,-4.54,31.59,-4.29,31.71,0.0,0.0,0.0,0.0023,create,medium_block
7_352,2011166,1,12:55.0,passing_option,,K. Barbarouses,Wellington P FC,8.38,21.19,8.53,20.8,0.0,0.0,0.0,0.0148,create,medium_block
1_99,2011166,1,12:55.3,off_ball_run,run_ahead_of_the_ball,C. Piper,Wellington P FC,-7.02,14.29,1.95,3.42,0.0,0.0,0.0,0.0096,create,medium_block
7_353,2011166,1,12:55.5,passing_option,,C. Piper,Wellington P FC,-6.34,13.76,-1.8,8.33,0.0,0.0,0.0,0.0096,create,medium_block
7_354,2011166,1,12:55.6,passing_option,,K. Nagasawa,Wellington P FC,1.79,14.81,5.09,10.76,0.0,0.0,0.0,0.0179,create,medium_block
1_100,2011166,1,12:56.0,off_ball_run,support,T. Payne,Wellington P FC,-14.19,-1.78,-4.43,-11.06,0.0,1.0,1.0,0.0017,create,medium_block
7_355,2011166,1,12:56.5,passing_option,,T. Payne,Wellington P FC,-12.41,-3.36,-6.01,-9.32,0.0,1.0,1.0,0.0017,create,medium_block
1_101,2011166,1,12:56.9,off_ball_run,run_ahead_of_the_ball,K. Nagasawa,Wellington P FC,4.88,11.13,7.43,5.96,0.0,0.0,0.0,0.0162,create,medium_block
1_102,2011166,1,12:58.2,off_ball_run,pulling_wide,K. Nagasawa,Wellington P FC,7.67,5.48,22.32,-26.95,0.0,0.0,0.0,0.0123,create,medium_block
1_103,2011166,1,12:59.1,off_ball_run,coming_short,I. Hughes,Wellington P FC,-13.28,6.03,-11.81,-4.38,0.0,0.0,0.0,0.0003,create,medium_block
1_104,2011166,1,12:59.5,off_ball_run,coming_short,A. Rufer,Wellington P FC,-3.54,11.45,-0.22,-10.75,0.0,1.0,1.0,0.0011,create,medium_block
8_136,2011166,1,13:00.0,player_possession,,T. Payne,Wellington P FC,-5.4,-14.6,4.4,-22.64,,,,,create,medium_block
7_356,2011166,1,13:00.0,passing_option,,I. Hughes,Wellington P FC,-11.75,2.34,-11.46,1.0,0.0,0.0,0.0,0.0003,create,medium_block
7_357,2011166,1,13:00.2,passing_option,,K. Nagasawa,Wellington P FC,14.25,-3.67,22.25,-25.65,0.0,0.0,0.0,0.0123,create,medium_block
8_0,2006229,1,00:00.8,player_possession,,C. Ikonomidis,Macarthur FC,0.09,0.34,0.09,0.34,,,,,create,medium_block
8_1,2006229,1,00:03.0,player_possession,,K. Boli,Macarthur FC,-21.54,0.85,-21.26,0.96,,,,,create,medium_block
7_0,2006229,1,00:03.0,passing_option,,T. Uskok,Macarthur FC,-11.25,-12.15,-10.96,-12.26,0.0,0.0,0.0,0.0005,create,medium_block
7_1,2006229,1,00:03.6,passing_option,,M. Jurman,Macarthur FC,-14.7,17.76,-14.62,18.2,0.0,1.0,1.0,0.0002,create,medium_block
8_2,2006229,1,00:05.7,player_possession,,M. Jurman,Macarthur FC,-14.58,23.98,-12.6,27.7,,,,,create,medium_block
7_2,2006229,1,00:05.7,passing_option,,M. Jakoliš,Macarthur FC,8.52,18.22,4.14,22.11,0.0,0.0,0.0,0.0044,create,medium_block
7_3,2006229,1,00:05.8,passing_option,,L. Brattan,Macarthur FC,-3.77,8.78,-3.93,13.6,0.0,0.0,0.0,0.0019,create,medium_block
7_4,2006229,1,00:05.9,passing_option,,I. Vujica,Macarthur FC,2.16,33.73,1.7,34.24,0.0,0.0,0.0,0.0015,create,medium_block
1_0,2006229,1,00:06.0,off_ball_run,coming_short,M. Jakoliš,Macarthur FC,7.84,19.17,3.03,22.87,0.0,0.0,0.0,0.0044,create,medium_block
7_5,2006229,1,00:06.8,passing_option,,S. Khaoui,Macarthur FC,10.99,-5.56,10.98,-4.78,0.0,1.0,0.0,0.0085,create,medium_block
7_6,2006229,1,00:06.9,passing_option,,C. Ikonomidis,Macarthur FC,14.55,8.88,14.53,9.2,0.0,0.0,0.0,0.0088,create,medium_block
8_3,2006229,1,00:08.3,player_possession,,K. Trewin,Melbourne City,-6.23,-8.7,-6.23,-8.7,,,,,chaotic,chaotic
1_1,2006229,1,00:09.4,off_ball_run,pulling_half_space,K. Rahmani,Melbourne City,0.24,4.49,-3.55,16.47,0.0,1.0,1.0,0.002,chaotic,chaotic
8_4,2006229,1,00:09.7,player_possession,,A. Behich,Melbourne City,-17.38,10.19,-15.79,13.18,,,,,chaotic,chaotic
7_7,2006229,1,00:09.7,passing_option,,P. Beach,Melbourne City,-41.07,-0.9,-41.19,-0.77,0.0,0.0,0.0,0.0,chaotic,chaotic
7_8,2006229,1,00:09.7,passing_option,,A. Kuen,Melbourne City,7.66,-8.36,7.76,-6.52,0.0,0.0,0.0,0.0092,chaotic,chaotic
7_9,2006229,1,00:09.7,passing_option,,K. Rahmani,Melbourne City,-0.64,5.52,-2.27,9.27,0.0,1.0,1.0,0.002,chaotic,chaotic
1_2,2006229,1,00:10.6,off_ball_run,pulling_half_space,A. Kuen,Melbourne City,7.9,-4.92,9.08,14.1,0.0,0.0,0.0,0.0078,chaotic,chaotic
8_5,2006229,1,00:13.0,player_possession,,K. Rahmani,Melbourne City,-3.39,19.78,0.37,24.17,,,,,chaotic,chaotic
7_10,2006229,1,00:13.0,passing_option,,A. Kuen,Melbourne City,8.78,5.97,8.98,12.39,0.0,0.0,0.0,0.0078,chaotic,chaotic
8_6,2006229,1,00:14.9,player_possession,,T. Uskok,Macarthur FC,-3.68,-25.83,-3.68,-25.83,,,,,chaotic,chaotic
8_7,2006229,1,00:17.0,player_possession,,A. Behich,Melbourne City,-13.26,29.57,-16.37,29.19,,,,,create,medium_block
7_11,2006229,1,00:17.0,passing_option,,K. Trewin,Melbourne City,-10.0,21.95,-10.62,22.05,0.0,0.0,0.0,0.0007,create,medium_block
7_12,2006229,1,00:17.0,passing_option,,S. Souprayen,Melbourne City,-23.94,20.38,-28.12,22.26,0.0,1.0,1.0,0.0002,create,medium_block
8_8,2006229,1,00:19.7,player_possession,,S. Souprayen,Melbourne City,-31.65,23.86,-27.34,30.16,,,,,build_up,high_block
7_13,2006229,1,00:19.7,passing_option,,P. Beach,Melbourne City,-45.55,7.49,-48.71,9.72,0.0,0.0,0.0,0.0,build_up,high_block
7_14,2006229,1,00:19.7,passing_option,,A. Kuen,Melbourne City,4.64,23.09,-2.6,17.55,0.0,0.0,0.0,0.0026,build_up,high_block
7_15,2006229,1,00:19.7,passing_option,,M. Caputo,Melbourne City,9.6,8.54,8.6,16.26,0.0,1.0,0.0,0.005,build_up,high_block
7_16,2006229,1,00:21.7,passing_option,,A. Behich,Melbourne City,-21.12,30.3,-20.97,31.31,0.0,0.0,0.0,0.0002,build_up,high_block
7_17,2006229,1,00:21.7,passing_option,,K. Rahmani,Melbourne City,-9.1,30.17,-10.51,29.8,0.0,0.0,0.0,0.001,build_up,high_block
7_18,2006229,1,00:21.8,passing_option,,K. Trewin,Melbourne City,-22.98,19.08,-24.36,19.08,0.0,0.0,0.0,0.0003,build_up,high_block
8_9,2006229,1,00:25.0,player_possession,,K. Boli,Macarthur FC,-4.16,-19.32,-4.16,-19.32,,,,,chaotic,chaotic
7_19,2006229,1,00:25.0,passing_option,,M. Jakoliš,Macarthur FC,21.23,-4.94,21.23,-4.94,0.0,0.0,0.0,0.0066,chaotic,chaotic
7_20,2006229,1,00:25.0,passing_option,,S. Khaoui,Macarthur FC,10.81,-24.1,10.81,-24.1,0.0,0.0,0.0,0.0032,chaotic,chaotic
7_21,2006229,1,00:25.0,passing_option,,C. Ikonomidis,Macarthur FC,22.38,-24.79,22.38,-24.79,0.0,0.0,0.0,0.0073,chaotic,chaotic
7_22,2006229,1,00:25.0,passing_option,,T. Uskok,Macarthur FC,-2.72,-25.52,-2.72,-25.52,0.0,0.0,0.0,0.0006,chaotic,chaotic
7_23,2006229,1,00:25.0,passing_option,,J. Hollman,Macarthur FC,2.46,-21.6,2.46,-21.6,0.0,1.0,1.0,0.0012,chaotic,chaotic
8_10,2006229,1,00:27.8,player_possession,,A. Kuen,Melbourne City,2.6,20.96,2.42,21.66,,,,,chaotic,chaotic
7_24,2006229,1,00:27.8,passing_option,,M. Caputo,Melbourne City,4.27,24.91,6.3,23.73,0.0,1.0,0.0,0.0133,chaotic,chaotic
7_25,2006229,1,00:27.8,passing_option,,K. Rahmani,Melbourne City,-2.23,23.42,0.12,21.86,0.0,0.0,0.0,0.0103,chaotic,chaotic
8_11,2006229,1,00:31.9,player_possession,,K. Boli,Macarthur FC,-27.5,-17.15,-32.46,-16.22,,,,,chaotic,chaotic
7_26,2006229,1,00:31.9,passing_option,,F. Kurto,Macarthur FC,-44.26,-6.64,-46.8,-6.91,0.0,1.0,1.0,0.0,chaotic,chaotic
8_12,2006229,1,00:34.6,player_possession,,F. Kurto,Macarthur FC,-49.08,-11.49,-49.08,-11.49,,,,,direct,defending_direct
7_27,2006229,1,00:34.6,passing_option,,M. Jakoliš,Macarthur FC,2.05,-5.47,2.05,-5.47,0.0,0.0,0.0,0.0025,direct,defending_direct
7_28,2006229,1,00:34.6,passing_option,,S. Khaoui,Macarthur FC,-11.08,-17.55,-11.08,-17.55,0.0,0.0,0.0,0.0002,direct,defending_direct
7_29,2006229,1,00:34.6,passing_option,,C. Ikonomidis,Macarthur FC,-0.39,-14.72,-0.39,-14.72,0.0,1.0,1.0,0.0017,direct,defending_direct
8_13,2006229,1,00:52.7,player_possession,,N. Atkinson,Melbourne City,9.54,-29.13,3.51,-23.75,,,,,create,medium_block
7_30,2006229,1,00:52.7,passing_option,,M. Leckie,Melbourne City,28.19,-24.9,28.13,-25.87,0.0,0.0,0.0,0.0021,create,medium_block
7_31,2006229,1,00:52.7,passing_option,,G. Ferreyra,Melbourne City,-1.48,-12.91,-5.2,-14.58,0.0,0.0,0.0,0.0007,create,medium_block
7_32,2006229,1,00:54.3,passing_option,,S. Souprayen,Melbourne City,-4.08,8.24,-4.98,8.39,0.0,1.0,1.0,0.0005,create,medium_block
8_14,2006229,1,00:57.2,player_possession,,S. Souprayen,Melbourne City,-6.67,8.27,-7.02,9.54,,,,,create,medium_block
7_33,2006229,1,00:57.2,passing_option,,A. Behich,Melbourne City,4.79,28.46,3.32,29.95,0.0,1.0,1.0,0.0006,create,medium_block
1_3,2006229,1,00:59.2,off_ball_run,coming_short,A. Kuen,Melbourne City,13.12,17.21,10.9,21.44,0.0,0.0,0.0,0.0024,create,medium_block
1_4,2006229,1,00:59.5,off_ball_run,dropping_off,S. Souprayen,Melbourne City,-10.02,12.82,-20.74,19.77,0.0,1.0,1.0,0.0003,create,medium_block
8_15,2006229,1,00:59.6,player_possession,,A. Behich,Melbourne City,2.36,31.08,-2.06,29.58,,,,,create,medium_block
7_34,2006229,1,00:59.6,passing_option,,A. Kuen,Melbourne City,12.52,18.87,11.92,20.08,0.0,0.0,0.0,0.0024,create,medium_block
7_35,2006229,1,00:59.6,passing_option,,S. Souprayen,Melbourne City,-10.33,13.11,-15.33,16.59,0.0,1.0,1.0,0.0003,create,medium_block
7_36,2006229,1,01:00.7,passing_option,,P. Beach,Melbourne City,-29.37,3.81,-29.45,3.95,0.0,0.0,0.0,0.0,create,medium_block
1_5,2006229,1,01:01.0,off_ball_run,coming_short,K. Trewin,Melbourne City,1.62,10.59,-7.44,11.56,0.0,1.0,1.0,0.0007,create,medium_block
8_16,2006229,1,01:02.6,player_possession,,S. Souprayen,Melbourne City,-21.93,20.59,-23.19,21.97,,,,,create,medium_block
7_37,2006229,1,01:02.6,passing_option,,P. Beach,Melbourne City,-32.39,4.1,-35.86,4.74,0.0,0.0,0.0,0.0,create,medium_block
7_38,2006229,1,01:03.3,passing_option,,K. Trewin,Melbourne City,-7.85,11.58,-9.48,11.83,0.0,1.0,1.0,0.0007,create,medium_block
8_17,2006229,1,01:04.9,player_possession,,K. Trewin,Melbourne City,-14.14,13.35,-14.14,13.35,,,,,create,medium_block
7_39,2006229,1,01:04.9,passing_option,,S. Souprayen,Melbourne City,-24.95,22.75,-24.95,22.75,0.0,1.0,0.0,0.0002,create,medium_block
7_40,2006229,1,01:04.9,passing_option,,P. Beach,Melbourne City,-38.61,5.62,-38.61,5.62,0.0,0.0,0.0,0.0,create,medium_block
1_6,2006229,1,01:05.0,off_ball_run,support,L. Brattan,Macarthur FC,12.3,-11.76,18.75,-14.73,1.0,0.0,0.0,0.0239,quick_break,defending_quick_break
8_18,2006229,1,01:05.4,player_possession,,S. Khaoui,Macarthur FC,19.47,-18.94,32.94,-11.16,,,,,quick_break,defending_quick_break
7_41,2006229,1,01:05.4,passing_option,,L. Brattan,Macarthur FC,14.46,-12.71,20.28,-15.05,1.0,0.0,0.0,0.0239,quick_break,defending_quick_break
7_42,2006229,1,01:05.4,passing_option,,C. Ikonomidis,Macarthur FC,21.53,-6.72,32.8,-3.28,1.0,0.0,0.0,0.2191,quick_break,defending_quick_break
1_7,2006229,1,01:06.1,off_ball_run,run_ahead_of_the_ball,C. Ikonomidis,Macarthur FC,24.0,-6.36,37.26,-1.14,1.0,0.0,0.0,0.2191,quick_break,defending_quick_break
1_8,2006229,1,01:06.5,off_ball_run,support,M. Jakoliš,Macarthur FC,16.1,8.03,30.42,8.11,1.0,0.0,0.0,0.0898,quick_break,defending_quick_break
7_43,2006229,1,01:07.7,passing_option,,M. Jakoliš,Macarthur FC,22.98,8.05,24.31,8.07,1.0,0.0,0.0,0.0898,quick_break,defending_quick_break
8_19,2006229,1,01:22.8,player_possession,,K. Rahmani,Melbourne City,-1.84,31.13,17.6,12.49,,,,,create,medium_block
7_44,2006229,1,01:22.8,passing_option,,K. Trewin,Melbourne City,-10.14,17.69,-3.28,18.82,0.0,0.0,0.0,0.0063,create,medium_block
7_45,2006229,1,01:22.9,passing_option,,A. Kuen,Melbourne City,5.85,25.65,27.29,24.21,1.0,1.0,1.0,0.0624,create,medium_block
7_46,2006229,1,01:24.0,passing_option,,M. Caputo,Melbourne City,12.55,9.7,27.89,9.62,1.0,0.0,0.0,0.0616,create,medium_block
1_9,2006229,1,01:24.3,off_ball_run,behind,A. Kuen,Melbourne City,9.43,28.69,40.77,18.85,1.0,1.0,1.0,0.0624,create,medium_block
1_10,2006229,1,01:24.4,off_ball_run,support,K. Trewin,Melbourne City,-4.12,18.96,2.51,17.04,0.0,0.0,0.0,0.0063,create,medium_block
1_11,2006229,1,01:24.5,off_ball_run,behind,M. Caputo,Melbourne City,14.43,9.69,26.32,9.34,1.0,0.0,0.0,0.0616,create,medium_block
1_12,2006229,1,01:24.6,off_ball_run,run_ahead_of_the_ball,M. Tilio,Melbourne City,7.9,-22.01,22.49,-15.14,1.0,0.0,0.0,0.054,create,medium_block
7_47,2006229,1,01:26.5,passing_option,,M. Tilio,Melbourne City,18.06,-17.19,22.49,-15.14,1.0,0.0,0.0,0.054,create,medium_block
1_13,2006229,1,01:27.3,off_ball_run,cross_receiver,M. Tilio,Melbourne City,23.12,-14.84,49.29,-3.12,1.0,0.0,0.0,0.2733,finish,low_block
1_14,2006229,1,01:27.3,off_ball_run,cross_receiver,M. Leckie,Melbourne City,10.91,-6.29,41.26,-7.7,1.0,0.0,0.0,0.1232,finish,low_block
1_15,2006229,1,01:27.3,off_ball_run,cross_receiver,K. Rahmani,Melbourne City,18.17,12.08,41.25,2.21,1.0,0.0,0.0,0.1702,finish,low_block
1_16,2006229,1,01:27.6,off_ball_run,cross_receiver,M. Caputo,Melbourne City,29.44,10.13,47.09,4.82,1.0,1.0,0.0,0.1653,finish,low_block
8_20,2006229,1,01:29.2,player_possession,,A. Kuen,Melbourne City,40.77,18.85,51.16,10.68,,,,,finish,low_block
7_48,2006229,1,01:29.2,passing_option,,M. Caputo,Melbourne City,36.69,8.61,48.15,4.66,1.0,1.0,0.0,0.1653,finish,low_block
7_49,2006229,1,01:29.4,passing_option,,M. Tilio,Melbourne City,37.76,-9.11,49.51,-2.84,1.0,0.0,0.0,0.2733,finish,low_block
7_50,2006229,1,01:30.6,passing_option,,M. Leckie,Melbourne City,32.84,-6.57,38.15,-7.69,1.0,0.0,0.0,0.1232,finish,low_block
7_51,2006229,1,01:31.1,passing_option,,K. Rahmani,Melbourne City,37.06,2.11,38.59,1.87,1.0,0.0,0.0,0.1702,finish,low_block
8_21,2006229,1,01:51.6,player_possession,,K. Rahmani,Melbourne City,35.31,22.93,35.31,22.93,,,,,set_play,defending_set_play
8_22,2006229,1,01:52.5,player_possession,,C. Ikonomidis,Macarthur FC,-43.09,-4.63,-43.09,-4.63,,,,,disruption,disruption
1_17,2006229,1,01:54.0,off_ball_run,dropping_off,A. Behich,Melbourne City,25.87,11.91,17.07,15.99,0.0,0.0,0.0,0.0017,set_play,defending_set_play
1_18,2006229,1,01:54.1,off_ball_run,dropping_off,M. Tilio,Melbourne City,31.12,-8.01,16.21,-16.91,0.0,0.0,0.0,0.0021,set_play,defending_set_play
8_23,2006229,1,01:55.8,player_possession,,N. Atkinson,Melbourne City,11.59,5.88,9.82,2.45,,,,,set_play,defending_set_play
7_52,2006229,1,01:55.8,passing_option,,M. Tilio,Melbourne City,23.39,-12.0,12.99,-19.64,0.0,0.0,0.0,0.0021,set_play,defending_set_play
7_53,2006229,1,01:56.1,passing_option,,A. Behich,Melbourne City,17.43,15.78,15.72,16.85,0.0,0.0,0.0,0.002,set_play,defending_set_play
7_54,2006229,1,01:56.9,passing_option,,G. Ferreyra,Melbourne City,35.27,-14.89,35.95,-17.91,0.0,0.0,0.0,0.015,set_play,defending_set_play
7_55,2006229,1,01:58.0,passing_option,,K. Trewin,Melbourne City,27.44,-1.03,24.16,-0.22,0.0,0.0,0.0,0.0057,set_play,defending_set_play
7_56,2006229,1,01:58.3,passing_option,,A. Behich,Melbourne City,12.53,20.0,12.48,20.42,0.0,0.0,0.0,0.002,set_play,defending_set_play
7_57,2006229,1,01:58.6,passing_option,,K. Rahmani,Melbourne City,24.73,24.65,24.76,24.78,0.0,0.0,0.0,0.0064,set_play,defending_set_play
7_58,2006229,1,01:58.8,passing_option,,A. Kuen,Melbourne City,30.83,22.33,30.9,21.69,0.0,1.0,0.0,0.0192,set_play,defending_set_play
7_59,2006229,1,01:59.0,passing_option,,S. Souprayen,Melbourne City,27.19,6.86,27.19,6.86,0.0,0.0,0.0,0.0075,set_play,defending_set_play
8_24,2006229,1,02:02.3,player_possession,,S. Souprayen,Melbourne City,23.68,14.85,23.68,14.85,,,,,set_play,defending_set_play
7_60,2006229,1,02:02.3,passing_option,,K. Rahmani,Melbourne City,30.68,23.99,30.68,23.99,0.0,1.0,1.0,0.0119,set_play,defending_set_play
1_19,2006229,1,02:02.4,off_ball_run,pulling_wide,S. Souprayen,Melbourne City,23.63,15.32,28.01,25.02,0.0,0.0,0.0,0.005,set_play,defending_set_play
8_25,2006229,1,02:04.3,player_possession,,K. Rahmani,Melbourne City,27.17,24.78,27.17,24.78,,,,,set_play,defending_set_play
7_61,2006229,1,02:04.3,passing_option,,S. Souprayen,Melbourne City,27.26,23.42,27.26,23.42,0.0,0.0,0.0,0.005,set_play,defending_set_play
7_62,2006229,1,02:04.3,passing_option,,A. Behich,Melbourne City,12.46,18.99,12.46,18.99,0.0,1.0,1.0,0.0018,set_play,defending_set_play
7_63,2006229,1,02:04.3,passing_option,,K. Trewin,Melbourne City,20.03,13.59,20.03,13.59,0.0,0.0,0.0,0.0029,set_play,defending_set_play
8_26,2006229,1,02:05.8,player_possession,,A. Behich,Melbourne City,11.8,18.41,11.83,17.96,,,,,set_play,defending_set_play
7_64,2006229,1,02:05.8,passing_option,,K. Trewin,Melbourne City,17.29,15.21,15.28,14.79,0.0,1.0,1.0,0.0028,set_play,defending_set_play
7_65,2006229,1,02:05.9,passing_option,,N. Atkinson,Melbourne City,3.83,4.69,3.09,4.03,0.0,0.0,0.0,0.0013,set_play,defending_set_play
7_66,2006229,1,02:06.9,passing_option,,S. Souprayen,Melbourne City,24.84,31.74,24.84,31.74,0.0,0.0,0.0,0.0027,set_play,defending_set_play
8_27,2006229,1,02:07.4,player_possession,,K. Trewin,Melbourne City,14.65,14.84,14.46,14.92,,,,,set_play,defending_set_play
7_67,2006229,1,02:07.4,passing_option,,N. Atkinson,Melbourne City,2.68,3.66,2.53,3.52,0.0,0.0,0.0,0.0012,set_play,defending_set_play
7_68,2006229,1,02:07.4,passing_option,,S. Souprayen,Melbourne City,23.28,32.29,19.03,33.12,0.0,1.0,1.0,0.0016,set_play,defending_set_play
7_69,2006229,1,02:07.4,passing_option,,A. Behich,Melbourne City,11.7,18.14,10.64,20.37,0.0,0.0,0.0,0.0021,set_play,defending_set_play
8_28,2006229,1,02:10.4,player_possession,,S. Souprayen,Melbourne City,17.24,33.34,16.11,32.93,,,,,finish,low_block
7_70,2006229,1,02:10.4,passing_option,,A. Kuen,Melbourne City,27.58,17.59,28.67,19.42,0.0,0.0,0.0,0.0076,finish,low_block
7_71,2006229,1,02:10.4,passing_option,,K. Rahmani,Melbourne City,28.14,32.06,29.48,33.06,0.0,0.0,0.0,0.0038,finish,low_block
7_72,2006229,1,02:10.4,passing_option,,A. Behich,Melbourne City,8.92,22.9,6.73,24.84,0.0,1.0,1.0,0.0008,finish,low_block
8_29,2006229,1,02:12.8,player_possession,,A. Behich,Melbourne City,3.98,26.09,2.92,25.64,,,,,create,medium_block
7_73,2006229,1,02:12.8,passing_option,,S. Souprayen,Melbourne City,13.64,32.85,10.49,32.97,0.0,0.0,0.0,0.0009,create,medium_block
7_74,2006229,1,02:12.8,passing_option,,K. Trewin,Melbourne City,11.43,15.34,9.83,15.89,0.0,0.0,0.0,0.0025,create,medium_block
7_75,2006229,1,02:13.2,passing_option,,N. Atkinson,Melbourne City,-0.41,6.01,-2.55,6.71,0.0,1.0,1.0,0.0008,create,medium_block
7_76,2006229,1,02:14.1,passing_option,,G. Ferreyra,Melbourne City,-3.48,0.19,-3.68,-0.01,0.0,0.0,0.0,0.0005,create,medium_block
8_30,2006229,1,02:15.6,player_possession,,N. Atkinson,Melbourne City,-5.32,5.63,1.87,-14.01,,,,,create,medium_block
7_77,2006229,1,02:15.6,passing_option,,G. Ferreyra,Melbourne City,-5.84,-3.56,-7.03,-8.57,0.0,0.0,0.0,0.0005,create,medium_block
7_78,2006229,1,02:17.4,passing_option,,M. Tilio,Melbourne City,11.08,-27.17,9.08,-32.65,0.0,0.0,0.0,0.0009,create,medium_block
7_79,2006229,1,02:20.6,passing_option,,G. Ferreyra,Melbourne City,-7.73,-8.59,-7.06,-8.02,0.0,1.0,1.0,0.0005,create,medium_block
7_80,2006229,1,02:21.0,passing_option,,S. Souprayen,Melbourne City,-2.66,17.81,-3.37,15.67,0.0,0.0,0.0,0.0009,create,medium_block
8_31,2006229,1,02:23.1,player_possession,,G. Ferreyra,Melbourne City,-5.11,-6.7,-3.69,-3.82,,,,,create,medium_block
7_81,2006229,1,02:23.1,passing_option,,S. Souprayen,Melbourne City,-4.55,12.61,-4.96,11.5,0.0,1.0,1.0,0.0005,create,medium_block
8_32,2006229,1,02:25.4,player_possession,,S. Souprayen,Melbourne City,-4.6,11.49,-4.1,11.56,,,,,create,medium_block
7_82,2006229,1,02:25.4,passing_option,,A. Behich,Melbourne City,8.58,29.05,9.24,29.99,0.0,0.0,0.0,0.0008,create,medium_block
7_83,2006229,1,02:25.4,passing_option,,A. Kuen,Melbourne City,11.07,12.33,10.23,12.83,0.0,1.0,1.0,0.0012,create,medium_block
8_33,2006229,1,02:27.2,player_possession,,A. Kuen,Melbourne City,8.88,13.28,8.88,13.28,,,,,create,medium_block
7_84,2006229,1,02:27.2,passing_option,,S. Souprayen,Melbourne City,-4.95,11.55,-4.95,11.55,0.0,1.0,1.0,0.0007,create,medium_block
7_85,2006229,1,02:27.2,passing_option,,G. Ferreyra,Melbourne City,-3.45,-2.19,-3.45,-2.19,0.0,0.0,0.0,0.0009,create,medium_block
8_34,2006229,1,02:28.6,player_possession,,S. Souprayen,Melbourne City,-6.79,10.3,-8.07,12.99,,,,,create,medium_block
7_86,2006229,1,02:28.6,passing_option,,G. Ferreyra,Melbourne City,-6.01,-3.36,-16.05,-5.71,0.0,0.0,0.0,0.0007,create,medium_block
7_87,2006229,1,02:28.7,passing_option,,P. Beach,Melbourne City,-31.17,1.83,-34.26,1.22,0.0,0.0,0.0,0.0,create,medium_block
1_20,2006229,1,02:29.8,off_ball_run,dropping_off,G. Ferreyra,Melbourne City,-10.28,-4.66,-14.53,-5.38,0.0,0.0,0.0,0.0005,create,medium_block
7_88,2006229,1,02:29.9,passing_option,,K. Trewin,Melbourne City,3.0,5.49,1.93,5.22,0.0,0.0,0.0,0.0019,create,medium_block
7_89,2006229,1,02:31.1,passing_option,,A. Behich,Melbourne City,1.76,30.66,-4.05,31.2,0.0,0.0,0.0,0.0009,create,medium_block
7_90,2006229,1,02:32.0,passing_option,,A. Kuen,Melbourne City,10.19,12.57,6.98,13.82,0.0,0.0,0.0,0.0034,create,medium_block
7_91,2006229,1,02:32.6,passing_option,,K. Rahmani,Melbourne City,13.54,29.33,14.14,27.3,0.0,1.0,0.0,0.0156,create,medium_block
1_21,2006229,1,02:33.3,off_ball_run,behind,K. Rahmani,Melbourne City,14.14,27.3,18.77,24.11,0.0,1.0,0.0,0.0156,create,medium_block
8_35,2006229,1,02:34.9,player_possession,,K. Adamson,Macarthur FC,-21.17,-21.33,-21.17,-21.33,,,,,chaotic,chaotic
8_36,2006229,1,02:36.3,player_possession,,S. Khaoui,Macarthur FC,-14.35,-24.61,-14.35,-24.61,,,,,chaotic,chaotic
7_92,2006229,1,02:36.3,passing_option,,C. Ikonomidis,Macarthur FC,2.44,-9.48,2.44,-9.48,0.0,1.0,0.0,0.0025,chaotic,chaotic
7_93,2006229,1,02:36.3,passing_option,,T. Uskok,Macarthur FC,-23.36,-16.05,-23.36,-16.05,0.0,0.0,0.0,0.0001,chaotic,chaotic
7_94,2006229,1,02:36.3,passing_option,,K. Adamson,Macarthur FC,-22.79,-23.72,-22.79,-23.72,0.0,0.0,0.0,0.0003,chaotic,chaotic
8_37,2006229,1,02:40.0,player_possession,,G. Ferreyra,Melbourne City,-11.83,0.63,-11.83,0.63,,,,,create,medium_block
1_22,2006229,1,02:41.8,off_ball_run,coming_short,M. Caputo,Melbourne City,14.07,2.79,4.4,-5.51,0.0,1.0,1.0,0.0046,create,medium_block
8_38,2006229,1,02:42.6,player_possession,,M. Leckie,Melbourne City,-4.22,-7.78,-4.22,-7.78,,,,,create,medium_block
7_95,2006229,1,02:42.6,passing_option,,K. Trewin,Melbourne City,-7.04,-2.08,-7.04,-2.08,0.0,0.0,0.0,0.0014,create,medium_block
7_96,2006229,1,02:42.6,passing_option,,M. Caputo,Melbourne City,12.03,-0.2,12.03,-0.2,0.0,1.0,1.0,0.0046,create,medium_block
8_39,2006229,1,02:45.2,player_possession,,M. Caputo,Melbourne City,2.51,-5.53,1.81,-10.47,,,,,create,medium_block
7_97,2006229,1,02:45.2,passing_option,,A. Kuen,Melbourne City,4.62,6.21,4.54,5.55,0.0,0.0,0.0,0.0061,create,medium_block
7_98,2006229,1,02:45.2,passing_option,,K. Trewin,Melbourne City,-4.5,-2.9,-3.08,-2.5,0.0,0.0,0.0,0.0017,create,medium_block
7_99,2006229,1,02:45.2,passing_option,,M. Leckie,Melbourne City,-4.9,-8.93,-0.15,-13.63,0.0,1.0,1.0,0.0023,create,medium_block
7_100,2006229,1,02:46.0,passing_option,,M. Tilio,Melbourne City,0.87,-17.49,3.69,-21.23,0.0,0.0,0.0,0.0033,create,medium_block
7_101,2006229,1,02:46.4,passing_option,,N. Atkinson,Melbourne City,-10.73,-15.34,-7.56,-18.32,0.0,0.0,0.0,0.0013,create,medium_block
1_23,2006229,1,02:46.8,off_ball_run,support,M. Leckie,Melbourne City,-1.35,-11.1,1.32,-16.37,0.0,1.0,1.0,0.0023,create,medium_block
1_24,2006229,1,02:47.5,off_ball_run,support,N. Atkinson,Melbourne City,-7.19,-18.66,6.3,-26.7,0.0,0.0,0.0,0.0018,create,medium_block
1_25,2006229,1,02:47.5,off_ball_run,run_ahead_of_the_ball,M. Tilio,Melbourne City,3.81,-21.67,16.43,-28.41,0.0,0.0,0.0,0.0038,create,medium_block
8_40,2006229,1,02:48.0,player_possession,,M. Leckie,Melbourne City,1.32,-16.37,8.57,-20.75,,,,,create,medium_block
7_102,2006229,1,02:48.0,passing_option,,N. Atkinson,Melbourne City,-5.21,-20.4,-1.7,-22.98,0.0,0.0,0.0,0.0018,create,medium_block
7_103,2006229,1,02:48.0,passing_option,,M. Tilio,Melbourne City,4.68,-23.85,10.58,-28.43,0.0,0.0,0.0,0.0038,create,medium_block
1_26,2006229,1,02:48.3,off_ball_run,run_ahead_of_the_ball,M. Caputo,Melbourne City,4.27,-12.33,15.55,-14.64,0.0,0.0,0.0,0.0143,create,medium_block
7_104,2006229,1,02:49.1,passing_option,,M. Caputo,Melbourne City,7.88,-13.25,9.88,-13.73,0.0,0.0,0.0,0.0143,create,medium_block
1_27,2006229,1,04:43.4,off_ball_run,dropping_off,L. Brattan,Macarthur FC,4.58,11.83,-1.22,12.39,0.0,1.0,1.0,0.0007,create,medium_block
8_41,2006229,1,04:43.8,player_possession,,M. Jurman,Macarthur FC,-0.84,26.67,-1.96,25.49,,,,,create,medium_block
7_105,2006229,1,04:43.8,passing_option,,K. Boli,Macarthur FC,-6.33,8.89,-9.33,8.47,0.0,0.0,0.0,0.0004,create,medium_block
7_106,2006229,1,04:43.8,passing_option,,L. Brattan,Macarthur FC,2.79,11.9,-1.22,12.39,0.0,1.0,1.0,0.0007,create,medium_block
8_42,2006229,1,04:45.8,player_possession,,L. Brattan,Macarthur FC,-3.8,14.13,-4.64,16.46,,,,,create,medium_block
7_107,2006229,1,04:45.8,passing_option,,M. Jurman,Macarthur FC,-3.73,25.28,-6.21,26.32,0.0,0.0,0.0,0.0007,create,medium_block
7_108,2006229,1,04:47.3,passing_option,,K. Boli,Macarthur FC,-15.96,6.98,-16.67,6.96,0.0,1.0,1.0,0.0002,create,medium_block
1_28,2006229,1,04:48.6,off_ball_run,dropping_off,T. Uskok,Macarthur FC,-4.79,-12.21,-13.48,-20.28,0.0,0.0,0.0,0.0003,build_up,high_block
8_43,2006229,1,04:50.2,player_possession,,K. Boli,Macarthur FC,-21.49,3.18,-20.9,-5.55,,,,,build_up,high_block
7_109,2006229,1,04:50.2,passing_option,,T. Uskok,Macarthur FC,-10.25,-16.59,-14.98,-23.68,0.0,0.0,0.0,0.0003,build_up,high_block
7_110,2006229,1,04:51.2,passing_option,,K. Adamson,Macarthur FC,9.51,-32.93,8.92,-33.36,0.0,0.0,0.0,0.0011,build_up,high_block
7_111,2006229,1,04:52.1,passing_option,,F. Kurto,Macarthur FC,-39.19,0.1,-39.39,-0.16,0.0,1.0,1.0,0.0,build_up,high_block
8_44,2006229,1,04:54.5,player_possession,,F. Kurto,Macarthur FC,-40.15,-1.57,-40.15,-1.57,,,,,build_up,high_block
7_112,2006229,1,04:54.5,passing_option,,M. Jakoliš,Macarthur FC,5.52,16.9,5.52,16.9,0.0,0.0,0.0,0.0026,build_up,high_block
7_113,2006229,1,04:54.5,passing_option,,C. Ikonomidis,Macarthur FC,4.55,-1.72,4.55,-1.72,0.0,0.0,0.0,0.0018,build_up,high_block
7_114,2006229,1,04:54.5,passing_option,,I. Vujica,Macarthur FC,-5.0,28.8,-5.0,28.8,0.0,1.0,1.0,0.0007,build_up,high_block
8_45,2006229,1,04:56.8,player_possession,,I. Vujica,Macarthur FC,-6.37,32.92,-3.96,31.99,,,,,create,medium_block
7_115,2006229,1,04:56.8,passing_option,,M. Jakoliš,Macarthur FC,3.68,21.67,5.46,27.61,0.0,1.0,1.0,0.0035,create,medium_block
7_116,2006229,1,04:56.8,passing_option,,J. Hollman,Macarthur FC,-10.79,17.72,-8.3,21.9,0.0,0.0,0.0,0.0015,create,medium_block
7_117,2006229,1,04:57.5,passing_option,,C. Ikonomidis,Macarthur FC,6.57,6.72,11.13,7.2,1.0,0.0,0.0,0.0287,create,medium_block
1_29,2006229,1,04:57.7,off_ball_run,behind,C. Ikonomidis,Macarthur FC,7.38,6.88,13.3,7.8,1.0,0.0,0.0,0.0287,create,medium_block
1_30,2006229,1,04:59.2,off_ball_run,support,I. Vujica,Macarthur FC,-2.26,30.13,-0.42,26.56,0.0,0.0,0.0,0.0052,create,medium_block
8_46,2006229,1,04:59.3,player_possession,,M. Jakoliš,Macarthur FC,3.64,30.06,3.64,30.06,,,,,create,medium_block
7_118,2006229,1,04:59.3,passing_option,,I. Vujica,Macarthur FC,-2.02,29.77,-2.02,29.77,0.0,0.0,0.0,0.0052,create,medium_block
7_119,2006229,1,04:59.3,passing_option,,J. Hollman,Macarthur FC,-7.34,23.61,-7.34,23.61,0.0,1.0,0.0,0.0019,create,medium_block
8_47,2006229,1,05:02.2,player_possession,,J. Hollman,Macarthur FC,-9.7,30.99,-13.38,33.1,,,,,create,medium_block
7_120,2006229,1,05:02.2,passing_option,,M. Jakoliš,Macarthur FC,-5.24,32.74,-5.86,32.89,0.0,0.0,0.0,0.0007,create,medium_block
7_121,2006229,1,05:03.0,passing_option,,M. Jurman,Macarthur FC,-21.43,23.75,-21.74,24.09,0.0,1.0,1.0,0.0003,create,medium_block
8_48,2006229,1,05:04.0,player_possession,,M. Jurman,Macarthur FC,-22.69,25.52,-22.69,25.52,,,,,direct,defending_direct
7_122,2006229,1,05:04.0,passing_option,,C. Ikonomidis,Macarthur FC,8.38,12.61,8.38,12.61,0.0,1.0,0.0,0.0037,direct,defending_direct
7_123,2006229,1,05:04.0,passing_option,,I. Vujica,Macarthur FC,-8.87,26.78,-8.87,26.78,0.0,0.0,0.0,0.0005,direct,defending_direct
8_49,2006229,1,05:06.8,player_possession,,G. Ferreyra,Melbourne City,-14.71,-15.9,-14.71,-15.9,,,,,chaotic,chaotic
8_50,2006229,1,05:08.6,player_possession,,M. Jakoliš,Macarthur FC,8.87,30.18,8.87,30.18,,,,,chaotic,chaotic
8_51,2006229,1,05:08.8,player_possession,,N. Atkinson,Melbourne City,-10.31,-29.11,-1.07,-34.15,,,,,chaotic,chaotic
8_52,2006229,1,05:24.8,player_possession,,L. Brattan,Macarthur FC,-4.69,28.67,-4.73,29.48,,,,,create,medium_block
7_124,2006229,1,05:24.8,passing_option,,M. Jurman,Macarthur FC,-18.71,31.47,-19.23,31.38,0.0,1.0,1.0,0.0002,create,medium_block
7_125,2006229,1,05:24.8,passing_option,,I. Vujica,Macarthur FC,-3.93,33.85,-4.89,33.48,0.0,0.0,0.0,0.0009,create,medium_block
7_126,2006229,1,05:25.0,passing_option,,M. Jakoliš,Macarthur FC,10.79,26.21,10.04,26.55,0.0,0.0,0.0,0.005,create,medium_block
7_127,2006229,1,05:25.3,passing_option,,K. Boli,Macarthur FC,-22.68,17.18,-22.95,17.25,0.0,0.0,0.0,0.0002,create,medium_block
8_53,2006229,1,05:26.8,player_possession,,M. Jurman,Macarthur FC,-19.78,31.07,-20.35,29.08,,,,,build_up,high_block
7_128,2006229,1,05:26.8,passing_option,,K. Boli,Macarthur FC,-25.39,17.19,-29.62,16.12,0.0,1.0,1.0,0.0001,build_up,high_block
7_129,2006229,1,05:28.3,passing_option,,K. Adamson,Macarthur FC,-3.48,-24.14,-3.57,-24.34,0.0,0.0,0.0,0.0006,build_up,high_block
8_54,2006229,1,05:29.8,player_possession,,K. Boli,Macarthur FC,-32.42,15.45,-34.72,11.29,,,,,build_up,high_block
7_130,2006229,1,05:29.8,passing_option,,K. Adamson,Macarthur FC,-3.97,-27.52,-1.44,-30.63,0.0,0.0,0.0,0.0007,build_up,high_block
7_131,2006229,1,05:31.2,passing_option,,F. Kurto,Macarthur FC,-45.41,1.46,-45.56,1.03,0.0,1.0,1.0,0.0,build_up,high_block
8_55,2006229,1,05:33.6,player_possession,,F. Kurto,Macarthur FC,-44.35,-4.28,-44.35,-4.28,,,,,direct,defending_direct
7_132,2006229,1,05:33.6,passing_option,,S. Khaoui,Macarthur FC,-3.7,-13.73,-3.7,-13.73,0.0,0.0,0.0,0.0003,direct,defending_direct
7_133,2006229,1,05:33.6,passing_option,,C. Ikonomidis,Macarthur FC,-0.26,-2.63,-0.26,-2.63,0.0,1.0,0.0,0.0013,direct,defending_direct
7_134,2006229,1,05:33.6,passing_option,,T. Uskok,Macarthur FC,-32.05,-19.11,-32.05,-19.11,0.0,0.0,0.0,0.0001,direct,defending_direct
7_135,2006229,1,05:33.6,passing_option,,K. Adamson,Macarthur FC,-3.46,-32.81,-3.46,-32.81,0.0,0.0,0.0,0.0003,direct,defending_direct
8_56,2006229,1,05:38.3,player_possession,,S. Souprayen,Melbourne City,-11.33,5.89,-11.33,5.89,,,,,chaotic,chaotic
7_136,2006229,1,05:38.3,passing_option,,M. Leckie,Melbourne City,-4.29,-3.37,-4.29,-3.37,0.0,0.0,0.0,0.0023,chaotic,chaotic
7_137,2006229,1,05:38.3,passing_option,,A. Kuen,Melbourne City,10.18,3.55,10.18,3.55,0.0,1.0,1.0,0.0035,chaotic,chaotic
7_138,2006229,1,05:38.3,passing_option,,K. Trewin,Melbourne City,-8.92,1.15,-8.92,1.15,0.0,0.0,0.0,0.0011,chaotic,chaotic
7_139,2006229,1,05:38.3,passing_option,,M. Tilio,Melbourne City,13.26,-15.74,13.26,-15.74,0.0,0.0,0.0,0.0053,chaotic,chaotic
7_140,2006229,1,05:38.3,passing_option,,P. Beach,Melbourne City,-39.12,0.52,-39.12,0.52,0.0,0.0,0.0,0.0,chaotic,chaotic
8_57,2006229,1,05:41.3,player_possession,,J. Hollman,Macarthur FC,0.94,-7.45,0.94,-7.45,,,,,chaotic,chaotic
8_58,2006229,1,05:42.3,player_possession,,T. Uskok,Macarthur FC,-8.78,-10.04,-8.78,-10.04,,,,,chaotic,chaotic
7_141,2006229,1,05:42.3,passing_option,,M. Jakoliš,Macarthur FC,16.24,11.09,16.24,11.09,0.0,0.0,0.0,0.0072,chaotic,chaotic
7_142,2006229,1,05:42.3,passing_option,,S. Khaoui,Macarthur FC,4.14,-9.36,4.14,-9.36,0.0,0.0,0.0,0.0017,chaotic,chaotic
7_143,2006229,1,05:42.3,passing_option,,C. Ikonomidis,Macarthur FC,13.5,-3.88,13.5,-3.88,0.0,0.0,0.0,0.0074,chaotic,chaotic
7_144,2006229,1,05:42.3,passing_option,,L. Brattan,Macarthur FC,0.7,-2.67,0.7,-2.67,0.0,1.0,1.0,0.0016,chaotic,chaotic
7_145,2006229,1,05:42.3,passing_option,,J. Hollman,Macarthur FC,1.29,-7.56,1.29,-7.56,0.0,0.0,0.0,0.0016,chaotic,chaotic
7_146,2006229,1,05:42.3,passing_option,,K. Adamson,Macarthur FC,-3.12,-14.68,-3.12,-14.68,0.0,0.0,0.0,0.0008,chaotic,chaotic
8_59,2006229,1,05:43.4,player_possession,,L. Brattan,Macarthur FC,0.39,-4.9,0.39,-4.9,,,,,chaotic,chaotic
7_147,2006229,1,05:43.4,passing_option,,S. Khaoui,Macarthur FC,3.66,-10.46,3.66,-10.46,0.0,1.0,1.0,0.0039,chaotic,chaotic
7_148,2006229,1,05:43.4,passing_option,,J. Hollman,Macarthur FC,0.59,-8.52,0.59,-8.52,0.0,0.0,0.0,0.0026,chaotic,chaotic
8_60,2006229,1,05:44.1,player_possession,,S. Khaoui,Macarthur FC,3.26,-10.31,3.63,-8.81,,,,,chaotic,chaotic
7_149,2006229,1,05:44.1,passing_option,,K. Adamson,Macarthur FC,-3.46,-17.16,-2.05,-18.67,0.0,0.0,0.0,0.002,chaotic,chaotic
7_150,2006229,1,05:44.1,passing_option,,J. Hollman,Macarthur FC,0.16,-9.0,-1.1,-9.7,0.0,0.0,0.0,0.0017,chaotic,chaotic
7_151,2006229,1,05:44.1,passing_option,,L. Brattan,Macarthur FC,0.5,-5.54,0.83,-4.77,0.0,0.0,0.0,0.0039,chaotic,chaotic
7_152,2006229,1,05:45.4,passing_option,,C. Ikonomidis,Macarthur FC,11.82,-4.13,12.02,-4.27,0.0,1.0,0.0,0.0119,chaotic,chaotic
8_61,2006229,1,05:47.3,player_possession,,S. Souprayen,Melbourne City,-15.8,13.22,-15.8,13.22,,,,,create,medium_block
7_153,2006229,1,05:47.3,passing_option,,A. Behich,Melbourne City,-16.25,18.08,-16.25,18.08,0.0,1.0,1.0,0.0003,create,medium_block
7_154,2006229,1,05:47.3,passing_option,,P. Beach,Melbourne City,-39.91,2.47,-39.91,2.47,0.0,0.0,0.0,0.0,create,medium_block
1_31,2006229,1,05:48.0,off_ball_run,run_ahead_of_the_ball,K. Rahmani,Melbourne City,-4.37,17.92,11.75,28.19,0.0,0.0,0.0,0.0056,create,medium_block
8_62,2006229,1,05:48.6,player_possession,,A. Behich,Melbourne City,-16.01,23.06,-7.85,28.74,,,,,create,medium_block
7_155,2006229,1,05:48.6,passing_option,,K. Rahmani,Melbourne City,-2.33,20.02,10.06,27.31,0.0,0.0,0.0,0.0056,create,medium_block
7_156,2006229,1,05:50.0,passing_option,,A. Kuen,Melbourne City,7.51,12.73,8.36,14.08,0.0,0.0,0.0,0.0063,create,medium_block
7_157,2006229,1,05:50.0,passing_option,,K. Trewin,Melbourne City,-10.8,14.01,-9.33,18.51,0.0,0.0,0.0,0.0008,create,medium_block
7_158,2006229,1,05:50.9,passing_option,,S. Souprayen,Melbourne City,-22.93,20.73,-22.87,21.48,0.0,1.0,1.0,0.0001,create,medium_block
8_63,2006229,1,05:52.8,player_possession,,S. Souprayen,Melbourne City,-23.61,23.12,-13.77,19.46,,,,,create,medium_block
7_159,2006229,1,05:52.8,passing_option,,P. Beach,Melbourne City,-36.34,5.71,-33.15,5.51,0.0,0.0,0.0,0.0,create,medium_block
7_160,2006229,1,05:54.6,passing_option,,A. Behich,Melbourne City,-6.5,30.63,-6.46,30.83,0.0,0.0,0.0,0.0004,create,medium_block
7_161,2006229,1,05:57.8,passing_option,,A. Behich,Melbourne City,-4.71,32.46,-4.18,32.81,0.0,1.0,1.0,0.0004,create,medium_block
7_162,2006229,1,05:57.8,passing_option,,A. Kuen,Melbourne City,1.22,21.69,-4.36,19.33,0.0,0.0,0.0,0.0016,create,medium_block
8_64,2006229,1,06:01.4,player_possession,,A. Behich,Melbourne City,-0.86,33.15,1.3,32.75,,,,,create,medium_block
7_163,2006229,1,06:01.4,passing_option,,K. Rahmani,Melbourne City,11.93,33.72,18.4,33.67,0.0,0.0,0.0,0.0066,create,medium_block
7_164,2006229,1,06:01.4,passing_option,,S. Souprayen,Melbourne City,-12.41,22.34,-12.98,25.75,0.0,0.0,0.0,0.0002,create,medium_block
1_32,2006229,1,06:01.6,off_ball_run,run_ahead_of_the_ball,K. Rahmani,Melbourne City,12.71,33.87,17.42,33.87,0.0,0.0,0.0,0.0066,create,medium_block
1_33,2006229,1,06:01.6,off_ball_run,run_ahead_of_the_ball,A. Kuen,Melbourne City,-1.77,21.4,6.6,25.51,0.0,0.0,0.0,0.004,create,medium_block
7_165,2006229,1,06:01.8,passing_option,,M. Caputo,Melbourne City,14.52,4.75,15.65,5.18,0.0,0.0,0.0,0.0174,create,medium_block
7_166,2006229,1,06:02.7,passing_option,,K. Trewin,Melbourne City,-3.55,17.01,-3.35,20.41,0.0,1.0,1.0,0.0008,create,medium_block
7_167,2006229,1,06:03.0,passing_option,,A. Kuen,Melbourne City,4.21,23.55,5.34,24.31,0.0,0.0,0.0,0.004,create,medium_block
1_34,2006229,1,06:03.0,off_ball_run,coming_short,K. Trewin,Melbourne City,-3.35,18.2,-3.45,21.69,0.0,1.0,1.0,0.0008,create,medium_block
8_65,2006229,1,06:04.8,player_possession,,K. Trewin,Melbourne City,-3.15,24.51,-2.64,21.51,,,,,create,medium_block
7_168,2006229,1,06:04.8,passing_option,,S. Souprayen,Melbourne City,-13.49,26.61,-13.49,26.62,0.0,0.0,0.0,0.0003,create,medium_block
7_169,2006229,1,06:04.8,passing_option,,A. Behich,Melbourne City,1.22,33.05,1.15,33.12,0.0,0.0,0.0,0.0006,create,medium_block
7_170,2006229,1,06:06.0,passing_option,,G. Ferreyra,Melbourne City,-15.35,-1.06,-15.48,-1.24,0.0,1.0,1.0,0.0001,create,medium_block
7_171,2006229,1,06:06.9,passing_option,,S. Souprayen,Melbourne City,-12.97,25.85,-12.95,25.5,0.0,0.0,0.0,0.0003,create,medium_block
8_66,2006229,1,06:09.1,player_possession,,G. Ferreyra,Melbourne City,-13.13,-4.69,-9.2,-7.74,,,,,create,medium_block
7_172,2006229,1,06:09.1,passing_option,,N. Atkinson,Melbourne City,2.59,-25.59,4.48,-27.74,0.0,1.0,1.0,0.0005,create,medium_block
1_35,2006229,1,06:10.4,off_ball_run,run_ahead_of_the_ball,M. Leckie,Melbourne City,10.41,-2.79,19.82,-14.15,0.0,0.0,0.0,0.0072,create,medium_block
8_67,2006229,1,06:11.8,player_possession,,N. Atkinson,Melbourne City,5.86,-29.41,6.91,-30.71,,,,,create,medium_block
7_173,2006229,1,06:11.8,passing_option,,G. Ferreyra,Melbourne City,-7.63,-12.25,-7.45,-13.43,0.0,0.0,0.0,0.0001,create,medium_block
7_174,2006229,1,06:11.8,passing_option,,M. Tilio,Melbourne City,16.23,-32.49,17.22,-33.71,0.0,1.0,1.0,0.0012,create,medium_block
7_175,2006229,1,06:12.9,passing_option,,M. Leckie,Melbourne City,16.74,-12.4,16.74,-12.4,0.0,0.0,0.0,0.0072,create,medium_block
8_68,2006229,1,06:14.0,player_possession,,M. Tilio,Melbourne City,16.29,-33.56,14.28,-32.4,,,,,create,medium_block
7_176,2006229,1,06:14.0,passing_option,,N. Atkinson,Melbourne City,6.41,-31.78,3.96,-32.45,0.0,1.0,1.0,0.0005,create,medium_block
7_177,2006229,1,06:14.5,passing_option,,G. Ferreyra,Melbourne City,-5.44,-18.3,-5.4,-18.86,0.0,0.0,0.0,0.0002,create,medium_block
8_69,2006229,1,06:16.2,player_possession,,N. Atkinson,Melbourne City,2.04,-32.54,0.55,-29.23,,,,,create,medium_block
7_178,2006229,1,06:16.2,passing_option,,G. Ferreyra,Melbourne City,-6.78,-19.56,-9.2,-18.77,0.0,1.0,1.0,0.0003,create,medium_block
7_179,2006229,1,06:17.4,passing_option,,S. Souprayen,Melbourne City,-7.11,6.76,-7.4,6.75,0.0,0.0,0.0,0.0002,create,medium_block
8_70,2006229,1,06:19.1,player_possession,,G. Ferreyra,Melbourne City,-9.18,-16.35,-8.8,-14.04,,,,,create,medium_block
7_180,2006229,1,06:19.1,passing_option,,S. Souprayen,Melbourne City,-8.51,7.46,-9.05,8.26,0.0,1.0,1.0,0.0003,create,medium_block
8_71,2006229,1,06:21.4,player_possession,,S. Souprayen,Melbourne City,-8.67,10.82,8.55,19.51,,,,,create,medium_block
7_181,2006229,1,06:21.4,passing_option,,A. Behich,Melbourne City,7.59,29.88,14.72,32.8,0.0,1.0,1.0,0.0022,create,medium_block
7_182,2006229,1,06:23.9,passing_option,,A. Kuen,Melbourne City,16.47,18.02,21.68,20.72,0.0,0.0,0.0,0.0053,create,medium_block
8_72,2006229,1,06:28.0,player_possession,,A. Behich,Melbourne City,19.07,32.84,25.2,31.52,,,,,finish,low_block
7_183,2006229,1,06:28.0,passing_option,,A. Kuen,Melbourne City,24.98,22.06,25.33,21.98,0.0,0.0,0.0,0.0128,finish,low_block
7_184,2006229,1,06:28.0,passing_option,,K. Rahmani,Melbourne City,28.55,21.04,32.72,25.4,0.0,1.0,1.0,0.0069,finish,low_block
1_36,2006229,1,06:28.6,off_ball_run,run_ahead_of_the_ball,K. Rahmani,Melbourne City,30.1,22.54,41.04,31.43,0.0,1.0,1.0,0.0069,finish,low_block
7_185,2006229,1,06:29.2,passing_option,,A. Kuen,Melbourne City,28.27,19.38,28.63,18.87,0.0,0.0,0.0,0.0128,finish,low_block
8_73,2006229,1,06:31.3,player_possession,,K. Rahmani,Melbourne City,41.04,31.43,39.32,32.71,,,,,finish,low_block
7_186,2006229,1,06:31.3,passing_option,,M. Caputo,Melbourne City,37.34,7.25,38.53,6.67,1.0,0.0,0.0,0.0458,finish,low_block
7_187,2006229,1,06:31.3,passing_option,,A. Kuen,Melbourne City,33.52,17.11,35.35,17.32,0.0,0.0,0.0,0.0176,finish,low_block
7_188,2006229,1,06:31.3,passing_option,,A. Behich,Melbourne City,32.29,29.03,40.42,28.38,0.0,1.0,1.0,0.0131,finish,low_block
7_189,2006229,1,06:32.5,passing_option,,K. Trewin,Melbourne City,22.34,20.33,23.2,23.53,0.0,0.0,0.0,0.0036,finish,low_block
8_74,2006229,1,06:34.8,player_possession,,A. Behich,Melbourne City,44.22,31.2,43.21,30.63,,,,,finish,low_block
7_190,2006229,1,06:34.8,passing_option,,M. Caputo,Melbourne City,40.59,5.17,43.83,5.89,1.0,0.0,0.0,0.0512,finish,low_block
7_191,2006229,1,06:35.0,passing_option,,K. Rahmani,Melbourne City,37.57,31.28,35.43,31.62,0.0,0.0,0.0,0.0083,finish,low_block
7_192,2006229,1,06:35.3,passing_option,,A. Kuen,Melbourne City,36.75,18.91,37.81,16.77,1.0,0.0,0.0,0.0353,finish,low_block
7_193,2006229,1,06:36.7,passing_option,,K. Trewin,Melbourne City,27.87,25.64,31.19,23.65,0.0,0.0,0.0,0.0103,finish,low_block
7_194,2006229,1,06:39.3,passing_option,,A. Kuen,Melbourne City,39.88,9.84,40.0,9.76,1.0,0.0,0.0,0.0353,finish,low_block
8_75,2006229,1,06:39.6,player_possession,,K. Adamson,Macarthur FC,-44.26,-29.59,-45.66,-32.25,,,,,build_up,high_block
7_195,2006229,1,06:39.6,passing_option,,S. Khaoui,Macarthur FC,-41.58,-30.65,-39.18,-29.44,0.0,0.0,0.0,0.0002,build_up,high_block
7_196,2006229,1,06:39.6,passing_option,,J. Hollman,Macarthur FC,-37.46,-20.5,-39.94,-21.55,0.0,1.0,1.0,0.0001,build_up,high_block
1_37,2006229,1,06:43.2,off_ball_run,run_ahead_of_the_ball,K. Adamson,Macarthur FC,-43.46,-32.53,-35.94,-32.54,0.0,1.0,1.0,0.0001,build_up,high_block
8_76,2006229,1,06:43.4,player_possession,,J. Hollman,Macarthur FC,-40.57,-22.84,-39.71,-25.56,,,,,build_up,high_block
7_197,2006229,1,06:43.4,passing_option,,C. Ikonomidis,Macarthur FC,-16.29,-13.88,-14.79,-13.82,0.0,0.0,0.0,0.0018,build_up,high_block
7_198,2006229,1,06:43.4,passing_option,,S. Khaoui,Macarthur FC,-35.17,-28.2,-28.21,-27.6,0.0,0.0,0.0,0.0006,build_up,high_block
7_199,2006229,1,06:43.5,passing_option,,K. Adamson,Macarthur FC,-42.01,-32.67,-35.22,-32.54,0.0,1.0,1.0,0.0001,build_up,high_block
7_200,2006229,1,06:44.2,passing_option,,T. Uskok,Macarthur FC,-45.08,-14.96,-44.84,-15.44,0.0,0.0,0.0,0.0001,build_up,high_block
8_77,2006229,1,06:46.6,player_possession,,K. Adamson,Macarthur FC,-35.63,-32.92,-35.63,-32.92,,,,,build_up,high_block
7_201,2006229,1,06:46.6,passing_option,,S. Khaoui,Macarthur FC,-27.21,-29.05,-27.21,-29.05,0.0,0.0,0.0,0.0002,build_up,high_block
7_202,2006229,1,06:46.6,passing_option,,J. Hollman,Macarthur FC,-37.0,-25.91,-37.0,-25.91,0.0,1.0,1.0,0.0004,build_up,high_block
1_38,2006229,1,06:46.6,off_ball_run,run_ahead_of_the_ball,J. Hollman,Macarthur FC,-37.0,-25.91,-33.24,-25.36,0.0,1.0,1.0,0.0004,build_up,high_block
8_78,2006229,1,06:47.4,player_possession,,J. Hollman,Macarthur FC,-33.24,-25.36,-20.92,-22.69,,,,,build_up,high_block
7_203,2006229,1,06:47.4,passing_option,,S. Khaoui,Macarthur FC,-26.54,-30.04,-12.51,-28.76,0.0,0.0,0.0,0.002,build_up,high_block
7_204,2006229,1,06:47.4,passing_option,,C. Ikonomidis,Macarthur FC,-11.29,-15.29,1.88,-15.7,0.0,0.0,0.0,0.0112,build_up,high_block
1_39,2006229,1,06:48.7,off_ball_run,behind,C. Ikonomidis,Macarthur FC,-7.55,-16.25,-1.73,-16.5,0.0,0.0,0.0,0.0112,build_up,high_block
7_205,2006229,1,06:48.8,passing_option,,L. Brattan,Macarthur FC,-30.71,-12.55,-27.8,-11.0,0.0,0.0,0.0,0.0007,build_up,high_block
1_40,2006229,1,06:48.9,off_ball_run,run_ahead_of_the_ball,I. Vujica,Macarthur FC,-27.85,10.39,-20.98,12.49,0.0,0.0,0.0,0.0016,build_up,high_block
7_206,2006229,1,06:49.0,passing_option,,M. Jakoliš,Macarthur FC,-16.42,-2.9,-7.14,-8.94,0.0,0.0,0.0,0.0072,build_up,high_block
1_41,2006229,1,06:49.0,off_ball_run,run_ahead_of_the_ball,M. Jakoliš,Macarthur FC,-16.42,-2.9,-5.31,-10.21,0.0,0.0,0.0,0.0072,build_up,high_block
7_207,2006229,1,06:49.1,passing_option,,I. Vujica,Macarthur FC,-27.04,10.65,-23.1,11.9,0.0,0.0,0.0,0.0016,build_up,high_block
1_42,2006229,1,06:49.6,off_ball_run,run_ahead_of_the_ball,S. Khaoui,Macarthur FC,-19.8,-29.68,-12.51,-28.76,0.0,0.0,0.0,0.002,build_up,high_block
7_208,2006229,1,06:50.8,passing_option,,K. Adamson,Macarthur FC,-27.14,-30.69,-26.56,-30.57,0.0,1.0,1.0,0.0001,build_up,high_block
8_79,2006229,1,06:52.2,player_possession,,K. Adamson,Macarthur FC,-27.25,-30.71,-28.9,-30.88,,,,,build_up,high_block
7_209,2006229,1,06:52.2,passing_option,,J. Hollman,Macarthur FC,-19.68,-25.7,-19.21,-27.83,0.0,1.0,1.0,0.0003,build_up,high_block
7_210,2006229,1,06:52.3,passing_option,,T. Uskok,Macarthur FC,-32.45,-20.21,-32.57,-20.57,0.0,0.0,0.0,0.0001,build_up,high_block
1_43,2006229,1,06:52.4,off_ball_run,pulling_wide,J. Hollman,Macarthur FC,-19.46,-26.5,-19.02,-30.55,0.0,1.0,1.0,0.0003,build_up,high_block
8_80,2006229,1,06:54.0,player_possession,,J. Hollman,Macarthur FC,-18.59,-32.65,1.86,-21.87,,,,,create,medium_block
7_211,2006229,1,06:54.0,passing_option,,K. Adamson,Macarthur FC,-27.49,-29.78,-3.45,-19.51,0.0,1.0,1.0,0.0012,create,medium_block
1_44,2006229,1,06:54.3,off_ball_run,support,K. Adamson,Macarthur FC,-26.41,-29.26,-10.75,-22.88,0.0,0.0,0.0,0.001,create,medium_block
7_212,2006229,1,06:54.8,passing_option,,I. Vujica,Macarthur FC,-15.32,16.77,4.02,19.74,0.0,0.0,0.0,0.007,create,medium_block
7_213,2006229,1,06:55.3,passing_option,,C. Ikonomidis,Macarthur FC,4.26,-19.1,11.56,-21.09,0.0,0.0,0.0,0.0051,create,medium_block
1_45,2006229,1,06:56.9,off_ball_run,run_ahead_of_the_ball,I. Vujica,Macarthur FC,-8.48,18.42,2.02,19.55,0.0,0.0,0.0,0.007,create,medium_block
1_46,2006229,1,07:00.3,off_ball_run,run_ahead_of_the_ball,J. Hollman,Macarthur FC,1.79,-21.38,1.42,-17.69,0.0,0.0,0.0,0.0021,create,medium_block
8_81,2006229,1,07:00.8,player_possession,,K. Adamson,Macarthur FC,-2.87,-20.08,-0.11,-25.96,,,,,create,medium_block
7_214,2006229,1,07:00.8,passing_option,,J. Hollman,Macarthur FC,1.46,-19.0,1.42,-18.11,0.0,0.0,0.0,0.0021,create,medium_block
7_215,2006229,1,07:02.2,passing_option,,S. Khaoui,Macarthur FC,11.55,-20.36,12.05,-20.29,0.0,1.0,0.0,0.0083,create,medium_block
8_82,2006229,1,07:05.2,player_possession,,G. Ferreyra,Melbourne City,-29.13,19.97,-29.13,19.97,,,,,chaotic,chaotic
8_83,2006229,1,07:17.4,player_possession,,T. Uskok,Macarthur FC,3.83,-23.48,1.77,-20.08,,,,,create,medium_block
7_216,2006229,1,07:17.4,passing_option,,K. Boli,Macarthur FC,-3.01,-14.25,-5.12,-13.09,0.0,1.0,1.0,0.0005,create,medium_block
7_217,2006229,1,07:17.4,passing_option,,M. Jurman,Macarthur FC,2.63,7.16,-0.54,10.32,0.0,0.0,0.0,0.0009,create,medium_block
8_84,2006229,1,07:20.0,player_possession,,K. Boli,Macarthur FC,-6.31,-10.85,-6.71,-9.43,,,,,create,medium_block
7_218,2006229,1,07:20.0,passing_option,,M. Jurman,Macarthur FC,-4.64,12.36,-7.28,13.33,0.0,1.0,1.0,0.0007,create,medium_block
7_219,2006229,1,07:20.7,passing_option,,F. Kurto,Macarthur FC,-27.4,-2.34,-27.5,-2.27,0.0,0.0,0.0,0.0,create,medium_block
1_47,2006229,1,07:22.7,off_ball_run,dropping_off,K. Boli,Macarthur FC,-10.59,-5.37,-12.75,-1.66,0.0,0.0,0.0,0.0004,create,medium_block
8_85,2006229,1,07:22.9,player_possession,,M. Jurman,Macarthur FC,-10.05,17.68,-5.83,21.12,,,,,create,medium_block
7_220,2006229,1,07:22.9,passing_option,,I. Vujica,Macarthur FC,9.19,31.0,7.03,32.49,0.0,0.0,0.0,0.0016,create,medium_block
7_221,2006229,1,07:23.0,passing_option,,K. Boli,Macarthur FC,-11.27,-4.29,-16.25,2.69,0.0,0.0,0.0,0.0004,create,medium_block
1_48,2006229,1,07:23.6,off_ball_run,coming_short,L. Brattan,Macarthur FC,-0.24,1.36,-0.95,4.23,0.0,0.0,0.0,0.0019,create,medium_block
7_222,2006229,1,07:24.0,passing_option,,L. Brattan,Macarthur FC,-0.65,3.0,-3.05,9.58,0.0,0.0,0.0,0.0019,create,medium_block
7_223,2006229,1,07:25.9,passing_option,,M. Jakoliš,Macarthur FC,16.78,16.71,14.03,18.39,0.0,1.0,1.0,0.0042,create,medium_block
7_224,2006229,1,07:26.1,passing_option,,I. Vujica,Macarthur FC,6.82,34.01,6.51,34.19,0.0,0.0,0.0,0.0016,create,medium_block
7_225,2006229,1,07:26.5,passing_option,,C. Ikonomidis,Macarthur FC,17.28,8.27,17.51,9.05,0.0,0.0,0.0,0.0157,create,medium_block
1_49,2006229,1,07:26.7,off_ball_run,coming_short,M. Jakoliš,Macarthur FC,14.38,18.14,11.27,21.21,0.0,1.0,1.0,0.0042,create,medium_block
8_86,2006229,1,07:27.9,player_possession,,M. Jakoliš,Macarthur FC,10.8,21.91,10.8,21.91,,,,,create,medium_block
7_226,2006229,1,07:27.9,passing_option,,I. Vujica,Macarthur FC,8.02,33.91,8.02,33.91,0.0,1.0,1.0,0.0028,create,medium_block
8_87,2006229,1,07:29.1,player_possession,,I. Vujica,Macarthur FC,9.08,32.64,8.96,32.24,,,,,create,medium_block
7_227,2006229,1,07:29.1,passing_option,,M. Jakoliš,Macarthur FC,8.82,25.32,7.44,26.84,0.0,1.0,1.0,0.0022,create,medium_block
7_228,2006229,1,07:29.4,passing_option,,M. Jurman,Macarthur FC,-4.92,24.32,-4.91,24.96,0.0,0.0,0.0,0.0007,create,medium_block
8_88,2006229,1,07:30.6,player_possession,,M. Jakoliš,Macarthur FC,6.53,27.72,5.83,28.48,,,,,create,medium_block
7_229,2006229,1,07:30.6,passing_option,,I. Vujica,Macarthur FC,9.16,32.38,9.26,32.46,0.0,0.0,0.0,0.0023,create,medium_block
7_230,2006229,1,07:30.6,passing_option,,M. Jurman,Macarthur FC,-5.1,25.6,-5.52,26.01,0.0,1.0,1.0,0.0006,create,medium_block
8_89,2006229,1,07:32.4,player_possession,,M. Jurman,Macarthur FC,-6.84,25.99,-8.5,23.93,,,,,create,medium_block
7_231,2006229,1,07:32.4,passing_option,,K. Boli,Macarthur FC,-15.01,9.42,-16.69,10.12,0.0,1.0,1.0,0.0004,create,medium_block
8_90,2006229,1,07:35.8,player_possession,,K. Boli,Macarthur FC,-16.9,9.82,-15.93,7.7,,,,,direct,defending_direct
7_232,2006229,1,07:35.9,passing_option,,T. Uskok,Macarthur FC,-8.99,-14.1,-11.82,-16.55,0.0,0.0,0.0,0.0005,direct,defending_direct
7_233,2006229,1,07:36.1,passing_option,,K. Adamson,Macarthur FC,12.3,-30.33,11.75,-31.81,0.0,1.0,1.0,0.002,direct,defending_direct
7_234,2006229,1,07:36.5,passing_option,,J. Hollman,Macarthur FC,4.38,-7.54,3.39,-8.41,0.0,0.0,0.0,0.002,direct,defending_direct
7_235,2006229,1,07:37.0,passing_option,,S. Khaoui,Macarthur FC,10.82,-4.05,10.82,-4.05,0.0,0.0,0.0,0.0044,direct,defending_direct
1_50,2006229,1,07:38.2,off_ball_run,cross_receiver,C. Ikonomidis,Macarthur FC,13.35,5.12,41.89,1.9,1.0,1.0,0.0,0.0782,finish,low_block
1_51,2006229,1,07:38.8,off_ball_run,cross_receiver,S. Khaoui,Macarthur FC,13.56,-8.65,35.69,-8.95,1.0,0.0,0.0,0.0334,finish,low_block
1_52,2006229,1,07:39.5,off_ball_run,cross_receiver,I. Vujica,Macarthur FC,13.94,17.91,33.75,10.77,1.0,0.0,0.0,0.0322,finish,low_block
8_91,2006229,1,07:40.6,player_possession,,K. Adamson,Macarthur FC,28.84,-28.34,35.24,-28.18,,,,,finish,low_block
7_236,2006229,1,07:40.6,passing_option,,S. Khaoui,Macarthur FC,23.04,-9.91,33.58,-9.39,1.0,0.0,0.0,0.0334,finish,low_block
7_237,2006229,1,07:40.6,passing_option,,C. Ikonomidis,Macarthur FC,26.59,1.49,36.65,1.32,1.0,1.0,0.0,0.0782,finish,low_block
7_238,2006229,1,07:42.7,passing_option,,I. Vujica,Macarthur FC,28.51,11.05,28.51,11.05,1.0,0.0,0.0,0.0322,finish,low_block
8_92,2006229,1,07:47.4,player_possession,,N. Atkinson,Melbourne City,-50.37,-28.4,-49.12,-32.55,,,,,chaotic,chaotic
8_93,2006229,1,08:32.1,player_possession,,K. Adamson,Macarthur FC,-8.54,-21.49,-8.54,-21.49,,,,,chaotic,chaotic
8_94,2006229,1,08:33.6,player_possession,,K. Trewin,Melbourne City,1.07,21.63,0.83,22.2,,,,,chaotic,chaotic
7_239,2006229,1,08:33.6,passing_option,,A. Kuen,Melbourne City,13.68,20.69,13.65,20.85,0.0,0.0,0.0,0.0063,chaotic,chaotic
7_240,2006229,1,08:33.6,passing_option,,A. Behich,Melbourne City,-3.45,27.88,-3.68,28.74,0.0,1.0,1.0,0.0006,chaotic,chaotic
8_95,2006229,1,08:35.3,player_possession,,A. Behich,Melbourne City,-3.38,31.13,-2.91,32.12,,,,,chaotic,chaotic
7_241,2006229,1,08:35.3,passing_option,,K. Trewin,Melbourne City,-1.22,23.1,-2.27,23.83,0.0,0.0,0.0,0.001,chaotic,chaotic
7_242,2006229,1,08:35.3,passing_option,,A. Kuen,Melbourne City,13.86,22.49,15.58,23.19,0.0,1.0,0.0,0.0148,chaotic,chaotic
7_243,2006229,1,08:35.3,passing_option,,K. Rahmani,Melbourne City,7.89,30.46,9.23,32.57,0.0,0.0,0.0,0.0026,chaotic,chaotic
7_244,2006229,1,08:35.5,passing_option,,M. Tilio,Melbourne City,14.68,12.95,16.87,13.43,1.0,0.0,0.0,0.0206,chaotic,chaotic
7_245,2006229,1,08:35.5,passing_option,,M. Caputo,Melbourne City,11.28,19.17,13.19,19.2,0.0,0.0,0.0,0.0139,chaotic,chaotic
8_96,2006229,1,08:39.3,player_possession,,K. Boli,Macarthur FC,-34.89,-26.79,-34.89,-26.79,,,,,chaotic,chaotic
8_97,2006229,1,08:49.6,player_possession,,A. Behich,Melbourne City,19.26,32.96,19.19,33.01,,,,,finish,low_block
7_246,2006229,1,08:49.6,passing_option,,K. Rahmani,Melbourne City,31.97,33.53,32.65,32.74,0.0,0.0,0.0,0.007,finish,low_block
7_247,2006229,1,08:49.9,passing_option,,S. Souprayen,Melbourne City,1.65,26.52,0.96,26.6,0.0,1.0,1.0,0.0007,finish,low_block
7_248,2006229,1,08:50.1,passing_option,,K. Trewin,Melbourne City,16.86,22.17,18.17,22.8,0.0,0.0,0.0,0.0051,finish,low_block
7_249,2006229,1,08:50.9,passing_option,,G. Ferreyra,Melbourne City,-2.22,9.82,-2.22,9.82,0.0,0.0,0.0,0.0008,finish,low_block
8_98,2006229,1,08:52.4,player_possession,,S. Souprayen,Melbourne City,0.05,25.71,0.19,24.31,,,,,create,medium_block
7_250,2006229,1,08:52.4,passing_option,,G. Ferreyra,Melbourne City,-3.37,7.23,-4.08,3.43,0.0,1.0,1.0,0.0008,create,medium_block
8_99,2006229,1,08:55.4,player_possession,,G. Ferreyra,Melbourne City,-2.3,-3.02,4.57,-2.93,,,,,create,medium_block
7_251,2006229,1,08:55.4,passing_option,,N. Atkinson,Melbourne City,8.18,-20.71,9.86,-25.28,0.0,0.0,0.0,0.0014,create,medium_block
7_252,2006229,1,08:55.5,passing_option,,M. Tilio,Melbourne City,21.18,-23.85,20.53,-24.7,0.0,0.0,0.0,0.0025,create,medium_block
7_253,2006229,1,08:56.6,passing_option,,S. Souprayen,Melbourne City,-0.52,17.58,-0.85,14.86,0.0,1.0,1.0,0.0009,create,medium_block
1_53,2006229,1,08:59.2,off_ball_run,run_ahead_of_the_ball,M. Leckie,Melbourne City,18.51,-8.61,23.3,0.04,0.0,0.0,0.0,0.0192,create,medium_block
8_100,2006229,1,08:59.6,player_possession,,S. Souprayen,Melbourne City,-0.47,15.05,1.36,17.87,,,,,create,medium_block
7_254,2006229,1,08:59.6,passing_option,,A. Behich,Melbourne City,10.75,30.0,9.4,31.34,0.0,0.0,0.0,0.001,create,medium_block
7_255,2006229,1,09:00.1,passing_option,,M. Leckie,Melbourne City,20.75,-4.47,22.68,-1.15,0.0,0.0,0.0,0.0192,create,medium_block
7_256,2006229,1,09:00.1,passing_option,,K. Rahmani,Melbourne City,23.91,26.68,25.34,26.34,0.0,1.0,0.0,0.0115,create,medium_block
7_257,2006229,1,09:00.2,passing_option,,A. Kuen,Melbourne City,21.55,17.05,21.33,19.83,0.0,0.0,0.0,0.0059,create,medium_block
1_54,2006229,1,09:01.4,off_ball_run,behind,K. Rahmani,Melbourne City,26.43,25.93,30.3,24.43,0.0,1.0,0.0,0.0115,create,medium_block
8_101,2006229,1,09:03.5,player_possession,,K. Adamson,Macarthur FC,-37.67,-18.38,-37.67,-18.38,,,,,build_up,high_block
8_102,2006229,1,09:04.8,player_possession,,T. Uskok,Macarthur FC,-36.6,-16.49,-36.6,-16.49,,,,,build_up,high_block
7_258,2006229,1,09:04.8,passing_option,,S. Khaoui,Macarthur FC,-19.45,-23.58,-19.45,-23.58,0.0,1.0,1.0,0.0006,build_up,high_block
7_259,2006229,1,09:04.8,passing_option,,C. Ikonomidis,Macarthur FC,-8.09,-15.8,-8.09,-15.8,0.0,0.0,0.0,0.0014,build_up,high_block
7_260,2006229,1,09:04.8,passing_option,,L. Brattan,Macarthur FC,-22.05,-8.2,-22.05,-8.2,0.0,0.0,0.0,0.0003,build_up,high_block
7_261,2006229,1,09:04.8,passing_option,,J. Hollman,Macarthur FC,-32.95,-16.24,-32.95,-16.24,0.0,0.0,0.0,0.0001,build_up,high_block
8_103,2006229,1,09:06.5,player_possession,,S. Khaoui,Macarthur FC,-20.94,-21.21,-20.94,-21.21,,,,,build_up,high_block
7_262,2006229,1,09:06.5,passing_option,,C. Ikonomidis,Macarthur FC,-7.55,-16.5,-7.55,-16.5,0.0,0.0,0.0,0.0027,build_up,high_block
7_263,2006229,1,09:06.5,passing_option,,L. Brattan,Macarthur FC,-24.37,-10.48,-24.37,-10.48,0.0,1.0,1.0,0.0008,build_up,high_block
1_55,2006229,1,09:07.3,off_ball_run,run_ahead_of_the_ball,S. Khaoui,Macarthur FC,-18.93,-20.03,-15.34,-16.74,0.0,1.0,0.0,0.0031,build_up,high_block
8_104,2006229,1,09:07.5,player_possession,,L. Brattan,Macarthur FC,-22.6,-12.65,-21.39,-15.84,,,,,build_up,high_block
7_264,2006229,1,09:07.5,passing_option,,S. Khaoui,Macarthur FC,-18.16,-19.53,-14.81,-16.21,0.0,1.0,0.0,0.0031,build_up,high_block
7_265,2006229,1,09:07.5,passing_option,,C. Ikonomidis,Macarthur FC,-5.8,-16.72,-4.02,-16.7,0.0,0.0,0.0,0.0052,build_up,high_block
7_266,2006229,1,09:07.5,passing_option,,J. Hollman,Macarthur FC,-30.2,-16.19,-26.68,-16.81,0.0,0.0,0.0,0.0008,build_up,high_block
1_56,2006229,1,09:07.5,off_ball_run,support,K. Adamson,Macarthur FC,-37.22,-19.13,-28.76,-24.28,0.0,0.0,0.0,0.0004,build_up,high_block
7_267,2006229,1,09:08.4,passing_option,,K. Adamson,Macarthur FC,-33.55,-21.45,-33.12,-21.75,0.0,0.0,0.0,0.0004,build_up,high_block
8_105,2006229,1,09:31.2,player_possession,,G. Ferreyra,Melbourne City,-46.87,-22.59,-46.87,-22.59,,,,,build_up,high_block
7_268,2006229,1,09:31.2,passing_option,,S. Souprayen,Melbourne City,-45.43,5.36,-45.43,5.36,0.0,0.0,0.0,0.0,build_up,high_block
7_269,2006229,1,09:31.2,passing_option,,P. Beach,Melbourne City,-50.59,-10.64,-50.59,-10.64,0.0,1.0,1.0,0.0,build_up,high_block
8_106,2006229,1,09:32.3,player_possession,,P. Beach,Melbourne City,-48.67,-8.9,-47.58,-6.49,,,,,build_up,high_block
7_270,2006229,1,09:32.3,passing_option,,S. Souprayen,Melbourne City,-46.46,7.65,-46.24,10.11,0.0,1.0,1.0,0.0,build_up,high_block
7_271,2006229,1,09:32.9,passing_option,,A. Behich,Melbourne City,-30.5,18.49,-30.33,19.21,0.0,0.0,0.0,0.0001,build_up,high_block
8_107,2006229,1,09:34.5,player_possession,,S. Souprayen,Melbourne City,-45.61,14.71,-44.21,19.94,,,,,build_up,high_block
7_272,2006229,1,09:34.5,passing_option,,A. Behich,Melbourne City,-31.38,23.83,-36.7,31.41,0.0,0.0,0.0,0.0001,build_up,high_block
1_57,2006229,1,09:34.7,off_ball_run,dropping_off,A. Behich,Melbourne City,-31.89,24.48,-36.43,31.13,0.0,0.0,0.0,0.0001,build_up,high_block
7_273,2006229,1,09:35.4,passing_option,,A. Kuen,Melbourne City,-13.3,14.12,-17.36,17.73,0.0,1.0,1.0,0.0003,build_up,high_block
1_58,2006229,1,09:35.8,off_ball_run,coming_short,A. Kuen,Melbourne City,-14.04,15.53,-26.27,22.06,0.0,1.0,1.0,0.0003,build_up,high_block
8_108,2006229,1,09:38.3,player_possession,,A. Kuen,Melbourne City,-26.27,22.06,-26.27,22.06,,,,,build_up,high_block
7_274,2006229,1,09:38.3,passing_option,,S. Souprayen,Melbourne City,-43.95,21.01,-43.95,21.01,0.0,0.0,0.0,0.0,build_up,high_block
7_275,2006229,1,09:38.3,passing_option,,A. Behich,Melbourne City,-34.97,32.83,-34.97,32.83,0.0,1.0,1.0,0.0004,build_up,high_block
8_109,2006229,1,09:39.4,player_possession,,A. Behich,Melbourne City,-31.42,33.15,-31.42,33.15,,,,,build_up,high_block
7_276,2006229,1,09:39.4,passing_option,,S. Souprayen,Melbourne City,-44.35,21.54,-44.35,21.54,0.0,1.0,1.0,0.0,build_up,high_block
7_277,2006229,1,09:39.4,passing_option,,M. Caputo,Melbourne City,-0.77,13.47,-0.77,13.47,0.0,0.0,0.0,0.0033,build_up,high_block
8_110,2006229,1,09:42.2,player_possession,,S. Souprayen,Melbourne City,-46.31,28.0,-44.28,29.13,,,,,build_up,high_block
7_278,2006229,1,09:42.2,passing_option,,P. Beach,Melbourne City,-51.4,10.76,-51.62,12.08,0.0,0.0,0.0,0.0,build_up,high_block
7_279,2006229,1,09:42.2,passing_option,,M. Leckie,Melbourne City,-15.1,14.03,-15.94,16.08,0.0,1.0,1.0,0.0004,build_up,high_block
7_280,2006229,1,09:42.2,passing_option,,A. Kuen,Melbourne City,-26.71,26.56,-30.22,26.83,0.0,0.0,0.0,0.0002,build_up,high_block
7_281,2006229,1,09:42.2,passing_option,,M. Caputo,Melbourne City,-2.74,18.44,-4.28,19.27,0.0,0.0,0.0,0.0014,build_up,high_block
8_111,2006229,1,09:46.3,player_possession,,M. Caputo,Melbourne City,-9.28,13.61,-9.26,8.23,,,,,create,medium_block
7_282,2006229,1,09:46.3,passing_option,,M. Tilio,Melbourne City,-2.03,-25.45,0.01,-24.96,0.0,1.0,0.0,0.0036,create,medium_block
1_59,2006229,1,09:47.7,off_ball_run,run_ahead_of_the_ball,M. Tilio,Melbourne City,0.82,-24.98,5.0,-24.58,0.0,1.0,0.0,0.0036,create,medium_block
8_112,2006229,1,09:51.1,player_possession,,I. Vujica,Macarthur FC,-24.52,13.29,-24.52,13.29,,,,,build_up,high_block
7_283,2006229,1,09:51.1,passing_option,,F. Kurto,Macarthur FC,-44.03,2.93,-44.03,2.93,0.0,1.0,1.0,0.0,build_up,high_block
1_60,2006229,1,09:51.2,off_ball_run,dropping_off,K. Adamson,Macarthur FC,-18.32,-17.2,-35.69,-25.59,0.0,1.0,1.0,0.0001,build_up,high_block
8_113,2006229,1,09:53.4,player_possession,,F. Kurto,Macarthur FC,-46.38,0.87,-46.62,-5.81,,,,,build_up,high_block
7_284,2006229,1,09:53.4,passing_option,,K. Boli,Macarthur FC,-27.13,-6.91,-30.88,-9.57,0.0,0.0,0.0,0.0001,build_up,high_block
7_285,2006229,1,09:53.4,passing_option,,K. Adamson,Macarthur FC,-27.92,-20.19,-33.81,-24.07,0.0,1.0,1.0,0.0001,build_up,high_block
7_286,2006229,1,09:54.2,passing_option,,L. Brattan,Macarthur FC,4.5,-17.83,2.13,-17.38,0.0,0.0,0.0,0.0013,build_up,high_block
8_114,2006229,1,09:56.4,player_possession,,K. Adamson,Macarthur FC,-36.0,-27.63,-36.0,-27.63,,,,,build_up,high_block
7_287,2006229,1,09:56.4,passing_option,,K. Boli,Macarthur FC,-33.46,-14.5,-33.46,-14.5,0.0,1.0,1.0,0.0001,build_up,high_block
7_288,2006229,1,09:56.4,passing_option,,S. Khaoui,Macarthur FC,-2.57,-26.99,-2.57,-26.99,0.0,0.0,0.0,0.0004,build_up,high_block
7_289,2006229,1,09:56.4,passing_option,,J. Hollman,Macarthur FC,-16.99,-19.58,-16.99,-19.58,0.0,0.0,0.0,0.0002,build_up,high_block
8_115,2006229,1,09:57.6,player_possession,,K. Boli,Macarthur FC,-33.8,-16.08,-33.42,-14.83,,,,,build_up,high_block
7_290,2006229,1,09:57.6,passing_option,,T. Uskok,Macarthur FC,-17.87,-10.6,-18.96,-11.88,0.0,0.0,0.0,0.0003,build_up,high_block
7_291,2006229,1,09:58.1,passing_option,,F. Kurto,Macarthur FC,-50.14,-7.8,-50.0,-7.39,0.0,1.0,1.0,0.0,build_up,high_block
7_292,2006229,1,09:58.3,passing_option,,M. Jurman,Macarthur FC,-33.17,0.82,-33.17,0.82,0.0,0.0,0.0,0.0001,build_up,high_block
8_116,2006229,1,09:59.9,player_possession,,F. Kurto,Macarthur FC,-48.28,-6.14,-48.28,-6.14,,,,,build_up,high_block
7_293,2006229,1,09:59.9,passing_option,,M. Jakoliš,Macarthur FC,2.62,7.12,2.62,7.12,0.0,0.0,0.0,0.0023,build_up,high_block
7_294,2006229,1,09:59.9,passing_option,,M. Jurman,Macarthur FC,-37.19,1.27,-37.19,1.27,0.0,0.0,0.0,0.0,build_up,high_block
7_295,2006229,1,09:59.9,passing_option,,C. Ikonomidis,Macarthur FC,1.43,-6.58,1.43,-6.58,0.0,0.0,0.0,0.0012,build_up,high_block
7_296,2006229,1,09:59.9,passing_option,,I. Vujica,Macarthur FC,-28.62,18.64,-28.62,18.64,0.0,1.0,1.0,0.0001,build_up,high_block
8_117,2006229,1,10:02.2,player_possession,,I. Vujica,Macarthur FC,-31.36,27.45,-37.01,25.39,,,,,build_up,high_block
7_297,2006229,1,10:02.2,passing_option,,M. Jurman,Macarthur FC,-38.35,7.38,-39.92,16.11,0.0,1.0,1.0,0.0,build_up,high_block
7_298,2006229,1,10:07.1,passing_option,,K. Boli,Macarthur FC,-33.96,-0.46,-34.05,-0.42,0.0,0.0,0.0,0.0,build_up,high_block
8_118,2006229,1,10:08.5,player_possession,,M. Jurman,Macarthur FC,-39.66,16.5,-34.34,9.2,,,,,build_up,high_block
7_299,2006229,1,10:08.5,passing_option,,I. Vujica,Macarthur FC,-35.29,24.47,-34.96,24.43,0.0,0.0,0.0,0.0001,build_up,high_block
7_300,2006229,1,10:08.5,passing_option,,F. Kurto,Macarthur FC,-47.03,2.41,-47.05,2.34,0.0,0.0,0.0,0.0,build_up,high_block
7_301,2006229,1,10:08.5,passing_option,,K. Boli,Macarthur FC,-35.17,0.24,-36.59,0.06,0.0,0.0,0.0,0.0001,build_up,high_block
7_302,2006229,1,10:11.9,passing_option,,L. Brattan,Macarthur FC,-23.24,5.9,-24.99,5.55,0.0,0.0,0.0,0.0005,build_up,high_block
7_303,2006229,1,10:12.1,passing_option,,K. Adamson,Macarthur FC,-6.85,-31.77,-6.83,-31.88,0.0,0.0,0.0,0.0005,build_up,high_block
8_119,2006229,1,11:38.0,player_possession,,K. Boli,Macarthur FC,-26.74,3.99,-24.49,2.56,,,,,build_up,high_block
7_304,2006229,1,11:38.0,passing_option,,F. Kurto,Macarthur FC,-36.22,2.47,-36.38,2.32,0.0,0.0,0.0,0.0,build_up,high_block
7_305,2006229,1,11:38.9,passing_option,,T. Uskok,Macarthur FC,-18.36,-18.87,-20.22,-20.36,0.0,0.0,0.0,0.0001,build_up,high_block
7_306,2006229,1,11:39.3,passing_option,,J. Hollman,Macarthur FC,-3.32,-8.54,-5.59,-9.1,0.0,0.0,0.0,0.001,build_up,high_block
7_307,2006229,1,11:39.4,passing_option,,L. Brattan,Macarthur FC,-1.7,5.19,-3.33,5.06,0.0,0.0,0.0,0.0009,build_up,high_block
7_308,2006229,1,11:39.8,passing_option,,I. Vujica,Macarthur FC,3.96,25.04,4.76,25.42,0.0,1.0,0.0,0.0036,build_up,high_block
1_61,2006229,1,11:39.9,off_ball_run,run_ahead_of_the_ball,I. Vujica,Macarthur FC,4.34,25.23,9.79,26.88,0.0,1.0,0.0,0.0036,build_up,high_block
7_309,2006229,1,11:40.0,passing_option,,M. Jakoliš,Macarthur FC,11.06,8.01,11.06,8.01,0.0,0.0,0.0,0.0026,build_up,high_block
7_310,2006229,1,11:40.0,passing_option,,M. Jurman,Macarthur FC,-15.71,21.56,-15.71,21.56,0.0,0.0,0.0,0.0002,build_up,high_block
8_120,2006229,1,11:43.7,player_possession,,N. Atkinson,Melbourne City,-22.24,-29.04,-22.24,-29.04,,,,,chaotic,chaotic
8_121,2006229,1,11:53.6,player_possession,,M. Jurman,Macarthur FC,-3.24,26.46,-5.84,25.38,,,,,create,medium_block
7_311,2006229,1,11:53.6,passing_option,,K. Boli,Macarthur FC,-14.28,16.2,-17.02,15.27,0.0,1.0,1.0,0.0003,create,medium_block
7_312,2006229,1,11:54.3,passing_option,,T. Uskok,Macarthur FC,-7.47,-6.87,-7.91,-7.47,0.0,0.0,0.0,0.0007,create,medium_block
7_313,2006229,1,11:54.6,passing_option,,K. Adamson,Macarthur FC,19.56,-22.46,19.54,-22.6,0.0,0.0,0.0,0.0041,create,medium_block
1_62,2006229,1,11:56.2,off_ball_run,pulling_half_space,S. Khaoui,Macarthur FC,16.19,-2.23,9.86,-9.66,0.0,0.0,0.0,0.0083,direct,defending_direct
1_63,2006229,1,11:56.9,off_ball_run,dropping_off,T. Uskok,Macarthur FC,-12.94,-12.05,-16.57,-15.32,0.0,0.0,0.0,0.0003,direct,defending_direct
8_122,2006229,1,11:57.3,player_possession,,K. Boli,Macarthur FC,-20.76,5.17,-14.21,-5.53,,,,,direct,defending_direct
7_314,2006229,1,11:57.3,passing_option,,T. Uskok,Macarthur FC,-14.29,-13.24,-18.73,-17.24,0.0,0.0,0.0,0.0003,direct,defending_direct
7_315,2006229,1,11:57.3,passing_option,,K. Adamson,Macarthur FC,15.62,-28.07,16.54,-31.17,0.0,1.0,1.0,0.0042,direct,defending_direct
7_316,2006229,1,11:57.5,passing_option,,S. Khaoui,Macarthur FC,11.54,-6.64,11.72,-13.27,0.0,0.0,0.0,0.0091,direct,defending_direct
1_64,2006229,1,12:00.2,off_ball_run,cross_receiver,C. Ikonomidis,Macarthur FC,13.24,-5.44,28.09,-4.26,1.0,0.0,0.0,0.055,direct,defending_direct
8_123,2006229,1,12:02.6,player_possession,,K. Adamson,Macarthur FC,31.29,-29.02,31.29,-29.02,,,,,direct,defending_direct
7_317,2006229,1,12:02.6,passing_option,,S. Khaoui,Macarthur FC,25.04,-22.59,25.04,-22.59,0.0,1.0,1.0,0.0094,direct,defending_direct
7_318,2006229,1,12:02.6,passing_option,,C. Ikonomidis,Macarthur FC,26.39,-4.66,26.39,-4.66,1.0,0.0,0.0,0.055,direct,defending_direct
8_124,2006229,1,12:03.9,player_possession,,K. Trewin,Melbourne City,-29.26,20.83,-29.26,20.83,,,,,build_up,high_block
7_319,2006229,1,12:03.9,passing_option,,S. Souprayen,Melbourne City,-36.24,16.97,-36.24,16.97,0.0,0.0,0.0,0.0002,build_up,high_block
7_320,2006229,1,12:03.9,passing_option,,A. Behich,Melbourne City,-35.22,24.37,-35.22,24.37,0.0,1.0,1.0,0.0002,build_up,high_block
7_321,2006229,1,12:03.9,passing_option,,K. Rahmani,Melbourne City,-14.53,25.32,-14.53,25.32,0.0,0.0,0.0,0.0004,build_up,high_block
8_125,2006229,1,12:05.3,player_possession,,A. Behich,Melbourne City,-37.21,22.98,-35.55,25.29,,,,,build_up,high_block
7_322,2006229,1,12:05.3,passing_option,,S. Souprayen,Melbourne City,-38.91,16.04,-39.09,15.86,0.0,0.0,0.0,0.0002,build_up,high_block
7_323,2006229,1,12:05.3,passing_option,,K. Trewin,Melbourne City,-34.98,19.56,-35.67,18.8,0.0,0.0,0.0,0.0003,build_up,high_block
7_324,2006229,1,12:05.3,passing_option,,A. Kuen,Melbourne City,-13.86,16.15,-14.81,18.91,0.0,0.0,0.0,0.0017,build_up,high_block
7_325,2006229,1,12:05.3,passing_option,,K. Rahmani,Melbourne City,-19.77,27.61,-23.55,30.49,0.0,1.0,1.0,0.0002,build_up,high_block
8_126,2006229,1,12:07.6,player_possession,,K. Rahmani,Melbourne City,-24.83,32.4,-16.33,31.35,,,,,create,medium_block
7_326,2006229,1,12:07.6,passing_option,,M. Caputo,Melbourne City,2.62,14.61,4.92,16.12,0.0,0.0,0.0,0.0089,create,medium_block
7_327,2006229,1,12:07.6,passing_option,,A. Kuen,Melbourne City,-13.86,21.1,-9.05,21.95,0.0,0.0,0.0,0.0035,create,medium_block
7_328,2006229,1,12:07.6,passing_option,,K. Trewin,Melbourne City,-32.41,19.56,-18.0,22.45,0.0,1.0,1.0,0.0009,create,medium_block
1_65,2006229,1,12:07.7,off_ball_run,support,K. Trewin,Melbourne City,-32.0,19.64,-20.48,20.9,0.0,1.0,1.0,0.0009,create,medium_block
7_329,2006229,1,12:10.7,passing_option,,A. Behich,Melbourne City,-24.83,29.0,-24.53,29.37,0.0,0.0,0.0,0.0003,create,medium_block
8_127,2006229,1,12:11.9,player_possession,,K. Trewin,Melbourne City,-17.07,23.47,-14.01,20.37,,,,,create,medium_block
7_330,2006229,1,12:11.9,passing_option,,A. Behich,Melbourne City,-24.16,29.73,-24.1,29.71,0.0,0.0,0.0,0.0002,create,medium_block
7_331,2006229,1,12:11.9,passing_option,,A. Kuen,Melbourne City,-7.84,21.92,-6.92,22.05,0.0,0.0,0.0,0.0056,create,medium_block
7_332,2006229,1,12:12.2,passing_option,,M. Leckie,Melbourne City,-11.35,5.94,-6.83,4.63,0.0,1.0,1.0,0.0077,create,medium_block
1_66,2006229,1,12:13.4,off_ball_run,run_ahead_of_the_ball,M. Leckie,Melbourne City,-7.7,4.68,-2.27,5.36,0.0,1.0,1.0,0.0077,create,medium_block
1_67,2006229,1,12:14.3,off_ball_run,run_ahead_of_the_ball,M. Tilio,Melbourne City,2.58,-19.44,29.9,-18.38,1.0,1.0,1.0,0.0214,finish,low_block
1_68,2006229,1,12:14.4,off_ball_run,behind,A. Kuen,Melbourne City,-1.31,20.23,28.3,12.06,1.0,0.0,0.0,0.2926,finish,low_block
8_128,2006229,1,12:15.4,player_possession,,M. Leckie,Melbourne City,0.8,5.31,20.92,-2.05,,,,,finish,low_block
7_333,2006229,1,12:15.4,passing_option,,A. Kuen,Melbourne City,3.95,18.63,28.3,12.06,1.0,0.0,0.0,0.2926,finish,low_block
1_69,2006229,1,12:15.7,off_ball_run,behind,M. Caputo,Melbourne City,13.52,6.46,26.69,-1.03,1.0,0.0,0.0,0.0389,finish,low_block
7_334,2006229,1,12:15.8,passing_option,,M. Caputo,Melbourne City,13.93,6.31,26.69,-1.03,1.0,0.0,0.0,0.0389,finish,low_block
7_335,2006229,1,12:16.3,passing_option,,M. Tilio,Melbourne City,12.86,-18.77,25.5,-17.22,1.0,1.0,1.0,0.0214,finish,low_block
1_70,2006229,1,12:18.8,off_ball_run,cross_receiver,M. Caputo,Melbourne City,27.15,-1.37,44.12,-4.44,1.0,0.0,0.0,0.1152,finish,low_block
1_71,2006229,1,12:18.8,off_ball_run,cross_receiver,M. Leckie,Melbourne City,21.53,-2.18,44.66,-1.38,1.0,1.0,0.0,0.1005,finish,low_block
8_129,2006229,1,12:19.7,player_possession,,M. Tilio,Melbourne City,29.9,-18.38,43.19,-22.06,,,,,finish,low_block
7_336,2006229,1,12:19.7,passing_option,,M. Caputo,Melbourne City,31.59,-3.6,43.28,-4.26,1.0,0.0,0.0,0.1152,finish,low_block
7_337,2006229,1,12:20.5,passing_option,,M. Leckie,Melbourne City,32.35,-2.54,42.29,-1.83,1.0,1.0,0.0,0.1005,finish,low_block
7_338,2006229,1,12:22.0,passing_option,,A. Kuen,Melbourne City,42.24,2.73,42.51,2.67,1.0,0.0,0.0,0.218,finish,low_block
8_130,2006229,1,12:27.1,player_possession,,K. Adamson,Macarthur FC,-41.02,-2.38,-39.52,-2.46,,,,,chaotic,chaotic
7_339,2006229,1,12:27.1,passing_option,,S. Khaoui,Macarthur FC,-32.18,1.92,-32.78,1.36,0.0,1.0,1.0,0.0002,chaotic,chaotic
7_340,2006229,1,12:27.1,passing_option,,C. Ikonomidis,Macarthur FC,-17.26,4.08,-17.66,3.81,0.0,0.0,0.0,0.0009,chaotic,chaotic
7_341,2006229,1,12:27.1,passing_option,,J. Hollman,Macarthur FC,-41.22,-0.56,-39.54,-1.27,0.0,0.0,0.0,0.0007,chaotic,chaotic
8_131,2006229,1,12:29.0,player_possession,,S. Khaoui,Macarthur FC,-31.73,3.55,-31.73,3.55,,,,,chaotic,chaotic
7_342,2006229,1,12:29.0,passing_option,,C. Ikonomidis,Macarthur FC,-18.6,2.96,-18.6,2.96,0.0,1.0,1.0,0.002,chaotic,chaotic
8_132,2006229,1,12:30.0,player_possession,,C. Ikonomidis,Macarthur FC,-19.55,2.27,-19.55,2.27,,,,,chaotic,chaotic
7_343,2006229,1,12:30.0,passing_option,,S. Khaoui,Macarthur FC,-28.95,3.89,-28.95,3.89,0.0,0.0,0.0,0.0029,chaotic,chaotic
8_133,2006229,1,12:31.0,player_possession,,S. Khaoui,Macarthur FC,-25.09,2.67,-22.29,5.11,,,,,chaotic,chaotic
7_344,2006229,1,12:31.0,passing_option,,C. Ikonomidis,Macarthur FC,-20.73,2.29,-21.26,1.89,0.0,0.0,0.0,0.0015,chaotic,chaotic
8_134,2006229,1,12:32.9,player_possession,,N. Atkinson,Melbourne City,17.91,-9.06,23.41,-6.71,,,,,finish,low_block
7_345,2006229,1,12:32.9,passing_option,,M. Leckie,Melbourne City,21.17,-8.36,21.17,-8.36,0.0,0.0,0.0,0.0039,finish,low_block
7_346,2006229,1,12:32.9,passing_option,,K. Trewin,Melbourne City,19.7,-5.08,17.31,-5.32,0.0,0.0,0.0,0.0044,finish,low_block
7_347,2006229,1,12:32.9,passing_option,,M. Tilio,Melbourne City,23.56,-12.55,23.61,-15.23,0.0,1.0,1.0,0.0066,finish,low_block
7_348,2006229,1,12:34.0,passing_option,,M. Caputo,Melbourne City,30.4,-3.39,30.48,-2.96,0.0,0.0,0.0,0.0188,finish,low_block
7_349,2006229,1,12:34.9,passing_option,,M. Leckie,Melbourne City,16.4,-11.23,16.36,-11.55,0.0,0.0,0.0,0.0039,finish,low_block
1_72,2006229,1,12:36.1,off_ball_run,run_ahead_of_the_ball,N. Atkinson,Melbourne City,25.25,-8.9,30.44,-16.89,0.0,0.0,0.0,0.0111,finish,low_block
8_135,2006229,1,12:36.2,player_possession,,M. Tilio,Melbourne City,24.72,-16.19,22.79,-15.54,,,,,finish,low_block
7_350,2006229,1,12:36.2,passing_option,,N. Atkinson,Melbourne City,25.54,-9.24,28.52,-12.96,0.0,0.0,0.0,0.0111,finish,low_block
7_351,2006229,1,12:36.6,passing_option,,M. Leckie,Melbourne City,17.0,-13.02,17.29,-14.5,0.0,1.0,1.0,0.0031,finish,low_block
7_352,2006229,1,12:37.4,passing_option,,K. Trewin,Melbourne City,17.29,-5.81,17.25,-6.98,0.0,0.0,0.0,0.0042,finish,low_block
8_136,2006229,1,12:39.0,player_possession,,M. Leckie,Melbourne City,17.12,-14.8,19.87,-18.79,,,,,finish,low_block
7_353,2006229,1,12:39.0,passing_option,,N. Atkinson,Melbourne City,30.45,-20.86,27.5,-28.72,0.0,0.0,0.0,0.0047,finish,low_block
7_354,2006229,1,12:39.0,passing_option,,M. Tilio,Melbourne City,21.14,-16.81,17.11,-22.46,0.0,1.0,1.0,0.0016,finish,low_block
8_137,2006229,1,12:42.1,player_possession,,M. Tilio,Melbourne City,16.42,-23.0,15.5,-22.86,,,,,finish,low_block
7_355,2006229,1,12:42.1,passing_option,,N. Atkinson,Melbourne City,26.31,-29.95,25.11,-30.73,0.0,0.0,0.0,0.0024,finish,low_block
7_356,2006229,1,12:42.1,passing_option,,G. Ferreyra,Melbourne City,2.41,-10.46,1.62,-11.06,0.0,0.0,0.0,0.0009,finish,low_block
7_357,2006229,1,12:42.7,passing_option,,S. Souprayen,Melbourne City,3.42,5.52,3.06,5.54,0.0,1.0,1.0,0.0011,finish,low_block
8_138,2006229,1,12:45.1,player_possession,,S. Souprayen,Melbourne City,0.54,6.49,2.45,11.33,,,,,create,medium_block
7_358,2006229,1,12:45.1,passing_option,,A. Behich,Melbourne City,15.36,19.77,18.93,24.22,0.0,1.0,1.0,0.0043,create,medium_block
1_73,2006229,1,12:46.7,off_ball_run,coming_short,A. Kuen,Melbourne City,25.89,2.2,27.25,13.69,0.0,0.0,0.0,0.0071,finish,low_block
8_139,2006229,1,12:48.4,player_possession,,A. Behich,Melbourne City,23.98,26.7,30.52,25.25,,,,,finish,low_block
7_359,2006229,1,12:48.4,passing_option,,A. Kuen,Melbourne City,27.98,9.79,27.95,17.5,0.0,0.0,0.0,0.0073,finish,low_block
7_360,2006229,1,12:48.4,passing_option,,K. Rahmani,Melbourne City,31.74,31.82,36.09,32.71,0.0,1.0,1.0,0.01,finish,low_block
1_74,2006229,1,12:50.6,off_ball_run,underlap,A. Behich,Melbourne City,31.32,25.13,39.18,25.88,0.0,0.0,0.0,0.0122,finish,low_block
8_140,2006229,1,12:51.5,player_possession,,K. Rahmani,Melbourne City,36.73,32.07,35.61,31.95,,,,,finish,low_block
7_361,2006229,1,12:51.5,passing_option,,A. Behich,Melbourne City,35.78,25.23,40.44,26.46,0.0,0.0,0.0,0.0122,finish,low_block
7_362,2006229,1,12:51.5,passing_option,,A. Kuen,Melbourne City,29.81,20.51,31.31,23.45,0.0,0.0,0.0,0.0078,finish,low_block
8_141,2006229,1,13:03.3,player_possession,,T. Uskok,Macarthur FC,-37.79,-26.95,-37.79,-26.95,,,,,build_up,high_block
7_363,2006229,1,13:03.3,passing_option,,C. Ikonomidis,Macarthur FC,-5.28,-17.93,-5.28,-17.93,0.0,0.0,0.0,0.0016,build_up,high_block
7_364,2006229,1,13:03.3,passing_option,,J. Hollman,Macarthur FC,-29.98,-21.3,-29.98,-21.3,0.0,0.0,0.0,0.0001,build_up,high_block
7_365,2006229,1,13:03.3,passing_option,,K. Adamson,Macarthur FC,-35.33,-33.78,-35.33,-33.78,0.0,1.0,1.0,0.0001,build_up,high_block
8_142,2006229,1,13:04.1,player_possession,,K. Adamson,Macarthur FC,-36.37,-33.49,-36.37,-33.49,,,,,build_up,high_block
7_366,2006229,1,13:04.1,passing_option,,S. Khaoui,Macarthur FC,-24.42,-30.44,-24.42,-30.44,0.0,1.0,1.0,0.0001,build_up,high_block
7_367,2006229,1,13:04.1,passing_option,,T. Uskok,Macarthur FC,-37.87,-27.84,-37.87,-27.84,0.0,0.0,0.0,0.0001,build_up,high_block
7_368,2006229,1,13:04.1,passing_option,,J. Hollman,Macarthur FC,-31.17,-22.38,-31.17,-22.38,0.0,0.0,0.0,0.0001,build_up,high_block
8_143,2006229,1,13:05.6,player_possession,,S. Khaoui,Macarthur FC,-26.34,-30.48,-27.76,-30.6,,,,,build_up,high_block
7_369,2006229,1,13:05.6,passing_option,,J. Hollman,Macarthur FC,-31.82,-23.22,-31.53,-22.6,0.0,0.0,0.0,0.0002,build_up,high_block
7_370,2006229,1,13:05.9,passing_option,,K. Adamson,Macarthur FC,-33.02,-33.61,-29.69,-33.25,0.0,1.0,1.0,0.0002,build_up,high_block
7_371,2006229,1,13:06.1,passing_option,,T. Uskok,Macarthur FC,-39.38,-28.11,-38.98,-28.24,0.0,0.0,0.0,0.0,build_up,high_block
8_144,2006229,1,13:08.1,player_possession,,K. Adamson,Macarthur FC,-30.59,-31.94,-30.59,-31.94,,,,,build_up,high_block
7_372,2006229,1,13:08.1,passing_option,,T. Uskok,Macarthur FC,-38.97,-28.22,-38.97,-28.22,0.0,1.0,1.0,0.0,build_up,high_block
8_145,2006229,1,13:09.2,player_possession,,T. Uskok,Macarthur FC,-39.23,-28.86,-39.23,-28.86,,,,,build_up,high_block
7_373,2006229,1,13:09.2,passing_option,,C. Ikonomidis,Macarthur FC,-5.66,-17.95,-5.66,-17.95,0.0,1.0,0.0,0.0015,build_up,high_block
8_146,2006229,1,13:10.4,player_possession,,K. Trewin,Melbourne City,19.27,24.17,19.27,24.17,,,,,quick_break,defending_quick_break
7_374,2006229,1,13:10.4,passing_option,,M. Leckie,Melbourne City,18.75,14.59,18.75,14.59,0.0,1.0,1.0,0.0042,quick_break,defending_quick_break
7_375,2006229,1,13:10.4,passing_option,,A. Behich,Melbourne City,24.28,29.64,24.28,29.64,0.0,0.0,0.0,0.0032,quick_break,defending_quick_break
8_147,2006229,1,13:11.8,player_possession,,M. Leckie,Melbourne City,18.13,17.34,20.97,24.55,,,,,quick_break,defending_quick_break
7_376,2006229,1,13:11.8,passing_option,,S. Souprayen,Melbourne City,11.23,20.69,11.17,20.58,0.0,0.0,0.0,0.0031,quick_break,defending_quick_break
8_0,1996435,1,00:08.6,player_possession,,E. Alagich,Adelaide United,0.26,0.11,0.26,0.11,,,,,create,medium_block
1_0,1996435,1,00:09.3,off_ball_run,run_ahead_of_the_ball,A. Goodwin,Adelaide United,2.52,11.79,21.56,17.16,0.0,1.0,0.0,0.0023,direct,defending_direct
8_1,1996435,1,00:10.8,player_possession,,E. Cox,Adelaide United,-28.5,-0.08,-27.06,-0.86,,,,,direct,defending_direct
7_0,1996435,1,00:10.8,passing_option,,A. Goodwin,Adelaide United,10.05,13.4,17.41,16.54,0.0,1.0,0.0,0.0023,direct,defending_direct
7_1,1996435,1,00:11.3,passing_option,,J. Yull,Adelaide United,6.22,28.82,9.85,28.03,0.0,0.0,0.0,0.0019,direct,defending_direct
8_2,1996435,1,00:16.0,player_possession,,K. Shaw,Sydney FC,-28.32,-9.48,-28.32,-9.48,,,,,chaotic,chaotic
8_3,1996435,1,00:17.9,player_possession,,D. Pierias,Adelaide United,13.24,1.17,13.24,1.17,,,,,chaotic,chaotic
8_4,1996435,1,00:19.8,player_possession,,Léo Sena,Sydney FC,-24.09,-5.76,-24.09,-5.76,,,,,chaotic,chaotic
8_5,1996435,1,00:20.5,player_possession,,S. Mauk,Adelaide United,17.37,5.73,17.37,5.73,,,,,finish,low_block
8_6,1996435,1,00:23.5,player_possession,,S. Mauk,Adelaide United,20.45,6.57,16.64,7.24,,,,,create,medium_block
7_2,1996435,1,00:23.5,passing_option,,Z. Clough,Adelaide United,24.41,-2.16,23.3,0.67,0.0,0.0,0.0,0.0191,create,medium_block
7_3,1996435,1,00:23.5,passing_option,,J. Yull,Adelaide United,23.28,15.09,18.46,12.28,0.0,0.0,0.0,0.0127,create,medium_block
7_4,1996435,1,00:23.5,passing_option,,A. Goodwin,Adelaide United,27.62,5.58,26.64,6.53,0.0,1.0,0.0,0.0158,create,medium_block
7_5,1996435,1,00:24.5,passing_option,,E. Alagich,Adelaide United,13.34,10.2,11.53,11.16,0.0,0.0,0.0,0.0033,create,medium_block
7_6,1996435,1,00:25.8,passing_option,,F. Talladira,Adelaide United,10.58,15.49,10.86,16.02,0.0,0.0,0.0,0.0023,create,medium_block
8_7,1996435,1,00:28.2,player_possession,,Léo Sena,Sydney FC,-22.31,-7.11,-22.31,-7.11,,,,,chaotic,chaotic
7_7,1996435,1,00:28.2,passing_option,,J. Courtney-Perkins,Sydney FC,-23.34,4.88,-23.34,4.88,0.0,1.0,1.0,0.0008,chaotic,chaotic
8_8,1996435,1,00:29.3,player_possession,,J. Courtney-Perkins,Sydney FC,-23.41,8.17,-24.04,18.48,,,,,direct,defending_direct
7_8,1996435,1,00:29.3,passing_option,,P. Klimala,Sydney FC,-2.06,-6.41,0.9,3.68,0.0,1.0,0.0,0.0046,direct,defending_direct
1_1,1996435,1,00:29.9,off_ball_run,run_ahead_of_the_ball,P. Klimala,Sydney FC,-1.08,-4.4,2.15,11.69,0.0,1.0,0.0,0.0046,direct,defending_direct
8_9,1996435,1,00:36.3,player_possession,,E. Cox,Adelaide United,-38.91,-14.26,-38.38,-14.66,,,,,build_up,high_block
8_10,1996435,1,00:38.5,player_possession,,B. Vriends,Adelaide United,-31.43,-19.02,-31.78,-18.13,,,,,build_up,high_block
7_9,1996435,1,00:38.5,passing_option,,E. Cox,Adelaide United,-39.11,-12.99,-40.5,-10.9,0.0,0.0,0.0,0.0,build_up,high_block
7_10,1996435,1,00:38.5,passing_option,,P. Kikianis,Adelaide United,-29.51,2.17,-31.27,2.74,0.0,1.0,1.0,0.0,build_up,high_block
8_11,1996435,1,00:41.1,player_possession,,P. Kikianis,Adelaide United,-31.06,3.95,-30.59,5.88,,,,,build_up,high_block
7_11,1996435,1,00:41.1,passing_option,,J. Yull,Adelaide United,-4.23,20.52,-7.56,21.58,0.0,0.0,0.0,0.0012,build_up,high_block
7_12,1996435,1,00:41.1,passing_option,,F. Talladira,Adelaide United,-27.02,25.51,-27.69,28.11,0.0,1.0,1.0,0.0001,build_up,high_block
1_2,1996435,1,00:42.2,off_ball_run,coming_short,E. Alagich,Adelaide United,-16.92,2.52,-20.22,14.53,0.0,0.0,0.0,0.0006,build_up,high_block
1_3,1996435,1,00:42.5,off_ball_run,pulling_wide,J. Yull,Adelaide United,-8.61,22.74,-13.05,30.74,0.0,1.0,1.0,0.0004,build_up,high_block
8_12,1996435,1,00:43.9,player_possession,,F. Talladira,Adelaide United,-28.38,29.08,-28.26,28.83,,,,,build_up,high_block
7_13,1996435,1,00:43.9,passing_option,,E. Alagich,Adelaide United,-19.15,10.84,-19.83,12.94,0.0,0.0,0.0,0.0006,build_up,high_block
7_14,1996435,1,00:43.9,passing_option,,S. Mauk,Adelaide United,-1.92,16.04,-2.09,18.8,0.0,0.0,0.0,0.0028,build_up,high_block
7_15,1996435,1,00:43.9,passing_option,,J. Yull,Adelaide United,-11.18,28.91,-13.39,30.95,0.0,1.0,1.0,0.0004,build_up,high_block
1_4,1996435,1,00:44.7,off_ball_run,coming_short,E. Alagich,Adelaide United,-20.32,15.06,-18.08,22.22,0.0,1.0,1.0,0.0015,create,medium_block
8_13,1996435,1,00:45.6,player_possession,,J. Yull,Adelaide United,-16.66,31.15,-16.66,31.15,,,,,create,medium_block
7_16,1996435,1,00:45.6,passing_option,,E. Alagich,Adelaide United,-19.78,19.55,-19.78,19.55,0.0,1.0,1.0,0.0015,create,medium_block
7_17,1996435,1,00:45.6,passing_option,,F. Talladira,Adelaide United,-26.87,27.77,-26.87,27.77,0.0,0.0,0.0,0.0006,create,medium_block
8_14,1996435,1,00:46.3,player_possession,,E. Alagich,Adelaide United,-18.08,22.22,-18.08,22.22,,,,,create,medium_block
7_18,1996435,1,00:46.3,passing_option,,S. Mauk,Adelaide United,-3.7,24.34,-3.7,24.34,0.0,1.0,0.0,0.0017,create,medium_block
7_19,1996435,1,00:46.3,passing_option,,J. Yull,Adelaide United,-17.29,29.05,-17.29,29.05,0.0,0.0,0.0,0.0015,create,medium_block
8_15,1996435,1,00:51.3,player_possession,,R. Grant,Sydney FC,-29.1,-24.28,-32.59,-23.22,,,,,build_up,high_block
7_20,1996435,1,00:51.3,passing_option,,H. Devenish-Meares,Sydney FC,-41.8,-8.98,-43.48,-8.43,0.0,1.0,1.0,0.0,build_up,high_block
1_5,1996435,1,00:52.0,off_ball_run,dropping_off,R. Grant,Sydney FC,-33.14,-23.08,-42.08,-23.73,0.0,0.0,0.0,0.0023,build_up,high_block
1_6,1996435,1,00:52.0,off_ball_run,dropping_off,Z. de Jesus,Sydney FC,-6.8,-30.75,-16.31,-31.55,0.0,1.0,1.0,0.0001,build_up,high_block
1_7,1996435,1,00:52.0,off_ball_run,coming_short,C. Hollman,Sydney FC,-5.09,-9.25,-22.97,-4.84,0.0,0.0,0.0,0.0004,build_up,high_block
1_8,1996435,1,00:52.0,off_ball_run,coming_short,Léo Sena,Sydney FC,-11.15,-18.15,-29.87,-13.07,0.0,0.0,0.0,0.0003,build_up,high_block
8_16,1996435,1,00:53.7,player_possession,,H. Devenish-Meares,Sydney FC,-45.87,-8.87,-45.09,-9.29,,,,,build_up,high_block
7_21,1996435,1,00:53.7,passing_option,,Léo Sena,Sydney FC,-19.47,-14.68,-28.58,-12.92,0.0,0.0,0.0,0.0003,build_up,high_block
7_22,1996435,1,00:53.7,passing_option,,R. Grant,Sydney FC,-41.68,-23.6,-45.88,-25.43,0.0,0.0,0.0,0.0023,build_up,high_block
7_23,1996435,1,00:54.3,passing_option,,C. Hollman,Sydney FC,-15.83,-5.13,-19.62,-4.77,0.0,0.0,0.0,0.0004,build_up,high_block
7_24,1996435,1,00:54.8,passing_option,,Z. de Jesus,Sydney FC,-19.39,-31.6,-21.17,-31.64,0.0,1.0,1.0,0.0001,build_up,high_block
7_25,1996435,1,00:55.2,passing_option,,J. Lolley,Sydney FC,0.19,-24.67,-0.2,-24.4,0.0,0.0,0.0,0.001,build_up,high_block
8_17,1996435,1,00:57.3,player_possession,,Z. de Jesus,Sydney FC,-20.52,-31.25,-18.3,-30.65,,,,,create,medium_block
7_26,1996435,1,00:57.3,passing_option,,A. Cáceres,Sydney FC,-12.95,-19.88,-8.28,-25.55,0.0,0.0,0.0,0.0008,create,medium_block
1_9,1996435,1,00:57.5,off_ball_run,run_ahead_of_the_ball,A. Cáceres,Sydney FC,-12.64,-20.64,-10.37,-23.93,0.0,0.0,0.0,0.0008,create,medium_block
7_27,1996435,1,00:57.9,passing_option,,Léo Sena,Sydney FC,-30.9,-17.74,-25.16,-20.29,0.0,1.0,1.0,0.0003,create,medium_block
7_28,1996435,1,00:57.9,passing_option,,C. Hollman,Sydney FC,-24.19,-7.95,-19.72,-9.92,0.0,0.0,0.0,0.0005,create,medium_block
8_18,1996435,1,01:00.7,player_possession,,Léo Sena,Sydney FC,-22.38,-21.2,-5.19,-12.02,,,,,create,medium_block
7_29,1996435,1,01:00.7,passing_option,,C. Hollman,Sydney FC,-19.0,-10.11,-8.12,-6.99,0.0,0.0,0.0,0.0019,create,medium_block
7_30,1996435,1,01:01.6,passing_option,,K. Shaw,Sydney FC,-29.92,1.84,-25.92,4.54,0.0,0.0,0.0,0.0002,create,medium_block
1_10,1996435,1,01:02.9,off_ball_run,run_ahead_of_the_ball,J. Courtney-Perkins,Sydney FC,-7.03,22.16,-2.72,24.51,0.0,0.0,0.0,0.0027,create,medium_block
7_31,1996435,1,01:03.0,passing_option,,J. Courtney-Perkins,Sydney FC,-6.68,22.4,-3.9,23.99,0.0,0.0,0.0,0.0027,create,medium_block
7_32,1996435,1,01:03.5,passing_option,,A. Ouahim,Sydney FC,2.67,-9.85,3.99,-12.81,0.0,0.0,0.0,0.0043,create,medium_block
7_33,1996435,1,01:04.4,passing_option,,A. Cáceres,Sydney FC,3.69,-29.62,4.3,-29.56,0.0,0.0,0.0,0.0022,create,medium_block
7_34,1996435,1,01:05.7,passing_option,,R. Grant,Sydney FC,-20.9,-17.96,-20.33,-17.51,0.0,1.0,1.0,0.0004,create,medium_block
8_19,1996435,1,01:07.9,player_possession,,R. Grant,Sydney FC,-18.86,-10.85,-18.86,-10.85,,,,,create,medium_block
7_35,1996435,1,01:07.9,passing_option,,H. Devenish-Meares,Sydney FC,-35.44,-2.35,-35.44,-2.35,0.0,1.0,1.0,0.0,create,medium_block
7_36,1996435,1,01:07.9,passing_option,,K. Shaw,Sydney FC,-20.31,5.63,-20.31,5.63,0.0,0.0,0.0,0.0003,create,medium_block
8_20,1996435,1,01:10.1,player_possession,,H. Devenish-Meares,Sydney FC,-36.8,-1.3,-36.82,-1.05,,,,,build_up,high_block
7_37,1996435,1,01:10.1,passing_option,,R. Grant,Sydney FC,-26.23,-10.18,-31.23,-11.16,0.0,0.0,0.0,0.0,build_up,high_block
7_38,1996435,1,01:10.1,passing_option,,K. Shaw,Sydney FC,-25.8,9.87,-28.62,13.45,0.0,0.0,0.0,0.0001,build_up,high_block
7_39,1996435,1,01:10.4,passing_option,,C. Hollman,Sydney FC,-17.42,-5.22,-21.03,-3.82,0.0,1.0,1.0,0.0002,build_up,high_block
8_21,1996435,1,01:12.8,player_possession,,C. Hollman,Sydney FC,-23.97,-3.54,-23.97,-3.54,,,,,build_up,high_block
7_40,1996435,1,01:12.8,passing_option,,R. Grant,Sydney FC,-33.1,-11.17,-33.1,-11.17,0.0,1.0,1.0,0.0001,build_up,high_block
7_41,1996435,1,01:12.8,passing_option,,H. Devenish-Meares,Sydney FC,-37.63,-1.05,-37.63,-1.05,0.0,0.0,0.0,0.0,build_up,high_block
8_22,1996435,1,01:14.1,player_possession,,R. Grant,Sydney FC,-34.03,-10.9,-34.25,-10.76,,,,,build_up,high_block
7_42,1996435,1,01:14.1,passing_option,,H. Devenish-Meares,Sydney FC,-38.73,-1.44,-39.12,-1.61,0.0,1.0,1.0,0.0,build_up,high_block
8_23,1996435,1,01:15.6,player_possession,,H. Devenish-Meares,Sydney FC,-39.24,-1.65,-39.24,-1.65,,,,,build_up,high_block
7_43,1996435,1,01:15.6,passing_option,,J. Lolley,Sydney FC,3.8,-11.89,3.8,-11.89,0.0,0.0,0.0,0.0009,build_up,high_block
7_44,1996435,1,01:15.6,passing_option,,C. Hollman,Sydney FC,-27.66,-4.14,-27.66,-4.14,0.0,1.0,1.0,0.0002,build_up,high_block
7_45,1996435,1,01:15.6,passing_option,,K. Shaw,Sydney FC,-32.52,14.66,-32.52,14.66,0.0,0.0,0.0,0.0001,build_up,high_block
8_24,1996435,1,01:16.7,player_possession,,C. Hollman,Sydney FC,-28.08,-4.12,-20.34,-6.23,,,,,create,medium_block
7_46,1996435,1,01:16.7,passing_option,,R. Grant,Sydney FC,-34.04,-12.19,-32.91,-13.36,0.0,0.0,0.0,0.0001,create,medium_block
7_47,1996435,1,01:16.8,passing_option,,A. Cáceres,Sydney FC,-8.54,-17.35,-7.69,-18.56,0.0,0.0,0.0,0.0012,create,medium_block
7_48,1996435,1,01:16.9,passing_option,,Z. de Jesus,Sydney FC,-14.98,-30.79,-9.38,-30.31,0.0,0.0,0.0,0.0012,create,medium_block
7_49,1996435,1,01:17.9,passing_option,,A. Ouahim,Sydney FC,-5.4,-4.58,-3.88,-5.9,0.0,0.0,0.0,0.0027,create,medium_block
7_50,1996435,1,01:17.9,passing_option,,Léo Sena,Sydney FC,-16.41,2.05,-16.67,2.43,0.0,1.0,1.0,0.0006,create,medium_block
1_11,1996435,1,01:17.9,off_ball_run,run_ahead_of_the_ball,Z. de Jesus,Sydney FC,-12.03,-30.34,-7.53,-30.22,0.0,0.0,0.0,0.0012,create,medium_block
1_12,1996435,1,01:19.1,off_ball_run,run_ahead_of_the_ball,J. Courtney-Perkins,Sydney FC,-7.24,28.32,6.08,30.9,0.0,1.0,1.0,0.0065,create,medium_block
8_25,1996435,1,01:19.8,player_possession,,Léo Sena,Sydney FC,-16.65,2.86,-15.85,3.39,,,,,create,medium_block
7_51,1996435,1,01:19.8,passing_option,,P. Klimala,Sydney FC,4.09,6.99,3.5,7.77,0.0,0.0,0.0,0.0046,create,medium_block
7_52,1996435,1,01:19.8,passing_option,,J. Courtney-Perkins,Sydney FC,-4.15,28.56,-0.85,28.89,0.0,1.0,1.0,0.0065,create,medium_block
1_13,1996435,1,01:22.0,off_ball_run,run_ahead_of_the_ball,P. Klimala,Sydney FC,4.37,11.14,19.28,11.55,1.0,1.0,0.0,0.0368,create,medium_block
8_26,1996435,1,01:22.3,player_possession,,J. Courtney-Perkins,Sydney FC,6.8,31.2,9.39,31.64,,,,,create,medium_block
7_53,1996435,1,01:22.4,passing_option,,P. Klimala,Sydney FC,6.2,11.7,12.01,11.64,1.0,1.0,0.0,0.0368,create,medium_block
8_27,1996435,1,01:24.8,player_possession,,B. Vriends,Adelaide United,-22.29,-14.34,-24.1,-15.67,,,,,chaotic,chaotic
7_54,1996435,1,01:24.8,passing_option,,Z. Clough,Adelaide United,-4.93,-14.29,-7.01,-16.03,0.0,0.0,0.0,0.001,chaotic,chaotic
7_55,1996435,1,01:24.8,passing_option,,J. Barnett,Adelaide United,-13.16,-12.09,-15.74,-13.39,0.0,0.0,0.0,0.0004,chaotic,chaotic
7_56,1996435,1,01:24.8,passing_option,,D. Pierias,Adelaide United,-16.73,-29.13,-19.26,-28.58,0.0,1.0,0.0,0.0001,chaotic,chaotic
8_28,1996435,1,01:28.0,player_possession,,J. Courtney-Perkins,Sydney FC,18.46,24.23,18.46,24.23,,,,,chaotic,chaotic
8_29,1996435,1,01:31.5,player_possession,,D. Pierias,Adelaide United,-25.47,-22.76,-24.18,-22.02,,,,,chaotic,chaotic
7_57,1996435,1,01:31.5,passing_option,,S. Mauk,Adelaide United,-4.95,-0.88,-5.82,-1.91,0.0,0.0,0.0,0.0024,chaotic,chaotic
7_58,1996435,1,01:31.5,passing_option,,Z. Clough,Adelaide United,-18.41,-20.8,-16.6,-21.27,0.0,0.0,0.0,0.0008,chaotic,chaotic
7_59,1996435,1,01:31.5,passing_option,,J. Barnett,Adelaide United,-24.77,-15.77,-25.42,-16.99,0.0,1.0,0.0,0.0002,chaotic,chaotic
7_60,1996435,1,01:31.5,passing_option,,A. Goodwin,Adelaide United,-2.2,-10.25,-3.29,-11.52,0.0,0.0,0.0,0.0021,chaotic,chaotic
8_30,1996435,1,01:33.1,player_possession,,J. Courtney-Perkins,Sydney FC,23.44,23.26,29.82,29.02,,,,,finish,low_block
7_61,1996435,1,01:33.1,passing_option,,C. Hollman,Sydney FC,22.13,19.71,26.95,25.76,0.0,0.0,0.0,0.014,finish,low_block
7_62,1996435,1,01:35.2,passing_option,,A. Ouahim,Sydney FC,21.56,20.23,23.13,19.96,0.0,0.0,0.0,0.0088,finish,low_block
7_63,1996435,1,01:35.6,passing_option,,Léo Sena,Sydney FC,15.92,27.29,16.11,27.62,0.0,1.0,1.0,0.0024,finish,low_block
8_31,1996435,1,01:37.3,player_possession,,Léo Sena,Sydney FC,17.08,28.79,17.08,28.79,,,,,finish,low_block
7_64,1996435,1,01:37.3,passing_option,,A. Ouahim,Sydney FC,23.46,19.62,23.46,19.62,0.0,1.0,1.0,0.0048,finish,low_block
7_65,1996435,1,01:37.3,passing_option,,A. Cáceres,Sydney FC,20.93,9.89,20.93,9.89,0.0,0.0,0.0,0.0054,finish,low_block
7_66,1996435,1,01:37.3,passing_option,,K. Shaw,Sydney FC,7.43,21.2,7.43,21.2,0.0,0.0,0.0,0.0018,finish,low_block
8_32,1996435,1,01:38.2,player_possession,,A. Ouahim,Sydney FC,22.93,19.48,22.93,19.48,,,,,finish,low_block
7_67,1996435,1,01:38.2,passing_option,,A. Cáceres,Sydney FC,19.26,11.83,19.26,11.83,0.0,0.0,0.0,0.0061,finish,low_block
7_68,1996435,1,01:38.2,passing_option,,C. Hollman,Sydney FC,24.96,25.75,24.96,25.75,0.0,1.0,1.0,0.0043,finish,low_block
8_33,1996435,1,01:39.1,player_possession,,C. Hollman,Sydney FC,25.12,25.12,25.96,24.27,,,,,finish,low_block
7_69,1996435,1,01:39.1,passing_option,,A. Ouahim,Sydney FC,24.22,18.81,24.92,18.08,0.0,1.0,1.0,0.0061,finish,low_block
7_70,1996435,1,01:39.1,passing_option,,J. Courtney-Perkins,Sydney FC,30.62,33.12,32.25,32.96,0.0,0.0,0.0,0.0099,finish,low_block
7_71,1996435,1,01:39.1,passing_option,,A. Cáceres,Sydney FC,19.0,12.69,19.9,13.1,0.0,0.0,0.0,0.0084,finish,low_block
8_34,1996435,1,01:40.5,player_possession,,A. Ouahim,Sydney FC,24.35,17.92,23.51,17.73,,,,,finish,low_block
7_72,1996435,1,01:40.5,passing_option,,Léo Sena,Sydney FC,17.92,28.77,18.57,28.38,0.0,1.0,1.0,0.002,finish,low_block
7_73,1996435,1,01:40.5,passing_option,,A. Cáceres,Sydney FC,21.18,13.57,21.88,13.69,0.0,0.0,0.0,0.009,finish,low_block
7_74,1996435,1,01:40.5,passing_option,,C. Hollman,Sydney FC,27.21,23.54,28.57,23.11,0.0,0.0,0.0,0.0078,finish,low_block
8_35,1996435,1,01:42.3,player_possession,,Léo Sena,Sydney FC,19.31,28.38,19.95,28.4,,,,,finish,low_block
7_75,1996435,1,01:42.3,passing_option,,J. Courtney-Perkins,Sydney FC,32.91,32.01,31.76,32.35,0.0,1.0,1.0,0.0048,finish,low_block
7_76,1996435,1,01:42.3,passing_option,,C. Hollman,Sydney FC,28.99,23.01,28.37,23.2,0.0,0.0,0.0,0.0084,finish,low_block
8_36,1996435,1,01:43.8,player_possession,,J. Courtney-Perkins,Sydney FC,30.58,32.25,29.99,32.12,,,,,finish,low_block
7_77,1996435,1,01:43.8,passing_option,,Léo Sena,Sydney FC,20.66,28.83,20.48,29.95,0.0,1.0,1.0,0.002,finish,low_block
7_78,1996435,1,01:43.8,passing_option,,C. Hollman,Sydney FC,26.81,23.34,25.09,23.93,0.0,0.0,0.0,0.0042,finish,low_block
7_79,1996435,1,01:44.0,passing_option,,A. Ouahim,Sydney FC,28.73,17.33,32.02,18.06,0.0,0.0,0.0,0.015,finish,low_block
8_37,1996435,1,01:45.9,player_possession,,Léo Sena,Sydney FC,20.39,30.33,20.69,27.68,,,,,finish,low_block
7_80,1996435,1,01:45.9,passing_option,,J. Courtney-Perkins,Sydney FC,29.95,32.55,29.11,33.63,0.0,0.0,0.0,0.0027,finish,low_block
7_81,1996435,1,01:45.9,passing_option,,C. Hollman,Sydney FC,24.14,24.25,22.08,21.97,0.0,0.0,0.0,0.0039,finish,low_block
7_82,1996435,1,01:45.9,passing_option,,K. Shaw,Sydney FC,10.51,24.15,10.72,23.28,0.0,0.0,0.0,0.0017,finish,low_block
7_83,1996435,1,01:47.6,passing_option,,R. Grant,Sydney FC,6.73,8.29,6.76,8.28,0.0,1.0,1.0,0.0021,finish,low_block
8_38,1996435,1,01:49.6,player_possession,,R. Grant,Sydney FC,7.68,6.79,7.82,3.62,,,,,finish,low_block
7_84,1996435,1,01:49.6,passing_option,,Z. de Jesus,Sydney FC,16.99,-15.36,16.72,-22.03,0.0,0.0,0.0,0.0035,finish,low_block
7_85,1996435,1,01:51.3,passing_option,,C. Hollman,Sydney FC,15.81,10.87,15.41,9.75,0.0,0.0,0.0,0.0028,finish,low_block
7_86,1996435,1,01:51.4,passing_option,,K. Shaw,Sydney FC,7.42,16.67,7.29,16.12,0.0,1.0,1.0,0.0012,finish,low_block
8_39,1996435,1,01:52.6,player_possession,,K. Shaw,Sydney FC,7.44,15.61,8.83,16.25,,,,,finish,low_block
7_87,1996435,1,01:52.6,passing_option,,Léo Sena,Sydney FC,13.9,28.76,12.87,30.02,0.0,1.0,1.0,0.0015,finish,low_block
7_88,1996435,1,01:52.7,passing_option,,J. Courtney-Perkins,Sydney FC,26.53,30.01,25.39,31.37,0.0,0.0,0.0,0.0047,finish,low_block
7_89,1996435,1,01:53.1,passing_option,,A. Ouahim,Sydney FC,26.28,13.3,25.87,14.8,0.0,0.0,0.0,0.01,finish,low_block
8_40,1996435,1,01:54.9,player_possession,,Léo Sena,Sydney FC,12.58,30.39,12.91,22.23,,,,,finish,low_block
7_90,1996435,1,01:54.9,passing_option,,A. Ouahim,Sydney FC,26.01,18.66,26.4,19.99,0.0,0.0,0.0,0.0091,finish,low_block
7_91,1996435,1,01:54.9,passing_option,,J. Courtney-Perkins,Sydney FC,23.58,33.31,22.21,33.93,0.0,0.0,0.0,0.0016,finish,low_block
7_92,1996435,1,01:54.9,passing_option,,C. Hollman,Sydney FC,15.68,14.77,12.95,17.43,0.0,0.0,0.0,0.0059,finish,low_block
7_93,1996435,1,01:55.4,passing_option,,K. Shaw,Sydney FC,5.75,19.21,4.39,21.05,0.0,0.0,0.0,0.0011,finish,low_block
7_94,1996435,1,01:57.5,passing_option,,R. Grant,Sydney FC,4.37,5.69,3.94,5.68,0.0,0.0,0.0,0.0019,finish,low_block
7_95,1996435,1,01:57.7,passing_option,,K. Shaw,Sydney FC,3.9,22.03,3.92,22.19,0.0,0.0,0.0,0.0011,finish,low_block
7_96,1996435,1,01:58.1,passing_option,,J. Courtney-Perkins,Sydney FC,21.07,33.22,20.88,33.13,0.0,1.0,1.0,0.0016,finish,low_block
8_41,1996435,1,01:59.9,player_possession,,J. Courtney-Perkins,Sydney FC,21.96,31.96,21.6,21.55,,,,,finish,low_block
7_97,1996435,1,01:59.9,passing_option,,A. Ouahim,Sydney FC,27.04,21.93,30.7,26.76,0.0,0.0,0.0,0.0079,finish,low_block
1_14,1996435,1,02:00.0,off_ball_run,run_ahead_of_the_ball,A. Ouahim,Sydney FC,27.32,22.24,29.4,24.48,0.0,0.0,0.0,0.0079,finish,low_block
7_98,1996435,1,02:01.5,passing_option,,A. Cáceres,Sydney FC,26.09,4.57,26.38,6.73,0.0,0.0,0.0,0.0179,finish,low_block
7_99,1996435,1,02:02.5,passing_option,,Léo Sena,Sydney FC,12.19,27.19,12.3,27.09,0.0,1.0,1.0,0.0015,finish,low_block
7_100,1996435,1,02:02.7,passing_option,,R. Grant,Sydney FC,5.91,6.11,5.91,6.11,0.0,0.0,0.0,0.0023,finish,low_block
8_42,1996435,1,02:03.8,player_possession,,Léo Sena,Sydney FC,12.71,26.82,13.1,26.86,,,,,finish,low_block
7_101,1996435,1,02:03.8,passing_option,,A. Ouahim,Sydney FC,27.36,28.74,26.88,29.87,0.0,1.0,1.0,0.0036,finish,low_block
7_102,1996435,1,02:03.8,passing_option,,C. Hollman,Sydney FC,10.12,17.16,9.88,17.65,0.0,0.0,0.0,0.002,finish,low_block
8_43,1996435,1,02:05.5,player_possession,,A. Ouahim,Sydney FC,27.0,31.84,23.03,28.59,,,,,finish,low_block
7_103,1996435,1,02:05.7,passing_option,,J. Courtney-Perkins,Sydney FC,21.73,15.18,28.55,23.12,0.0,0.0,0.0,0.0096,finish,low_block
1_15,1996435,1,02:06.0,off_ball_run,underlap,J. Courtney-Perkins,Sydney FC,22.68,15.89,28.41,22.75,0.0,0.0,0.0,0.0096,finish,low_block
7_104,1996435,1,02:06.7,passing_option,,Léo Sena,Sydney FC,15.02,28.26,15.72,28.53,0.0,1.0,1.0,0.0017,finish,low_block
7_105,1996435,1,02:07.4,passing_option,,A. Cáceres,Sydney FC,26.33,7.44,25.14,9.66,0.0,0.0,0.0,0.0093,finish,low_block
7_106,1996435,1,02:08.4,passing_option,,C. Hollman,Sydney FC,13.02,19.07,12.92,19.17,0.0,0.0,0.0,0.002,finish,low_block
8_44,1996435,1,02:09.3,player_possession,,Léo Sena,Sydney FC,15.78,28.44,17.46,31.72,,,,,finish,low_block
7_107,1996435,1,02:09.3,passing_option,,J. Courtney-Perkins,Sydney FC,29.5,27.9,22.75,33.73,0.0,0.0,0.0,0.0044,finish,low_block
1_16,1996435,1,02:09.6,off_ball_run,coming_short,A. Cáceres,Sydney FC,22.75,13.02,19.87,18.58,0.0,0.0,0.0,0.0053,finish,low_block
7_108,1996435,1,02:09.8,passing_option,,A. Cáceres,Sydney FC,22.3,13.77,18.55,22.0,0.0,0.0,0.0,0.0053,finish,low_block
7_109,1996435,1,02:11.9,passing_option,,A. Ouahim,Sydney FC,25.37,19.73,26.24,19.54,1.0,1.0,1.0,0.0264,finish,low_block
1_17,1996435,1,02:11.9,off_ball_run,run_ahead_of_the_ball,A. Ouahim,Sydney FC,25.37,19.73,35.45,19.55,1.0,1.0,1.0,0.0264,finish,low_block
7_110,1996435,1,02:12.1,passing_option,,P. Klimala,Sydney FC,31.86,10.24,31.86,10.24,1.0,0.0,0.0,0.0204,finish,low_block
8_45,1996435,1,02:13.6,player_possession,,A. Ouahim,Sydney FC,35.45,19.55,45.65,23.47,,,,,finish,low_block
7_111,1996435,1,02:13.6,passing_option,,P. Klimala,Sydney FC,35.82,11.85,41.84,9.47,1.0,0.0,0.0,0.0624,finish,low_block
7_112,1996435,1,02:14.0,passing_option,,J. Lolley,Sydney FC,32.47,6.48,36.8,5.27,1.0,0.0,0.0,0.0743,finish,low_block
1_18,1996435,1,02:14.3,off_ball_run,support,J. Courtney-Perkins,Sydney FC,26.7,31.2,36.67,24.3,0.0,0.0,0.0,0.0197,finish,low_block
7_113,1996435,1,02:14.9,passing_option,,J. Courtney-Perkins,Sydney FC,28.98,29.67,35.43,25.52,0.0,0.0,0.0,0.0197,finish,low_block
7_114,1996435,1,02:15.7,passing_option,,A. Cáceres,Sydney FC,27.4,19.84,30.2,18.68,0.0,1.0,1.0,0.0194,finish,low_block
1_19,1996435,1,02:15.9,off_ball_run,support,A. Cáceres,Sydney FC,28.15,19.49,32.75,18.12,0.0,1.0,1.0,0.0194,finish,low_block
8_46,1996435,1,02:18.0,player_possession,,A. Cáceres,Sydney FC,36.23,18.26,36.82,19.85,,,,,finish,low_block
7_115,1996435,1,02:18.0,passing_option,,J. Lolley,Sydney FC,41.75,-1.25,42.09,-1.9,1.0,0.0,0.0,0.0792,finish,low_block
7_116,1996435,1,02:18.0,passing_option,,A. Ouahim,Sydney FC,43.52,23.21,38.3,16.65,1.0,0.0,0.0,0.0302,finish,low_block
7_117,1996435,1,02:18.0,passing_option,,J. Courtney-Perkins,Sydney FC,39.08,21.04,40.91,24.51,0.0,1.0,1.0,0.0089,finish,low_block
7_118,1996435,1,02:19.1,passing_option,,P. Klimala,Sydney FC,41.56,2.87,42.89,1.67,1.0,0.0,0.0,0.0738,finish,low_block
7_119,1996435,1,02:20.5,passing_option,,Léo Sena,Sydney FC,27.08,24.02,27.38,24.23,0.0,0.0,0.0,0.0065,finish,low_block
8_47,1996435,1,02:21.9,player_possession,,J. Courtney-Perkins,Sydney FC,40.06,26.79,40.06,26.79,,,,,finish,low_block
7_120,1996435,1,02:21.9,passing_option,,Léo Sena,Sydney FC,28.29,25.26,28.29,25.26,0.0,1.0,1.0,0.0057,finish,low_block
7_121,1996435,1,02:21.9,passing_option,,A. Cáceres,Sydney FC,36.36,22.33,36.36,22.33,0.0,0.0,0.0,0.0058,finish,low_block
8_48,1996435,1,02:23.3,player_possession,,Léo Sena,Sydney FC,29.47,26.37,29.47,26.37,,,,,finish,low_block
7_122,1996435,1,02:23.3,passing_option,,J. Courtney-Perkins,Sydney FC,37.67,29.5,37.67,29.5,0.0,0.0,0.0,0.007,finish,low_block
7_123,1996435,1,02:23.3,passing_option,,A. Cáceres,Sydney FC,33.71,26.83,33.71,26.83,0.0,1.0,1.0,0.0043,finish,low_block
7_124,1996435,1,02:23.3,passing_option,,C. Hollman,Sydney FC,24.76,17.31,24.76,17.31,0.0,0.0,0.0,0.0046,finish,low_block
8_49,1996435,1,02:23.8,player_possession,,A. Cáceres,Sydney FC,32.56,28.26,23.32,20.78,,,,,finish,low_block
7_125,1996435,1,02:23.8,passing_option,,Léo Sena,Sydney FC,29.24,26.48,24.97,27.5,0.0,0.0,0.0,0.005,finish,low_block
7_126,1996435,1,02:23.8,passing_option,,C. Hollman,Sydney FC,24.25,18.41,20.37,22.27,0.0,0.0,0.0,0.0038,finish,low_block
7_127,1996435,1,02:27.1,passing_option,,R. Grant,Sydney FC,10.2,2.5,10.68,1.68,0.0,0.0,0.0,0.003,finish,low_block
7_128,1996435,1,02:27.7,passing_option,,K. Shaw,Sydney FC,10.71,14.46,10.7,14.24,0.0,0.0,0.0,0.0022,finish,low_block
7_129,1996435,1,02:28.0,passing_option,,A. Ouahim,Sydney FC,32.56,15.87,32.02,16.01,0.0,1.0,1.0,0.0106,finish,low_block
8_50,1996435,1,02:29.0,player_possession,,A. Ouahim,Sydney FC,30.12,16.42,28.69,12.8,,,,,finish,low_block
7_130,1996435,1,02:29.6,passing_option,,P. Klimala,Sydney FC,35.03,2.1,36.5,4.12,1.0,0.0,0.0,0.0563,finish,low_block
7_131,1996435,1,02:29.6,passing_option,,J. Lolley,Sydney FC,29.48,-1.49,28.9,-0.1,0.0,1.0,1.0,0.0193,finish,low_block
1_20,1996435,1,02:30.4,off_ball_run,run_ahead_of_the_ball,A. Ouahim,Sydney FC,28.63,12.36,31.76,4.11,1.0,1.0,1.0,0.0279,finish,low_block
8_51,1996435,1,02:31.3,player_possession,,J. Lolley,Sydney FC,28.66,0.06,28.66,0.06,,,,,finish,low_block
7_132,1996435,1,02:31.3,passing_option,,P. Klimala,Sydney FC,37.75,7.16,37.75,7.16,1.0,0.0,0.0,0.0269,finish,low_block
7_133,1996435,1,02:31.3,passing_option,,A. Ouahim,Sydney FC,29.61,8.18,29.61,8.18,1.0,1.0,1.0,0.0279,finish,low_block
7_134,1996435,1,02:31.3,passing_option,,Z. de Jesus,Sydney FC,22.69,-1.85,22.69,-1.85,0.0,0.0,0.0,0.0147,finish,low_block
1_21,1996435,1,02:31.4,off_ball_run,support,Z. de Jesus,Sydney FC,22.96,-2.16,30.13,-9.17,1.0,0.0,0.0,0.0217,finish,low_block
1_22,1996435,1,02:32.1,off_ball_run,run_ahead_of_the_ball,J. Lolley,Sydney FC,29.89,-1.62,34.92,-5.08,1.0,1.0,0.0,0.0355,finish,low_block
8_52,1996435,1,02:32.2,player_possession,,A. Ouahim,Sydney FC,31.76,4.11,31.76,4.11,,,,,finish,low_block
7_135,1996435,1,02:32.2,passing_option,,J. Lolley,Sydney FC,30.21,-1.93,30.21,-1.93,1.0,1.0,0.0,0.0355,finish,low_block
7_136,1996435,1,02:32.2,passing_option,,Z. de Jesus,Sydney FC,25.69,-5.2,25.69,-5.2,1.0,0.0,0.0,0.0217,finish,low_block
8_53,1996435,1,02:43.3,player_possession,,P. Kikianis,Adelaide United,-42.73,10.34,-29.78,12.6,,,,,build_up,high_block
7_137,1996435,1,02:43.3,passing_option,,E. Cox,Adelaide United,-44.93,2.72,-45.25,2.63,0.0,0.0,0.0,0.0,build_up,high_block
7_138,1996435,1,02:43.3,passing_option,,F. Talladira,Adelaide United,-37.12,28.75,-31.7,30.54,0.0,1.0,1.0,0.0004,build_up,high_block
7_139,1996435,1,02:43.8,passing_option,,E. Alagich,Adelaide United,-21.73,12.45,-19.42,18.42,0.0,0.0,0.0,0.0006,build_up,high_block
7_140,1996435,1,02:44.8,passing_option,,S. Mauk,Adelaide United,-10.38,7.06,-11.63,11.8,0.0,0.0,0.0,0.0018,build_up,high_block
7_141,1996435,1,02:44.8,passing_option,,J. Yull,Adelaide United,-11.52,26.63,-11.83,29.16,0.0,0.0,0.0,0.0009,build_up,high_block
8_54,1996435,1,02:48.6,player_possession,,F. Talladira,Adelaide United,-27.66,30.88,-27.66,30.88,,,,,build_up,high_block
7_142,1996435,1,02:48.6,passing_option,,J. Yull,Adelaide United,-14.49,33.17,-14.49,33.17,0.0,1.0,1.0,0.0005,build_up,high_block
7_143,1996435,1,02:48.6,passing_option,,E. Alagich,Adelaide United,-14.57,22.6,-14.57,22.6,0.0,0.0,0.0,0.0026,build_up,high_block
1_23,1996435,1,02:48.8,off_ball_run,run_ahead_of_the_ball,E. Alagich,Adelaide United,-14.03,23.19,-9.7,27.01,0.0,0.0,0.0,0.0043,build_up,high_block
8_55,1996435,1,02:49.5,player_possession,,J. Yull,Adelaide United,-16.33,32.01,-21.51,18.23,,,,,build_up,high_block
7_144,1996435,1,02:49.5,passing_option,,E. Alagich,Adelaide United,-11.77,25.37,-10.72,26.25,0.0,0.0,0.0,0.0043,build_up,high_block
7_145,1996435,1,02:49.5,passing_option,,F. Talladira,Adelaide United,-26.1,30.08,-24.94,26.67,0.0,0.0,0.0,0.0011,build_up,high_block
7_146,1996435,1,02:49.5,passing_option,,S. Mauk,Adelaide United,-12.99,17.58,-15.35,17.53,0.0,0.0,0.0,0.0014,build_up,high_block
7_147,1996435,1,02:51.2,passing_option,,B. Vriends,Adelaide United,-30.39,2.92,-31.16,1.97,0.0,1.0,1.0,0.0001,build_up,high_block
7_148,1996435,1,02:52.7,passing_option,,E. Cox,Adelaide United,-44.25,5.85,-44.32,4.84,0.0,0.0,0.0,0.0,build_up,high_block
7_149,1996435,1,02:53.2,passing_option,,D. Pierias,Adelaide United,-4.77,-26.51,-4.79,-26.55,0.0,0.0,0.0,0.0024,build_up,high_block
8_56,1996435,1,02:54.7,player_possession,,B. Vriends,Adelaide United,-35.09,-0.4,-44.71,-6.25,,,,,build_up,high_block
7_150,1996435,1,02:54.7,passing_option,,E. Cox,Adelaide United,-45.21,2.24,-46.85,0.73,0.0,0.0,0.0,0.0,build_up,high_block
7_151,1996435,1,02:55.2,passing_option,,D. Pierias,Adelaide United,-7.09,-29.26,-13.78,-31.56,0.0,1.0,1.0,0.0001,build_up,high_block
1_24,1996435,1,02:56.0,off_ball_run,dropping_off,D. Pierias,Adelaide United,-9.66,-30.52,-23.65,-31.33,0.0,1.0,1.0,0.0001,build_up,high_block
1_25,1996435,1,02:57.0,off_ball_run,support,B. Vriends,Adelaide United,-44.98,-6.64,-46.29,-18.16,0.0,0.0,0.0,0.0,build_up,high_block
1_26,1996435,1,02:57.0,off_ball_run,coming_short,J. Barnett,Adelaide United,-24.32,-5.8,-28.12,-19.41,0.0,1.0,1.0,0.0001,build_up,high_block
8_57,1996435,1,02:59.6,player_possession,,D. Pierias,Adelaide United,-25.35,-30.84,-25.35,-30.84,,,,,build_up,high_block
7_152,1996435,1,02:59.6,passing_option,,B. Vriends,Adelaide United,-46.29,-18.16,-46.29,-18.16,0.0,0.0,0.0,0.0,build_up,high_block
7_153,1996435,1,02:59.6,passing_option,,J. Barnett,Adelaide United,-27.9,-18.59,-27.9,-18.59,0.0,1.0,1.0,0.0001,build_up,high_block
1_27,1996435,1,02:59.7,off_ball_run,support,B. Vriends,Adelaide United,-46.09,-18.61,-40.29,-23.63,0.0,0.0,0.0,0.0001,build_up,high_block
8_58,1996435,1,03:00.4,player_possession,,J. Barnett,Adelaide United,-28.7,-21.47,-28.7,-21.47,,,,,build_up,high_block
7_154,1996435,1,03:00.4,passing_option,,B. Vriends,Adelaide United,-44.24,-21.46,-44.24,-21.46,0.0,0.0,0.0,0.0001,build_up,high_block
7_155,1996435,1,03:00.4,passing_option,,Z. Clough,Adelaide United,-14.56,-19.38,-14.56,-19.38,0.0,1.0,0.0,0.0004,build_up,high_block
7_156,1996435,1,03:00.4,passing_option,,A. Goodwin,Adelaide United,-2.31,-4.23,-2.31,-4.23,0.0,0.0,0.0,0.0023,build_up,high_block
8_59,1996435,1,03:01.9,player_possession,,K. Shaw,Sydney FC,11.4,23.83,11.4,23.83,,,,,finish,low_block
7_157,1996435,1,03:01.9,passing_option,,Léo Sena,Sydney FC,11.58,15.81,11.58,15.81,0.0,1.0,1.0,0.0044,finish,low_block
7_158,1996435,1,03:01.9,passing_option,,A. Cáceres,Sydney FC,18.02,7.57,18.02,7.57,0.0,0.0,0.0,0.0102,finish,low_block
8_60,1996435,1,03:03.0,player_possession,,Léo Sena,Sydney FC,8.97,17.1,8.97,17.1,,,,,finish,low_block
7_159,1996435,1,03:03.0,passing_option,,R. Grant,Sydney FC,0.3,14.7,0.3,14.7,0.0,1.0,1.0,0.0009,finish,low_block
7_160,1996435,1,03:03.0,passing_option,,Z. de Jesus,Sydney FC,1.83,-2.18,1.83,-2.18,0.0,0.0,0.0,0.0022,finish,low_block
8_61,1996435,1,03:03.8,player_possession,,R. Grant,Sydney FC,-1.28,15.71,-3.22,14.0,,,,,create,medium_block
7_161,1996435,1,03:03.8,passing_option,,H. Devenish-Meares,Sydney FC,-30.29,4.92,-30.53,4.73,0.0,0.0,0.0,0.0,create,medium_block
7_162,1996435,1,03:03.8,passing_option,,Z. de Jesus,Sydney FC,0.07,-2.12,-4.98,-2.63,0.0,0.0,0.0,0.0012,create,medium_block
1_28,1996435,1,03:04.2,off_ball_run,coming_short,K. Shaw,Sydney FC,12.34,20.79,1.77,15.14,0.0,0.0,0.0,0.0011,create,medium_block
7_163,1996435,1,03:05.6,passing_option,,J. Courtney-Perkins,Sydney FC,7.42,31.25,7.07,31.29,0.0,1.0,1.0,0.0012,create,medium_block
7_164,1996435,1,03:05.6,passing_option,,K. Shaw,Sydney FC,6.82,17.27,5.95,16.94,0.0,0.0,0.0,0.0011,create,medium_block
8_62,1996435,1,03:07.2,player_possession,,J. Courtney-Perkins,Sydney FC,4.8,32.49,4.46,32.85,,,,,create,medium_block
7_165,1996435,1,03:07.2,passing_option,,A. Ouahim,Sydney FC,19.43,22.31,18.22,21.69,0.0,0.0,0.0,0.0057,create,medium_block
7_166,1996435,1,03:07.2,passing_option,,Léo Sena,Sydney FC,4.67,18.87,4.0,21.93,0.0,1.0,1.0,0.0019,create,medium_block
7_167,1996435,1,03:07.2,passing_option,,C. Hollman,Sydney FC,11.39,21.62,11.55,25.05,0.0,0.0,0.0,0.0049,create,medium_block
8_63,1996435,1,03:09.0,player_possession,,Léo Sena,Sydney FC,3.58,24.78,3.58,24.78,,,,,create,medium_block
7_168,1996435,1,03:09.0,passing_option,,A. Ouahim,Sydney FC,16.87,21.14,16.87,21.14,0.0,1.0,1.0,0.0056,create,medium_block
7_169,1996435,1,03:09.0,passing_option,,J. Courtney-Perkins,Sydney FC,5.07,33.09,5.07,33.09,0.0,0.0,0.0,0.0021,create,medium_block
7_170,1996435,1,03:09.0,passing_option,,C. Hollman,Sydney FC,10.14,26.87,10.14,26.87,0.0,0.0,0.0,0.0021,create,medium_block
8_64,1996435,1,03:10.2,player_possession,,A. Ouahim,Sydney FC,16.24,22.76,23.98,26.45,,,,,finish,low_block
7_171,1996435,1,03:10.2,passing_option,,J. Courtney-Perkins,Sydney FC,8.0,33.19,29.09,31.92,0.0,1.0,1.0,0.0099,finish,low_block
7_172,1996435,1,03:10.2,passing_option,,C. Hollman,Sydney FC,8.93,25.05,16.72,18.74,0.0,0.0,0.0,0.0054,finish,low_block
1_29,1996435,1,03:10.2,off_ball_run,overlap,J. Courtney-Perkins,Sydney FC,8.0,33.19,34.07,31.07,0.0,1.0,1.0,0.0099,finish,low_block
7_173,1996435,1,03:10.8,passing_option,,P. Klimala,Sydney FC,24.72,12.78,32.12,12.76,1.0,0.0,0.0,0.0264,finish,low_block
8_65,1996435,1,03:14.4,player_possession,,J. Courtney-Perkins,Sydney FC,34.07,31.07,35.66,29.9,,,,,finish,low_block
7_174,1996435,1,03:14.4,passing_option,,P. Klimala,Sydney FC,34.99,11.77,37.66,9.79,1.0,0.0,0.0,0.0351,finish,low_block
7_175,1996435,1,03:14.7,passing_option,,A. Ouahim,Sydney FC,26.83,23.89,28.72,23.63,0.0,1.0,1.0,0.0071,finish,low_block
1_30,1996435,1,03:14.7,off_ball_run,support,Léo Sena,Sydney FC,13.24,27.32,17.92,28.29,0.0,0.0,0.0,0.0039,finish,low_block
7_176,1996435,1,03:15.4,passing_option,,Léo Sena,Sydney FC,16.21,27.85,17.92,28.29,0.0,0.0,0.0,0.0039,finish,low_block
8_66,1996435,1,03:16.5,player_possession,,A. Ouahim,Sydney FC,29.76,24.76,29.76,24.76,,,,,finish,low_block
7_177,1996435,1,03:16.5,passing_option,,Léo Sena,Sydney FC,20.59,28.99,20.59,28.99,0.0,1.0,1.0,0.0048,finish,low_block
7_178,1996435,1,03:16.5,passing_option,,J. Courtney-Perkins,Sydney FC,34.77,30.27,34.77,30.27,0.0,0.0,0.0,0.0061,finish,low_block
8_67,1996435,1,03:17.7,player_possession,,Léo Sena,Sydney FC,22.68,28.81,22.71,28.33,,,,,finish,low_block
7_179,1996435,1,03:17.7,passing_option,,A. Ouahim,Sydney FC,30.61,25.27,30.54,24.64,0.0,0.0,0.0,0.0077,finish,low_block
7_180,1996435,1,03:17.7,passing_option,,J. Courtney-Perkins,Sydney FC,32.19,32.21,31.34,32.66,0.0,0.0,0.0,0.0046,finish,low_block
7_181,1996435,1,03:17.7,passing_option,,C. Hollman,Sydney FC,23.19,17.07,23.45,18.01,0.0,1.0,1.0,0.0066,finish,low_block
8_68,1996435,1,03:19.1,player_possession,,C. Hollman,Sydney FC,24.87,19.97,25.69,20.85,,,,,finish,low_block
7_182,1996435,1,03:19.1,passing_option,,A. Ouahim,Sydney FC,31.26,22.39,31.67,21.42,0.0,0.0,0.0,0.0124,finish,low_block
7_183,1996435,1,03:19.1,passing_option,,Léo Sena,Sydney FC,21.71,27.73,21.07,27.67,0.0,1.0,1.0,0.002,finish,low_block
7_184,1996435,1,03:19.1,passing_option,,J. Courtney-Perkins,Sydney FC,30.0,32.93,30.02,32.78,0.0,0.0,0.0,0.0045,finish,low_block
8_69,1996435,1,03:20.3,player_possession,,Léo Sena,Sydney FC,20.25,27.84,21.36,14.14,,,,,finish,low_block
7_185,1996435,1,03:20.3,passing_option,,J. Courtney-Perkins,Sydney FC,29.95,32.58,28.7,32.65,0.0,0.0,0.0,0.0039,finish,low_block
7_186,1996435,1,03:20.3,passing_option,,C. Hollman,Sydney FC,27.61,22.62,27.22,23.79,0.0,0.0,0.0,0.0105,finish,low_block
7_187,1996435,1,03:20.3,passing_option,,A. Ouahim,Sydney FC,31.45,19.96,29.58,14.37,0.0,0.0,0.0,0.0145,finish,low_block
7_188,1996435,1,03:22.4,passing_option,,P. Klimala,Sydney FC,33.29,10.9,32.28,11.58,1.0,0.0,0.0,0.0219,finish,low_block
7_189,1996435,1,03:22.9,passing_option,,J. Lolley,Sydney FC,30.43,0.89,28.64,1.39,0.0,0.0,0.0,0.0134,finish,low_block
7_190,1996435,1,03:23.1,passing_option,,Z. de Jesus,Sydney FC,19.43,-13.37,20.3,-15.05,0.0,1.0,1.0,0.0088,finish,low_block
1_31,1996435,1,03:23.9,off_ball_run,coming_short,Léo Sena,Sydney FC,21.46,13.53,16.6,-12.2,0.0,1.0,1.0,0.0023,finish,low_block
1_32,1996435,1,03:25.3,off_ball_run,dropping_off,R. Grant,Sydney FC,13.3,9.96,9.26,-4.8,0.0,0.0,0.0,0.0013,finish,low_block
1_33,1996435,1,03:26.0,off_ball_run,run_ahead_of_the_ball,J. Lolley,Sydney FC,29.43,-3.33,30.73,-7.22,0.0,0.0,0.0,0.0093,finish,low_block
8_70,1996435,1,03:26.6,player_possession,,Z. de Jesus,Sydney FC,18.6,-20.66,18.46,-23.22,,,,,finish,low_block
7_191,1996435,1,03:26.6,passing_option,,J. Lolley,Sydney FC,30.46,-5.94,30.5,-10.88,0.0,0.0,0.0,0.0093,finish,low_block
7_192,1996435,1,03:26.6,passing_option,,Léo Sena,Sydney FC,20.68,0.32,18.71,-7.8,0.0,1.0,1.0,0.0023,finish,low_block
7_193,1996435,1,03:26.6,passing_option,,R. Grant,Sydney FC,11.81,2.61,8.75,-5.87,0.0,0.0,0.0,0.0013,finish,low_block
8_71,1996435,1,03:29.3,player_possession,,Léo Sena,Sydney FC,16.6,-12.2,14.33,-14.33,,,,,finish,low_block
7_194,1996435,1,03:29.3,passing_option,,R. Grant,Sydney FC,6.88,-8.34,5.72,-8.99,0.0,1.0,1.0,0.0012,finish,low_block
8_72,1996435,1,03:31.5,player_possession,,R. Grant,Sydney FC,4.57,-9.78,4.57,-9.78,,,,,finish,low_block
7_195,1996435,1,03:31.5,passing_option,,C. Hollman,Sydney FC,10.53,-2.83,10.53,-2.83,0.0,1.0,1.0,0.0021,finish,low_block
7_196,1996435,1,03:31.5,passing_option,,K. Shaw,Sydney FC,3.73,2.69,3.73,2.69,0.0,0.0,0.0,0.0009,finish,low_block
8_73,1996435,1,03:32.4,player_possession,,C. Hollman,Sydney FC,9.28,-4.35,9.28,-4.35,,,,,finish,low_block
7_197,1996435,1,03:32.4,passing_option,,R. Grant,Sydney FC,3.18,-9.62,3.18,-9.62,0.0,1.0,1.0,0.0014,finish,low_block
7_198,1996435,1,03:32.4,passing_option,,K. Shaw,Sydney FC,2.46,2.58,2.46,2.58,0.0,0.0,0.0,0.0017,finish,low_block
8_74,1996435,1,03:33.4,player_possession,,R. Grant,Sydney FC,1.92,-10.05,1.75,-10.68,,,,,create,medium_block
7_199,1996435,1,03:33.4,passing_option,,K. Shaw,Sydney FC,0.99,2.85,0.84,2.88,0.0,0.0,0.0,0.0011,create,medium_block
7_200,1996435,1,03:33.4,passing_option,,Léo Sena,Sydney FC,8.86,-21.76,7.92,-23.0,0.0,1.0,1.0,0.001,create,medium_block
8_75,1996435,1,03:35.0,player_possession,,Léo Sena,Sydney FC,6.04,-24.54,5.38,-24.94,,,,,create,medium_block
7_201,1996435,1,03:35.0,passing_option,,A. Cáceres,Sydney FC,14.24,-18.3,14.28,-20.22,0.0,0.0,0.0,0.0021,create,medium_block
7_202,1996435,1,03:35.0,passing_option,,Z. de Jesus,Sydney FC,22.17,-31.34,20.54,-31.99,0.0,1.0,1.0,0.0017,create,medium_block
1_34,1996435,1,03:36.6,off_ball_run,run_ahead_of_the_ball,A. Cáceres,Sydney FC,16.55,-23.78,27.09,-23.38,0.0,0.0,0.0,0.0137,finish,low_block
1_35,1996435,1,03:37.1,off_ball_run,cross_receiver,J. Lolley,Sydney FC,25.29,-13.69,37.09,-6.03,1.0,0.0,0.0,0.0453,finish,low_block
8_76,1996435,1,03:37.2,player_possession,,Z. de Jesus,Sydney FC,20.83,-31.42,37.26,-25.69,,,,,finish,low_block
7_203,1996435,1,03:37.2,passing_option,,A. Cáceres,Sydney FC,19.25,-24.48,36.54,-21.55,0.0,0.0,0.0,0.0106,finish,low_block
1_36,1996435,1,03:37.6,off_ball_run,cross_receiver,P. Klimala,Sydney FC,27.79,4.12,35.18,3.72,1.0,0.0,0.0,0.0531,finish,low_block
7_204,1996435,1,03:37.7,passing_option,,J. Lolley,Sydney FC,28.03,-12.18,38.06,-5.41,1.0,0.0,0.0,0.0453,finish,low_block
1_37,1996435,1,03:37.7,off_ball_run,run_ahead_of_the_ball,A. Ouahim,Sydney FC,23.91,-8.77,30.78,-9.48,1.0,0.0,0.0,0.0267,finish,low_block
7_205,1996435,1,03:38.3,passing_option,,P. Klimala,Sydney FC,31.05,3.85,36.0,3.69,1.0,0.0,0.0,0.0531,finish,low_block
7_206,1996435,1,03:39.3,passing_option,,A. Ouahim,Sydney FC,30.78,-9.48,39.44,-11.75,1.0,0.0,0.0,0.0267,finish,low_block
7_207,1996435,1,03:41.2,passing_option,,Léo Sena,Sydney FC,14.32,-26.26,18.73,-26.75,0.0,1.0,1.0,0.0054,finish,low_block
8_77,1996435,1,03:43.7,player_possession,,Léo Sena,Sydney FC,22.07,-26.24,23.25,-25.85,,,,,finish,low_block
7_208,1996435,1,03:43.7,passing_option,,C. Hollman,Sydney FC,22.09,-14.12,20.56,-14.98,0.0,0.0,0.0,0.0038,finish,low_block
7_209,1996435,1,03:43.9,passing_option,,Z. de Jesus,Sydney FC,35.6,-27.7,34.11,-29.56,0.0,1.0,1.0,0.0041,finish,low_block
7_210,1996435,1,03:44.6,passing_option,,A. Cáceres,Sydney FC,36.24,-21.86,35.91,-22.05,0.0,0.0,0.0,0.0056,finish,low_block
8_78,1996435,1,03:45.9,player_possession,,Z. de Jesus,Sydney FC,34.27,-29.85,35.68,-29.71,,,,,finish,low_block
7_211,1996435,1,03:45.9,passing_option,,A. Ouahim,Sydney FC,36.64,-12.44,38.19,-12.82,0.0,0.0,0.0,0.0162,finish,low_block
7_212,1996435,1,03:45.9,passing_option,,A. Cáceres,Sydney FC,35.24,-23.57,36.3,-24.42,0.0,0.0,0.0,0.0066,finish,low_block
7_213,1996435,1,03:46.3,passing_option,,P. Klimala,Sydney FC,38.41,3.49,39.11,3.18,1.0,1.0,0.0,0.0447,finish,low_block
8_79,1996435,1,03:48.0,player_possession,,P. Kikianis,Adelaide United,-43.02,7.97,-43.02,7.97,,,,,disruption,disruption
8_80,1996435,1,03:50.5,player_possession,,C. Hollman,Sydney FC,26.76,-15.75,26.76,-15.75,,,,,finish,low_block
8_81,1996435,1,03:51.7,player_possession,,A. Cáceres,Sydney FC,31.29,-21.6,29.27,-22.47,,,,,finish,low_block
7_214,1996435,1,03:51.7,passing_option,,Z. de Jesus,Sydney FC,26.47,-25.86,27.4,-27.19,0.0,0.0,0.0,0.0038,finish,low_block
7_215,1996435,1,03:52.3,passing_option,,C. Hollman,Sydney FC,23.89,-16.68,23.54,-17.38,0.0,1.0,1.0,0.0041,finish,low_block
7_216,1996435,1,03:52.4,passing_option,,Léo Sena,Sydney FC,20.26,-21.47,20.26,-21.77,0.0,0.0,0.0,0.0025,finish,low_block
8_82,1996435,1,03:53.4,player_possession,,C. Hollman,Sydney FC,23.29,-18.33,23.29,-18.33,,,,,finish,low_block
7_217,1996435,1,03:53.4,passing_option,,Léo Sena,Sydney FC,20.4,-22.62,20.4,-22.62,0.0,1.0,1.0,0.0023,finish,low_block
7_218,1996435,1,03:53.4,passing_option,,Z. de Jesus,Sydney FC,27.91,-28.58,27.91,-28.58,0.0,0.0,0.0,0.0038,finish,low_block
8_83,1996435,1,03:54.1,player_possession,,Léo Sena,Sydney FC,20.71,-23.61,20.78,-24.11,,,,,finish,low_block
7_219,1996435,1,03:54.1,passing_option,,A. Cáceres,Sydney FC,26.36,-21.62,25.93,-21.86,0.0,0.0,0.0,0.0031,finish,low_block
7_220,1996435,1,03:54.1,passing_option,,Z. de Jesus,Sydney FC,28.27,-30.02,28.62,-30.95,0.0,0.0,0.0,0.0038,finish,low_block
7_221,1996435,1,03:54.4,passing_option,,C. Hollman,Sydney FC,22.91,-18.05,22.81,-17.94,0.0,1.0,1.0,0.0052,finish,low_block
8_84,1996435,1,03:55.9,player_possession,,C. Hollman,Sydney FC,22.76,-17.73,22.76,-17.73,,,,,finish,low_block
7_222,1996435,1,03:55.9,passing_option,,A. Ouahim,Sydney FC,30.76,-12.89,30.76,-12.89,0.0,0.0,0.0,0.0123,finish,low_block
7_223,1996435,1,03:55.9,passing_option,,A. Cáceres,Sydney FC,25.41,-22.22,25.41,-22.22,0.0,1.0,0.0,0.0057,finish,low_block
7_224,1996435,1,03:55.9,passing_option,,Z. de Jesus,Sydney FC,30.35,-30.87,30.35,-30.87,0.0,0.0,0.0,0.0073,finish,low_block
8_85,1996435,1,03:56.9,player_possession,,E. Alagich,Adelaide United,-25.88,20.21,-25.88,20.21,,,,,chaotic,chaotic
8_86,1996435,1,03:57.8,player_possession,,J. Yull,Adelaide United,-24.5,25.12,-23.09,25.54,,,,,chaotic,chaotic
7_225,1996435,1,03:57.8,passing_option,,E. Alagich,Adelaide United,-23.76,20.33,-23.09,20.49,0.0,0.0,0.0,0.0032,chaotic,chaotic
7_226,1996435,1,03:57.8,passing_option,,A. Goodwin,Adelaide United,-16.9,20.11,-16.3,20.2,0.0,0.0,0.0,0.0042,chaotic,chaotic
8_87,1996435,1,04:00.2,player_possession,,R. Grant,Sydney FC,12.2,-28.7,12.2,-28.7,,,,,finish,low_block
8_88,1996435,1,04:00.8,player_possession,,C. Hollman,Sydney FC,11.14,-27.84,3.75,-27.7,,,,,create,medium_block
7_227,1996435,1,04:00.8,passing_option,,R. Grant,Sydney FC,11.26,-31.36,11.09,-31.67,0.0,0.0,0.0,0.0006,create,medium_block
7_228,1996435,1,04:00.8,passing_option,,Léo Sena,Sydney FC,20.09,-28.28,19.75,-28.69,0.0,0.0,0.0,0.0017,create,medium_block
7_229,1996435,1,04:00.8,passing_option,,Z. de Jesus,Sydney FC,16.26,-29.59,13.7,-30.92,0.0,0.0,0.0,0.0011,create,medium_block
7_230,1996435,1,04:01.8,passing_option,,K. Shaw,Sydney FC,-1.79,-20.85,-3.48,-22.9,0.0,1.0,1.0,0.0005,create,medium_block
1_38,1996435,1,04:02.8,off_ball_run,dropping_off,J. Courtney-Perkins,Sydney FC,0.89,-5.41,-9.56,-1.93,0.0,0.0,0.0,0.0011,create,medium_block
8_89,1996435,1,04:04.0,player_possession,,K. Shaw,Sydney FC,-7.26,-23.16,-11.23,-20.47,,,,,create,medium_block
7_231,1996435,1,04:04.0,passing_option,,H. Devenish-Meares,Sydney FC,-25.5,-8.48,-26.94,-8.01,0.0,1.0,1.0,0.0,create,medium_block
7_232,1996435,1,04:04.1,passing_option,,J. Courtney-Perkins,Sydney FC,-4.64,-3.68,-9.56,-1.93,0.0,0.0,0.0,0.0011,create,medium_block
1_39,1996435,1,04:05.2,off_ball_run,dropping_off,J. Courtney-Perkins,Sydney FC,-10.08,-1.67,-24.83,9.56,0.0,0.0,0.0,0.0002,build_up,high_block
1_40,1996435,1,04:05.2,off_ball_run,dropping_off,R. Grant,Sydney FC,-4.43,-32.14,-24.56,-29.33,0.0,0.0,0.0,0.0001,build_up,high_block
1_41,1996435,1,04:05.2,off_ball_run,coming_short,K. Shaw,Sydney FC,-11.6,-20.08,-23.86,-1.79,0.0,0.0,0.0,0.0002,build_up,high_block
1_42,1996435,1,04:06.4,off_ball_run,coming_short,C. Hollman,Sydney FC,-6.52,-22.78,-14.66,-16.27,0.0,1.0,1.0,0.0004,build_up,high_block
8_90,1996435,1,04:07.2,player_possession,,H. Devenish-Meares,Sydney FC,-29.86,-5.62,-30.49,-5.41,,,,,build_up,high_block
7_233,1996435,1,04:07.2,passing_option,,J. Courtney-Perkins,Sydney FC,-19.53,5.7,-23.78,8.78,0.0,0.0,0.0,0.0002,build_up,high_block
7_234,1996435,1,04:07.2,passing_option,,R. Grant,Sydney FC,-15.53,-30.85,-21.76,-29.75,0.0,0.0,0.0,0.0001,build_up,high_block
7_235,1996435,1,04:07.2,passing_option,,K. Shaw,Sydney FC,-17.89,-9.74,-21.59,-4.21,0.0,0.0,0.0,0.0002,build_up,high_block
7_236,1996435,1,04:07.8,passing_option,,C. Hollman,Sydney FC,-11.21,-18.48,-13.14,-17.12,0.0,1.0,1.0,0.0004,build_up,high_block
8_91,1996435,1,04:10.0,player_possession,,C. Hollman,Sydney FC,-18.38,-15.4,-18.38,-15.4,,,,,build_up,high_block
7_237,1996435,1,04:10.0,passing_option,,R. Grant,Sydney FC,-27.7,-28.81,-27.7,-28.81,0.0,0.0,0.0,0.0001,build_up,high_block
7_238,1996435,1,04:10.0,passing_option,,H. Devenish-Meares,Sydney FC,-33.77,-8.05,-33.77,-8.05,0.0,1.0,1.0,0.0001,build_up,high_block
8_92,1996435,1,04:12.0,player_possession,,H. Devenish-Meares,Sydney FC,-39.16,-13.7,-40.09,-14.63,,,,,build_up,high_block
7_239,1996435,1,04:12.0,passing_option,,R. Grant,Sydney FC,-31.67,-28.96,-32.62,-29.26,0.0,1.0,1.0,0.0001,build_up,high_block
7_240,1996435,1,04:12.0,passing_option,,Z. de Jesus,Sydney FC,-12.36,-32.25,-13.42,-32.36,0.0,0.0,0.0,0.0002,build_up,high_block
8_93,1996435,1,04:13.8,player_possession,,R. Grant,Sydney FC,-36.39,-30.34,-38.36,-30.63,,,,,build_up,high_block
7_241,1996435,1,04:13.8,passing_option,,Z. de Jesus,Sydney FC,-17.28,-33.13,-20.25,-33.44,0.0,0.0,0.0,0.0002,build_up,high_block
7_242,1996435,1,04:13.8,passing_option,,H. Devenish-Meares,Sydney FC,-44.44,-16.81,-46.77,-17.45,0.0,1.0,1.0,0.0,build_up,high_block
7_243,1996435,1,04:14.0,passing_option,,C. Hollman,Sydney FC,-27.95,-17.39,-28.72,-19.32,0.0,0.0,0.0,0.0001,build_up,high_block
8_94,1996435,1,04:16.2,player_possession,,H. Devenish-Meares,Sydney FC,-47.37,-17.68,-46.28,-18.85,,,,,build_up,high_block
7_244,1996435,1,04:16.2,passing_option,,A. Cáceres,Sydney FC,-9.43,-19.67,-12.16,-19.3,0.0,0.0,0.0,0.0007,build_up,high_block
7_245,1996435,1,04:16.2,passing_option,,Z. de Jesus,Sydney FC,-24.97,-32.93,-27.14,-32.45,0.0,1.0,1.0,0.0001,build_up,high_block
7_246,1996435,1,04:17.0,passing_option,,R. Grant,Sydney FC,-42.17,-31.2,-42.34,-31.18,0.0,0.0,0.0,0.0001,build_up,high_block
8_95,1996435,1,04:19.0,player_possession,,Z. de Jesus,Sydney FC,-24.37,-29.12,-24.37,-29.12,,,,,build_up,high_block
7_247,1996435,1,04:19.0,passing_option,,Léo Sena,Sydney FC,-21.22,-13.64,-21.22,-13.64,0.0,1.0,0.0,0.0003,build_up,high_block
7_248,1996435,1,04:19.0,passing_option,,A. Cáceres,Sydney FC,-14.39,-21.97,-14.39,-21.97,0.0,0.0,0.0,0.0005,build_up,high_block
8_96,1996435,1,05:46.6,player_possession,,P. Kikianis,Adelaide United,-11.48,23.17,-11.48,23.17,,,,,chaotic,chaotic
7_249,1996435,1,05:46.6,passing_option,,J. Yull,Adelaide United,15.82,26.27,15.82,26.27,0.0,0.0,0.0,0.0021,chaotic,chaotic
7_250,1996435,1,05:46.6,passing_option,,E. Alagich,Adelaide United,6.54,22.43,6.54,22.43,0.0,0.0,0.0,0.0011,chaotic,chaotic
8_97,1996435,1,06:03.2,player_possession,,P. Kikianis,Adelaide United,-9.11,30.3,-10.44,25.73,,,,,create,medium_block
7_251,1996435,1,06:03.4,passing_option,,E. Cox,Adelaide United,-31.73,8.9,-32.51,8.59,0.0,0.0,0.0,0.0,create,medium_block
7_252,1996435,1,06:05.6,passing_option,,B. Vriends,Adelaide United,-16.04,2.67,-16.71,1.4,0.0,1.0,1.0,0.0003,create,medium_block
7_253,1996435,1,06:06.0,passing_option,,D. Pierias,Adelaide United,0.99,-20.91,0.99,-20.91,0.0,0.0,0.0,0.0013,create,medium_block
8_98,1996435,1,06:08.2,player_possession,,B. Vriends,Adelaide United,-20.09,-3.68,-20.09,-3.68,,,,,build_up,high_block
7_254,1996435,1,06:08.2,passing_option,,E. Cox,Adelaide United,-35.59,3.68,-35.59,3.68,0.0,1.0,1.0,0.0,build_up,high_block
1_43,1996435,1,06:08.3,off_ball_run,dropping_off,P. Kikianis,Adelaide United,-15.97,21.43,-29.22,25.12,0.0,0.0,0.0,0.0001,direct,defending_direct
8_99,1996435,1,06:11.0,player_possession,,E. Cox,Adelaide United,-40.0,3.38,-40.44,6.79,,,,,direct,defending_direct
7_255,1996435,1,06:11.0,passing_option,,P. Kikianis,Adelaide United,-28.85,24.93,-32.7,28.23,0.0,0.0,0.0,0.0001,direct,defending_direct
7_256,1996435,1,06:11.6,passing_option,,F. Talladira,Adelaide United,-16.15,31.89,-18.15,32.47,0.0,0.0,0.0,0.0003,direct,defending_direct
7_257,1996435,1,06:12.1,passing_option,,J. Yull,Adelaide United,-5.09,20.77,-6.26,20.81,0.0,1.0,0.0,0.0011,direct,defending_direct
8_100,1996435,1,06:15.8,player_possession,,R. Grant,Sydney FC,-12.91,-21.28,-25.93,-27.53,,,,,build_up,high_block
7_258,1996435,1,06:15.8,passing_option,,Z. de Jesus,Sydney FC,6.91,-30.03,-5.64,-32.55,0.0,0.0,0.0,0.0005,build_up,high_block
7_259,1996435,1,06:15.8,passing_option,,H. Devenish-Meares,Sydney FC,-35.11,-6.77,-40.62,-10.49,0.0,1.0,1.0,0.0,build_up,high_block
1_44,1996435,1,06:18.3,off_ball_run,dropping_off,R. Grant,Sydney FC,-26.47,-27.57,-40.73,-28.92,0.0,1.0,1.0,0.0004,build_up,high_block
1_45,1996435,1,06:18.3,off_ball_run,coming_short,Léo Sena,Sydney FC,-8.02,-16.82,-26.82,-17.23,0.0,0.0,0.0,0.0001,build_up,high_block
8_101,1996435,1,06:20.3,player_possession,,H. Devenish-Meares,Sydney FC,-42.83,-15.85,-42.37,-16.3,,,,,build_up,high_block
7_260,1996435,1,06:20.3,passing_option,,Léo Sena,Sydney FC,-19.73,-16.92,-25.96,-17.2,0.0,0.0,0.0,0.0001,build_up,high_block
7_261,1996435,1,06:20.3,passing_option,,R. Grant,Sydney FC,-35.77,-28.11,-41.12,-28.96,0.0,1.0,1.0,0.0004,build_up,high_block
7_262,1996435,1,06:21.3,passing_option,,Z. de Jesus,Sydney FC,-19.59,-31.87,-19.91,-31.78,0.0,0.0,0.0,0.0002,build_up,high_block
8_102,1996435,1,06:23.5,player_possession,,R. Grant,Sydney FC,-45.81,-28.39,-37.03,-28.22,,,,,build_up,high_block
7_263,1996435,1,06:23.5,passing_option,,H. Devenish-Meares,Sydney FC,-47.9,-14.67,-48.18,-14.65,0.0,0.0,0.0,0.0,build_up,high_block
7_264,1996435,1,06:23.5,passing_option,,Z. de Jesus,Sydney FC,-25.08,-32.8,-29.05,-33.34,0.0,0.0,0.0,0.0001,build_up,high_block
7_265,1996435,1,06:23.5,passing_option,,A. Ouahim,Sydney FC,-2.98,-7.9,-6.26,-12.88,0.0,0.0,0.0,0.0011,build_up,high_block
7_266,1996435,1,06:23.5,passing_option,,A. Cáceres,Sydney FC,-11.9,-22.18,-20.44,-23.9,0.0,1.0,1.0,0.0002,build_up,high_block
7_267,1996435,1,06:23.7,passing_option,,J. Lolley,Sydney FC,4.26,-30.84,1.87,-31.32,0.0,0.0,0.0,0.0009,build_up,high_block
7_268,1996435,1,06:24.8,passing_option,,C. Hollman,Sydney FC,-20.92,-12.54,-21.15,-14.89,0.0,0.0,0.0,0.0004,build_up,high_block
8_103,1996435,1,06:26.6,player_possession,,A. Cáceres,Sydney FC,-21.73,-24.86,-21.73,-24.86,,,,,build_up,high_block
7_269,1996435,1,06:26.6,passing_option,,R. Grant,Sydney FC,-34.03,-28.32,-34.03,-28.32,0.0,1.0,1.0,0.0002,build_up,high_block
7_270,1996435,1,06:26.6,passing_option,,C. Hollman,Sydney FC,-20.76,-17.13,-20.76,-17.13,0.0,0.0,0.0,0.0005,build_up,high_block
7_271,1996435,1,06:26.6,passing_option,,Z. de Jesus,Sydney FC,-25.59,-32.64,-25.59,-32.64,0.0,0.0,0.0,0.0006,build_up,high_block
8_104,1996435,1,06:28.0,player_possession,,R. Grant,Sydney FC,-31.16,-27.67,-31.16,-27.67,,,,,build_up,high_block
7_272,1996435,1,06:28.0,passing_option,,J. Lolley,Sydney FC,0.61,-30.6,0.61,-30.6,0.0,0.0,0.0,0.0011,build_up,high_block
7_273,1996435,1,06:28.0,passing_option,,A. Ouahim,Sydney FC,-8.32,-17.23,-8.32,-17.23,0.0,0.0,0.0,0.0008,build_up,high_block
7_274,1996435,1,06:28.0,passing_option,,C. Hollman,Sydney FC,-21.37,-19.52,-21.37,-19.52,0.0,1.0,1.0,0.0002,build_up,high_block
8_105,1996435,1,06:29.1,player_possession,,C. Hollman,Sydney FC,-22.26,-20.18,-22.26,-20.18,,,,,build_up,high_block
7_275,1996435,1,06:29.1,passing_option,,J. Lolley,Sydney FC,-0.3,-30.02,-0.3,-30.02,0.0,0.0,0.0,0.0011,build_up,high_block
7_276,1996435,1,06:29.1,passing_option,,A. Ouahim,Sydney FC,-9.89,-19.2,-9.89,-19.2,0.0,0.0,0.0,0.0009,build_up,high_block
7_277,1996435,1,06:29.1,passing_option,,A. Cáceres,Sydney FC,-22.7,-24.84,-22.7,-24.84,0.0,1.0,0.0,0.0003,build_up,high_block
8_106,1996435,1,06:29.4,player_possession,,E. Alagich,Adelaide United,20.66,24.29,8.61,23.72,,,,,create,medium_block
7_278,1996435,1,06:29.4,passing_option,,S. Mauk,Adelaide United,19.32,27.49,19.19,27.22,0.0,0.0,0.0,0.0047,create,medium_block
7_279,1996435,1,06:29.4,passing_option,,J. Yull,Adelaide United,29.43,21.96,29.29,22.27,0.0,0.0,0.0,0.0129,create,medium_block
7_280,1996435,1,06:29.4,passing_option,,Z. Clough,Adelaide United,24.66,8.78,22.1,8.42,0.0,0.0,0.0,0.0149,create,medium_block
7_281,1996435,1,06:29.4,passing_option,,J. Barnett,Adelaide United,11.22,16.72,9.64,14.64,0.0,0.0,0.0,0.0044,create,medium_block
7_282,1996435,1,06:31.0,passing_option,,P. Kikianis,Adelaide United,-2.57,18.27,-4.85,18.56,0.0,1.0,1.0,0.0006,create,medium_block
1_46,1996435,1,06:32.4,off_ball_run,coming_short,E. Alagich,Adelaide United,8.08,23.83,4.37,24.56,0.0,0.0,0.0,0.0007,create,medium_block
8_107,1996435,1,06:33.6,player_possession,,P. Kikianis,Adelaide United,-7.19,20.39,-3.84,8.99,,,,,create,medium_block
7_283,1996435,1,06:33.6,passing_option,,E. Alagich,Adelaide United,2.84,24.51,1.87,24.2,0.0,0.0,0.0,0.0007,create,medium_block
7_284,1996435,1,06:36.4,passing_option,,B. Vriends,Adelaide United,-12.35,-5.76,-12.69,-8.19,0.0,0.0,0.0,0.0003,create,medium_block
7_285,1996435,1,06:36.9,passing_option,,D. Pierias,Adelaide United,7.49,-24.18,9.98,-27.19,0.0,0.0,0.0,0.0036,create,medium_block
1_47,1996435,1,06:37.0,off_ball_run,pulling_wide,D. Pierias,Adelaide United,7.71,-24.53,9.98,-27.19,0.0,0.0,0.0,0.0036,create,medium_block
7_286,1996435,1,06:37.6,passing_option,,Z. Clough,Adelaide United,12.23,-5.01,12.04,-5.53,0.0,1.0,1.0,0.006,create,medium_block
1_48,1996435,1,06:37.9,off_ball_run,run_ahead_of_the_ball,D. Pierias,Adelaide United,10.35,-27.48,50.56,-21.78,0.0,1.0,1.0,0.0084,create,medium_block
8_108,1996435,1,06:39.1,player_possession,,Z. Clough,Adelaide United,10.36,-7.66,10.89,-8.56,,,,,create,medium_block
7_287,1996435,1,06:39.1,passing_option,,D. Pierias,Adelaide United,15.51,-29.29,18.94,-29.17,0.0,1.0,1.0,0.0084,create,medium_block
1_49,1996435,1,06:40.7,off_ball_run,cross_receiver,A. Goodwin,Adelaide United,24.03,5.31,45.63,-1.57,1.0,1.0,0.0,0.3782,create,medium_block
8_109,1996435,1,06:44.2,player_possession,,D. Pierias,Adelaide United,50.56,-21.78,50.56,-21.78,,,,,create,medium_block
7_288,1996435,1,06:44.2,passing_option,,A. Goodwin,Adelaide United,43.96,-1.21,43.96,-1.21,1.0,1.0,0.0,0.3782,create,medium_block
8_110,1996435,1,06:44.6,player_possession,,J. Courtney-Perkins,Sydney FC,-51.09,18.24,-55.88,15.61,,,,,chaotic,chaotic
8_111,1996435,1,07:16.6,player_possession,,P. Klimala,Sydney FC,-48.29,10.44,-50.53,10.98,,,,,disruption,disruption
7_289,1996435,1,07:16.6,passing_option,,A. Cáceres,Sydney FC,-44.01,14.97,-40.91,14.59,0.0,0.0,0.0,0.0003,disruption,disruption
7_290,1996435,1,07:16.6,passing_option,,Z. de Jesus,Sydney FC,-34.24,-13.0,-33.28,-14.2,0.0,0.0,0.0,0.0002,disruption,disruption
7_291,1996435,1,07:16.9,passing_option,,Léo Sena,Sydney FC,-46.3,6.39,-46.05,11.23,0.0,0.0,0.0,0.0003,disruption,disruption
7_292,1996435,1,07:17.9,passing_option,,A. Ouahim,Sydney FC,-9.56,24.93,-9.29,25.08,0.0,1.0,0.0,0.0017,disruption,disruption
1_50,1996435,1,07:19.8,off_ball_run,dropping_off,F. Talladira,Adelaide United,41.16,-4.73,21.45,-3.95,0.0,0.0,0.0,0.0079,set_play,defending_set_play
1_51,1996435,1,07:20.2,off_ball_run,coming_short,B. Vriends,Adelaide United,39.44,-7.22,31.85,-9.89,0.0,0.0,0.0,0.0069,set_play,defending_set_play
8_112,1996435,1,07:20.5,player_possession,,D. Pierias,Adelaide United,16.2,-23.31,26.05,-10.13,,,,,set_play,defending_set_play
7_293,1996435,1,07:20.5,passing_option,,Z. Clough,Adelaide United,39.29,-29.68,38.91,-29.71,0.0,0.0,0.0,0.0058,set_play,defending_set_play
7_294,1996435,1,07:20.5,passing_option,,J. Yull,Adelaide United,28.01,-25.44,24.44,-26.4,0.0,0.0,0.0,0.0025,set_play,defending_set_play
7_295,1996435,1,07:20.5,passing_option,,E. Alagich,Adelaide United,11.88,-9.9,8.26,-12.83,0.0,0.0,0.0,0.0018,set_play,defending_set_play
7_296,1996435,1,07:21.3,passing_option,,B. Vriends,Adelaide United,34.8,-8.71,27.92,-12.16,0.0,0.0,0.0,0.0069,set_play,defending_set_play
7_297,1996435,1,07:22.0,passing_option,,F. Talladira,Adelaide United,29.8,-4.01,21.86,-3.88,0.0,0.0,0.0,0.0079,set_play,defending_set_play
7_298,1996435,1,07:23.0,passing_option,,S. Mauk,Adelaide United,35.2,9.47,35.65,10.67,1.0,1.0,0.0,0.0364,set_play,defending_set_play
8_113,1996435,1,07:24.7,player_possession,,K. Shaw,Sydney FC,-33.62,-6.06,-33.62,-6.06,,,,,disruption,disruption
8_114,1996435,1,07:27.1,player_possession,,F. Talladira,Adelaide United,13.19,8.14,13.19,8.14,,,,,set_play,defending_set_play
7_299,1996435,1,07:27.1,passing_option,,J. Barnett,Adelaide United,1.0,9.14,1.0,9.14,0.0,1.0,1.0,0.001,set_play,defending_set_play
1_52,1996435,1,07:27.2,off_ball_run,dropping_off,B. Vriends,Adelaide United,11.51,-8.91,0.27,-10.95,0.0,0.0,0.0,0.0008,create,medium_block
1_53,1996435,1,07:27.2,off_ball_run,dropping_off,F. Talladira,Adelaide United,12.88,8.53,5.31,20.07,0.0,0.0,0.0,0.0012,create,medium_block
8_115,1996435,1,07:28.4,player_possession,,J. Barnett,Adelaide United,-1.55,11.19,-3.27,10.94,,,,,create,medium_block
7_300,1996435,1,07:28.4,passing_option,,F. Talladira,Adelaide United,9.25,14.08,8.68,15.16,0.0,0.0,0.0,0.0012,create,medium_block
7_301,1996435,1,07:28.4,passing_option,,E. Alagich,Adelaide United,-1.71,-1.49,-3.95,-0.68,0.0,1.0,1.0,0.0009,create,medium_block
7_302,1996435,1,07:28.5,passing_option,,E. Cox,Adelaide United,-26.21,0.15,-27.55,0.29,0.0,0.0,0.0,0.0,create,medium_block
7_303,1996435,1,07:28.7,passing_option,,B. Vriends,Adelaide United,4.87,-9.43,3.14,-9.97,0.0,0.0,0.0,0.0008,create,medium_block
8_116,1996435,1,07:30.2,player_possession,,E. Alagich,Adelaide United,-5.31,-1.29,5.88,-1.42,,,,,create,medium_block
7_304,1996435,1,07:30.2,passing_option,,B. Vriends,Adelaide United,-1.14,-11.65,-4.15,-15.37,0.0,0.0,0.0,0.0006,create,medium_block
1_54,1996435,1,07:30.3,off_ball_run,pulling_wide,Z. Clough,Adelaide United,21.36,-25.43,17.31,-28.13,0.0,0.0,0.0,0.0023,create,medium_block
7_305,1996435,1,07:30.7,passing_option,,Z. Clough,Adelaide United,19.87,-26.37,15.92,-29.64,0.0,0.0,0.0,0.0023,create,medium_block
7_306,1996435,1,07:32.1,passing_option,,D. Pierias,Adelaide United,18.67,-1.15,17.13,-3.05,0.0,0.0,0.0,0.0103,create,medium_block
7_307,1996435,1,07:32.6,passing_option,,S. Mauk,Adelaide United,17.02,12.01,15.57,11.96,0.0,0.0,0.0,0.0063,create,medium_block
7_308,1996435,1,07:32.9,passing_option,,P. Kikianis,Adelaide United,21.64,2.9,22.01,2.73,1.0,1.0,0.0,0.0312,create,medium_block
8_117,1996435,1,07:33.9,player_possession,,R. Grant,Sydney FC,-18.82,0.28,-16.61,-2.22,,,,,create,medium_block
7_309,1996435,1,07:33.9,passing_option,,P. Klimala,Sydney FC,-1.09,7.8,0.91,6.12,0.0,0.0,0.0,0.0063,create,medium_block
7_310,1996435,1,07:33.9,passing_option,,J. Lolley,Sydney FC,-5.43,-14.09,-4.52,-15.73,0.0,0.0,0.0,0.0038,create,medium_block
7_311,1996435,1,07:33.9,passing_option,,A. Ouahim,Sydney FC,-8.17,3.54,-9.06,2.04,0.0,0.0,0.0,0.0035,create,medium_block
7_312,1996435,1,07:33.9,passing_option,,A. Cáceres,Sydney FC,-11.06,-1.81,-10.08,-2.86,0.0,0.0,0.0,0.0044,create,medium_block
7_313,1996435,1,07:34.6,passing_option,,Z. de Jesus,Sydney FC,-19.58,-11.38,-18.59,-13.13,0.0,1.0,1.0,0.0012,create,medium_block
1_55,1996435,1,07:36.0,off_ball_run,pulling_wide,J. Lolley,Sydney FC,-3.61,-17.53,-1.42,-27.17,0.0,1.0,1.0,0.0009,create,medium_block
8_118,1996435,1,07:37.0,player_possession,,Z. de Jesus,Sydney FC,-14.9,-16.66,-13.44,-18.0,,,,,create,medium_block
7_314,1996435,1,07:37.0,passing_option,,J. Lolley,Sydney FC,-1.43,-22.36,-1.32,-26.77,0.0,1.0,1.0,0.0009,create,medium_block
7_315,1996435,1,07:37.0,passing_option,,A. Cáceres,Sydney FC,-6.63,-6.59,-4.95,-9.59,0.0,0.0,0.0,0.0026,create,medium_block
8_119,1996435,1,07:39.5,player_possession,,J. Lolley,Sydney FC,-1.0,-30.99,5.77,-30.74,,,,,create,medium_block
7_316,1996435,1,07:39.5,passing_option,,A. Cáceres,Sydney FC,-2.0,-14.68,5.26,-19.5,0.0,1.0,1.0,0.0041,create,medium_block
7_317,1996435,1,07:39.5,passing_option,,Z. de Jesus,Sydney FC,-7.39,-20.35,6.42,-25.2,0.0,0.0,0.0,0.008,create,medium_block
1_56,1996435,1,07:41.8,off_ball_run,run_ahead_of_the_ball,Z. de Jesus,Sydney FC,7.11,-25.53,18.62,-29.41,0.0,0.0,0.0,0.0071,create,medium_block
1_57,1996435,1,07:41.8,off_ball_run,run_ahead_of_the_ball,J. Lolley,Sydney FC,6.23,-30.62,19.16,-28.83,0.0,1.0,1.0,0.0072,create,medium_block
8_120,1996435,1,07:42.8,player_possession,,A. Cáceres,Sydney FC,9.16,-21.51,11.23,-22.55,,,,,create,medium_block
7_318,1996435,1,07:42.8,passing_option,,A. Ouahim,Sydney FC,15.34,-10.7,17.01,-11.96,0.0,0.0,0.0,0.0123,create,medium_block
7_319,1996435,1,07:42.8,passing_option,,J. Lolley,Sydney FC,11.28,-29.38,15.77,-28.83,0.0,1.0,1.0,0.0072,create,medium_block
7_320,1996435,1,07:42.8,passing_option,,Z. de Jesus,Sydney FC,14.08,-28.11,18.62,-29.41,0.0,0.0,0.0,0.0071,create,medium_block
1_58,1996435,1,07:43.7,off_ball_run,run_ahead_of_the_ball,Z. de Jesus,Sydney FC,19.21,-29.58,24.02,-31.57,0.0,0.0,0.0,0.0053,finish,low_block
8_121,1996435,1,07:44.8,player_possession,,J. Lolley,Sydney FC,20.83,-29.35,23.68,-29.25,,,,,finish,low_block
7_321,1996435,1,07:44.8,passing_option,,Z. de Jesus,Sydney FC,24.02,-31.57,28.71,-32.39,0.0,0.0,0.0,0.0055,finish,low_block
7_322,1996435,1,07:45.8,passing_option,,A. Ouahim,Sydney FC,23.36,-13.88,23.79,-13.98,0.0,1.0,0.0,0.0131,finish,low_block
8_122,1996435,1,07:47.0,player_possession,,J. Barnett,Adelaide United,-28.61,15.55,-28.61,15.55,,,,,build_up,high_block
7_323,1996435,1,07:47.0,passing_option,,S. Mauk,Adelaide United,-20.46,21.1,-20.46,21.1,0.0,1.0,1.0,0.0007,build_up,high_block
7_324,1996435,1,07:47.0,passing_option,,A. Goodwin,Adelaide United,0.68,13.75,0.68,13.75,0.0,0.0,0.0,0.0042,build_up,high_block
7_325,1996435,1,07:47.0,passing_option,,P. Kikianis,Adelaide United,-30.81,19.9,-30.81,19.9,0.0,0.0,0.0,0.0004,build_up,high_block
8_123,1996435,1,07:47.8,player_possession,,S. Mauk,Adelaide United,-21.27,20.67,-21.27,20.67,,,,,build_up,high_block
7_326,1996435,1,07:47.8,passing_option,,E. Alagich,Adelaide United,-26.4,26.12,-26.4,26.12,0.0,1.0,0.0,0.0006,build_up,high_block
8_124,1996435,1,07:49.2,player_possession,,J. Barnett,Adelaide United,-27.61,17.27,-27.61,17.27,,,,,build_up,high_block
7_327,1996435,1,07:49.2,passing_option,,S. Mauk,Adelaide United,-22.26,19.85,-22.26,19.85,0.0,0.0,0.0,0.0007,build_up,high_block
7_328,1996435,1,07:49.2,passing_option,,J. Yull,Adelaide United,-14.35,17.48,-14.35,17.48,0.0,1.0,0.0,0.0015,build_up,high_block
7_329,1996435,1,07:49.2,passing_option,,A. Goodwin,Adelaide United,-2.3,14.92,-2.3,14.92,0.0,0.0,0.0,0.0043,build_up,high_block
8_125,1996435,1,07:52.1,player_possession,,R. Grant,Sydney FC,-0.93,-20.02,-0.93,-20.02,,,,,chaotic,chaotic
8_126,1996435,1,07:53.6,player_possession,,S. Mauk,Adelaide United,-8.9,21.75,-8.9,21.75,,,,,chaotic,chaotic
8_127,1996435,1,07:55.5,player_possession,,Léo Sena,Sydney FC,2.29,-14.81,2.29,-14.81,,,,,create,medium_block
7_330,1996435,1,07:55.5,passing_option,,A. Cáceres,Sydney FC,8.74,-23.58,8.74,-23.58,0.0,0.0,0.0,0.0013,create,medium_block
7_331,1996435,1,07:55.5,passing_option,,R. Grant,Sydney FC,-4.17,-21.66,-4.17,-21.66,0.0,1.0,1.0,0.0005,create,medium_block
7_332,1996435,1,07:55.5,passing_option,,C. Hollman,Sydney FC,2.81,-19.63,2.81,-19.63,0.0,0.0,0.0,0.0014,create,medium_block
7_333,1996435,1,07:55.5,passing_option,,Z. de Jesus,Sydney FC,10.32,-31.79,10.32,-31.79,0.0,0.0,0.0,0.0011,create,medium_block
8_128,1996435,1,07:58.2,player_possession,,R. Grant,Sydney FC,-14.77,-20.61,-14.77,-20.61,,,,,create,medium_block
7_334,1996435,1,07:58.2,passing_option,,H. Devenish-Meares,Sydney FC,-30.19,-7.56,-30.19,-7.56,0.0,1.0,1.0,0.0,create,medium_block
1_59,1996435,1,07:58.3,off_ball_run,dropping_off,K. Shaw,Sydney FC,-12.27,-8.82,-23.0,-0.56,0.0,1.0,1.0,0.0001,create,medium_block
8_129,1996435,1,07:59.9,player_possession,,H. Devenish-Meares,Sydney FC,-31.5,-7.31,-31.48,-6.49,,,,,create,medium_block
7_335,1996435,1,07:59.9,passing_option,,K. Shaw,Sydney FC,-18.66,-3.41,-24.48,0.41,0.0,1.0,1.0,0.0001,create,medium_block
8_130,1996435,1,08:02.7,player_possession,,K. Shaw,Sydney FC,-26.25,2.08,-24.31,3.61,,,,,create,medium_block
7_336,1996435,1,08:02.7,passing_option,,H. Devenish-Meares,Sydney FC,-31.99,-6.32,-32.16,-6.16,0.0,0.0,0.0,0.0,create,medium_block
7_337,1996435,1,08:03.2,passing_option,,Léo Sena,Sydney FC,-14.03,1.3,-15.05,6.6,0.0,0.0,0.0,0.0008,create,medium_block
7_338,1996435,1,08:04.4,passing_option,,J. Courtney-Perkins,Sydney FC,-8.5,28.08,-8.12,28.36,0.0,1.0,1.0,0.001,create,medium_block
8_131,1996435,1,08:06.7,player_possession,,J. Courtney-Perkins,Sydney FC,-2.46,30.6,1.15,31.69,,,,,create,medium_block
7_339,1996435,1,08:06.7,passing_option,,P. Klimala,Sydney FC,9.8,12.05,10.89,19.93,0.0,1.0,1.0,0.0048,create,medium_block
7_340,1996435,1,08:08.3,passing_option,,Léo Sena,Sydney FC,-13.39,20.97,-13.18,24.75,0.0,0.0,0.0,0.0005,create,medium_block
1_60,1996435,1,08:10.5,off_ball_run,run_ahead_of_the_ball,J. Courtney-Perkins,Sydney FC,4.11,31.52,7.16,31.95,0.0,0.0,0.0,0.0075,create,medium_block
8_132,1996435,1,08:10.6,player_possession,,P. Klimala,Sydney FC,9.11,22.78,0.91,29.97,,,,,create,medium_block
7_341,1996435,1,08:10.6,passing_option,,J. Courtney-Perkins,Sydney FC,4.55,31.56,7.56,32.02,0.0,0.0,0.0,0.0075,create,medium_block
7_342,1996435,1,08:10.6,passing_option,,A. Ouahim,Sydney FC,5.93,14.12,6.2,15.87,0.0,0.0,0.0,0.0054,create,medium_block
7_343,1996435,1,08:10.6,passing_option,,Léo Sena,Sydney FC,-11.48,28.29,-4.68,32.6,0.0,0.0,0.0,0.0016,create,medium_block
7_344,1996435,1,08:11.1,passing_option,,C. Hollman,Sydney FC,-5.94,10.81,-4.94,15.62,0.0,0.0,0.0,0.002,create,medium_block
1_61,1996435,1,08:11.2,off_ball_run,support,C. Hollman,Sydney FC,-5.81,11.2,-5.06,14.91,0.0,0.0,0.0,0.002,create,medium_block
7_345,1996435,1,08:11.7,passing_option,,H. Devenish-Meares,Sydney FC,-31.83,5.98,-30.52,7.86,0.0,1.0,1.0,0.0,create,medium_block
8_133,1996435,1,08:16.3,player_possession,,H. Devenish-Meares,Sydney FC,-29.79,9.03,-29.79,9.03,,,,,build_up,high_block
7_346,1996435,1,08:16.3,passing_option,,R. Grant,Sydney FC,-17.37,-8.89,-17.37,-8.89,0.0,0.0,0.0,0.0002,build_up,high_block
7_347,1996435,1,08:16.3,passing_option,,K. Shaw,Sydney FC,-23.73,13.0,-23.73,13.0,0.0,1.0,1.0,0.0001,build_up,high_block
8_134,1996435,1,08:17.3,player_possession,,K. Shaw,Sydney FC,-24.05,10.59,-21.81,6.69,,,,,build_up,high_block
7_348,1996435,1,08:17.3,passing_option,,R. Grant,Sydney FC,-19.1,-8.97,-20.95,-8.82,0.0,1.0,1.0,0.0003,build_up,high_block
8_135,1996435,1,08:20.4,player_possession,,R. Grant,Sydney FC,-20.66,-8.5,-17.62,-9.52,,,,,create,medium_block
7_349,1996435,1,08:20.4,passing_option,,K. Shaw,Sydney FC,-21.25,5.03,-21.05,4.11,0.0,0.0,0.0,0.0001,create,medium_block
7_350,1996435,1,08:20.5,passing_option,,Z. de Jesus,Sydney FC,-1.19,-29.89,0.09,-31.4,0.0,1.0,1.0,0.0007,create,medium_block
8_136,1996435,1,08:26.9,player_possession,,Z. de Jesus,Sydney FC,6.41,-32.14,6.41,-32.14,,,,,create,medium_block
7_351,1996435,1,08:26.9,passing_option,,J. Lolley,Sydney FC,19.49,-17.56,19.49,-17.56,0.0,0.0,0.0,0.0073,create,medium_block
7_352,1996435,1,08:26.9,passing_option,,A. Cáceres,Sydney FC,3.82,-24.48,3.82,-24.48,0.0,1.0,1.0,0.001,create,medium_block
8_137,1996435,1,08:27.5,player_possession,,A. Cáceres,Sydney FC,4.14,-25.03,1.06,-20.87,,,,,create,medium_block
7_353,1996435,1,08:27.5,passing_option,,Z. de Jesus,Sydney FC,7.68,-32.4,8.33,-32.56,0.0,0.0,0.0,0.0032,create,medium_block
7_354,1996435,1,08:27.5,passing_option,,R. Grant,Sydney FC,-12.85,-14.6,-8.45,-16.8,0.0,1.0,1.0,0.0003,create,medium_block
7_355,1996435,1,08:28.5,passing_option,,J. Lolley,Sydney FC,21.88,-21.26,20.4,-25.36,0.0,0.0,0.0,0.0041,create,medium_block
7_356,1996435,1,08:30.0,passing_option,,C. Hollman,Sydney FC,5.3,-12.38,6.51,-16.61,0.0,0.0,0.0,0.0032,create,medium_block
8_138,1996435,1,08:33.3,player_possession,,R. Grant,Sydney FC,-8.27,-16.77,-7.67,-16.21,,,,,create,medium_block
7_357,1996435,1,08:33.3,passing_option,,A. Cáceres,Sydney FC,-1.18,-22.44,-2.6,-26.52,0.0,0.0,0.0,0.0006,create,medium_block
7_358,1996435,1,08:33.3,passing_option,,K. Shaw,Sydney FC,-11.8,0.48,-11.7,1.73,0.0,1.0,1.0,0.0002,create,medium_block
7_359,1996435,1,08:34.7,passing_option,,Léo Sena,Sydney FC,-0.22,-5.34,-0.15,-6.58,0.0,0.0,0.0,0.002,create,medium_block
7_360,1996435,1,08:35.1,passing_option,,H. Devenish-Meares,Sydney FC,-26.11,-4.76,-26.11,-4.76,0.0,0.0,0.0,0.0,create,medium_block
8_139,1996435,1,08:37.0,player_possession,,K. Shaw,Sydney FC,-12.5,4.01,-12.5,4.01,,,,,create,medium_block
7_361,1996435,1,08:37.0,passing_option,,J. Courtney-Perkins,Sydney FC,4.81,27.59,4.81,27.59,0.0,0.0,0.0,0.0015,create,medium_block
7_362,1996435,1,08:37.0,passing_option,,H. Devenish-Meares,Sydney FC,-23.7,-4.19,-23.7,-4.19,0.0,1.0,1.0,0.0001,create,medium_block
8_140,1996435,1,08:39.0,player_possession,,H. Devenish-Meares,Sydney FC,-22.31,-5.56,-22.31,-5.56,,,,,create,medium_block
7_363,1996435,1,08:39.0,passing_option,,J. Courtney-Perkins,Sydney FC,-1.11,28.99,-1.11,28.99,0.0,1.0,1.0,0.0008,create,medium_block
7_364,1996435,1,08:39.0,passing_option,,R. Grant,Sydney FC,-12.94,-14.5,-12.94,-14.5,0.0,0.0,0.0,0.0004,create,medium_block
7_365,1996435,1,08:39.0,passing_option,,Z. de Jesus,Sydney FC,11.18,-30.26,11.18,-30.26,0.0,0.0,0.0,0.0008,create,medium_block
8_141,1996435,1,08:41.4,player_possession,,J. Courtney-Perkins,Sydney FC,-10.55,32.02,-12.83,23.74,,,,,create,medium_block
7_366,1996435,1,08:41.4,passing_option,,K. Shaw,Sydney FC,-15.73,14.14,-20.12,18.48,0.0,0.0,0.0,0.0003,create,medium_block
7_367,1996435,1,08:46.7,passing_option,,C. Hollman,Sydney FC,-11.79,5.15,-13.3,6.3,0.0,1.0,1.0,0.0006,create,medium_block
8_142,1996435,1,08:49.0,player_possession,,C. Hollman,Sydney FC,-16.5,7.65,-16.5,5.85,,,,,create,medium_block
7_368,1996435,1,08:49.0,passing_option,,K. Shaw,Sydney FC,-19.61,16.17,-19.57,15.91,0.0,0.0,0.0,0.0002,create,medium_block
7_369,1996435,1,08:49.0,passing_option,,R. Grant,Sydney FC,-19.08,-4.73,-17.19,-5.88,0.0,1.0,1.0,0.0006,create,medium_block
7_370,1996435,1,08:49.7,passing_option,,Z. de Jesus,Sydney FC,0.68,-28.27,1.54,-28.69,0.0,0.0,0.0,0.0021,create,medium_block
8_143,1996435,1,08:51.2,player_possession,,R. Grant,Sydney FC,-15.94,-6.74,-14.25,-8.71,,,,,create,medium_block
7_371,1996435,1,08:51.2,passing_option,,Z. de Jesus,Sydney FC,3.83,-29.98,4.86,-31.98,0.0,1.0,1.0,0.0011,create,medium_block
1_62,1996435,1,08:52.6,off_ball_run,support,C. Hollman,Sydney FC,-10.06,-0.54,9.05,-14.1,0.0,0.0,0.0,0.0037,finish,low_block
1_63,1996435,1,08:53.1,off_ball_run,run_ahead_of_the_ball,A. Cáceres,Sydney FC,5.27,-16.32,23.18,-21.87,0.0,0.0,0.0,0.0089,finish,low_block
1_64,1996435,1,08:53.2,off_ball_run,run_ahead_of_the_ball,J. Lolley,Sydney FC,13.43,-8.25,30.86,-21.86,0.0,0.0,0.0,0.0121,finish,low_block
8_144,1996435,1,08:54.9,player_possession,,Z. de Jesus,Sydney FC,11.49,-32.32,18.63,-21.19,,,,,finish,low_block
7_372,1996435,1,08:54.9,passing_option,,J. Lolley,Sydney FC,20.65,-15.28,32.97,-23.21,0.0,0.0,0.0,0.0121,finish,low_block
7_373,1996435,1,08:54.9,passing_option,,A. Cáceres,Sydney FC,13.14,-19.91,25.86,-24.51,0.0,0.0,0.0,0.0089,finish,low_block
7_374,1996435,1,08:57.8,passing_option,,C. Hollman,Sydney FC,8.71,-13.86,13.66,-22.44,0.0,0.0,0.0,0.0037,finish,low_block
7_375,1996435,1,08:58.7,passing_option,,Léo Sena,Sydney FC,9.23,-4.15,13.17,-9.29,0.0,1.0,1.0,0.0051,finish,low_block
7_376,1996435,1,08:59.2,passing_option,,P. Klimala,Sydney FC,31.08,-1.16,32.19,-3.8,1.0,0.0,0.0,0.0235,finish,low_block
8_145,1996435,1,09:01.6,player_possession,,Léo Sena,Sydney FC,13.8,-11.06,16.98,-13.06,,,,,finish,low_block
7_377,1996435,1,09:01.8,passing_option,,A. Ouahim,Sydney FC,23.75,-1.69,24.06,-1.39,1.0,0.0,0.0,0.0205,finish,low_block
7_378,1996435,1,09:02.0,passing_option,,A. Cáceres,Sydney FC,26.31,-32.51,28.61,-32.02,0.0,1.0,1.0,0.0069,finish,low_block
7_379,1996435,1,09:02.1,passing_option,,P. Klimala,Sydney FC,31.24,-7.48,31.09,-7.86,0.0,0.0,0.0,0.0179,finish,low_block
7_380,1996435,1,09:02.2,passing_option,,J. Lolley,Sydney FC,30.57,-16.9,30.44,-15.75,1.0,0.0,0.0,0.0213,finish,low_block
7_381,1996435,1,09:02.6,passing_option,,Z. de Jesus,Sydney FC,17.85,-23.28,17.9,-23.48,0.0,0.0,0.0,0.0027,finish,low_block
1_65,1996435,1,09:02.9,off_ball_run,run_ahead_of_the_ball,A. Cáceres,Sydney FC,29.4,-31.76,37.58,-28.31,0.0,1.0,1.0,0.0069,finish,low_block
1_66,1996435,1,09:03.6,off_ball_run,cross_receiver,J. Lolley,Sydney FC,31.66,-13.19,37.6,-8.01,1.0,0.0,0.0,0.0538,finish,low_block
1_67,1996435,1,09:04.0,off_ball_run,cross_receiver,P. Klimala,Sydney FC,33.76,-6.83,48.32,-4.28,1.0,1.0,0.0,0.1198,finish,low_block
1_68,1996435,1,09:04.3,off_ball_run,support,Z. de Jesus,Sydney FC,21.4,-26.43,28.27,-27.51,0.0,0.0,0.0,0.0059,finish,low_block
8_146,1996435,1,09:04.7,player_possession,,A. Cáceres,Sydney FC,37.58,-28.31,41.52,-25.81,,,,,finish,low_block
7_382,1996435,1,09:04.7,passing_option,,P. Klimala,Sydney FC,37.17,-5.54,43.42,-4.4,1.0,1.0,0.0,0.1198,finish,low_block
7_383,1996435,1,09:04.7,passing_option,,J. Lolley,Sydney FC,35.87,-9.54,39.15,-6.57,1.0,0.0,0.0,0.0538,finish,low_block
8_0,1953632,1,00:02.7,player_possession,,S. Ugarković,Melbourne City,0.5,-0.54,0.5,-0.54,,,,,create,medium_block
1_0,1953632,1,00:03.1,off_ball_run,coming_short,N. Atkinson,Melbourne City,-1.78,-7.53,-8.96,0.56,0.0,0.0,0.0,0.0005,create,medium_block
1_1,1953632,1,00:03.7,off_ball_run,run_ahead_of_the_ball,M. Memeti,Melbourne City,6.15,-23.61,12.45,-21.65,0.0,0.0,0.0,0.0054,create,medium_block
8_1,1953632,1,00:03.9,player_possession,,S. Souprayen,Melbourne City,-14.83,-0.24,-14.11,-0.34,,,,,create,medium_block
7_0,1953632,1,00:03.9,passing_option,,Y. Cohen,Melbourne City,13.28,-28.77,14.49,-29.1,0.0,0.0,0.0,0.003,create,medium_block
7_1,1953632,1,00:03.9,passing_option,,N. Atkinson,Melbourne City,-4.09,-4.14,-6.99,-0.78,0.0,0.0,0.0,0.0005,create,medium_block
7_2,1953632,1,00:03.9,passing_option,,M. Memeti,Melbourne City,7.14,-23.5,12.45,-21.65,0.0,0.0,0.0,0.0054,create,medium_block
7_3,1953632,1,00:04.6,passing_option,,K. Trewin,Melbourne City,-17.12,-11.15,-16.93,-11.44,0.0,1.0,1.0,0.0002,create,medium_block
8_2,1953632,1,00:05.8,player_possession,,K. Trewin,Melbourne City,-16.88,-12.12,-17.25,-12.16,,,,,create,medium_block
7_4,1953632,1,00:05.8,passing_option,,C. Talbot,Melbourne City,-10.08,-28.77,-10.07,-29.91,0.0,0.0,0.0,0.0002,create,medium_block
7_5,1953632,1,00:06.2,passing_option,,S. Souprayen,Melbourne City,-14.82,1.04,-15.08,1.25,0.0,1.0,1.0,0.0001,create,medium_block
7_6,1953632,1,00:06.3,passing_option,,N. Atkinson,Melbourne City,-10.46,-0.66,-10.48,-0.92,0.0,0.0,0.0,0.0007,create,medium_block
8_3,1953632,1,00:07.6,player_possession,,S. Souprayen,Melbourne City,-15.28,2.3,-14.11,1.24,,,,,create,medium_block
7_7,1953632,1,00:07.6,passing_option,,Z. Schreiber,Melbourne City,-5.93,1.03,-7.84,-0.41,0.0,0.0,0.0,0.0014,create,medium_block
7_8,1953632,1,00:07.6,passing_option,,A. Behich,Melbourne City,-7.38,21.67,-13.29,25.14,0.0,0.0,0.0,0.0006,create,medium_block
7_9,1953632,1,00:08.1,passing_option,,K. Trewin,Melbourne City,-19.4,-11.54,-22.04,-11.45,0.0,1.0,1.0,0.0002,create,medium_block
8_4,1953632,1,00:11.7,player_possession,,K. Trewin,Melbourne City,-20.63,-12.79,-17.15,-14.85,,,,,create,medium_block
7_10,1953632,1,00:11.7,passing_option,,C. Talbot,Melbourne City,-9.95,-31.44,-3.14,-32.49,0.0,1.0,1.0,0.0005,create,medium_block
1_2,1953632,1,00:12.2,off_ball_run,run_ahead_of_the_ball,C. Talbot,Melbourne City,-8.05,-31.94,4.32,-32.3,0.0,1.0,1.0,0.0005,create,medium_block
1_3,1953632,1,00:14.7,off_ball_run,run_ahead_of_the_ball,N. Atkinson,Melbourne City,5.15,-19.79,7.8,-21.47,0.0,0.0,0.0,0.0028,create,medium_block
8_5,1953632,1,00:15.4,player_possession,,C. Talbot,Melbourne City,6.34,-32.58,9.54,-33.2,,,,,create,medium_block
7_11,1953632,1,00:15.4,passing_option,,Y. Cohen,Melbourne City,13.5,-34.58,15.37,-34.2,0.0,1.0,1.0,0.001,create,medium_block
7_12,1953632,1,00:15.4,passing_option,,N. Atkinson,Melbourne City,7.8,-21.47,9.46,-23.12,0.0,0.0,0.0,0.0028,create,medium_block
7_13,1953632,1,00:16.0,passing_option,,M. Memeti,Melbourne City,18.27,-9.1,19.15,-9.66,0.0,0.0,0.0,0.0101,create,medium_block
8_6,1953632,1,00:17.0,player_possession,,Y. Cohen,Melbourne City,15.9,-33.86,15.9,-33.86,,,,,create,medium_block
7_14,1953632,1,00:17.0,passing_option,,C. Talbot,Melbourne City,10.63,-33.24,10.63,-33.24,0.0,0.0,0.0,0.0005,create,medium_block
7_15,1953632,1,00:17.0,passing_option,,N. Atkinson,Melbourne City,9.2,-24.32,9.2,-24.32,0.0,1.0,1.0,0.001,create,medium_block
8_7,1953632,1,00:18.1,player_possession,,N. Atkinson,Melbourne City,8.7,-26.56,8.7,-26.56,,,,,create,medium_block
7_16,1953632,1,00:18.1,passing_option,,C. Talbot,Melbourne City,8.68,-32.67,8.68,-32.67,0.0,1.0,1.0,0.0006,create,medium_block
8_8,1953632,1,00:18.3,player_possession,,C. Talbot,Melbourne City,8.02,-32.55,-0.41,-32.14,,,,,create,medium_block
7_17,1953632,1,00:18.3,passing_option,,K. Trewin,Melbourne City,-5.84,-22.5,-11.63,-26.36,0.0,1.0,1.0,0.0002,create,medium_block
1_4,1953632,1,00:19.4,off_ball_run,dropping_off,K. Trewin,Melbourne City,-8.1,-24.79,-22.36,-22.85,0.0,1.0,1.0,0.0002,create,medium_block
7_18,1953632,1,00:20.2,passing_option,,P. Beach,Melbourne City,-33.09,-4.33,-33.09,-4.33,0.0,0.0,0.0,0.0,create,medium_block
1_5,1953632,1,00:20.4,off_ball_run,dropping_off,S. Souprayen,Melbourne City,-13.35,-1.34,-22.28,6.03,0.0,0.0,0.0,0.0001,create,medium_block
8_9,1953632,1,00:22.8,player_possession,,K. Trewin,Melbourne City,-22.36,-22.85,-22.36,-22.85,,,,,create,medium_block
7_19,1953632,1,00:22.8,passing_option,,S. Souprayen,Melbourne City,-21.96,5.76,-21.96,5.76,0.0,0.0,0.0,0.0001,create,medium_block
7_20,1953632,1,00:22.8,passing_option,,P. Beach,Melbourne City,-34.94,-5.06,-34.94,-5.06,0.0,1.0,1.0,0.0,create,medium_block
8_10,1953632,1,00:24.6,player_possession,,P. Beach,Melbourne City,-32.44,-4.67,-32.63,-2.43,,,,,create,medium_block
7_21,1953632,1,00:24.6,passing_option,,K. Trewin,Melbourne City,-27.9,-19.92,-28.15,-19.81,0.0,0.0,0.0,0.0001,create,medium_block
7_22,1953632,1,00:24.6,passing_option,,S. Souprayen,Melbourne City,-27.57,9.76,-30.47,11.22,0.0,1.0,1.0,0.0,create,medium_block
7_23,1953632,1,00:24.6,passing_option,,A. Behich,Melbourne City,-17.54,22.74,-17.78,26.3,0.0,0.0,0.0,0.0002,create,medium_block
8_11,1953632,1,00:27.0,player_possession,,S. Souprayen,Melbourne City,-30.67,12.35,-29.77,14.86,,,,,create,medium_block
7_24,1953632,1,00:27.0,passing_option,,A. Behich,Melbourne City,-17.88,28.95,-17.87,29.86,0.0,1.0,1.0,0.0001,create,medium_block
8_12,1953632,1,00:29.5,player_possession,,A. Behich,Melbourne City,-16.83,29.46,-19.23,26.17,,,,,create,medium_block
7_25,1953632,1,00:29.5,passing_option,,S. Souprayen,Melbourne City,-29.96,18.1,-30.65,21.48,0.0,1.0,1.0,0.0001,create,medium_block
7_26,1953632,1,00:30.4,passing_option,,Z. Schreiber,Melbourne City,-10.75,10.9,-11.4,12.39,0.0,0.0,0.0,0.001,create,medium_block
7_27,1953632,1,00:31.0,passing_option,,P. Beach,Melbourne City,-37.13,4.07,-37.49,4.32,0.0,0.0,0.0,0.0,create,medium_block
8_13,1953632,1,00:32.5,player_possession,,S. Souprayen,Melbourne City,-30.49,21.19,-27.73,18.77,,,,,create,medium_block
7_28,1953632,1,00:32.5,passing_option,,P. Beach,Melbourne City,-37.67,4.31,-35.32,1.88,0.0,1.0,1.0,0.0,create,medium_block
7_29,1953632,1,00:34.0,passing_option,,K. Trewin,Melbourne City,-29.82,-15.98,-29.68,-16.17,0.0,0.0,0.0,0.0,create,medium_block
8_14,1953632,1,00:35.8,player_possession,,P. Beach,Melbourne City,-33.48,-0.0,-31.07,-3.63,,,,,create,medium_block
7_30,1953632,1,00:35.8,passing_option,,C. Talbot,Melbourne City,-12.94,-32.62,-10.08,-34.42,0.0,0.0,0.0,0.0002,create,medium_block
7_31,1953632,1,00:36.0,passing_option,,K. Trewin,Melbourne City,-29.64,-17.5,-31.82,-17.19,0.0,1.0,1.0,0.0,create,medium_block
8_15,1953632,1,00:39.9,player_possession,,K. Trewin,Melbourne City,-30.96,-18.18,-13.36,-23.94,,,,,create,medium_block
7_32,1953632,1,00:39.9,passing_option,,C. Talbot,Melbourne City,-9.73,-34.64,-6.07,-35.01,0.0,0.0,0.0,0.0002,create,medium_block
7_33,1953632,1,00:40.4,passing_option,,N. Atkinson,Melbourne City,-2.57,-20.11,-5.65,-19.14,0.0,1.0,1.0,0.0003,create,medium_block
7_34,1953632,1,00:42.2,passing_option,,Z. Schreiber,Melbourne City,-11.15,-9.24,-10.8,-10.26,0.0,0.0,0.0,0.0005,create,medium_block
7_35,1953632,1,00:42.2,passing_option,,M. Memeti,Melbourne City,9.86,-3.3,7.08,-14.69,0.0,0.0,0.0,0.0024,create,medium_block
1_6,1953632,1,00:42.7,off_ball_run,coming_short,M. Memeti,Melbourne City,8.93,-4.85,4.33,-11.73,0.0,0.0,0.0,0.0024,create,medium_block
8_16,1953632,1,00:46.2,player_possession,,N. Atkinson,Melbourne City,-5.89,-18.91,-5.56,-26.16,,,,,create,medium_block
7_36,1953632,1,00:46.2,passing_option,,K. Trewin,Melbourne City,-12.73,-24.18,-11.54,-28.5,0.0,0.0,0.0,0.0004,create,medium_block
7_37,1953632,1,00:46.3,passing_option,,Y. Cohen,Melbourne City,11.93,-31.52,8.5,-26.1,0.0,1.0,0.0,0.0017,create,medium_block
7_38,1953632,1,00:46.5,passing_option,,C. Talbot,Melbourne City,3.89,-34.46,0.99,-34.3,0.0,0.0,0.0,0.0008,create,medium_block
8_17,1953632,1,00:49.1,player_possession,,N. Smith,CC Mariners,-5.35,25.3,-5.35,25.3,,,,,chaotic,chaotic
8_18,1953632,1,00:49.8,player_possession,,N. Atkinson,Melbourne City,-5.32,-26.74,-7.17,-25.31,,,,,create,medium_block
7_39,1953632,1,00:49.8,passing_option,,Z. Schreiber,Melbourne City,-8.77,-16.84,-9.57,-17.81,0.0,1.0,1.0,0.0007,create,medium_block
7_40,1953632,1,00:50.6,passing_option,,K. Trewin,Melbourne City,-13.72,-24.56,-13.96,-24.42,0.0,0.0,0.0,0.0003,create,medium_block
8_19,1953632,1,00:51.8,player_possession,,Z. Schreiber,Melbourne City,-11.04,-18.1,-11.04,-18.1,,,,,create,medium_block
7_41,1953632,1,00:51.8,passing_option,,K. Trewin,Melbourne City,-17.28,-23.85,-17.28,-23.85,0.0,1.0,1.0,0.0002,create,medium_block
8_20,1953632,1,00:53.0,player_possession,,K. Trewin,Melbourne City,-20.01,-23.16,-22.56,-17.0,,,,,build_up,high_block
7_42,1953632,1,00:53.0,passing_option,,P. Beach,Melbourne City,-36.3,-4.86,-35.47,-3.79,0.0,1.0,1.0,0.0,build_up,high_block
7_43,1953632,1,00:53.4,passing_option,,S. Souprayen,Melbourne City,-23.03,-0.39,-27.11,6.93,0.0,0.0,0.0,0.0001,build_up,high_block
7_44,1953632,1,00:54.2,passing_option,,A. Behich,Melbourne City,-16.28,16.11,-15.54,18.4,0.0,0.0,0.0,0.0002,build_up,high_block
8_21,1953632,1,00:58.3,player_possession,,P. Beach,Melbourne City,-33.42,-2.03,-32.5,-0.86,,,,,build_up,high_block
7_45,1953632,1,00:58.3,passing_option,,K. Trewin,Melbourne City,-26.95,-17.7,-27.41,-17.71,0.0,0.0,0.0,0.0,build_up,high_block
7_46,1953632,1,00:58.3,passing_option,,A. Behich,Melbourne City,-15.43,20.12,-14.88,23.18,0.0,0.0,0.0,0.0002,build_up,high_block
7_47,1953632,1,00:58.3,passing_option,,S. Souprayen,Melbourne City,-30.85,9.56,-31.37,10.74,0.0,0.0,0.0,0.0,build_up,high_block
7_48,1953632,1,01:00.4,passing_option,,K. Trewin,Melbourne City,-30.14,-16.16,-30.09,-15.32,0.0,1.0,1.0,0.0,build_up,high_block
8_22,1953632,1,01:02.8,player_possession,,K. Trewin,Melbourne City,-28.69,-16.12,-12.26,-18.2,,,,,create,medium_block
7_49,1953632,1,01:02.8,passing_option,,C. Talbot,Melbourne City,-12.48,-33.97,1.44,-34.23,0.0,0.0,0.0,0.0005,create,medium_block
1_7,1953632,1,01:04.2,off_ball_run,run_ahead_of_the_ball,C. Talbot,Melbourne City,-8.27,-34.46,-2.52,-34.54,0.0,0.0,0.0,0.0005,create,medium_block
7_50,1953632,1,01:05.1,passing_option,,M. Memeti,Melbourne City,10.58,-0.56,8.66,-4.59,0.0,0.0,0.0,0.0035,create,medium_block
7_51,1953632,1,01:05.4,passing_option,,N. Atkinson,Melbourne City,0.69,-12.25,3.01,-13.79,0.0,1.0,1.0,0.0007,create,medium_block
7_52,1953632,1,01:05.7,passing_option,,Y. Cohen,Melbourne City,11.02,-27.68,10.84,-24.81,0.0,0.0,0.0,0.0022,create,medium_block
1_8,1953632,1,01:06.3,off_ball_run,coming_short,M. Memeti,Melbourne City,9.12,-3.83,7.55,-7.05,0.0,0.0,0.0,0.0035,create,medium_block
8_23,1953632,1,01:07.4,player_possession,,N. Atkinson,Melbourne City,3.23,-12.96,3.23,-12.96,,,,,create,medium_block
7_53,1953632,1,01:07.4,passing_option,,Y. Cohen,Melbourne City,9.76,-21.91,9.76,-21.91,0.0,0.0,0.0,0.0031,create,medium_block
7_54,1953632,1,01:07.4,passing_option,,S. Ugarković,Melbourne City,2.95,2.48,2.95,2.48,0.0,1.0,1.0,0.005,create,medium_block
7_55,1953632,1,01:07.4,passing_option,,Z. Schreiber,Melbourne City,-3.65,-5.96,-3.65,-5.96,0.0,0.0,0.0,0.002,create,medium_block
7_56,1953632,1,01:07.4,passing_option,,M. Memeti,Melbourne City,7.39,-8.17,7.39,-8.17,0.0,0.0,0.0,0.0035,create,medium_block
8_24,1953632,1,01:08.9,player_possession,,S. Ugarković,Melbourne City,6.23,-2.31,6.23,-2.31,,,,,create,medium_block
7_57,1953632,1,01:08.9,passing_option,,Y. Cohen,Melbourne City,10.76,-17.76,10.76,-17.76,0.0,0.0,0.0,0.0074,create,medium_block
7_58,1953632,1,01:08.9,passing_option,,C. Talbot,Melbourne City,3.91,-28.89,3.91,-28.89,0.0,1.0,0.0,0.0011,create,medium_block
7_59,1953632,1,01:08.9,passing_option,,N. Atkinson,Melbourne City,2.5,-9.08,2.5,-9.08,0.0,0.0,0.0,0.0019,create,medium_block
7_60,1953632,1,01:08.9,passing_option,,Z. Schreiber,Melbourne City,-0.69,-5.91,-0.69,-5.91,0.0,0.0,0.0,0.0015,create,medium_block
7_61,1953632,1,01:08.9,passing_option,,M. Memeti,Melbourne City,9.52,-8.77,9.52,-8.77,0.0,0.0,0.0,0.0076,create,medium_block
1_9,1953632,1,01:09.0,off_ball_run,run_ahead_of_the_ball,Y. Cohen,Melbourne City,11.05,-17.46,14.79,-15.38,0.0,0.0,0.0,0.0074,create,medium_block
8_25,1953632,1,01:19.3,player_possession,,N. Paull,CC Mariners,-34.51,24.26,-37.14,21.75,,,,,build_up,high_block
7_62,1953632,1,01:19.3,passing_option,,S. Roux,CC Mariners,-16.9,-16.05,-16.19,-17.48,0.0,0.0,0.0,0.0003,build_up,high_block
7_63,1953632,1,01:19.3,passing_option,,B. Kaltak,CC Mariners,-37.43,13.25,-39.37,12.61,0.0,1.0,1.0,0.0001,build_up,high_block
7_64,1953632,1,01:19.3,passing_option,,D. Peraic-Cullen,CC Mariners,-47.47,5.42,-48.41,3.69,0.0,0.0,0.0,0.0,build_up,high_block
1_10,1953632,1,01:20.7,off_ball_run,dropping_off,T. Sainsbury,CC Mariners,-31.3,-11.02,-38.66,-14.48,0.0,0.0,0.0,0.0001,build_up,high_block
8_26,1953632,1,01:21.7,player_possession,,B. Kaltak,CC Mariners,-41.03,9.84,-40.9,6.96,,,,,build_up,high_block
7_65,1953632,1,01:21.7,passing_option,,T. Sainsbury,CC Mariners,-35.39,-13.09,-39.01,-14.63,0.0,0.0,0.0,0.0001,build_up,high_block
7_66,1953632,1,01:21.7,passing_option,,S. Roux,CC Mariners,-14.94,-22.6,-14.39,-25.48,0.0,0.0,0.0,0.0003,build_up,high_block
7_67,1953632,1,01:22.4,passing_option,,B. Brandtman,CC Mariners,-12.06,-10.57,-12.35,-11.18,0.0,1.0,1.0,0.0006,build_up,high_block
8_27,1953632,1,01:24.3,player_possession,,B. Brandtman,CC Mariners,-14.03,-14.38,-14.03,-14.38,,,,,create,medium_block
7_68,1953632,1,01:24.3,passing_option,,S. Roux,CC Mariners,-14.76,-29.02,-14.76,-29.02,0.0,1.0,1.0,0.0004,create,medium_block
1_11,1953632,1,01:24.9,off_ball_run,run_ahead_of_the_ball,B. Brandtman,CC Mariners,-12.68,-15.87,-6.62,-23.32,0.0,1.0,0.0,0.0016,create,medium_block
8_28,1953632,1,01:25.6,player_possession,,S. Roux,CC Mariners,-14.39,-28.11,-14.39,-28.11,,,,,create,medium_block
7_69,1953632,1,01:25.6,passing_option,,B. Brandtman,CC Mariners,-10.71,-18.76,-10.71,-18.76,0.0,1.0,0.0,0.0016,create,medium_block
8_29,1953632,1,01:27.6,player_possession,,S. Souprayen,Melbourne City,-8.25,20.24,-29.15,23.54,,,,,create,medium_block
7_70,1953632,1,01:27.6,passing_option,,P. Beach,Melbourne City,-36.24,5.53,-40.47,7.49,0.0,0.0,0.0,0.0,create,medium_block
1_12,1953632,1,01:27.8,off_ball_run,dropping_off,A. Behich,Melbourne City,7.31,28.94,-7.95,32.03,0.0,1.0,1.0,0.0002,create,medium_block
7_71,1953632,1,01:31.9,passing_option,,A. Behich,Melbourne City,-9.97,32.15,-14.62,32.16,0.0,1.0,1.0,0.0002,create,medium_block
8_30,1953632,1,01:35.2,player_possession,,A. Behich,Melbourne City,-19.25,31.96,-18.46,31.48,,,,,create,medium_block
7_72,1953632,1,01:35.2,passing_option,,S. Souprayen,Melbourne City,-30.49,23.2,-30.57,22.41,0.0,1.0,1.0,0.0001,create,medium_block
8_31,1953632,1,01:38.1,player_possession,,S. Souprayen,Melbourne City,-29.52,20.92,-28.84,19.66,,,,,create,medium_block
7_73,1953632,1,01:38.1,passing_option,,K. Trewin,Melbourne City,-27.22,-9.58,-27.81,-9.91,0.0,0.0,0.0,0.0,create,medium_block
7_74,1953632,1,01:38.1,passing_option,,P. Beach,Melbourne City,-35.7,3.35,-33.65,1.93,0.0,1.0,1.0,0.0,create,medium_block
8_32,1953632,1,01:40.6,player_possession,,P. Beach,Melbourne City,-30.15,-0.02,-28.47,-2.04,,,,,create,medium_block
7_75,1953632,1,01:40.6,passing_option,,K. Trewin,Melbourne City,-27.92,-11.93,-25.62,-14.25,0.0,1.0,1.0,0.0,create,medium_block
7_76,1953632,1,01:40.6,passing_option,,C. Talbot,Melbourne City,-11.73,-29.69,-9.34,-31.83,0.0,0.0,0.0,0.0001,create,medium_block
8_33,1953632,1,01:43.5,player_possession,,K. Trewin,Melbourne City,-20.07,-16.42,2.59,-22.59,,,,,create,medium_block
7_77,1953632,1,01:43.5,passing_option,,C. Talbot,Melbourne City,-5.2,-33.65,12.17,-34.39,0.0,1.0,1.0,0.0017,create,medium_block
1_13,1953632,1,01:44.7,off_ball_run,run_ahead_of_the_ball,C. Talbot,Melbourne City,-0.6,-34.37,2.41,-34.64,0.0,0.0,0.0,0.0011,create,medium_block
7_78,1953632,1,01:44.8,passing_option,,Y. Cohen,Melbourne City,12.33,-25.55,21.02,-20.22,0.0,0.0,0.0,0.0084,create,medium_block
7_79,1953632,1,01:46.0,passing_option,,N. Atkinson,Melbourne City,5.05,-18.19,5.8,-17.06,0.0,0.0,0.0,0.0017,create,medium_block
1_14,1953632,1,01:46.3,off_ball_run,behind,Y. Cohen,Melbourne City,13.29,-21.56,21.87,-20.31,0.0,0.0,0.0,0.0084,create,medium_block
1_15,1953632,1,01:47.5,off_ball_run,run_ahead_of_the_ball,C. Talbot,Melbourne City,10.88,-34.49,19.88,-31.92,0.0,1.0,1.0,0.0017,create,medium_block
8_34,1953632,1,01:49.4,player_possession,,C. Talbot,Melbourne City,19.88,-31.92,24.46,-29.19,,,,,finish,low_block
7_80,1953632,1,01:49.4,passing_option,,M. Memeti,Melbourne City,25.42,-5.15,29.54,-6.2,1.0,0.0,0.0,0.0287,finish,low_block
7_81,1953632,1,01:49.4,passing_option,,Y. Cohen,Melbourne City,26.53,-21.62,30.87,-25.29,0.0,0.0,0.0,0.0067,finish,low_block
1_16,1953632,1,01:49.5,off_ball_run,run_ahead_of_the_ball,M. Memeti,Melbourne City,25.83,-5.26,28.74,-6.03,1.0,0.0,0.0,0.0287,finish,low_block
1_17,1953632,1,01:49.5,off_ball_run,run_ahead_of_the_ball,Y. Cohen,Melbourne City,26.88,-21.84,36.49,-28.67,0.0,0.0,0.0,0.0067,finish,low_block
8_35,1953632,1,02:35.4,player_possession,,D. Peraic-Cullen,CC Mariners,-49.39,-3.8,-44.28,-5.34,,,,,chaotic,chaotic
7_82,1953632,1,02:35.4,passing_option,,Mikael Doka,CC Mariners,-24.48,19.79,-6.42,19.98,0.0,0.0,0.0,0.0091,chaotic,chaotic
7_83,1953632,1,02:36.2,passing_option,,A. McCalmont,CC Mariners,-31.83,-1.43,-30.81,-1.83,0.0,0.0,0.0,0.0006,chaotic,chaotic
7_84,1953632,1,02:36.8,passing_option,,B. Brandtman,CC Mariners,-31.42,-1.72,-27.43,-3.79,0.0,0.0,0.0,0.0014,chaotic,chaotic
7_85,1953632,1,02:37.9,passing_option,,N. Smith,CC Mariners,-38.1,10.44,-36.64,11.16,0.0,0.0,0.0,0.0003,chaotic,chaotic
8_36,1953632,1,03:02.2,player_possession,,T. Sainsbury,CC Mariners,-34.26,-22.22,-33.79,-24.64,,,,,direct,defending_direct
7_86,1953632,1,03:02.5,passing_option,,B. Brandtman,CC Mariners,-11.6,-20.87,-15.41,-26.32,0.0,0.0,0.0,0.0004,direct,defending_direct
7_87,1953632,1,03:02.8,passing_option,,S. Roux,CC Mariners,-0.65,-29.35,0.83,-29.77,0.0,0.0,0.0,0.0011,direct,defending_direct
1_18,1953632,1,03:02.9,off_ball_run,pulling_wide,B. Brandtman,CC Mariners,-12.44,-22.15,-15.89,-27.05,0.0,0.0,0.0,0.0004,direct,defending_direct
7_88,1953632,1,03:03.8,passing_option,,A. Kuol,CC Mariners,4.32,-4.27,4.55,-4.82,0.0,1.0,1.0,0.0038,direct,defending_direct
8_37,1953632,1,03:10.6,player_possession,,K. Trewin,Melbourne City,-41.47,16.28,-41.47,16.28,,,,,chaotic,chaotic
8_38,1953632,1,03:21.3,player_possession,,B. Brandtman,CC Mariners,44.45,-30.26,44.45,-30.26,,,,,chaotic,chaotic
7_89,1953632,1,03:21.3,passing_option,,S. Roux,CC Mariners,41.17,-34.02,41.17,-34.02,0.0,1.0,1.0,0.0057,chaotic,chaotic
8_39,1953632,1,03:21.8,player_possession,,S. Roux,CC Mariners,41.69,-33.37,41.76,-32.7,,,,,chaotic,chaotic
7_90,1953632,1,03:21.8,passing_option,,A. McCalmont,CC Mariners,34.64,-23.64,34.68,-24.78,0.0,0.0,0.0,0.0042,chaotic,chaotic
7_91,1953632,1,03:21.8,passing_option,,B. Brandtman,CC Mariners,45.14,-30.49,45.72,-30.92,0.0,0.0,0.0,0.0054,chaotic,chaotic
8_40,1953632,1,03:23.3,player_possession,,H. Politidis,Melbourne City,-44.84,32.07,-44.75,32.34,,,,,chaotic,chaotic
8_41,1953632,1,03:25.0,player_possession,,S. Roux,CC Mariners,43.05,-32.95,43.05,-32.95,,,,,chaotic,chaotic
7_92,1953632,1,03:25.0,passing_option,,A. McCalmont,CC Mariners,35.79,-29.61,35.79,-29.61,0.0,0.0,0.0,0.004,chaotic,chaotic
7_93,1953632,1,03:25.0,passing_option,,B. Brandtman,CC Mariners,46.85,-33.09,46.85,-33.09,0.0,1.0,0.0,0.0052,chaotic,chaotic
1_19,1953632,1,04:08.6,off_ball_run,dropping_off,K. Trewin,Melbourne City,-14.39,4.91,-18.25,-5.55,0.0,0.0,0.0,0.0002,create,medium_block
8_42,1953632,1,04:09.6,player_possession,,S. Souprayen,Melbourne City,-19.82,27.72,-19.52,25.32,,,,,create,medium_block
7_94,1953632,1,04:09.8,passing_option,,P. Beach,Melbourne City,-34.69,7.93,-33.31,7.15,0.0,0.0,0.0,0.0,create,medium_block
7_95,1953632,1,04:10.1,passing_option,,K. Trewin,Melbourne City,-17.05,-1.95,-18.53,-6.7,0.0,0.0,0.0,0.0002,create,medium_block
7_96,1953632,1,04:11.0,passing_option,,Z. Schreiber,Melbourne City,-8.2,17.82,-8.49,17.56,0.0,1.0,1.0,0.0007,create,medium_block
8_43,1953632,1,04:12.1,player_possession,,Z. Schreiber,Melbourne City,-9.39,16.94,-9.39,16.94,,,,,create,medium_block
7_97,1953632,1,04:12.1,passing_option,,S. Souprayen,Melbourne City,-19.96,24.48,-19.96,24.48,0.0,1.0,1.0,0.0001,create,medium_block
7_98,1953632,1,04:12.1,passing_option,,K. Trewin,Melbourne City,-18.83,-9.42,-18.83,-9.42,0.0,0.0,0.0,0.0003,create,medium_block
7_99,1953632,1,04:12.1,passing_option,,P. Beach,Melbourne City,-32.28,5.89,-32.28,5.89,0.0,0.0,0.0,0.0,create,medium_block
8_44,1953632,1,04:13.5,player_possession,,S. Souprayen,Melbourne City,-22.43,23.83,-22.56,19.42,,,,,create,medium_block
7_100,1953632,1,04:13.9,passing_option,,P. Beach,Melbourne City,-33.5,4.92,-31.97,2.67,0.0,1.0,1.0,0.0,create,medium_block
7_101,1953632,1,04:14.3,passing_option,,K. Trewin,Melbourne City,-20.9,-13.59,-21.76,-15.58,0.0,0.0,0.0,0.0,create,medium_block
8_45,1953632,1,04:17.3,player_possession,,P. Beach,Melbourne City,-27.42,-1.89,-24.05,-6.22,,,,,create,medium_block
7_102,1953632,1,04:17.3,passing_option,,K. Trewin,Melbourne City,-22.53,-17.88,-22.16,-19.58,0.0,1.0,1.0,0.0001,create,medium_block
7_103,1953632,1,04:18.8,passing_option,,C. Talbot,Melbourne City,-5.1,-33.8,-4.22,-34.24,0.0,0.0,0.0,0.0003,create,medium_block
7_104,1953632,1,04:19.2,passing_option,,Y. Cohen,Melbourne City,9.5,-32.13,9.58,-32.21,0.0,0.0,0.0,0.0021,create,medium_block
8_46,1953632,1,04:20.3,player_possession,,K. Trewin,Melbourne City,-20.56,-20.37,-15.09,-22.11,,,,,create,medium_block
7_105,1953632,1,04:20.3,passing_option,,C. Talbot,Melbourne City,-2.93,-34.76,-0.51,-35.04,0.0,0.0,0.0,0.0003,create,medium_block
7_106,1953632,1,04:22.6,passing_option,,P. Beach,Melbourne City,-23.02,-7.94,-22.97,-7.96,0.0,1.0,1.0,0.0,create,medium_block
7_107,1953632,1,04:22.8,passing_option,,S. Souprayen,Melbourne City,-24.38,10.12,-24.38,10.12,0.0,0.0,0.0,0.0,create,medium_block
8_47,1953632,1,04:24.3,player_possession,,P. Beach,Melbourne City,-23.67,-7.22,-25.17,-0.9,,,,,create,medium_block
7_108,1953632,1,04:24.3,passing_option,,K. Trewin,Melbourne City,-16.1,-22.01,-16.18,-21.97,0.0,0.0,0.0,0.0002,create,medium_block
7_109,1953632,1,04:24.3,passing_option,,S. Souprayen,Melbourne City,-24.94,10.86,-22.96,12.58,0.0,1.0,1.0,0.0001,create,medium_block
7_110,1953632,1,04:24.3,passing_option,,A. Behich,Melbourne City,-8.1,24.42,-6.37,26.49,0.0,0.0,0.0,0.0002,create,medium_block
7_111,1953632,1,04:24.8,passing_option,,H. Politidis,Melbourne City,10.18,27.9,10.67,25.82,0.0,0.0,0.0,0.0038,create,medium_block
8_48,1953632,1,04:27.9,player_possession,,S. Souprayen,Melbourne City,-20.9,13.32,-9.55,16.76,,,,,create,medium_block
7_112,1953632,1,04:27.9,passing_option,,A. Behich,Melbourne City,-5.37,27.51,-3.63,30.34,0.0,0.0,0.0,0.0003,create,medium_block
7_113,1953632,1,04:30.8,passing_option,,Z. Schreiber,Melbourne City,-2.75,5.27,-4.22,4.03,0.0,0.0,0.0,0.0013,create,medium_block
7_114,1953632,1,04:31.5,passing_option,,Y. Cohen,Melbourne City,12.25,-26.83,12.67,-27.0,0.0,0.0,0.0,0.0045,create,medium_block
7_115,1953632,1,04:31.5,passing_option,,K. Trewin,Melbourne City,-15.46,-8.87,-15.29,-8.54,0.0,1.0,1.0,0.0001,create,medium_block
8_49,1953632,1,04:33.5,player_possession,,K. Trewin,Melbourne City,-13.76,-6.9,-13.76,-6.9,,,,,create,medium_block
7_116,1953632,1,04:33.5,passing_option,,C. Talbot,Melbourne City,3.5,-30.6,3.5,-30.6,0.0,0.0,0.0,0.0008,create,medium_block
7_117,1953632,1,04:33.5,passing_option,,Z. Schreiber,Melbourne City,-6.21,0.32,-6.21,0.32,0.0,1.0,1.0,0.0005,create,medium_block
8_50,1953632,1,04:34.6,player_possession,,Z. Schreiber,Melbourne City,-7.68,-2.67,-1.86,-13.18,,,,,create,medium_block
7_118,1953632,1,04:34.6,passing_option,,K. Trewin,Melbourne City,-13.32,-8.13,-12.74,-10.92,0.0,0.0,0.0,0.0004,create,medium_block
7_119,1953632,1,04:34.6,passing_option,,C. Talbot,Melbourne City,3.23,-31.15,1.46,-32.09,0.0,1.0,1.0,0.0004,create,medium_block
7_120,1953632,1,04:36.5,passing_option,,Y. Cohen,Melbourne City,13.92,-33.92,15.13,-33.27,0.0,0.0,0.0,0.0054,create,medium_block
7_121,1953632,1,04:36.6,passing_option,,N. Atkinson,Melbourne City,11.61,-15.13,11.94,-17.29,0.0,0.0,0.0,0.0036,create,medium_block
8_51,1953632,1,04:38.3,player_possession,,C. Talbot,Melbourne City,2.03,-32.28,2.03,-32.28,,,,,create,medium_block
7_122,1953632,1,04:38.3,passing_option,,Y. Cohen,Melbourne City,15.52,-33.61,15.52,-33.61,0.0,0.0,0.0,0.0009,create,medium_block
7_123,1953632,1,04:38.3,passing_option,,K. Trewin,Melbourne City,-11.81,-18.88,-11.81,-18.88,0.0,1.0,1.0,0.0001,create,medium_block
7_124,1953632,1,04:38.3,passing_option,,N. Atkinson,Melbourne City,10.87,-20.81,10.87,-20.81,0.0,0.0,0.0,0.0012,create,medium_block
8_52,1953632,1,04:39.8,player_possession,,K. Trewin,Melbourne City,-15.37,-23.75,-15.97,-22.98,,,,,create,medium_block
7_125,1953632,1,04:39.8,passing_option,,P. Beach,Melbourne City,-26.48,-3.59,-26.82,-4.69,0.0,1.0,1.0,0.0,create,medium_block
7_126,1953632,1,04:40.7,passing_option,,S. Souprayen,Melbourne City,-14.61,7.19,-19.04,7.7,0.0,0.0,0.0,0.0002,create,medium_block
8_53,1953632,1,04:44.5,player_possession,,P. Beach,Melbourne City,-23.43,-0.16,-23.07,3.14,,,,,create,medium_block
7_127,1953632,1,04:44.5,passing_option,,A. Behich,Melbourne City,-5.3,29.7,-6.9,31.75,0.0,0.0,0.0,0.0004,create,medium_block
7_128,1953632,1,04:44.5,passing_option,,S. Souprayen,Melbourne City,-22.66,9.8,-23.02,10.55,0.0,0.0,0.0,0.0001,create,medium_block
7_129,1953632,1,04:46.5,passing_option,,K. Trewin,Melbourne City,-19.32,-17.89,-19.45,-17.16,0.0,1.0,1.0,0.0,create,medium_block
8_54,1953632,1,04:48.7,player_possession,,K. Trewin,Melbourne City,-18.98,-17.66,-9.09,-20.42,,,,,direct,defending_direct
7_130,1953632,1,04:48.7,passing_option,,P. Beach,Melbourne City,-24.78,-0.12,-24.95,-0.34,0.0,0.0,0.0,0.0,direct,defending_direct
7_131,1953632,1,04:48.7,passing_option,,C. Talbot,Melbourne City,2.21,-33.51,16.23,-32.23,0.0,0.0,0.0,0.0058,direct,defending_direct
1_20,1953632,1,04:49.0,off_ball_run,run_ahead_of_the_ball,C. Talbot,Melbourne City,3.33,-33.81,19.01,-28.42,0.0,0.0,0.0,0.0058,direct,defending_direct
7_132,1953632,1,04:49.2,passing_option,,Y. Cohen,Melbourne City,10.0,-31.73,10.06,-34.39,0.0,0.0,0.0,0.0021,direct,defending_direct
1_21,1953632,1,04:49.2,off_ball_run,behind,S. Ugarković,Melbourne City,1.96,8.69,20.07,-3.24,1.0,1.0,0.0,0.0316,direct,defending_direct
7_133,1953632,1,04:49.4,passing_option,,N. Atkinson,Melbourne City,7.31,-13.68,9.72,-17.83,0.0,0.0,0.0,0.0027,direct,defending_direct
7_134,1953632,1,04:49.9,passing_option,,M. Memeti,Melbourne City,9.27,0.07,6.26,-6.24,0.0,0.0,0.0,0.0029,direct,defending_direct
1_22,1953632,1,04:50.1,off_ball_run,coming_short,M. Memeti,Melbourne City,8.98,-0.69,5.6,-8.89,0.0,0.0,0.0,0.0029,direct,defending_direct
7_135,1953632,1,04:50.8,passing_option,,S. Ugarković,Melbourne City,10.16,3.38,13.22,1.12,1.0,1.0,0.0,0.0316,direct,defending_direct
8_55,1953632,1,04:55.3,player_possession,,D. Peraic-Cullen,CC Mariners,-47.59,15.08,-41.13,-2.66,,,,,direct,defending_direct
7_136,1953632,1,04:55.3,passing_option,,N. Paull,CC Mariners,-29.52,17.24,-34.26,18.06,0.0,0.0,0.0,0.0001,direct,defending_direct
7_137,1953632,1,04:55.6,passing_option,,A. Kuol,CC Mariners,-0.82,11.07,-1.14,10.49,0.0,0.0,0.0,0.0022,direct,defending_direct
7_138,1953632,1,04:57.4,passing_option,,B. Brandtman,CC Mariners,-7.43,-7.71,-9.99,-11.94,0.0,0.0,0.0,0.0005,direct,defending_direct
7_139,1953632,1,04:58.1,passing_option,,A. Kuol,CC Mariners,-1.46,8.88,-1.57,3.32,0.0,0.0,0.0,0.0022,direct,defending_direct
7_140,1953632,1,04:58.6,passing_option,,B. Kaltak,CC Mariners,-39.25,1.76,-38.93,-10.92,0.0,0.0,0.0,0.0001,direct,defending_direct
7_141,1953632,1,05:02.6,passing_option,,N. Paull,CC Mariners,-37.4,13.5,-37.53,12.0,0.0,0.0,0.0,0.0001,direct,defending_direct
7_142,1953632,1,05:03.6,passing_option,,T. Sainsbury,CC Mariners,-36.52,-14.98,-38.0,-18.15,0.0,0.0,0.0,0.0,direct,defending_direct
7_143,1953632,1,05:09.9,passing_option,,T. Sainsbury,CC Mariners,-35.47,-22.91,-35.55,-23.58,0.0,0.0,0.0,0.0,direct,defending_direct
7_144,1953632,1,05:10.2,passing_option,,A. Kuol,CC Mariners,-0.47,-0.32,0.54,-1.25,0.0,1.0,0.0,0.0022,direct,defending_direct
7_145,1953632,1,05:10.8,passing_option,,S. Roux,CC Mariners,-13.71,-31.62,-13.39,-31.69,0.0,0.0,0.0,0.0002,direct,defending_direct
8_56,1953632,1,05:14.8,player_possession,,S. Souprayen,Melbourne City,-16.33,14.11,-16.33,14.11,,,,,chaotic,chaotic
8_57,1953632,1,05:17.4,player_possession,,A. McCalmont,CC Mariners,-2.56,-17.26,-5.0,-14.76,,,,,create,medium_block
7_146,1953632,1,05:17.4,passing_option,,S. Roux,CC Mariners,-1.76,-17.63,-1.75,-17.56,0.0,0.0,0.0,0.0012,create,medium_block
7_147,1953632,1,05:17.4,passing_option,,B. Brandtman,CC Mariners,6.05,-18.25,4.46,-19.09,0.0,0.0,0.0,0.0019,create,medium_block
7_148,1953632,1,05:17.4,passing_option,,A. Kuol,CC Mariners,13.89,-14.65,13.07,-14.44,0.0,0.0,0.0,0.0052,create,medium_block
7_149,1953632,1,05:17.7,passing_option,,Mikael Doka,CC Mariners,6.27,-1.24,4.98,-2.22,0.0,0.0,0.0,0.0045,create,medium_block
7_150,1953632,1,05:17.8,passing_option,,H. Steele,CC Mariners,-5.9,-8.87,-5.65,-10.71,0.0,0.0,0.0,0.0018,create,medium_block
7_151,1953632,1,05:18.9,passing_option,,N. Paull,CC Mariners,-13.75,-3.2,-13.97,-3.45,0.0,1.0,1.0,0.0004,create,medium_block
1_23,1953632,1,05:20.2,off_ball_run,dropping_off,N. Smith,CC Mariners,-13.4,10.77,-17.1,13.22,0.0,1.0,1.0,0.0007,create,medium_block
8_58,1953632,1,05:20.4,player_possession,,N. Paull,CC Mariners,-16.61,-3.73,-16.87,-1.36,,,,,create,medium_block
7_152,1953632,1,05:20.4,passing_option,,N. Smith,CC Mariners,-14.14,11.22,-18.17,15.72,0.0,1.0,1.0,0.0007,create,medium_block
7_153,1953632,1,05:20.7,passing_option,,D. Peraic-Cullen,CC Mariners,-39.64,-1.88,-40.01,-1.63,0.0,0.0,0.0,0.0,create,medium_block
1_24,1953632,1,05:22.7,off_ball_run,coming_short,H. Steele,CC Mariners,-12.76,-0.34,-10.49,16.87,0.0,0.0,0.0,0.0016,create,medium_block
8_59,1953632,1,05:23.8,player_possession,,N. Smith,CC Mariners,-17.38,20.51,-10.3,27.1,,,,,create,medium_block
7_154,1953632,1,05:23.8,passing_option,,Mikael Doka,CC Mariners,3.61,8.87,-0.13,15.39,0.0,0.0,0.0,0.009,create,medium_block
7_155,1953632,1,05:25.1,passing_option,,H. Steele,CC Mariners,-10.63,12.0,-10.68,15.59,0.0,0.0,0.0,0.0016,create,medium_block
8_60,1953632,1,05:26.7,player_possession,,N. Atkinson,Melbourne City,8.79,-26.41,-6.33,-26.04,,,,,create,medium_block
7_156,1953632,1,05:26.7,passing_option,,C. Talbot,Melbourne City,-2.96,-20.78,-11.07,-24.87,0.0,1.0,1.0,0.0003,create,medium_block
7_157,1953632,1,05:28.1,passing_option,,K. Trewin,Melbourne City,-16.53,-16.88,-20.0,-20.07,0.0,0.0,0.0,0.0003,create,medium_block
7_158,1953632,1,05:29.4,passing_option,,Z. Schreiber,Melbourne City,-10.44,-19.56,-10.92,-19.6,0.0,0.0,0.0,0.0004,create,medium_block
8_61,1953632,1,05:30.2,player_possession,,C. Talbot,Melbourne City,-12.38,-25.62,-12.38,-25.62,,,,,create,medium_block
7_159,1953632,1,05:30.2,passing_option,,K. Trewin,Melbourne City,-21.0,-20.55,-21.0,-20.55,0.0,1.0,1.0,0.0001,create,medium_block
7_160,1953632,1,05:30.2,passing_option,,Z. Schreiber,Melbourne City,-12.1,-19.28,-12.1,-19.28,0.0,0.0,0.0,0.0003,create,medium_block
8_62,1953632,1,05:31.5,player_possession,,K. Trewin,Melbourne City,-21.91,-20.44,-21.91,-20.44,,,,,create,medium_block
7_161,1953632,1,05:31.5,passing_option,,S. Souprayen,Melbourne City,-24.78,2.0,-24.78,2.0,0.0,0.0,0.0,0.0,create,medium_block
7_162,1953632,1,05:31.5,passing_option,,Z. Schreiber,Melbourne City,-14.34,-16.43,-14.34,-16.43,0.0,1.0,1.0,0.0002,create,medium_block
8_63,1953632,1,05:32.4,player_possession,,Z. Schreiber,Melbourne City,-15.23,-15.12,-15.2,-7.5,,,,,create,medium_block
7_163,1953632,1,05:32.4,passing_option,,K. Trewin,Melbourne City,-21.59,-20.23,-21.29,-19.93,0.0,0.0,0.0,0.0001,create,medium_block
7_164,1953632,1,05:32.4,passing_option,,S. Souprayen,Melbourne City,-25.43,2.95,-23.86,5.64,0.0,1.0,1.0,0.0001,create,medium_block
7_165,1953632,1,05:34.0,passing_option,,A. Behich,Melbourne City,-14.94,19.57,-13.96,22.12,0.0,0.0,0.0,0.0002,create,medium_block
8_64,1953632,1,05:37.4,player_possession,,S. Souprayen,Melbourne City,-21.44,12.69,-17.18,16.79,,,,,create,medium_block
7_166,1953632,1,05:37.4,passing_option,,A. Behich,Melbourne City,-9.62,28.27,-7.02,30.43,0.0,0.0,0.0,0.0003,create,medium_block
7_167,1953632,1,05:38.4,passing_option,,S. Ugarković,Melbourne City,0.23,12.51,-1.67,14.43,0.0,1.0,1.0,0.0011,create,medium_block
8_65,1953632,1,05:40.1,player_possession,,S. Ugarković,Melbourne City,-4.34,15.09,-4.34,15.09,,,,,create,medium_block
7_168,1953632,1,05:40.1,passing_option,,S. Souprayen,Melbourne City,-16.63,17.98,-16.63,17.98,0.0,1.0,1.0,0.0003,create,medium_block
8_66,1953632,1,05:41.2,player_possession,,S. Souprayen,Melbourne City,-17.2,18.76,-4.01,20.22,,,,,create,medium_block
7_169,1953632,1,05:41.2,passing_option,,A. Behich,Melbourne City,-6.97,30.47,-5.65,29.67,0.0,1.0,1.0,0.0006,create,medium_block
7_170,1953632,1,05:42.9,passing_option,,Y. Cohen,Melbourne City,11.45,-25.76,11.33,-25.68,0.0,0.0,0.0,0.0049,create,medium_block
7_171,1953632,1,05:43.2,passing_option,,N. Atkinson,Melbourne City,5.37,2.05,4.72,4.37,0.0,0.0,0.0,0.0031,create,medium_block
7_172,1953632,1,05:44.9,passing_option,,S. Ugarković,Melbourne City,6.55,18.56,6.66,19.91,0.0,0.0,0.0,0.0023,create,medium_block
7_173,1953632,1,05:46.9,passing_option,,H. Politidis,Melbourne City,18.18,31.8,17.33,32.16,0.0,0.0,0.0,0.0018,create,medium_block
8_67,1953632,1,05:48.7,player_possession,,A. Behich,Melbourne City,-5.37,29.75,-5.55,30.25,,,,,direct,defending_direct
7_174,1953632,1,05:48.7,passing_option,,S. Souprayen,Melbourne City,-3.76,21.95,-4.26,22.82,0.0,0.0,0.0,0.0008,direct,defending_direct
7_175,1953632,1,05:48.9,passing_option,,S. Ugarković,Melbourne City,6.75,22.24,6.39,23.44,0.0,0.0,0.0,0.0026,direct,defending_direct
7_176,1953632,1,05:48.9,passing_option,,H. Politidis,Melbourne City,14.61,33.01,16.18,32.56,0.0,1.0,1.0,0.0106,direct,defending_direct
1_25,1953632,1,05:49.5,off_ball_run,behind,H. Politidis,Melbourne City,16.18,32.56,33.28,28.61,0.0,1.0,1.0,0.0106,direct,defending_direct
1_26,1953632,1,05:51.3,off_ball_run,cross_receiver,M. Memeti,Melbourne City,23.12,7.45,32.92,8.35,1.0,0.0,0.0,0.0634,direct,defending_direct
8_68,1953632,1,05:52.3,player_possession,,H. Politidis,Melbourne City,33.28,28.61,36.39,28.57,,,,,direct,defending_direct
7_177,1953632,1,05:52.3,passing_option,,M. Memeti,Melbourne City,28.32,7.72,32.02,8.07,1.0,0.0,0.0,0.0634,direct,defending_direct
8_69,1953632,1,05:53.3,player_possession,,S. Roux,CC Mariners,-35.28,-27.21,-33.55,-26.4,,,,,build_up,high_block
7_178,1953632,1,05:53.3,passing_option,,T. Sainsbury,CC Mariners,-37.0,-23.72,-39.95,-23.56,0.0,0.0,0.0,0.0001,build_up,high_block
7_179,1953632,1,05:53.4,passing_option,,A. McCalmont,CC Mariners,-18.76,-23.08,-23.66,-25.56,0.0,0.0,0.0,0.0002,build_up,high_block
7_180,1953632,1,05:53.6,passing_option,,H. Steele,CC Mariners,-20.03,-14.42,-25.07,-17.96,0.0,1.0,1.0,0.0002,build_up,high_block
7_181,1953632,1,05:54.3,passing_option,,B. Brandtman,CC Mariners,-6.13,-32.53,-9.86,-32.25,0.0,0.0,0.0,0.0005,build_up,high_block
8_70,1953632,1,05:55.8,player_possession,,H. Steele,CC Mariners,-26.47,-19.69,-27.18,-20.41,,,,,build_up,high_block
7_182,1953632,1,05:55.8,passing_option,,B. Brandtman,CC Mariners,-13.39,-32.09,-14.03,-32.16,0.0,0.0,0.0,0.0004,build_up,high_block
7_183,1953632,1,05:55.8,passing_option,,S. Roux,CC Mariners,-31.39,-26.19,-30.48,-26.39,0.0,0.0,0.0,0.0003,build_up,high_block
7_184,1953632,1,05:55.8,passing_option,,A. McCalmont,CC Mariners,-24.48,-28.28,-24.91,-29.72,0.0,0.0,0.0,0.0003,build_up,high_block
7_185,1953632,1,05:56.2,passing_option,,T. Sainsbury,CC Mariners,-39.7,-23.2,-39.58,-23.14,0.0,1.0,1.0,0.0001,build_up,high_block
8_71,1953632,1,05:57.5,player_possession,,T. Sainsbury,CC Mariners,-39.46,-23.52,-38.91,-25.04,,,,,build_up,high_block
7_186,1953632,1,05:57.5,passing_option,,A. Kuol,CC Mariners,-3.53,-18.42,-3.99,-17.85,0.0,0.0,0.0,0.002,build_up,high_block
7_187,1953632,1,05:57.5,passing_option,,S. Roux,CC Mariners,-30.18,-28.19,-29.75,-32.14,0.0,0.0,0.0,0.0002,build_up,high_block
7_188,1953632,1,05:58.7,passing_option,,H. Steele,CC Mariners,-31.63,-19.54,-33.93,-20.18,0.0,0.0,0.0,0.0002,build_up,high_block
7_189,1953632,1,05:59.7,passing_option,,D. Peraic-Cullen,CC Mariners,-50.83,-5.71,-51.0,-5.84,0.0,1.0,1.0,0.0,build_up,high_block
7_190,1953632,1,06:00.1,passing_option,,B. Kaltak,CC Mariners,-41.87,-14.02,-41.87,-14.02,0.0,0.0,0.0,0.0,build_up,high_block
8_72,1953632,1,06:02.0,player_possession,,D. Peraic-Cullen,CC Mariners,-50.97,-6.43,-50.82,-6.27,,,,,build_up,high_block
7_191,1953632,1,06:02.0,passing_option,,N. Paull,CC Mariners,-42.6,5.74,-43.33,6.82,0.0,0.0,0.0,0.0001,build_up,high_block
7_192,1953632,1,06:02.0,passing_option,,Mikael Doka,CC Mariners,-17.03,0.35,-18.95,0.46,0.0,0.0,0.0,0.0007,build_up,high_block
7_193,1953632,1,06:02.0,passing_option,,A. Kuol,CC Mariners,-5.64,-15.47,-6.35,-14.73,0.0,0.0,0.0,0.0014,build_up,high_block
7_194,1953632,1,06:02.3,passing_option,,B. Kaltak,CC Mariners,-45.64,-16.18,-46.18,-16.11,0.0,1.0,0.0,0.0002,build_up,high_block
8_73,1953632,1,06:25.3,player_possession,,S. Souprayen,Melbourne City,10.98,29.3,10.98,29.3,,,,,finish,low_block
7_195,1953632,1,06:25.3,passing_option,,K. Trewin,Melbourne City,2.41,16.27,2.41,16.27,0.0,1.0,1.0,0.0011,finish,low_block
7_196,1953632,1,06:25.3,passing_option,,C. Talbot,Melbourne City,6.94,-2.97,6.94,-2.97,0.0,0.0,0.0,0.0016,finish,low_block
1_27,1953632,1,06:25.4,off_ball_run,coming_short,Z. Schreiber,Melbourne City,27.0,25.25,16.28,18.17,0.0,0.0,0.0,0.0035,create,medium_block
1_28,1953632,1,06:26.3,off_ball_run,dropping_off,C. Talbot,Melbourne City,4.99,-4.01,1.13,-4.66,0.0,0.0,0.0,0.0007,create,medium_block
8_74,1953632,1,06:26.9,player_possession,,K. Trewin,Melbourne City,-0.35,14.21,-0.83,13.92,,,,,create,medium_block
7_197,1953632,1,06:26.9,passing_option,,S. Souprayen,Melbourne City,6.5,28.49,4.36,27.82,0.0,1.0,1.0,0.0008,create,medium_block
7_198,1953632,1,06:26.9,passing_option,,C. Talbot,Melbourne City,1.57,-4.58,-0.81,-5.57,0.0,0.0,0.0,0.0007,create,medium_block
7_199,1953632,1,06:27.7,passing_option,,Z. Schreiber,Melbourne City,18.11,19.44,17.74,19.15,0.0,0.0,0.0,0.0035,create,medium_block
8_75,1953632,1,06:28.9,player_possession,,S. Souprayen,Melbourne City,2.89,26.53,3.46,26.68,,,,,create,medium_block
7_200,1953632,1,06:28.9,passing_option,,A. Behich,Melbourne City,22.74,33.01,20.1,33.24,0.0,1.0,1.0,0.0017,create,medium_block
7_201,1953632,1,06:28.9,passing_option,,S. Ugarković,Melbourne City,18.56,19.63,16.65,20.69,0.0,0.0,0.0,0.003,create,medium_block
7_202,1953632,1,06:28.9,passing_option,,Z. Schreiber,Melbourne City,13.73,17.5,11.24,17.97,0.0,0.0,0.0,0.0024,create,medium_block
7_203,1953632,1,06:29.1,passing_option,,H. Politidis,Melbourne City,30.04,22.88,28.66,22.99,0.0,0.0,0.0,0.0058,create,medium_block
8_76,1953632,1,06:31.0,player_possession,,A. Behich,Melbourne City,18.71,33.25,16.91,30.08,,,,,finish,low_block
7_204,1953632,1,06:31.0,passing_option,,H. Politidis,Melbourne City,28.35,24.7,29.88,28.82,0.0,0.0,0.0,0.0065,finish,low_block
7_205,1953632,1,06:31.0,passing_option,,S. Ugarković,Melbourne City,17.84,23.64,22.59,25.72,0.0,0.0,0.0,0.0051,finish,low_block
7_206,1953632,1,06:31.7,passing_option,,Z. Schreiber,Melbourne City,11.7,19.57,13.6,20.51,0.0,0.0,0.0,0.0039,finish,low_block
7_207,1953632,1,06:32.2,passing_option,,S. Souprayen,Melbourne City,4.31,27.63,3.58,28.33,0.0,1.0,1.0,0.0007,finish,low_block
8_77,1953632,1,06:34.3,player_possession,,S. Souprayen,Melbourne City,1.78,27.87,1.73,25.6,,,,,create,medium_block
7_208,1953632,1,06:34.3,passing_option,,K. Trewin,Melbourne City,-1.44,8.33,-3.23,4.69,0.0,1.0,1.0,0.0009,create,medium_block
7_209,1953632,1,06:35.3,passing_option,,Y. Cohen,Melbourne City,26.66,-23.2,26.51,-23.32,0.0,0.0,0.0,0.0059,create,medium_block
8_78,1953632,1,06:37.4,player_possession,,K. Trewin,Melbourne City,-3.49,-0.62,4.57,-8.19,,,,,create,medium_block
7_210,1953632,1,06:37.4,passing_option,,Y. Cohen,Melbourne City,21.83,-27.2,13.98,-31.11,0.0,0.0,0.0,0.0019,create,medium_block
7_211,1953632,1,06:37.4,passing_option,,C. Talbot,Melbourne City,-1.25,-15.47,0.54,-22.79,0.0,0.0,0.0,0.0005,create,medium_block
1_29,1953632,1,06:38.1,off_ball_run,run_ahead_of_the_ball,S. Ugarković,Melbourne City,18.63,10.69,19.42,6.08,0.0,0.0,0.0,0.0105,create,medium_block
7_212,1953632,1,06:39.8,passing_option,,S. Ugarković,Melbourne City,19.84,3.77,20.08,2.77,0.0,0.0,0.0,0.0105,create,medium_block
7_213,1953632,1,06:39.9,passing_option,,N. Atkinson,Melbourne City,19.04,-15.59,19.18,-16.14,0.0,1.0,1.0,0.0046,create,medium_block
8_79,1953632,1,06:41.1,player_possession,,N. Atkinson,Melbourne City,19.89,-18.63,20.53,-19.31,,,,,finish,low_block
7_214,1953632,1,06:41.1,passing_option,,C. Talbot,Melbourne City,2.12,-24.43,2.33,-24.55,0.0,0.0,0.0,0.0005,finish,low_block
7_215,1953632,1,06:41.1,passing_option,,Y. Cohen,Melbourne City,13.78,-31.75,14.47,-31.98,0.0,0.0,0.0,0.0019,finish,low_block
8_80,1953632,1,06:43.2,player_possession,,N. Smith,CC Mariners,-29.16,20.15,-29.16,20.15,,,,,build_up,high_block
8_81,1953632,1,06:45.3,player_possession,,B. Kaltak,CC Mariners,-32.24,10.92,-32.24,10.92,,,,,build_up,high_block
7_216,1953632,1,06:45.3,passing_option,,N. Smith,CC Mariners,-35.74,17.8,-35.74,17.8,0.0,1.0,1.0,0.0002,build_up,high_block
7_217,1953632,1,06:45.3,passing_option,,H. Steele,CC Mariners,-26.99,13.77,-26.99,13.77,0.0,0.0,0.0,0.0004,build_up,high_block
8_82,1953632,1,06:46.6,player_possession,,N. Smith,CC Mariners,-36.93,19.97,-37.16,25.55,,,,,build_up,high_block
7_218,1953632,1,06:46.6,passing_option,,N. Paull,CC Mariners,-30.93,19.63,-30.93,19.63,0.0,0.0,0.0,0.0002,build_up,high_block
7_219,1953632,1,06:46.6,passing_option,,Mikael Doka,CC Mariners,-14.52,22.61,-12.63,19.32,0.0,1.0,0.0,0.0035,build_up,high_block
7_220,1953632,1,06:47.5,passing_option,,A. Kuol,CC Mariners,-4.75,10.12,-4.09,10.67,0.0,0.0,0.0,0.0051,build_up,high_block
8_83,1953632,1,06:50.1,player_possession,,C. Talbot,Melbourne City,13.31,-26.14,13.31,-26.14,,,,,quick_break,defending_quick_break
7_221,1953632,1,06:50.1,passing_option,,Y. Cohen,Melbourne City,32.84,-30.62,32.84,-30.62,0.0,0.0,0.0,0.0029,quick_break,defending_quick_break
7_222,1953632,1,06:50.1,passing_option,,N. Atkinson,Melbourne City,21.99,-27.55,21.99,-27.55,0.0,1.0,1.0,0.0015,quick_break,defending_quick_break
7_223,1953632,1,06:50.1,passing_option,,Z. Schreiber,Melbourne City,14.3,-19.65,14.3,-19.65,0.0,0.0,0.0,0.0024,quick_break,defending_quick_break
1_30,1953632,1,06:50.4,off_ball_run,overlap,C. Talbot,Melbourne City,14.29,-26.79,39.7,-22.35,0.0,0.0,0.0,0.0179,quick_break,defending_quick_break
8_84,1953632,1,06:50.9,player_possession,,N. Atkinson,Melbourne City,20.35,-29.07,32.59,-26.11,,,,,quick_break,defending_quick_break
7_224,1953632,1,06:50.9,passing_option,,Z. Schreiber,Melbourne City,14.26,-18.73,16.56,-18.94,0.0,0.0,0.0,0.0047,quick_break,defending_quick_break
7_225,1953632,1,06:50.9,passing_option,,Y. Cohen,Melbourne City,30.4,-31.93,30.55,-34.4,0.0,0.0,0.0,0.0042,quick_break,defending_quick_break
7_226,1953632,1,06:50.9,passing_option,,C. Talbot,Melbourne City,16.3,-28.09,35.32,-24.88,0.0,0.0,0.0,0.0179,quick_break,defending_quick_break
7_227,1953632,1,06:51.3,passing_option,,M. Memeti,Melbourne City,27.79,-18.1,32.1,-18.62,1.0,0.0,0.0,0.0292,quick_break,defending_quick_break
1_31,1953632,1,06:53.4,off_ball_run,run_ahead_of_the_ball,M. Memeti,Melbourne City,29.32,-19.35,34.8,-18.05,1.0,0.0,0.0,0.0292,quick_break,defending_quick_break
1_32,1953632,1,06:56.7,off_ball_run,coming_short,C. Talbot,Melbourne City,37.84,-20.65,34.67,-22.08,0.0,1.0,1.0,0.0039,quick_break,defending_quick_break
8_85,1953632,1,06:57.0,player_possession,,Y. Cohen,Melbourne City,31.15,-30.55,30.86,-30.05,,,,,quick_break,defending_quick_break
7_228,1953632,1,06:57.0,passing_option,,C. Talbot,Melbourne City,36.6,-21.05,33.5,-22.91,0.0,1.0,1.0,0.0039,quick_break,defending_quick_break
7_229,1953632,1,06:57.0,passing_option,,Z. Schreiber,Melbourne City,21.87,-22.51,20.37,-23.47,0.0,0.0,0.0,0.0024,quick_break,defending_quick_break
7_230,1953632,1,06:57.3,passing_option,,N. Atkinson,Melbourne City,37.31,-22.98,35.49,-23.47,0.0,0.0,0.0,0.0053,quick_break,defending_quick_break
7_231,1953632,1,06:57.7,passing_option,,M. Memeti,Melbourne City,34.91,-21.94,34.19,-22.36,0.0,0.0,0.0,0.0037,quick_break,defending_quick_break
8_86,1953632,1,06:58.7,player_possession,,C. Talbot,Melbourne City,31.98,-24.43,31.98,-24.43,,,,,quick_break,defending_quick_break
7_232,1953632,1,06:58.7,passing_option,,Y. Cohen,Melbourne City,32.36,-30.25,32.36,-30.25,0.0,1.0,1.0,0.0058,quick_break,defending_quick_break
7_233,1953632,1,06:58.7,passing_option,,N. Atkinson,Melbourne City,35.29,-24.95,35.29,-24.95,0.0,0.0,0.0,0.0083,quick_break,defending_quick_break
7_234,1953632,1,06:58.7,passing_option,,M. Memeti,Melbourne City,31.9,-24.17,31.9,-24.17,0.0,0.0,0.0,0.0033,quick_break,defending_quick_break
1_33,1953632,1,06:59.0,off_ball_run,overlap,Y. Cohen,Melbourne City,33.48,-30.44,39.21,-31.53,0.0,1.0,1.0,0.0058,quick_break,defending_quick_break
8_87,1953632,1,07:00.3,player_possession,,Y. Cohen,Melbourne City,39.58,-31.65,39.58,-31.65,,,,,quick_break,defending_quick_break
7_235,1953632,1,07:00.3,passing_option,,N. Atkinson,Melbourne City,38.48,-25.22,38.48,-25.22,0.0,1.0,0.0,0.0098,quick_break,defending_quick_break
8_88,1953632,1,07:21.6,player_possession,,K. Trewin,Melbourne City,17.7,-31.49,15.43,-29.98,,,,,finish,low_block
7_236,1953632,1,07:21.6,passing_option,,S. Souprayen,Melbourne City,10.45,-12.92,6.68,-13.46,0.0,1.0,1.0,0.0014,finish,low_block
1_34,1953632,1,07:22.9,off_ball_run,dropping_off,A. Behich,Melbourne City,19.18,3.57,7.9,13.07,0.0,1.0,1.0,0.0011,create,medium_block
8_89,1953632,1,07:24.6,player_possession,,S. Souprayen,Melbourne City,2.61,-13.84,2.66,-6.74,,,,,create,medium_block
7_237,1953632,1,07:24.6,passing_option,,K. Trewin,Melbourne City,9.51,-28.39,6.95,-27.38,0.0,0.0,0.0,0.0008,create,medium_block
7_238,1953632,1,07:24.6,passing_option,,A. Behich,Melbourne City,10.77,8.44,7.53,19.01,0.0,1.0,1.0,0.0011,create,medium_block
1_35,1953632,1,07:27.4,off_ball_run,dropping_off,S. Souprayen,Melbourne City,2.59,-6.29,-2.8,9.86,0.0,0.0,0.0,0.0009,finish,low_block
8_90,1953632,1,07:29.6,player_possession,,A. Behich,Melbourne City,9.32,26.56,9.25,16.68,,,,,finish,low_block
7_239,1953632,1,07:29.6,passing_option,,H. Politidis,Melbourne City,25.79,28.03,25.89,28.82,0.0,0.0,0.0,0.0046,finish,low_block
7_240,1953632,1,07:29.7,passing_option,,S. Souprayen,Melbourne City,-0.32,3.2,-3.33,12.77,0.0,0.0,0.0,0.0009,finish,low_block
7_241,1953632,1,07:31.3,passing_option,,K. Trewin,Melbourne City,0.71,-10.96,1.02,-9.11,0.0,1.0,1.0,0.0009,finish,low_block
8_91,1953632,1,07:34.0,player_possession,,K. Trewin,Melbourne City,0.84,-6.46,3.61,-10.88,,,,,create,medium_block
7_242,1953632,1,07:34.0,passing_option,,C. Talbot,Melbourne City,5.9,-24.06,4.95,-24.01,0.0,1.0,1.0,0.0005,create,medium_block
7_243,1953632,1,07:34.8,passing_option,,S. Souprayen,Melbourne City,-0.89,12.06,-0.7,11.55,0.0,0.0,0.0,0.0009,create,medium_block
8_92,1953632,1,07:38.4,player_possession,,C. Talbot,Melbourne City,4.84,-23.89,5.21,-23.59,,,,,create,medium_block
7_244,1953632,1,07:38.4,passing_option,,K. Trewin,Melbourne City,0.49,-15.14,-1.79,-16.73,0.0,0.0,0.0,0.0005,create,medium_block
7_245,1953632,1,07:38.5,passing_option,,N. Atkinson,Melbourne City,22.63,-17.52,21.35,-17.78,0.0,0.0,0.0,0.0031,create,medium_block
7_246,1953632,1,07:39.0,passing_option,,P. Beach,Melbourne City,-19.5,0.67,-19.33,0.67,0.0,1.0,1.0,0.0,create,medium_block
8_93,1953632,1,07:42.9,player_possession,,P. Beach,Melbourne City,-15.68,5.84,-13.73,5.73,,,,,create,medium_block
7_247,1953632,1,07:42.9,passing_option,,S. Ugarković,Melbourne City,6.47,24.37,4.99,26.89,0.0,0.0,0.0,0.0008,create,medium_block
7_248,1953632,1,07:42.9,passing_option,,S. Souprayen,Melbourne City,-11.22,10.52,-12.98,11.27,0.0,0.0,0.0,0.0003,create,medium_block
7_249,1953632,1,07:43.1,passing_option,,A. Behich,Melbourne City,5.39,5.47,0.1,7.43,0.0,0.0,0.0,0.0014,create,medium_block
7_250,1953632,1,07:44.6,passing_option,,K. Trewin,Melbourne City,-11.29,-9.91,-11.72,-9.52,0.0,1.0,1.0,0.0002,create,medium_block
7_251,1953632,1,07:45.1,passing_option,,C. Talbot,Melbourne City,-1.89,-26.18,-2.29,-26.15,0.0,0.0,0.0,0.0004,create,medium_block
8_94,1953632,1,07:46.7,player_possession,,K. Trewin,Melbourne City,-12.56,-9.32,-12.16,-9.22,,,,,create,medium_block
7_252,1953632,1,07:46.7,passing_option,,C. Talbot,Melbourne City,-4.51,-26.61,-6.47,-26.44,0.0,0.0,0.0,0.0001,create,medium_block
7_253,1953632,1,07:46.7,passing_option,,P. Beach,Melbourne City,-15.98,3.15,-19.32,0.42,0.0,0.0,0.0,0.0001,create,medium_block
7_254,1953632,1,07:47.3,passing_option,,S. Souprayen,Melbourne City,-13.12,10.41,-14.15,8.81,0.0,0.0,0.0,0.0002,create,medium_block
7_255,1953632,1,07:50.3,passing_option,,C. Talbot,Melbourne City,-7.12,-25.78,-7.63,-26.0,0.0,1.0,1.0,0.0001,create,medium_block
7_256,1953632,1,07:50.3,passing_option,,Z. Schreiber,Melbourne City,-2.05,-8.08,-3.75,-10.18,0.0,0.0,0.0,0.0011,create,medium_block
8_95,1953632,1,07:52.8,player_possession,,C. Talbot,Melbourne City,-7.59,-26.13,-7.26,-26.8,,,,,create,medium_block
7_257,1953632,1,07:52.8,passing_option,,Y. Cohen,Melbourne City,12.04,-31.99,11.56,-32.34,0.0,0.0,0.0,0.0009,create,medium_block
7_258,1953632,1,07:52.8,passing_option,,K. Trewin,Melbourne City,-14.01,-11.78,-16.95,-15.25,0.0,1.0,1.0,0.0001,create,medium_block
7_259,1953632,1,07:53.5,passing_option,,Z. Schreiber,Melbourne City,-3.39,-15.11,-3.96,-16.52,0.0,0.0,0.0,0.0007,create,medium_block
8_96,1953632,1,07:55.4,player_possession,,K. Trewin,Melbourne City,-18.49,-16.67,-18.84,-15.59,,,,,create,medium_block
7_260,1953632,1,07:55.4,passing_option,,S. Souprayen,Melbourne City,-17.93,9.66,-19.33,9.99,0.0,1.0,1.0,0.0001,create,medium_block
7_261,1953632,1,07:55.4,passing_option,,P. Beach,Melbourne City,-31.98,-3.58,-33.01,-3.42,0.0,0.0,0.0,0.0,create,medium_block
8_97,1953632,1,07:58.7,player_possession,,S. Souprayen,Melbourne City,-23.18,11.86,-23.05,12.02,,,,,create,medium_block
7_262,1953632,1,07:58.7,passing_option,,S. Ugarković,Melbourne City,-6.55,25.96,-8.87,26.3,0.0,1.0,1.0,0.0006,create,medium_block
1_36,1953632,1,07:59.4,off_ball_run,coming_short,A. Behich,Melbourne City,-12.72,8.43,-13.38,16.09,0.0,1.0,1.0,0.0012,create,medium_block
8_98,1953632,1,08:00.5,player_possession,,S. Ugarković,Melbourne City,-13.11,23.56,-13.11,23.56,,,,,create,medium_block
7_263,1953632,1,08:00.5,passing_option,,A. Behich,Melbourne City,-13.36,13.8,-13.36,13.8,0.0,1.0,1.0,0.0012,create,medium_block
1_37,1953632,1,08:00.6,off_ball_run,coming_short,H. Politidis,Melbourne City,1.95,22.42,-2.55,23.92,0.0,0.0,0.0,0.0013,create,medium_block
8_99,1953632,1,08:01.3,player_possession,,A. Behich,Melbourne City,-13.56,17.12,-13.56,17.12,,,,,create,medium_block
7_264,1953632,1,08:01.3,passing_option,,S. Souprayen,Melbourne City,-23.59,13.1,-23.59,13.1,0.0,0.0,0.0,0.0004,create,medium_block
7_265,1953632,1,08:01.3,passing_option,,S. Ugarković,Melbourne City,-15.61,22.45,-15.61,22.45,0.0,1.0,0.0,0.0006,create,medium_block
7_266,1953632,1,08:01.3,passing_option,,H. Politidis,Melbourne City,-1.28,23.53,-1.28,23.53,0.0,0.0,0.0,0.0013,create,medium_block
8_100,1953632,1,08:03.6,player_possession,,A. Behich,Melbourne City,-16.17,18.13,-16.17,18.13,,,,,create,medium_block
7_267,1953632,1,08:03.6,passing_option,,S. Souprayen,Melbourne City,-24.36,13.12,-24.36,13.12,0.0,1.0,1.0,0.0004,create,medium_block
7_268,1953632,1,08:03.6,passing_option,,S. Ugarković,Melbourne City,-19.15,19.3,-19.15,19.3,0.0,0.0,0.0,0.0011,create,medium_block
7_269,1953632,1,08:03.6,passing_option,,Z. Schreiber,Melbourne City,-16.81,4.71,-16.81,4.71,0.0,0.0,0.0,0.0009,create,medium_block
8_101,1953632,1,08:04.5,player_possession,,S. Souprayen,Melbourne City,-25.43,12.57,-26.05,11.05,,,,,build_up,high_block
7_270,1953632,1,08:04.5,passing_option,,N. Atkinson,Melbourne City,4.34,-8.24,1.33,-7.09,0.0,0.0,0.0,0.003,build_up,high_block
7_271,1953632,1,08:04.5,passing_option,,Z. Schreiber,Melbourne City,-18.68,5.11,-20.24,4.24,0.0,0.0,0.0,0.0008,build_up,high_block
7_272,1953632,1,08:04.8,passing_option,,K. Trewin,Melbourne City,-28.27,-0.53,-29.08,-2.01,0.0,1.0,1.0,0.0002,build_up,high_block
8_102,1953632,1,08:06.8,player_possession,,K. Trewin,Melbourne City,-30.1,-6.22,-24.86,-14.13,,,,,build_up,high_block
7_273,1953632,1,08:06.8,passing_option,,C. Talbot,Melbourne City,-27.44,-18.92,-25.95,-27.32,0.0,1.0,1.0,0.0001,build_up,high_block
7_274,1953632,1,08:06.8,passing_option,,N. Atkinson,Melbourne City,-2.92,-6.92,-7.25,-14.9,0.0,0.0,0.0,0.0009,build_up,high_block
1_38,1953632,1,08:08.3,off_ball_run,pulling_half_space,N. Atkinson,Melbourne City,-5.91,-9.32,-7.11,-14.53,0.0,0.0,0.0,0.0009,build_up,high_block
7_275,1953632,1,08:09.2,passing_option,,Y. Cohen,Melbourne City,-2.21,-34.02,-2.81,-34.37,0.0,0.0,0.0,0.0004,build_up,high_block
1_39,1953632,1,08:10.1,off_ball_run,coming_short,Z. Schreiber,Melbourne City,-17.17,-7.79,-20.82,-15.74,0.0,1.0,1.0,0.0003,build_up,high_block
1_40,1953632,1,08:10.8,off_ball_run,dropping_off,K. Trewin,Melbourne City,-27.47,-16.89,-30.11,-18.42,0.0,0.0,0.0,0.0001,build_up,high_block
8_103,1953632,1,08:10.9,player_possession,,C. Talbot,Melbourne City,-24.64,-28.35,-24.6,-28.63,,,,,build_up,high_block
7_276,1953632,1,08:10.9,passing_option,,K. Trewin,Melbourne City,-27.85,-17.09,-30.11,-18.42,0.0,0.0,0.0,0.0001,build_up,high_block
7_277,1953632,1,08:10.9,passing_option,,Z. Schreiber,Melbourne City,-18.02,-11.35,-19.46,-13.9,0.0,1.0,1.0,0.0003,build_up,high_block
8_104,1953632,1,08:12.3,player_possession,,Z. Schreiber,Melbourne City,-21.57,-16.57,-21.57,-16.57,,,,,build_up,high_block
7_278,1953632,1,08:12.3,passing_option,,Y. Cohen,Melbourne City,-7.39,-34.5,-7.39,-34.5,0.0,1.0,0.0,0.0004,build_up,high_block
7_279,1953632,1,08:12.3,passing_option,,K. Trewin,Melbourne City,-32.27,-20.3,-32.27,-20.3,0.0,0.0,0.0,0.0001,build_up,high_block
7_280,1953632,1,08:12.3,passing_option,,C. Talbot,Melbourne City,-24.41,-29.22,-24.41,-29.22,0.0,0.0,0.0,0.0001,build_up,high_block
7_281,1953632,1,08:12.3,passing_option,,P. Beach,Melbourne City,-45.9,-4.63,-45.9,-4.63,0.0,0.0,0.0,0.0,build_up,high_block
8_105,1953632,1,08:27.4,player_possession,,N. Paull,CC Mariners,-18.14,26.3,-19.14,23.29,,,,,create,medium_block
7_282,1953632,1,08:27.4,passing_option,,B. Kaltak,CC Mariners,-19.1,13.3,-22.14,11.84,0.0,1.0,1.0,0.0002,create,medium_block
7_283,1953632,1,08:27.6,passing_option,,S. Roux,CC Mariners,2.96,-22.69,2.97,-23.95,0.0,0.0,0.0,0.0013,create,medium_block
8_106,1953632,1,08:30.1,player_possession,,B. Kaltak,CC Mariners,-24.52,9.67,-24.52,6.05,,,,,direct,defending_direct
7_284,1953632,1,08:30.1,passing_option,,T. Sainsbury,CC Mariners,-21.05,-11.62,-26.43,-9.11,0.0,0.0,0.0,0.0003,direct,defending_direct
7_285,1953632,1,08:30.1,passing_option,,S. Roux,CC Mariners,3.34,-25.26,5.95,-21.93,0.0,1.0,1.0,0.0073,direct,defending_direct
1_41,1953632,1,08:30.1,off_ball_run,dropping_off,T. Sainsbury,CC Mariners,-21.05,-11.62,-26.43,-9.11,0.0,0.0,0.0,0.0003,direct,defending_direct
7_286,1953632,1,08:30.4,passing_option,,B. Brandtman,CC Mariners,0.93,-8.11,-0.69,-10.74,0.0,0.0,0.0,0.0016,direct,defending_direct
1_42,1953632,1,08:31.0,off_ball_run,behind,S. Roux,CC Mariners,4.7,-23.47,16.9,-15.28,0.0,1.0,1.0,0.0073,direct,defending_direct
8_107,1953632,1,08:38.3,player_possession,,P. Beach,Melbourne City,-42.43,16.63,-41.02,10.81,,,,,create,medium_block
8_108,1953632,1,08:42.1,player_possession,,K. Trewin,Melbourne City,-35.38,-11.27,-34.21,-10.97,,,,,create,medium_block
7_287,1953632,1,08:42.1,passing_option,,C. Talbot,Melbourne City,-26.16,-25.89,-24.23,-29.21,0.0,0.0,0.0,0.0001,create,medium_block
7_288,1953632,1,08:42.1,passing_option,,P. Beach,Melbourne City,-42.91,4.56,-42.12,-0.12,0.0,0.0,0.0,0.0,create,medium_block
7_289,1953632,1,08:43.5,passing_option,,S. Souprayen,Melbourne City,-37.3,14.79,-36.19,13.63,0.0,1.0,1.0,0.0,create,medium_block
8_109,1953632,1,08:45.9,player_possession,,S. Souprayen,Melbourne City,-33.35,12.89,-32.18,13.13,,,,,create,medium_block
7_290,1953632,1,08:45.9,passing_option,,A. Behich,Melbourne City,-24.51,29.14,-24.35,28.28,0.0,0.0,0.0,0.0002,create,medium_block
7_291,1953632,1,08:46.4,passing_option,,Z. Schreiber,Melbourne City,-19.44,4.57,-19.29,5.01,0.0,1.0,1.0,0.0005,create,medium_block
8_110,1953632,1,08:47.6,player_possession,,Z. Schreiber,Melbourne City,-18.56,7.77,-18.13,10.23,,,,,create,medium_block
7_292,1953632,1,08:47.6,passing_option,,S. Ugarković,Melbourne City,-4.54,14.82,-4.25,15.67,0.0,0.0,0.0,0.0011,create,medium_block
7_293,1953632,1,08:47.6,passing_option,,S. Souprayen,Melbourne City,-31.09,14.06,-30.08,15.08,0.0,0.0,0.0,0.0001,create,medium_block
7_294,1953632,1,08:47.6,passing_option,,A. Behich,Melbourne City,-23.57,26.52,-21.99,25.72,0.0,1.0,1.0,0.0004,create,medium_block
8_111,1953632,1,08:50.1,player_possession,,A. Behich,Melbourne City,-19.34,25.87,-18.24,25.92,,,,,create,medium_block
7_295,1953632,1,08:50.1,passing_option,,S. Ugarković,Melbourne City,-3.72,19.55,-4.37,23.29,0.0,1.0,1.0,0.001,create,medium_block
8_112,1953632,1,08:52.3,player_possession,,S. Ugarković,Melbourne City,-6.23,27.25,-8.53,29.52,,,,,create,medium_block
7_296,1953632,1,08:52.3,passing_option,,S. Souprayen,Melbourne City,-25.73,17.32,-25.57,17.45,0.0,1.0,1.0,0.0001,create,medium_block
7_297,1953632,1,08:52.3,passing_option,,A. Behich,Melbourne City,-17.68,26.25,-18.18,27.17,0.0,0.0,0.0,0.0003,create,medium_block
8_113,1953632,1,08:54.9,player_possession,,S. Souprayen,Melbourne City,-26.07,17.91,-24.61,15.26,,,,,create,medium_block
7_298,1953632,1,08:54.9,passing_option,,K. Trewin,Melbourne City,-24.18,-7.52,-25.41,-7.74,0.0,0.0,0.0,0.0,create,medium_block
7_299,1953632,1,08:54.9,passing_option,,P. Beach,Melbourne City,-33.18,1.24,-32.63,0.67,0.0,1.0,1.0,0.0,create,medium_block
8_114,1953632,1,08:58.9,player_possession,,P. Beach,Melbourne City,-28.44,-7.76,-26.19,-10.47,,,,,create,medium_block
7_300,1953632,1,08:58.9,passing_option,,C. Talbot,Melbourne City,-17.3,-28.62,-16.55,-29.96,0.0,0.0,0.0,0.0001,create,medium_block
7_301,1953632,1,08:59.8,passing_option,,K. Trewin,Melbourne City,-24.17,-14.81,-24.0,-15.06,0.0,1.0,1.0,0.0,create,medium_block
8_115,1953632,1,09:00.6,player_possession,,K. Trewin,Melbourne City,-23.7,-15.3,-12.69,-15.81,,,,,create,medium_block
7_302,1953632,1,09:00.6,passing_option,,C. Talbot,Melbourne City,-16.1,-30.47,-15.75,-30.8,0.0,0.0,0.0,0.0006,create,medium_block
7_303,1953632,1,09:00.8,passing_option,,S. Souprayen,Melbourne City,-23.42,9.14,-24.27,9.05,0.0,0.0,0.0,0.0,create,medium_block
7_304,1953632,1,09:00.9,passing_option,,P. Beach,Melbourne City,-25.92,-9.74,-28.45,-4.27,0.0,0.0,0.0,0.0,create,medium_block
7_305,1953632,1,09:03.9,passing_option,,C. Talbot,Melbourne City,-14.1,-31.21,-8.76,-32.28,0.0,1.0,1.0,0.0006,create,medium_block
7_306,1953632,1,09:04.0,passing_option,,M. Memeti,Melbourne City,6.3,-0.26,4.89,-3.07,0.0,0.0,0.0,0.0038,create,medium_block
7_307,1953632,1,09:04.1,passing_option,,N. Atkinson,Melbourne City,-2.02,-14.03,-1.09,-15.09,0.0,0.0,0.0,0.0016,create,medium_block
1_43,1953632,1,09:04.5,off_ball_run,run_ahead_of_the_ball,C. Talbot,Melbourne City,-12.09,-31.61,0.76,-30.92,0.0,1.0,1.0,0.0006,create,medium_block
7_308,1953632,1,09:05.0,passing_option,,Y. Cohen,Melbourne City,8.32,-32.24,8.99,-31.93,0.0,0.0,0.0,0.002,create,medium_block
1_44,1953632,1,09:05.9,off_ball_run,run_ahead_of_the_ball,N. Atkinson,Melbourne City,1.1,-17.71,6.16,-21.17,0.0,1.0,0.0,0.0039,create,medium_block
8_116,1953632,1,09:07.0,player_possession,,C. Talbot,Melbourne City,0.76,-30.92,0.76,-30.92,,,,,create,medium_block
7_309,1953632,1,09:07.0,passing_option,,N. Atkinson,Melbourne City,5.71,-20.85,5.71,-20.85,0.0,1.0,0.0,0.0039,create,medium_block
8_117,1953632,1,09:07.2,player_possession,,Mikael Doka,CC Mariners,-2.51,29.21,-5.45,30.89,,,,,chaotic,chaotic
8_118,1953632,1,09:19.3,player_possession,,K. Trewin,Melbourne City,-9.04,-28.04,-10.66,-26.93,,,,,create,medium_block
7_310,1953632,1,09:19.3,passing_option,,P. Beach,Melbourne City,-22.28,-9.12,-22.19,-9.96,0.0,1.0,1.0,0.0001,create,medium_block
8_119,1953632,1,09:21.9,player_possession,,P. Beach,Melbourne City,-22.21,-9.48,-23.18,-7.4,,,,,create,medium_block
7_311,1953632,1,09:21.9,passing_option,,S. Souprayen,Melbourne City,-15.61,5.01,-19.04,6.52,0.0,1.0,1.0,0.0001,create,medium_block
8_120,1953632,1,09:24.1,player_possession,,S. Souprayen,Melbourne City,-20.34,7.58,-7.69,11.01,,,,,create,medium_block
7_312,1953632,1,09:24.1,passing_option,,A. Behich,Melbourne City,-2.9,18.72,-1.27,24.44,0.0,0.0,0.0,0.0005,create,medium_block
7_313,1953632,1,09:27.1,passing_option,,K. Trewin,Melbourne City,-14.86,-15.24,-12.29,-10.26,0.0,1.0,1.0,0.0001,create,medium_block
7_314,1953632,1,09:28.2,passing_option,,S. Ugarković,Melbourne City,8.67,16.6,8.53,16.25,0.0,0.0,0.0,0.0031,create,medium_block
8_121,1953632,1,09:30.9,player_possession,,K. Trewin,Melbourne City,-11.11,-9.87,-8.64,-12.64,,,,,create,medium_block
7_315,1953632,1,09:30.9,passing_option,,Y. Cohen,Melbourne City,13.76,-31.63,12.72,-33.26,0.0,1.0,1.0,0.0022,create,medium_block
7_316,1953632,1,09:30.9,passing_option,,C. Talbot,Melbourne City,-3.07,-28.69,-2.58,-29.61,0.0,0.0,0.0,0.0002,create,medium_block
1_45,1953632,1,09:33.3,off_ball_run,run_ahead_of_the_ball,N. Atkinson,Melbourne City,18.27,-10.07,33.2,-9.76,1.0,0.0,0.0,0.0292,finish,low_block
8_122,1953632,1,09:34.2,player_possession,,Y. Cohen,Melbourne City,17.54,-33.5,27.85,-29.21,,,,,finish,low_block
7_317,1953632,1,09:34.2,passing_option,,C. Talbot,Melbourne City,2.69,-29.75,2.69,-29.75,0.0,0.0,0.0,0.002,finish,low_block
7_318,1953632,1,09:34.2,passing_option,,N. Atkinson,Melbourne City,22.1,-10.88,35.26,-10.22,1.0,0.0,0.0,0.0292,finish,low_block
7_319,1953632,1,09:36.8,passing_option,,C. Talbot,Melbourne City,12.28,-27.68,15.74,-27.06,0.0,0.0,0.0,0.002,finish,low_block
7_320,1953632,1,09:36.8,passing_option,,Z. Schreiber,Melbourne City,14.4,-12.84,18.35,-14.31,0.0,1.0,1.0,0.0056,finish,low_block
8_123,1953632,1,09:39.3,player_possession,,Z. Schreiber,Melbourne City,22.68,-16.79,21.93,-17.22,,,,,finish,low_block
7_321,1953632,1,09:39.3,passing_option,,N. Atkinson,Melbourne City,31.59,-11.53,28.49,-11.97,0.0,0.0,0.0,0.0082,finish,low_block
7_322,1953632,1,09:39.3,passing_option,,C. Talbot,Melbourne City,17.66,-26.71,16.01,-26.25,0.0,0.0,0.0,0.0024,finish,low_block
7_323,1953632,1,09:40.1,passing_option,,K. Trewin,Melbourne City,9.42,-13.59,9.44,-13.42,0.0,1.0,1.0,0.0021,finish,low_block
7_324,1953632,1,09:40.5,passing_option,,S. Souprayen,Melbourne City,6.11,0.86,6.08,0.94,0.0,0.0,0.0,0.0019,finish,low_block
8_124,1953632,1,09:41.9,player_possession,,K. Trewin,Melbourne City,9.08,-12.49,8.56,-10.72,,,,,finish,low_block
7_325,1953632,1,09:41.9,passing_option,,S. Souprayen,Melbourne City,5.75,1.81,5.6,3.4,0.0,0.0,0.0,0.0016,finish,low_block
7_326,1953632,1,09:42.8,passing_option,,S. Ugarković,Melbourne City,26.45,0.47,25.84,0.86,0.0,1.0,1.0,0.0078,finish,low_block
8_125,1953632,1,09:44.2,player_possession,,S. Ugarković,Melbourne City,23.4,2.28,26.0,3.84,,,,,finish,low_block
7_327,1953632,1,09:44.2,passing_option,,A. Behich,Melbourne City,19.87,19.62,20.95,20.78,0.0,0.0,0.0,0.0101,finish,low_block
7_328,1953632,1,09:44.3,passing_option,,N. Atkinson,Melbourne City,23.79,-5.91,24.37,-1.69,0.0,0.0,0.0,0.0147,finish,low_block
7_329,1953632,1,09:44.3,passing_option,,H. Politidis,Melbourne City,27.86,11.87,28.48,10.02,1.0,1.0,1.0,0.0347,finish,low_block
7_330,1953632,1,09:44.3,passing_option,,M. Memeti,Melbourne City,30.89,-1.0,29.89,1.04,1.0,0.0,0.0,0.0235,finish,low_block
1_46,1953632,1,09:46.5,off_ball_run,run_ahead_of_the_ball,S. Ugarković,Melbourne City,27.86,5.25,37.88,18.11,0.0,1.0,1.0,0.0132,finish,low_block
8_126,1953632,1,09:46.9,player_possession,,H. Politidis,Melbourne City,29.54,8.33,33.76,11.66,,,,,finish,low_block
7_331,1953632,1,09:46.9,passing_option,,M. Memeti,Melbourne City,31.44,1.58,34.29,2.04,1.0,0.0,0.0,0.0367,finish,low_block
7_332,1953632,1,09:46.9,passing_option,,S. Ugarković,Melbourne City,28.87,6.84,35.39,15.68,0.0,1.0,1.0,0.0132,finish,low_block
8_127,1953632,1,09:49.6,player_possession,,S. Ugarković,Melbourne City,38.11,18.39,38.78,20.19,,,,,finish,low_block
7_333,1953632,1,09:49.6,passing_option,,A. Behich,Melbourne City,29.41,21.64,31.74,22.74,0.0,1.0,1.0,0.0125,finish,low_block
7_334,1953632,1,09:49.6,passing_option,,H. Politidis,Melbourne City,34.59,14.13,33.81,15.51,0.0,0.0,0.0,0.0138,finish,low_block
1_47,1953632,1,09:51.1,off_ball_run,cross_receiver,N. Atkinson,Melbourne City,34.73,1.42,40.94,4.28,1.0,0.0,0.0,0.0451,finish,low_block
8_128,1953632,1,09:51.3,player_possession,,A. Behich,Melbourne City,33.57,23.42,34.54,23.48,,,,,finish,low_block
7_335,1953632,1,09:51.3,passing_option,,Y. Cohen,Melbourne City,42.49,-8.97,42.51,-8.89,1.0,0.0,0.0,0.027,finish,low_block
7_336,1953632,1,09:51.3,passing_option,,M. Memeti,Melbourne City,41.39,1.54,41.83,1.44,1.0,0.0,0.0,0.0679,finish,low_block
7_337,1953632,1,09:51.3,passing_option,,S. Ugarković,Melbourne City,38.5,22.91,37.65,26.26,0.0,0.0,0.0,0.0114,finish,low_block
7_338,1953632,1,09:51.3,passing_option,,N. Atkinson,Melbourne City,35.59,1.68,40.0,3.75,1.0,0.0,0.0,0.0451,finish,low_block
7_339,1953632,1,09:51.3,passing_option,,H. Politidis,Melbourne City,32.07,16.53,29.93,18.01,0.0,0.0,0.0,0.0065,finish,low_block
8_129,1953632,1,09:52.5,player_possession,,B. Brandtman,CC Mariners,-34.88,-23.54,-35.58,-23.88,,,,,chaotic,chaotic
7_340,1953632,1,09:52.5,passing_option,,A. McCalmont,CC Mariners,-38.09,-16.21,-35.62,-17.21,0.0,0.0,0.0,0.0004,chaotic,chaotic
7_341,1953632,1,09:52.6,passing_option,,S. Roux,CC Mariners,-40.3,-20.53,-40.43,-20.96,0.0,1.0,1.0,0.0001,chaotic,chaotic
8_130,1953632,1,09:54.7,player_possession,,S. Roux,CC Mariners,-40.56,-20.94,-40.56,-20.94,,,,,chaotic,chaotic
7_342,1953632,1,09:54.7,passing_option,,A. McCalmont,CC Mariners,-35.37,-17.59,-35.37,-17.59,0.0,0.0,0.0,0.0002,chaotic,chaotic
7_343,1953632,1,09:54.7,passing_option,,A. Kuol,CC Mariners,-21.25,-7.97,-21.25,-7.97,0.0,1.0,0.0,0.0007,chaotic,chaotic
1_48,1953632,1,09:56.3,off_ball_run,dropping_off,S. Ugarković,Melbourne City,29.19,24.71,18.64,28.74,0.0,1.0,1.0,0.0014,finish,low_block
8_131,1953632,1,09:57.1,player_possession,,S. Souprayen,Melbourne City,8.08,23.22,8.59,24.01,,,,,finish,low_block
7_344,1953632,1,09:57.1,passing_option,,H. Politidis,Melbourne City,26.74,21.77,26.74,21.77,0.0,0.0,0.0,0.0036,finish,low_block
7_345,1953632,1,09:57.1,passing_option,,S. Ugarković,Melbourne City,25.67,25.79,18.26,28.86,0.0,1.0,1.0,0.0014,finish,low_block
7_346,1953632,1,09:57.1,passing_option,,Z. Schreiber,Melbourne City,17.14,17.18,14.88,19.54,0.0,0.0,0.0,0.0025,finish,low_block
7_347,1953632,1,09:58.0,passing_option,,K. Trewin,Melbourne City,2.42,4.28,1.42,4.38,0.0,0.0,0.0,0.0012,finish,low_block
8_132,1953632,1,09:59.7,player_possession,,S. Ugarković,Melbourne City,15.95,29.44,15.59,29.81,,,,,finish,low_block
7_348,1953632,1,09:59.7,passing_option,,K. Trewin,Melbourne City,0.53,4.31,0.37,4.34,0.0,0.0,0.0,0.0008,finish,low_block
7_349,1953632,1,09:59.7,passing_option,,S. Souprayen,Melbourne City,7.17,23.27,4.78,23.42,0.0,0.0,0.0,0.0011,finish,low_block
7_350,1953632,1,09:59.8,passing_option,,A. Behich,Melbourne City,29.52,25.65,27.75,29.26,0.0,0.0,0.0,0.0036,finish,low_block
7_351,1953632,1,10:00.3,passing_option,,H. Politidis,Melbourne City,24.4,22.46,25.89,23.28,0.0,1.0,1.0,0.0062,finish,low_block
7_352,1953632,1,10:00.5,passing_option,,Z. Schreiber,Melbourne City,15.51,19.75,15.81,19.92,0.0,0.0,0.0,0.0035,finish,low_block
8_133,1953632,1,10:02.1,player_possession,,H. Politidis,Melbourne City,27.25,21.61,30.45,17.17,,,,,finish,low_block
7_353,1953632,1,10:02.1,passing_option,,A. Behich,Melbourne City,28.06,31.08,31.91,27.84,0.0,0.0,0.0,0.0162,finish,low_block
7_354,1953632,1,10:02.7,passing_option,,M. Memeti,Melbourne City,32.09,3.32,35.64,4.5,1.0,0.0,0.0,0.0522,finish,low_block
8_134,1953632,1,10:04.8,player_possession,,S. Roux,CC Mariners,-32.43,-18.65,-32.43,-18.65,,,,,chaotic,chaotic
8_135,1953632,1,11:05.4,player_possession,,Y. Cohen,Melbourne City,48.15,32.2,48.15,32.2,,,,,set_play,defending_set_play
7_355,1953632,1,11:05.4,passing_option,,H. Politidis,Melbourne City,50.29,8.14,50.29,8.14,0.0,1.0,0.0,0.0086,set_play,defending_set_play
7_356,1953632,1,11:05.4,passing_option,,Z. Schreiber,Melbourne City,49.92,34.3,49.92,34.3,0.0,0.0,0.0,0.019,set_play,defending_set_play
8_136,1953632,1,11:36.9,player_possession,,T. Sainsbury,CC Mariners,-35.11,-24.91,-32.33,-25.8,,,,,build_up,high_block
7_357,1953632,1,11:37.0,passing_option,,S. Roux,CC Mariners,-6.01,-34.76,-14.57,-33.61,0.0,1.0,1.0,0.0003,build_up,high_block
7_358,1953632,1,11:37.0,passing_option,,B. Brandtman,CC Mariners,-11.39,-16.58,-10.1,-21.16,0.0,0.0,0.0,0.0007,build_up,high_block
1_49,1953632,1,11:37.3,off_ball_run,coming_short,A. McCalmont,CC Mariners,-26.12,-9.96,-26.36,-14.55,0.0,0.0,0.0,0.0002,build_up,high_block
7_359,1953632,1,11:37.6,passing_option,,A. McCalmont,CC Mariners,-26.12,-11.35,-26.86,-17.38,0.0,0.0,0.0,0.0002,build_up,high_block
8_137,1953632,1,11:40.2,player_possession,,S. Roux,CC Mariners,-15.87,-32.34,-15.87,-32.34,,,,,create,medium_block
7_360,1953632,1,11:40.2,passing_option,,B. Brandtman,CC Mariners,-11.0,-23.78,-11.0,-23.78,0.0,1.0,1.0,0.0005,create,medium_block
8_138,1953632,1,11:40.8,player_possession,,B. Brandtman,CC Mariners,-12.39,-25.6,-12.39,-25.6,,,,,create,medium_block
7_361,1953632,1,11:40.8,passing_option,,S. Roux,CC Mariners,-14.65,-31.6,-14.65,-31.6,0.0,1.0,0.0,0.0015,create,medium_block
1_50,1953632,1,11:41.1,off_ball_run,run_ahead_of_the_ball,S. Roux,CC Mariners,-13.53,-31.58,-10.44,-32.03,0.0,1.0,0.0,0.0015,create,medium_block
8_139,1953632,1,12:04.0,player_possession,,H. Steele,CC Mariners,-10.11,-26.25,-10.11,-26.25,,,,,chaotic,chaotic
8_140,1953632,1,12:12.6,player_possession,,S. Souprayen,Melbourne City,-25.61,31.87,-29.45,30.92,,,,,build_up,high_block
7_362,1953632,1,12:12.6,passing_option,,P. Beach,Melbourne City,-39.73,11.44,-42.12,11.1,0.0,1.0,1.0,0.0,build_up,high_block
1_51,1953632,1,12:13.5,off_ball_run,dropping_off,K. Trewin,Melbourne City,-21.89,0.8,-37.23,-12.77,0.0,1.0,1.0,0.0001,build_up,high_block
1_52,1953632,1,12:13.5,off_ball_run,dropping_off,C. Talbot,Melbourne City,-13.03,-11.95,-25.04,-26.21,0.0,0.0,0.0,0.0,build_up,high_block
8_141,1953632,1,12:15.4,player_possession,,P. Beach,Melbourne City,-42.73,7.24,-41.86,3.41,,,,,build_up,high_block
7_363,1953632,1,12:15.4,passing_option,,K. Trewin,Melbourne City,-32.47,-7.53,-36.81,-12.05,0.0,1.0,1.0,0.0001,build_up,high_block
7_364,1953632,1,12:15.6,passing_option,,C. Talbot,Melbourne City,-20.98,-21.17,-24.05,-24.75,0.0,0.0,0.0,0.0,build_up,high_block
8_142,1953632,1,12:17.9,player_possession,,K. Trewin,Melbourne City,-37.26,-16.34,-28.82,-17.47,,,,,build_up,high_block
7_365,1953632,1,12:17.9,passing_option,,Y. Cohen,Melbourne City,3.93,-23.67,3.22,-27.63,0.0,0.0,0.0,0.0005,build_up,high_block
7_366,1953632,1,12:17.9,passing_option,,C. Talbot,Melbourne City,-25.53,-29.54,-18.66,-32.73,0.0,0.0,0.0,0.0002,build_up,high_block
1_53,1953632,1,12:19.0,off_ball_run,run_ahead_of_the_ball,C. Talbot,Melbourne City,-22.83,-31.88,-16.9,-32.62,0.0,0.0,0.0,0.0002,build_up,high_block
7_367,1953632,1,12:19.7,passing_option,,A. Behich,Melbourne City,-15.86,26.88,-15.98,26.64,0.0,1.0,1.0,0.0001,build_up,high_block
7_368,1953632,1,12:19.7,passing_option,,Z. Schreiber,Melbourne City,-19.74,-2.92,-19.59,-3.44,0.0,0.0,0.0,0.0002,build_up,high_block
8_143,1953632,1,12:23.3,player_possession,,A. Behich,Melbourne City,-23.98,26.6,-15.79,29.77,,,,,create,medium_block
7_369,1953632,1,12:23.3,passing_option,,S. Souprayen,Melbourne City,-29.32,17.78,-29.23,17.99,0.0,0.0,0.0,0.0001,create,medium_block
7_370,1953632,1,12:25.7,passing_option,,Z. Schreiber,Melbourne City,-12.89,8.95,-12.02,10.95,0.0,1.0,1.0,0.0006,create,medium_block
8_144,1953632,1,12:28.0,player_possession,,Z. Schreiber,Melbourne City,-13.66,13.61,-13.17,10.35,,,,,create,medium_block
7_371,1953632,1,12:28.0,passing_option,,A. Behich,Melbourne City,-11.84,29.91,-11.11,29.94,0.0,0.0,0.0,0.0002,create,medium_block
7_372,1953632,1,12:28.0,passing_option,,S. Souprayen,Melbourne City,-22.7,19.69,-21.82,19.49,0.0,0.0,0.0,0.0001,create,medium_block
7_373,1953632,1,12:28.0,passing_option,,K. Trewin,Melbourne City,-18.66,-6.18,-15.82,-7.38,0.0,1.0,1.0,0.0001,create,medium_block
1_54,1953632,1,12:29.7,off_ball_run,pulling_wide,C. Talbot,Melbourne City,-6.71,-24.44,-2.55,-27.65,0.0,0.0,0.0,0.0003,create,medium_block
8_145,1953632,1,12:31.0,player_possession,,K. Trewin,Melbourne City,-14.18,-7.64,0.17,-18.2,,,,,create,medium_block
7_374,1953632,1,12:31.0,passing_option,,C. Talbot,Melbourne City,-2.24,-27.91,0.81,-30.77,0.0,1.0,1.0,0.0003,create,medium_block
7_375,1953632,1,12:31.1,passing_option,,Y. Cohen,Melbourne City,11.23,-32.94,15.15,-34.91,0.0,0.0,0.0,0.005,create,medium_block
1_55,1953632,1,12:33.7,off_ball_run,behind,N. Atkinson,Melbourne City,15.91,-12.57,24.08,-12.21,0.0,0.0,0.0,0.0178,create,medium_block
7_376,1953632,1,12:34.3,passing_option,,N. Atkinson,Melbourne City,18.82,-12.86,23.2,-12.25,0.0,0.0,0.0,0.0178,create,medium_block
7_377,1953632,1,12:34.3,passing_option,,M. Memeti,Melbourne City,20.07,1.57,21.84,-0.65,1.0,0.0,0.0,0.0207,create,medium_block
8_146,1953632,1,12:36.4,player_possession,,C. Talbot,Melbourne City,0.81,-30.63,0.81,-30.63,,,,,create,medium_block
7_378,1953632,1,12:36.4,passing_option,,K. Trewin,Melbourne City,-1.36,-18.8,-1.36,-18.8,0.0,0.0,0.0,0.0007,create,medium_block
7_379,1953632,1,12:36.4,passing_option,,P. Beach,Melbourne City,-20.58,-4.94,-20.58,-4.94,0.0,1.0,1.0,0.0,create,medium_block
8_147,1953632,1,12:38.2,player_possession,,P. Beach,Melbourne City,-18.62,-8.11,-16.35,-4.38,,,,,create,medium_block
7_380,1953632,1,12:38.3,passing_option,,S. Souprayen,Melbourne City,-11.2,5.83,-13.97,9.08,0.0,1.0,1.0,0.0002,create,medium_block
7_381,1953632,1,12:38.7,passing_option,,A. Behich,Melbourne City,2.71,20.89,2.77,22.01,0.0,0.0,0.0,0.0008,create,medium_block
8_148,1953632,1,12:41.7,player_possession,,S. Souprayen,Melbourne City,-13.54,9.52,-9.23,10.03,,,,,create,medium_block
7_382,1953632,1,12:41.7,passing_option,,A. Behich,Melbourne City,3.14,22.56,3.05,22.93,0.0,0.0,0.0,0.0008,create,medium_block
7_383,1953632,1,12:41.9,passing_option,,H. Politidis,Melbourne City,16.99,19.02,16.35,21.89,0.0,0.0,0.0,0.0038,create,medium_block
7_384,1953632,1,12:42.0,passing_option,,Z. Schreiber,Melbourne City,0.37,0.15,-0.6,4.18,0.0,1.0,1.0,0.0017,create,medium_block
7_385,1953632,1,12:42.7,passing_option,,S. Ugarković,Melbourne City,7.66,11.83,7.6,12.65,0.0,0.0,0.0,0.0017,create,medium_block
7_386,1953632,1,12:43.4,passing_option,,Y. Cohen,Melbourne City,15.84,-28.79,15.84,-28.79,0.0,0.0,0.0,0.0033,create,medium_block
8_149,1953632,1,12:44.3,player_possession,,Z. Schreiber,Melbourne City,-1.64,5.32,-2.11,5.87,,,,,create,medium_block
7_387,1953632,1,12:44.3,passing_option,,P. Beach,Melbourne City,-26.22,0.86,-27.18,1.07,0.0,0.0,0.0,0.0,create,medium_block
7_388,1953632,1,12:44.3,passing_option,,K. Trewin,Melbourne City,-10.74,-12.78,-10.47,-12.28,0.0,0.0,0.0,0.0005,create,medium_block
7_389,1953632,1,12:44.3,passing_option,,S. Souprayen,Melbourne City,-8.5,11.45,-9.23,12.66,0.0,1.0,1.0,0.0003,create,medium_block
8_150,1953632,1,12:46.2,player_possession,,S. Souprayen,Melbourne City,-10.95,13.98,-9.98,14.4,,,,,create,medium_block
7_390,1953632,1,12:46.2,passing_option,,A. Behich,Melbourne City,2.65,22.66,1.74,21.94,0.0,0.0,0.0,0.0015,create,medium_block
7_391,1953632,1,12:46.2,passing_option,,K. Trewin,Melbourne City,-11.03,-11.21,-11.83,-10.41,0.0,0.0,0.0,0.0004,create,medium_block
7_392,1953632,1,12:46.3,passing_option,,S. Ugarković,Melbourne City,5.99,13.86,5.03,15.09,0.0,0.0,0.0,0.0029,create,medium_block
8_0,1925299,1,00:03.0,player_possession,,J. O'Shea,Brisbane FC,0.26,-0.32,0.26,-0.32,,,,,create,medium_block
1_0,1925299,1,00:04.3,off_ball_run,run_ahead_of_the_ball,H. Van Der Saag,Brisbane FC,3.26,-32.78,10.95,-31.95,0.0,1.0,0.0,0.0007,direct,defending_direct
8_1,1925299,1,00:04.8,player_possession,,B. Warland,Brisbane FC,-9.36,-0.42,-9.36,-0.42,,,,,direct,defending_direct
7_0,1925299,1,00:04.8,passing_option,,H. Van Der Saag,Brisbane FC,5.66,-32.5,5.66,-32.5,0.0,1.0,0.0,0.0007,direct,defending_direct
8_2,1925299,1,00:08.0,player_possession,,R. Warland,Perth Glory,-35.15,20.9,-35.15,20.9,,,,,chaotic,chaotic
8_3,1925299,1,00:13.4,player_possession,,A. Lebib,Perth Glory,-35.01,9.68,-35.01,9.68,,,,,chaotic,chaotic
7_1,1925299,1,00:13.4,passing_option,,A. Faisal,Perth Glory,-21.76,18.82,-21.76,18.82,0.0,1.0,0.0,0.0009,chaotic,chaotic
1_1,1925299,1,00:15.2,off_ball_run,dropping_off,B. Warland,Brisbane FC,4.54,-7.37,-8.19,-6.39,0.0,0.0,0.0,0.0005,create,medium_block
8_4,1925299,1,00:16.4,player_possession,,L. Herrington,Brisbane FC,0.79,-20.89,-2.43,-22.38,,,,,create,medium_block
7_2,1925299,1,00:16.4,passing_option,,B. Warland,Brisbane FC,-1.0,-7.38,-6.94,-6.73,0.0,0.0,0.0,0.0005,create,medium_block
7_3,1925299,1,00:17.5,passing_option,,A. Burke-Gilroy,Brisbane FC,3.64,6.71,3.04,7.11,0.0,1.0,1.0,0.0011,create,medium_block
1_2,1925299,1,00:18.2,off_ball_run,dropping_off,A. Burke-Gilroy,Brisbane FC,1.44,8.25,-4.92,16.54,0.0,1.0,1.0,0.0011,create,medium_block
1_3,1925299,1,00:21.2,off_ball_run,coming_short,J. O'Shea,Brisbane FC,1.58,0.74,-2.33,7.9,0.0,0.0,0.0,0.002,create,medium_block
8_5,1925299,1,00:21.7,player_possession,,A. Burke-Gilroy,Brisbane FC,-6.47,17.77,-5.77,19.45,,,,,create,medium_block
7_4,1925299,1,00:21.7,passing_option,,B. Warland,Brisbane FC,-14.78,4.34,-15.79,6.03,0.0,0.0,0.0,0.0004,create,medium_block
7_5,1925299,1,00:21.7,passing_option,,J. O'Shea,Brisbane FC,0.71,2.69,-1.55,6.41,0.0,0.0,0.0,0.002,create,medium_block
7_6,1925299,1,00:21.7,passing_option,,K. Jelacic,Brisbane FC,14.5,15.32,9.68,18.77,0.0,1.0,1.0,0.0022,create,medium_block
1_4,1925299,1,00:23.4,off_ball_run,overlap,A. Burke-Gilroy,Brisbane FC,-5.16,20.46,1.97,26.86,0.0,0.0,0.0,0.0058,create,medium_block
8_6,1925299,1,00:24.2,player_possession,,K. Jelacic,Brisbane FC,5.2,19.57,2.14,18.39,,,,,create,medium_block
7_7,1925299,1,00:24.2,passing_option,,A. Burke-Gilroy,Brisbane FC,-2.61,23.6,1.31,26.53,0.0,0.0,0.0,0.0058,create,medium_block
7_8,1925299,1,00:24.5,passing_option,,J. O'Shea,Brisbane FC,-3.86,12.93,-4.47,14.44,0.0,1.0,1.0,0.0011,create,medium_block
1_5,1925299,1,00:25.1,off_ball_run,coming_short,K. Jelacic,Brisbane FC,1.83,18.08,-0.28,13.11,0.0,0.0,0.0,0.002,create,medium_block
1_6,1925299,1,00:25.1,off_ball_run,run_ahead_of_the_ball,A. Burke-Gilroy,Brisbane FC,2.65,27.16,12.63,27.7,0.0,1.0,0.0,0.0101,create,medium_block
8_7,1925299,1,00:25.6,player_possession,,J. O'Shea,Brisbane FC,-5.17,15.45,-5.17,15.45,,,,,create,medium_block
7_9,1925299,1,00:25.6,passing_option,,A. Burke-Gilroy,Brisbane FC,6.26,28.06,6.26,28.06,0.0,1.0,0.0,0.0101,create,medium_block
7_10,1925299,1,00:25.6,passing_option,,K. Jelacic,Brisbane FC,0.55,16.13,0.55,16.13,0.0,0.0,0.0,0.002,create,medium_block
8_8,1925299,1,00:27.2,player_possession,,T. Ostler,Perth Glory,-15.29,-23.95,-15.29,-23.95,,,,,transition,defending_transition
8_9,1925299,1,00:29.0,player_possession,,J. Risdon,Perth Glory,-4.6,-25.85,19.5,-27.11,,,,,transition,defending_transition
7_11,1925299,1,00:29.0,passing_option,,D. Williams,Perth Glory,9.29,-23.28,28.33,-30.18,0.0,0.0,0.0,0.0073,transition,defending_transition
7_12,1925299,1,00:29.0,passing_option,,A. Bugarija,Perth Glory,4.19,-15.01,24.19,-16.5,1.0,0.0,0.0,0.0293,transition,defending_transition
7_13,1925299,1,00:29.5,passing_option,,N. Pennington,Perth Glory,-2.72,-20.26,4.96,-23.81,0.0,0.0,0.0,0.0031,transition,defending_transition
1_7,1925299,1,00:30.5,off_ball_run,run_ahead_of_the_ball,A. Bugarija,Perth Glory,7.91,-18.0,24.19,-16.5,1.0,0.0,0.0,0.0293,transition,defending_transition
1_8,1925299,1,00:31.0,off_ball_run,support,A. Faisal,Perth Glory,2.94,-4.83,24.76,-10.66,1.0,1.0,1.0,0.0315,transition,defending_transition
1_9,1925299,1,00:31.5,off_ball_run,support,N. Pennington,Perth Glory,3.18,-23.73,15.31,-22.41,0.0,0.0,0.0,0.0034,transition,defending_transition
7_14,1925299,1,00:32.5,passing_option,,A. Faisal,Perth Glory,10.47,-6.85,14.94,-8.14,1.0,1.0,1.0,0.0315,transition,defending_transition
1_10,1925299,1,00:33.4,off_ball_run,run_ahead_of_the_ball,J. Risdon,Perth Glory,20.03,-26.97,28.61,-25.82,0.0,0.0,0.0,0.01,transition,defending_transition
1_11,1925299,1,00:33.4,off_ball_run,run_ahead_of_the_ball,A. Bugarija,Perth Glory,24.78,-16.57,33.7,-12.47,1.0,0.0,0.0,0.0538,transition,defending_transition
8_10,1925299,1,00:34.9,player_possession,,A. Faisal,Perth Glory,24.76,-10.66,28.26,-12.25,,,,,transition,defending_transition
7_15,1925299,1,00:34.9,passing_option,,D. Williams,Perth Glory,34.05,-28.15,35.88,-26.38,0.0,0.0,0.0,0.0128,transition,defending_transition
7_16,1925299,1,00:34.9,passing_option,,A. Bugarija,Perth Glory,31.56,-14.78,33.91,-12.13,1.0,0.0,0.0,0.0538,transition,defending_transition
7_17,1925299,1,00:35.4,passing_option,,J. Risdon,Perth Glory,29.34,-25.59,30.23,-25.28,0.0,0.0,0.0,0.01,transition,defending_transition
7_18,1925299,1,00:35.5,passing_option,,N. Pennington,Perth Glory,19.05,-18.82,19.55,-18.21,0.0,1.0,1.0,0.0109,transition,defending_transition
8_11,1925299,1,00:36.8,player_possession,,N. Pennington,Perth Glory,21.64,-16.19,22.79,-16.34,,,,,transition,defending_transition
7_19,1925299,1,00:36.8,passing_option,,J. Risdon,Perth Glory,31.17,-25.55,31.09,-26.23,0.0,0.0,0.0,0.0059,transition,defending_transition
7_20,1925299,1,00:36.8,passing_option,,D. Williams,Perth Glory,35.53,-25.73,35.21,-26.53,0.0,1.0,1.0,0.0073,transition,defending_transition
7_21,1925299,1,00:37.1,passing_option,,T. Ostler,Perth Glory,15.37,-20.85,16.35,-21.19,0.0,0.0,0.0,0.003,transition,defending_transition
7_22,1925299,1,00:37.3,passing_option,,A. Faisal,Perth Glory,31.79,-17.07,31.81,-17.67,0.0,0.0,0.0,0.0058,transition,defending_transition
8_12,1925299,1,00:39.1,player_possession,,D. Williams,Perth Glory,37.87,-28.8,44.61,-27.6,,,,,transition,defending_transition
7_23,1925299,1,00:39.1,passing_option,,J. Risdon,Perth Glory,30.07,-27.7,29.95,-27.33,0.0,0.0,0.0,0.0045,transition,defending_transition
7_24,1925299,1,00:39.1,passing_option,,A. Faisal,Perth Glory,32.14,-20.78,37.58,-18.23,0.0,0.0,0.0,0.0101,transition,defending_transition
1_12,1925299,1,00:39.3,off_ball_run,cross_receiver,A. Bugarija,Perth Glory,36.16,-5.74,48.8,-4.7,1.0,1.0,0.0,0.0721,transition,defending_transition
7_25,1925299,1,00:39.6,passing_option,,A. Bugarija,Perth Glory,37.43,-5.22,43.73,-4.33,1.0,1.0,0.0,0.0721,transition,defending_transition
1_13,1925299,1,00:44.6,off_ball_run,coming_short,A. Bugarija,Perth Glory,45.95,-3.64,37.36,-1.73,0.0,0.0,0.0,0.0196,finish,low_block
8_13,1925299,1,00:45.9,player_possession,,A. Lebib,Perth Glory,18.39,-2.86,18.39,-2.86,,,,,finish,low_block
7_26,1925299,1,00:45.9,passing_option,,J. Risdon,Perth Glory,23.79,-17.34,23.79,-17.34,0.0,0.0,0.0,0.005,finish,low_block
7_27,1925299,1,00:45.9,passing_option,,T. Gomulka,Perth Glory,22.62,2.0,22.62,2.0,0.0,0.0,0.0,0.0047,finish,low_block
7_28,1925299,1,00:45.9,passing_option,,D. Williams,Perth Glory,39.92,-16.55,39.92,-16.55,1.0,0.0,0.0,0.0253,finish,low_block
7_29,1925299,1,00:45.9,passing_option,,N. Pennington,Perth Glory,30.37,-0.3,30.37,-0.3,0.0,1.0,1.0,0.0057,finish,low_block
7_30,1925299,1,00:45.9,passing_option,,A. Bugarija,Perth Glory,40.33,-2.45,40.33,-2.45,0.0,0.0,0.0,0.0196,finish,low_block
8_14,1925299,1,00:46.7,player_possession,,N. Pennington,Perth Glory,27.69,-1.75,27.69,-1.75,,,,,finish,low_block
7_31,1925299,1,00:46.7,passing_option,,J. Risdon,Perth Glory,22.01,-16.82,22.01,-16.82,0.0,0.0,0.0,0.0065,finish,low_block
7_32,1925299,1,00:46.7,passing_option,,D. Williams,Perth Glory,37.41,-12.9,37.41,-12.9,1.0,1.0,1.0,0.0296,finish,low_block
7_33,1925299,1,00:46.7,passing_option,,T. Ostler,Perth Glory,14.68,-14.35,14.68,-14.35,0.0,0.0,0.0,0.0036,finish,low_block
1_14,1925299,1,00:48.2,off_ball_run,overlap,J. Risdon,Perth Glory,23.96,-18.06,47.18,-19.73,1.0,1.0,0.0,0.0227,finish,low_block
8_15,1925299,1,00:49.9,player_possession,,D. Williams,Perth Glory,38.66,-19.55,40.39,-24.19,,,,,finish,low_block
7_34,1925299,1,00:49.9,passing_option,,T. Ostler,Perth Glory,19.53,-20.65,23.26,-25.0,0.0,0.0,0.0,0.0038,finish,low_block
7_35,1925299,1,00:49.9,passing_option,,J. Risdon,Perth Glory,30.7,-23.69,44.65,-24.64,1.0,1.0,0.0,0.0227,finish,low_block
7_36,1925299,1,00:51.2,passing_option,,N. Pennington,Perth Glory,26.24,-14.38,28.83,-19.72,0.0,0.0,0.0,0.0067,finish,low_block
8_16,1925299,1,01:38.8,player_possession,,A. Lebib,Perth Glory,-28.13,-26.53,-49.96,-33.2,,,,,chaotic,chaotic
8_17,1925299,1,02:02.8,player_possession,,N. Pennington,Perth Glory,-34.89,-17.51,-34.89,-17.51,,,,,build_up,high_block
7_37,1925299,1,02:02.8,passing_option,,D. Williams,Perth Glory,-32.51,-22.05,-32.51,-22.05,0.0,1.0,1.0,0.001,build_up,high_block
1_15,1925299,1,02:02.9,off_ball_run,run_ahead_of_the_ball,N. Pennington,Perth Glory,-34.43,-17.44,-27.19,-18.21,0.0,0.0,0.0,0.002,build_up,high_block
1_16,1925299,1,02:03.6,off_ball_run,run_ahead_of_the_ball,T. Ostler,Perth Glory,-34.38,-24.76,-23.89,-29.94,0.0,0.0,0.0,0.0014,build_up,high_block
8_18,1925299,1,02:03.8,player_possession,,D. Williams,Perth Glory,-31.29,-21.49,-30.65,-28.28,,,,,build_up,high_block
7_38,1925299,1,02:03.8,passing_option,,N. Pennington,Perth Glory,-30.19,-17.36,-28.39,-17.76,0.0,0.0,0.0,0.002,build_up,high_block
7_39,1925299,1,02:03.8,passing_option,,T. Ostler,Perth Glory,-33.53,-25.07,-27.23,-28.1,0.0,0.0,0.0,0.0014,build_up,high_block
7_40,1925299,1,02:05.4,passing_option,,J. Risdon,Perth Glory,-41.73,-23.96,-41.48,-25.09,0.0,1.0,0.0,0.0001,build_up,high_block
8_19,1925299,1,02:09.8,player_possession,,A. Lebib,Perth Glory,-46.18,-18.86,-46.18,-18.86,,,,,build_up,high_block
7_41,1925299,1,02:09.8,passing_option,,T. Ostler,Perth Glory,-13.61,-28.32,-13.61,-28.32,0.0,0.0,0.0,0.0006,build_up,high_block
7_42,1925299,1,02:09.8,passing_option,,A. Bugarija,Perth Glory,-15.79,-18.94,-15.79,-18.94,0.0,1.0,1.0,0.0007,build_up,high_block
1_17,1925299,1,02:10.9,off_ball_run,support,T. Gomulka,Perth Glory,-33.13,-17.2,-22.07,-8.36,0.0,1.0,1.0,0.0019,build_up,high_block
1_18,1925299,1,02:11.8,off_ball_run,support,R. Warland,Perth Glory,-33.28,-1.28,-29.78,0.38,0.0,0.0,0.0,0.0013,build_up,high_block
8_20,1925299,1,02:12.6,player_possession,,A. Bugarija,Perth Glory,-20.51,-14.56,-20.51,-14.56,,,,,build_up,high_block
7_43,1925299,1,02:12.6,passing_option,,R. Warland,Perth Glory,-29.78,0.38,-29.78,0.38,0.0,0.0,0.0,0.0013,build_up,high_block
7_44,1925299,1,02:12.6,passing_option,,T. Gomulka,Perth Glory,-24.61,-11.59,-24.61,-11.59,0.0,1.0,1.0,0.0019,build_up,high_block
7_45,1925299,1,02:12.6,passing_option,,N. Pennington,Perth Glory,-26.82,-17.86,-26.82,-17.86,0.0,0.0,0.0,0.0008,build_up,high_block
1_19,1925299,1,02:12.7,off_ball_run,support,R. Warland,Perth Glory,-29.33,0.66,-7.91,20.29,0.0,1.0,1.0,0.0028,create,medium_block
1_20,1925299,1,02:12.9,off_ball_run,run_ahead_of_the_ball,A. Faisal,Perth Glory,-11.95,6.63,-7.59,10.08,0.0,0.0,0.0,0.0056,create,medium_block
8_21,1925299,1,02:13.2,player_possession,,T. Gomulka,Perth Glory,-22.07,-8.36,-18.8,-3.21,,,,,create,medium_block
7_46,1925299,1,02:13.2,passing_option,,R. Warland,Perth Glory,-26.98,2.22,-22.35,5.75,0.0,1.0,1.0,0.0028,create,medium_block
7_47,1925299,1,02:13.2,passing_option,,A. Faisal,Perth Glory,-10.9,7.4,-7.59,10.08,0.0,0.0,0.0,0.0056,create,medium_block
1_21,1925299,1,02:14.2,off_ball_run,run_ahead_of_the_ball,A. Faisal,Perth Glory,-7.19,10.4,36.06,26.77,0.0,1.0,1.0,0.0141,finish,low_block
8_22,1925299,1,02:16.7,player_possession,,R. Warland,Perth Glory,-7.91,20.29,22.64,19.75,,,,,finish,low_block
7_48,1925299,1,02:16.7,passing_option,,A. Faisal,Perth Glory,3.41,22.1,30.15,28.19,0.0,1.0,1.0,0.0141,finish,low_block
1_22,1925299,1,02:21.5,off_ball_run,support,R. Warland,Perth Glory,23.15,19.58,29.05,18.11,0.0,0.0,0.0,0.0089,finish,low_block
1_23,1925299,1,02:21.5,off_ball_run,cross_receiver,A. Bugarija,Perth Glory,18.77,2.6,33.01,7.85,1.0,0.0,0.0,0.0286,finish,low_block
8_23,1925299,1,02:22.5,player_possession,,A. Faisal,Perth Glory,36.06,26.77,42.69,20.87,,,,,finish,low_block
7_49,1925299,1,02:22.5,passing_option,,R. Warland,Perth Glory,27.78,18.13,33.42,24.1,0.0,1.0,1.0,0.0086,finish,low_block
7_50,1925299,1,02:23.6,passing_option,,A. Bugarija,Perth Glory,29.01,4.94,35.58,8.58,1.0,0.0,0.0,0.0286,finish,low_block
7_51,1925299,1,02:25.2,passing_option,,T. Gomulka,Perth Glory,27.99,19.1,28.62,19.19,0.0,0.0,0.0,0.0106,finish,low_block
8_24,1925299,1,02:26.5,player_possession,,R. Warland,Perth Glory,33.43,26.5,33.22,26.75,,,,,finish,low_block
7_52,1925299,1,02:26.5,passing_option,,D. Williams,Perth Glory,42.84,-9.05,42.89,-9.11,1.0,0.0,0.0,0.029,finish,low_block
7_53,1925299,1,02:26.5,passing_option,,T. Gomulka,Perth Glory,29.26,19.84,26.07,22.27,0.0,0.0,0.0,0.0062,finish,low_block
7_54,1925299,1,02:28.1,passing_option,,A. Bugarija,Perth Glory,35.16,5.13,35.14,5.08,0.0,1.0,0.0,0.0142,finish,low_block
7_55,1925299,1,02:28.3,passing_option,,A. Faisal,Perth Glory,38.77,19.84,38.77,19.84,0.0,0.0,0.0,0.011,finish,low_block
8_25,1925299,1,02:29.1,player_possession,,Walid Shour,Brisbane FC,-36.07,-11.43,-36.07,-11.43,,,,,disruption,disruption
8_26,1925299,1,02:31.2,player_possession,,T. Mrčela,Perth Glory,13.08,12.52,11.89,11.35,,,,,finish,low_block
7_56,1925299,1,02:31.2,passing_option,,N. Pennington,Perth Glory,22.51,4.89,20.94,4.34,0.0,0.0,0.0,0.0032,finish,low_block
7_57,1925299,1,02:31.2,passing_option,,J. Risdon,Perth Glory,23.75,-11.1,22.11,-12.57,0.0,0.0,0.0,0.0044,finish,low_block
7_58,1925299,1,02:31.2,passing_option,,A. Lebib,Perth Glory,7.15,1.42,6.57,0.82,0.0,1.0,1.0,0.0024,finish,low_block
8_27,1925299,1,02:33.2,player_possession,,A. Lebib,Perth Glory,6.04,-1.52,6.08,-7.11,,,,,finish,low_block
7_59,1925299,1,02:33.2,passing_option,,N. Pennington,Perth Glory,16.43,1.37,15.87,0.84,0.0,0.0,0.0,0.0016,finish,low_block
7_60,1925299,1,02:33.2,passing_option,,J. Risdon,Perth Glory,18.87,-16.93,16.87,-21.77,0.0,1.0,1.0,0.0018,finish,low_block
1_24,1925299,1,02:34.7,off_ball_run,dropping_off,A. Lebib,Perth Glory,6.03,-7.62,5.04,-11.8,0.0,0.0,0.0,0.0009,finish,low_block
8_28,1925299,1,02:36.0,player_possession,,J. Risdon,Perth Glory,15.55,-24.01,12.68,-17.86,,,,,finish,low_block
7_61,1925299,1,02:36.0,passing_option,,N. Pennington,Perth Glory,13.31,-9.46,16.43,-14.64,0.0,0.0,0.0,0.0084,finish,low_block
7_62,1925299,1,02:36.0,passing_option,,A. Lebib,Perth Glory,4.51,-13.23,2.84,-17.11,0.0,0.0,0.0,0.0009,finish,low_block
1_25,1925299,1,02:37.4,off_ball_run,run_ahead_of_the_ball,N. Pennington,Perth Glory,16.05,-14.44,20.81,-16.46,0.0,0.0,0.0,0.0084,finish,low_block
7_63,1925299,1,02:38.0,passing_option,,T. Gomulka,Perth Glory,16.02,-5.05,14.92,-7.28,0.0,0.0,0.0,0.0031,finish,low_block
7_64,1925299,1,02:38.1,passing_option,,T. Mrčela,Perth Glory,-0.79,2.72,-2.99,2.02,0.0,1.0,1.0,0.0003,finish,low_block
7_65,1925299,1,02:39.6,passing_option,,A. Lebib,Perth Glory,1.36,-17.65,1.23,-17.29,0.0,0.0,0.0,0.0009,finish,low_block
8_29,1925299,1,02:42.5,player_possession,,T. Mrčela,Perth Glory,-3.41,7.21,-3.41,7.21,,,,,create,medium_block
7_66,1925299,1,02:42.5,passing_option,,R. Warland,Perth Glory,1.05,21.98,1.05,21.98,0.0,1.0,1.0,0.0009,create,medium_block
8_30,1925299,1,02:44.1,player_possession,,R. Warland,Perth Glory,2.26,24.48,2.6,26.19,,,,,create,medium_block
7_67,1925299,1,02:44.1,passing_option,,A. Faisal,Perth Glory,23.19,27.34,15.87,29.89,0.0,0.0,0.0,0.0041,create,medium_block
1_26,1925299,1,02:44.1,off_ball_run,coming_short,T. Gomulka,Perth Glory,2.15,-1.09,3.36,9.05,0.0,0.0,0.0,0.0025,create,medium_block
7_68,1925299,1,02:45.4,passing_option,,T. Mrčela,Perth Glory,-6.69,11.03,-9.09,11.95,0.0,1.0,1.0,0.0005,create,medium_block
7_69,1925299,1,02:46.0,passing_option,,T. Gomulka,Perth Glory,3.5,7.78,3.27,9.45,0.0,0.0,0.0,0.0025,create,medium_block
7_70,1925299,1,02:46.4,passing_option,,A. Lebib,Perth Glory,-8.02,-3.73,-8.02,-3.73,0.0,0.0,0.0,0.0004,create,medium_block
8_31,1925299,1,02:48.3,player_possession,,T. Mrčela,Perth Glory,-17.23,13.71,-17.23,13.71,,,,,create,medium_block
7_71,1925299,1,02:48.3,passing_option,,C. Cook,Perth Glory,-32.58,5.18,-32.58,5.18,0.0,1.0,1.0,0.0001,create,medium_block
1_27,1925299,1,02:48.4,off_ball_run,dropping_off,A. Lebib,Perth Glory,-15.33,-1.54,-33.6,-5.24,0.0,0.0,0.0,0.0003,build_up,high_block
8_32,1925299,1,02:50.6,player_possession,,C. Cook,Perth Glory,-37.55,7.43,-37.35,1.67,,,,,build_up,high_block
7_72,1925299,1,02:50.6,passing_option,,A. Lebib,Perth Glory,-25.84,-1.93,-33.6,-5.24,0.0,0.0,0.0,0.0003,build_up,high_block
7_73,1925299,1,02:50.9,passing_option,,T. Ostler,Perth Glory,3.38,-14.18,-4.17,-12.27,0.0,0.0,0.0,0.0016,build_up,high_block
7_74,1925299,1,02:52.2,passing_option,,A. Bugarija,Perth Glory,2.57,-5.81,1.75,-6.01,0.0,1.0,1.0,0.0013,build_up,high_block
8_33,1925299,1,02:55.8,player_possession,,B. Warland,Brisbane FC,-1.93,6.72,-1.93,6.72,,,,,create,medium_block
7_75,1925299,1,02:55.8,passing_option,,Walid Shour,Brisbane FC,6.48,-1.77,6.48,-1.77,0.0,1.0,1.0,0.0028,create,medium_block
7_76,1925299,1,02:55.8,passing_option,,A. Zimarino,Brisbane FC,20.34,-12.01,20.34,-12.01,0.0,0.0,0.0,0.0098,create,medium_block
8_34,1925299,1,02:56.6,player_possession,,Walid Shour,Brisbane FC,5.56,-3.17,5.01,-5.59,,,,,create,medium_block
7_77,1925299,1,02:56.6,passing_option,,B. Warland,Brisbane FC,-1.75,5.83,-1.71,5.76,0.0,0.0,0.0,0.0009,create,medium_block
7_78,1925299,1,02:56.8,passing_option,,H. Van Der Saag,Brisbane FC,-2.97,-14.68,-3.3,-15.1,0.0,1.0,1.0,0.0005,create,medium_block
7_79,1925299,1,02:56.9,passing_option,,A. Zimarino,Brisbane FC,21.37,-11.72,21.39,-12.16,0.0,0.0,0.0,0.0097,create,medium_block
8_35,1925299,1,02:58.6,player_possession,,H. Van Der Saag,Brisbane FC,-3.21,-16.14,-2.91,-15.98,,,,,create,medium_block
7_80,1925299,1,02:58.6,passing_option,,Walid Shour,Brisbane FC,5.02,-9.14,4.99,-10.23,0.0,0.0,0.0,0.0013,create,medium_block
7_81,1925299,1,02:58.6,passing_option,,L. Herrington,Brisbane FC,-7.87,-5.13,-10.29,-5.92,0.0,0.0,0.0,0.0003,create,medium_block
7_82,1925299,1,02:58.8,passing_option,,B. Warland,Brisbane FC,-1.7,5.06,-2.71,5.65,0.0,1.0,1.0,0.0003,create,medium_block
8_36,1925299,1,03:01.0,player_possession,,B. Warland,Brisbane FC,-5.42,7.84,-5.42,7.84,,,,,create,medium_block
7_83,1925299,1,03:01.0,passing_option,,A. Burke-Gilroy,Brisbane FC,-0.88,21.24,-0.88,21.24,0.0,0.0,0.0,0.0006,create,medium_block
7_84,1925299,1,03:01.0,passing_option,,L. Herrington,Brisbane FC,-11.82,-4.77,-11.82,-4.77,0.0,1.0,1.0,0.0005,create,medium_block
8_37,1925299,1,03:02.2,player_possession,,L. Herrington,Brisbane FC,-12.2,-3.98,-12.18,-4.52,,,,,direct,defending_direct
7_85,1925299,1,03:02.2,passing_option,,H. Van Der Saag,Brisbane FC,-2.91,-18.81,-6.35,-19.85,0.0,0.0,0.0,0.0006,direct,defending_direct
7_86,1925299,1,03:02.5,passing_option,,Walid Shour,Brisbane FC,2.49,-5.94,-0.4,-5.08,0.0,0.0,0.0,0.0014,direct,defending_direct
7_87,1925299,1,03:03.1,passing_option,,A. Zimarino,Brisbane FC,15.3,-17.75,15.22,-18.22,0.0,1.0,0.0,0.0033,direct,defending_direct
8_38,1925299,1,03:05.9,player_possession,,R. Warland,Perth Glory,-28.22,18.86,-42.72,17.58,,,,,chaotic,chaotic
8_39,1925299,1,03:37.0,player_possession,,F. Bérenguer,Brisbane FC,41.86,-27.87,41.86,-27.87,,,,,finish,low_block
7_88,1925299,1,03:37.0,passing_option,,H. Van Der Saag,Brisbane FC,40.93,-34.7,40.93,-34.7,0.0,1.0,1.0,0.0051,finish,low_block
7_89,1925299,1,03:37.0,passing_option,,L. Herrington,Brisbane FC,14.78,-23.86,14.78,-23.86,0.0,0.0,0.0,0.0028,finish,low_block
8_40,1925299,1,03:38.4,player_possession,,H. Van Der Saag,Brisbane FC,41.15,-34.32,41.15,-34.32,,,,,finish,low_block
7_90,1925299,1,03:38.4,passing_option,,F. Bérenguer,Brisbane FC,38.25,-30.8,38.25,-30.8,0.0,0.0,0.0,0.0032,finish,low_block
7_91,1925299,1,03:38.4,passing_option,,L. Herrington,Brisbane FC,13.84,-24.03,13.84,-24.03,0.0,1.0,1.0,0.0022,finish,low_block
1_28,1925299,1,03:41.5,off_ball_run,coming_short,H. Van Der Saag,Brisbane FC,35.04,-34.67,21.83,-32.37,0.0,0.0,0.0,0.0026,finish,low_block
8_41,1925299,1,03:42.1,player_possession,,L. Herrington,Brisbane FC,6.94,-24.52,5.64,-24.7,,,,,finish,low_block
7_92,1925299,1,03:42.1,passing_option,,B. Warland,Brisbane FC,0.53,-9.41,-0.87,-9.25,0.0,0.0,0.0,0.0009,finish,low_block
7_93,1925299,1,03:42.1,passing_option,,Walid Shour,Brisbane FC,19.74,-21.41,15.09,-21.75,0.0,0.0,0.0,0.002,finish,low_block
7_94,1925299,1,03:42.6,passing_option,,H. Van Der Saag,Brisbane FC,29.72,-33.87,27.1,-33.54,0.0,0.0,0.0,0.0026,finish,low_block
7_95,1925299,1,03:42.9,passing_option,,A. Zimarino,Brisbane FC,31.37,-13.84,30.55,-14.01,0.0,1.0,0.0,0.0065,finish,low_block
7_96,1925299,1,03:43.1,passing_option,,F. Bérenguer,Brisbane FC,28.43,-24.62,28.43,-24.62,0.0,0.0,0.0,0.005,finish,low_block
8_42,1925299,1,03:47.8,player_possession,,C. Cook,Perth Glory,-42.23,9.66,-42.17,7.74,,,,,build_up,high_block
8_43,1925299,1,03:51.3,player_possession,,A. Lebib,Perth Glory,-39.25,-5.36,-38.96,-5.65,,,,,build_up,high_block
7_97,1925299,1,03:51.3,passing_option,,J. Risdon,Perth Glory,-27.51,-21.71,-30.84,-25.58,0.0,0.0,0.0,0.0001,build_up,high_block
7_98,1925299,1,03:51.3,passing_option,,C. Cook,Perth Glory,-43.54,3.44,-44.23,0.71,0.0,0.0,0.0,0.0,build_up,high_block
7_99,1925299,1,03:51.3,passing_option,,T. Mrčela,Perth Glory,-36.14,8.41,-37.99,8.76,0.0,1.0,1.0,0.0,build_up,high_block
7_100,1925299,1,03:51.7,passing_option,,N. Pennington,Perth Glory,-25.99,0.77,-26.76,-2.46,0.0,0.0,0.0,0.0002,build_up,high_block
8_44,1925299,1,03:54.4,player_possession,,T. Mrčela,Perth Glory,-39.54,12.99,-39.54,12.99,,,,,build_up,high_block
7_101,1925299,1,03:54.4,passing_option,,R. Warland,Perth Glory,-32.09,27.1,-32.09,27.1,0.0,1.0,1.0,0.0001,build_up,high_block
7_102,1925299,1,03:54.4,passing_option,,T. Gomulka,Perth Glory,-26.09,10.68,-26.09,10.68,0.0,0.0,0.0,0.0002,build_up,high_block
8_45,1925299,1,03:56.1,player_possession,,R. Warland,Perth Glory,-35.24,30.28,-35.6,32.49,,,,,direct,defending_direct
7_103,1925299,1,03:56.1,passing_option,,T. Mrčela,Perth Glory,-41.59,17.63,-41.89,19.37,0.0,0.0,0.0,0.0,direct,defending_direct
7_104,1925299,1,03:56.2,passing_option,,A. Faisal,Perth Glory,-5.73,29.92,-4.4,33.03,0.0,0.0,0.0,0.0017,direct,defending_direct
7_105,1925299,1,03:56.6,passing_option,,T. Gomulka,Perth Glory,-28.46,17.91,-26.28,22.09,0.0,0.0,0.0,0.0009,direct,defending_direct
7_106,1925299,1,03:56.6,passing_option,,D. Williams,Perth Glory,-1.2,21.6,-2.44,22.45,0.0,1.0,0.0,0.002,direct,defending_direct
1_29,1925299,1,03:56.6,off_ball_run,pulling_wide,T. Gomulka,Perth Glory,-28.46,17.91,-25.33,22.98,0.0,0.0,0.0,0.0009,direct,defending_direct
8_46,1925299,1,03:59.9,player_possession,,B. Warland,Brisbane FC,-5.31,-13.86,-5.31,-13.86,,,,,chaotic,chaotic
1_30,1925299,1,04:12.3,off_ball_run,coming_short,N. Pennington,Perth Glory,-16.28,18.57,-39.26,14.21,0.0,0.0,0.0,0.0003,build_up,high_block
8_47,1925299,1,04:12.4,player_possession,,T. Mrčela,Perth Glory,-33.68,25.76,-49.91,18.6,,,,,build_up,high_block
7_107,1925299,1,04:12.4,passing_option,,C. Cook,Perth Glory,-42.44,11.15,-52.03,10.51,0.0,1.0,1.0,0.0,build_up,high_block
7_108,1925299,1,04:15.7,passing_option,,N. Pennington,Perth Glory,-32.92,14.74,-34.47,14.56,0.0,0.0,0.0,0.0003,build_up,high_block
8_48,1925299,1,04:17.4,player_possession,,C. Cook,Perth Glory,-52.64,11.3,-52.64,11.3,,,,,direct,defending_direct
7_109,1925299,1,04:17.4,passing_option,,D. Williams,Perth Glory,-1.31,14.28,-1.31,14.28,0.0,1.0,1.0,0.0005,direct,defending_direct
7_110,1925299,1,04:17.4,passing_option,,T. Mrčela,Perth Glory,-50.21,19.0,-50.21,19.0,0.0,0.0,0.0,0.0007,direct,defending_direct
7_111,1925299,1,04:17.4,passing_option,,N. Pennington,Perth Glory,-40.86,14.35,-40.86,14.35,0.0,0.0,0.0,0.0003,direct,defending_direct
8_49,1925299,1,04:20.3,player_possession,,D. Williams,Perth Glory,-12.08,13.17,-12.08,13.17,,,,,direct,defending_direct
7_112,1925299,1,04:20.3,passing_option,,T. Ostler,Perth Glory,-14.78,-6.24,-14.78,-6.24,0.0,0.0,0.0,0.0052,direct,defending_direct
7_113,1925299,1,04:20.3,passing_option,,A. Bugarija,Perth Glory,-19.28,5.92,-19.28,5.92,0.0,0.0,0.0,0.0025,direct,defending_direct
7_114,1925299,1,04:20.3,passing_option,,A. Faisal,Perth Glory,-6.48,22.34,-6.48,22.34,0.0,1.0,0.0,0.005,direct,defending_direct
8_50,1925299,1,04:22.2,player_possession,,B. Warland,Brisbane FC,0.89,-7.77,0.89,-7.77,,,,,create,medium_block
7_115,1925299,1,04:22.2,passing_option,,H. Van Der Saag,Brisbane FC,0.61,-21.84,0.61,-21.84,0.0,1.0,1.0,0.0006,create,medium_block
7_116,1925299,1,04:22.2,passing_option,,Walid Shour,Brisbane FC,13.29,-11.25,13.29,-11.25,0.0,0.0,0.0,0.0027,create,medium_block
7_117,1925299,1,04:22.2,passing_option,,L. Herrington,Brisbane FC,8.61,-11.87,8.61,-11.87,0.0,0.0,0.0,0.0013,create,medium_block
8_51,1925299,1,04:23.8,player_possession,,H. Van Der Saag,Brisbane FC,-2.91,-23.98,-4.06,-24.44,,,,,create,medium_block
7_118,1925299,1,04:23.8,passing_option,,L. Herrington,Brisbane FC,2.56,-12.29,-2.53,-12.94,0.0,0.0,0.0,0.0007,create,medium_block
1_31,1925299,1,04:23.8,off_ball_run,dropping_off,L. Herrington,Brisbane FC,2.56,-12.29,-5.53,-13.27,0.0,0.0,0.0,0.0007,create,medium_block
7_119,1925299,1,04:24.3,passing_option,,Walid Shour,Brisbane FC,7.69,-13.1,5.84,-15.04,0.0,1.0,1.0,0.001,create,medium_block
8_52,1925299,1,04:26.2,player_possession,,Walid Shour,Brisbane FC,3.1,-17.73,3.1,-17.73,,,,,create,medium_block
7_120,1925299,1,04:26.2,passing_option,,H. Van Der Saag,Brisbane FC,-5.25,-24.19,-5.25,-24.19,0.0,1.0,1.0,0.0004,create,medium_block
7_121,1925299,1,04:26.2,passing_option,,L. Herrington,Brisbane FC,-7.61,-13.35,-7.61,-13.35,0.0,0.0,0.0,0.0004,create,medium_block
1_32,1925299,1,04:26.3,off_ball_run,dropping_off,L. Herrington,Brisbane FC,-8.03,-13.35,-12.83,-13.25,0.0,0.0,0.0,0.0003,create,medium_block
8_53,1925299,1,04:27.1,player_possession,,H. Van Der Saag,Brisbane FC,-6.37,-24.55,0.9,-24.74,,,,,create,medium_block
7_122,1925299,1,04:27.1,passing_option,,L. Herrington,Brisbane FC,-11.56,-13.28,-19.06,-14.85,0.0,0.0,0.0,0.0003,create,medium_block
7_123,1925299,1,04:27.7,passing_option,,A. Zimarino,Brisbane FC,17.54,-30.74,13.11,-34.2,0.0,1.0,1.0,0.001,create,medium_block
7_124,1925299,1,04:28.2,passing_option,,J. O'Shea,Brisbane FC,7.17,-8.76,3.62,-10.87,0.0,0.0,0.0,0.002,create,medium_block
7_125,1925299,1,04:28.6,passing_option,,Walid Shour,Brisbane FC,0.48,-18.55,-1.13,-16.81,0.0,0.0,0.0,0.0011,create,medium_block
7_126,1925299,1,04:30.4,passing_option,,F. Bérenguer,Brisbane FC,19.57,-11.68,19.57,-11.68,0.0,0.0,0.0,0.0071,create,medium_block
1_33,1925299,1,04:30.5,off_ball_run,underlap,H. Van Der Saag,Brisbane FC,1.33,-24.76,16.12,-30.37,0.0,0.0,0.0,0.0069,create,medium_block
8_54,1925299,1,04:31.5,player_possession,,A. Zimarino,Brisbane FC,11.46,-34.01,6.32,-32.13,,,,,create,medium_block
7_127,1925299,1,04:31.5,passing_option,,F. Bérenguer,Brisbane FC,17.96,-11.97,17.15,-11.81,0.0,0.0,0.0,0.0052,create,medium_block
7_128,1925299,1,04:31.5,passing_option,,H. Van Der Saag,Brisbane FC,6.58,-25.29,11.44,-26.54,0.0,0.0,0.0,0.0069,create,medium_block
7_129,1925299,1,04:31.5,passing_option,,L. Herrington,Brisbane FC,-17.74,-18.01,-16.58,-20.24,0.0,1.0,1.0,0.0001,create,medium_block
8_55,1925299,1,04:35.2,player_possession,,L. Herrington,Brisbane FC,-18.76,-20.02,-17.45,-13.0,,,,,create,medium_block
7_130,1925299,1,04:35.2,passing_option,,B. Warland,Brisbane FC,-15.62,8.89,-18.34,13.28,0.0,1.0,1.0,0.0001,create,medium_block
8_56,1925299,1,04:38.7,player_possession,,B. Warland,Brisbane FC,-17.92,18.1,-15.08,20.46,,,,,create,medium_block
7_131,1925299,1,04:38.7,passing_option,,A. Burke-Gilroy,Brisbane FC,0.79,30.84,-2.13,33.07,0.0,0.0,0.0,0.0005,create,medium_block
7_132,1925299,1,04:39.9,passing_option,,M. Freke,Brisbane FC,-36.42,2.07,-36.51,2.29,0.0,1.0,1.0,0.0,create,medium_block
1_34,1925299,1,04:41.1,off_ball_run,coming_short,Walid Shour,Brisbane FC,-5.67,1.28,-13.96,2.68,0.0,1.0,1.0,0.0001,build_up,high_block
8_57,1925299,1,04:41.6,player_possession,,M. Freke,Brisbane FC,-38.22,2.46,-39.8,1.75,,,,,build_up,high_block
7_133,1925299,1,04:41.6,passing_option,,L. Herrington,Brisbane FC,-20.79,-2.38,-22.12,-3.74,0.0,0.0,0.0,0.0001,build_up,high_block
7_134,1925299,1,04:41.6,passing_option,,Walid Shour,Brisbane FC,-7.87,2.03,-13.96,2.68,0.0,1.0,1.0,0.0001,build_up,high_block
8_58,1925299,1,04:43.8,player_possession,,Walid Shour,Brisbane FC,-16.48,2.26,-17.63,0.64,,,,,create,medium_block
7_135,1925299,1,04:43.8,passing_option,,H. Van Der Saag,Brisbane FC,0.59,-30.84,-2.07,-31.31,0.0,0.0,0.0,0.0008,create,medium_block
7_136,1925299,1,04:43.8,passing_option,,L. Herrington,Brisbane FC,-23.91,-8.15,-24.92,-10.48,0.0,1.0,1.0,0.0002,create,medium_block
8_59,1925299,1,04:45.9,player_possession,,L. Herrington,Brisbane FC,-25.59,-12.71,-4.55,-17.25,,,,,create,medium_block
7_137,1925299,1,04:45.9,passing_option,,H. Van Der Saag,Brisbane FC,-3.9,-32.09,-5.22,-32.08,0.0,0.0,0.0,0.0002,create,medium_block
7_138,1925299,1,04:47.2,passing_option,,F. Bérenguer,Brisbane FC,2.68,-7.67,5.64,-11.1,0.0,1.0,1.0,0.0064,create,medium_block
7_139,1925299,1,04:48.4,passing_option,,K. Jelacic,Brisbane FC,10.38,-2.76,10.11,-11.9,0.0,0.0,0.0,0.0056,create,medium_block
7_140,1925299,1,04:48.4,passing_option,,A. Zimarino,Brisbane FC,8.49,-15.57,15.19,-16.95,0.0,0.0,0.0,0.0085,create,medium_block
7_141,1925299,1,04:48.6,passing_option,,T. Waddingham,Brisbane FC,11.21,-4.53,12.76,-5.37,0.0,0.0,0.0,0.0097,create,medium_block
7_142,1925299,1,04:48.7,passing_option,,Walid Shour,Brisbane FC,-13.55,-8.77,-12.58,-9.04,0.0,0.0,0.0,0.0005,create,medium_block
1_35,1925299,1,04:50.3,off_ball_run,pulling_half_space,F. Bérenguer,Brisbane FC,2.65,-7.55,7.64,-14.66,0.0,1.0,1.0,0.0064,create,medium_block
1_36,1925299,1,04:51.3,off_ball_run,pulling_wide,K. Jelacic,Brisbane FC,10.03,-12.37,24.03,-27.9,0.0,0.0,0.0,0.0055,create,medium_block
8_60,1925299,1,04:51.9,player_possession,,F. Bérenguer,Brisbane FC,7.64,-14.66,14.91,-22.89,,,,,create,medium_block
7_143,1925299,1,04:51.9,passing_option,,K. Jelacic,Brisbane FC,9.79,-15.36,17.49,-26.68,0.0,0.0,0.0,0.0055,create,medium_block
7_144,1925299,1,04:52.2,passing_option,,A. Zimarino,Brisbane FC,17.16,-15.63,22.37,-12.96,1.0,0.0,0.0,0.0224,create,medium_block
7_145,1925299,1,04:53.6,passing_option,,A. Burke-Gilroy,Brisbane FC,9.38,21.5,12.72,19.91,1.0,0.0,0.0,0.0286,create,medium_block
7_146,1925299,1,04:54.2,passing_option,,T. Waddingham,Brisbane FC,23.97,-4.95,24.31,-4.99,1.0,0.0,0.0,0.0389,create,medium_block
1_37,1925299,1,04:54.4,off_ball_run,cross_receiver,F. Bérenguer,Brisbane FC,15.47,-22.89,35.63,-13.43,1.0,0.0,0.0,0.0327,finish,low_block
1_38,1925299,1,04:54.4,off_ball_run,cross_receiver,A. Burke-Gilroy,Brisbane FC,13.25,19.64,38.19,7.89,1.0,0.0,0.0,0.0623,finish,low_block
1_39,1925299,1,04:55.2,off_ball_run,cross_receiver,T. Waddingham,Brisbane FC,27.76,-4.44,41.74,-0.71,1.0,0.0,0.0,0.0934,finish,low_block
8_61,1925299,1,04:57.7,player_possession,,K. Jelacic,Brisbane FC,40.63,-28.19,35.31,-23.23,,,,,finish,low_block
7_147,1925299,1,04:57.7,passing_option,,T. Waddingham,Brisbane FC,39.5,-1.13,44.58,1.08,1.0,0.0,0.0,0.074,finish,low_block
7_148,1925299,1,04:57.7,passing_option,,A. Zimarino,Brisbane FC,36.35,-8.82,41.76,-3.46,1.0,0.0,0.0,0.0533,finish,low_block
7_149,1925299,1,04:58.1,passing_option,,A. Burke-Gilroy,Brisbane FC,33.06,9.29,40.91,7.22,1.0,0.0,0.0,0.0623,finish,low_block
7_150,1925299,1,04:58.5,passing_option,,F. Bérenguer,Brisbane FC,36.16,-12.84,32.21,-14.53,1.0,0.0,0.0,0.0236,finish,low_block
7_151,1925299,1,04:59.6,passing_option,,H. Van Der Saag,Brisbane FC,18.58,-22.85,26.19,-22.7,0.0,1.0,1.0,0.0058,finish,low_block
7_152,1925299,1,05:02.1,passing_option,,L. Herrington,Brisbane FC,6.78,-10.78,6.93,-10.7,0.0,0.0,0.0,0.0015,finish,low_block
8_62,1925299,1,05:03.4,player_possession,,H. Van Der Saag,Brisbane FC,26.54,-22.54,26.83,-22.64,,,,,finish,low_block
7_153,1925299,1,05:03.4,passing_option,,Walid Shour,Brisbane FC,21.01,-9.23,19.44,-10.42,0.0,0.0,0.0,0.004,finish,low_block
7_154,1925299,1,05:03.4,passing_option,,F. Bérenguer,Brisbane FC,30.4,-16.71,28.81,-17.95,0.0,0.0,0.0,0.0037,finish,low_block
7_155,1925299,1,05:03.4,passing_option,,K. Jelacic,Brisbane FC,33.16,-25.41,34.37,-26.91,0.0,1.0,1.0,0.0089,finish,low_block
8_63,1925299,1,05:06.6,player_possession,,K. Jelacic,Brisbane FC,44.54,-21.11,44.54,-21.11,,,,,finish,low_block
7_156,1925299,1,05:06.6,passing_option,,T. Waddingham,Brisbane FC,43.66,-0.48,43.66,-0.48,1.0,1.0,0.0,0.1424,finish,low_block
7_157,1925299,1,05:06.6,passing_option,,A. Zimarino,Brisbane FC,40.89,-4.56,40.89,-4.56,1.0,0.0,0.0,0.0651,finish,low_block
8_64,1925299,1,05:07.3,player_possession,,R. Warland,Perth Glory,-33.61,17.15,-33.61,17.15,,,,,disruption,disruption
8_65,1925299,1,05:09.9,player_possession,,H. Van Der Saag,Brisbane FC,38.14,-27.21,46.32,-30.39,,,,,chaotic,chaotic
7_158,1925299,1,05:10.1,passing_option,,K. Jelacic,Brisbane FC,41.12,-15.08,39.91,-18.43,0.0,1.0,0.0,0.0073,chaotic,chaotic
7_159,1925299,1,05:10.7,passing_option,,T. Waddingham,Brisbane FC,44.18,-2.57,43.98,-2.06,1.0,0.0,0.0,0.0334,chaotic,chaotic
7_160,1925299,1,05:10.8,passing_option,,A. Zimarino,Brisbane FC,44.19,-6.04,43.84,-5.75,1.0,0.0,0.0,0.0284,chaotic,chaotic
7_161,1925299,1,05:11.1,passing_option,,A. Burke-Gilroy,Brisbane FC,40.94,2.7,41.01,2.88,1.0,0.0,0.0,0.0368,chaotic,chaotic
1_40,1925299,1,05:57.2,off_ball_run,run_ahead_of_the_ball,A. Bugarija,Perth Glory,-39.97,-2.06,-26.39,-16.74,0.0,1.0,1.0,0.0003,transition,defending_transition
8_66,1925299,1,05:59.5,player_possession,,D. Williams,Perth Glory,-42.19,-13.91,-32.88,-27.3,,,,,transition,defending_transition
7_162,1925299,1,05:59.5,passing_option,,A. Bugarija,Perth Glory,-38.2,-12.9,-37.3,-13.3,0.0,0.0,0.0,0.0003,transition,defending_transition
7_163,1925299,1,05:59.5,passing_option,,A. Faisal,Perth Glory,-26.74,1.08,-10.91,-8.62,0.0,0.0,0.0,0.0085,transition,defending_transition
7_164,1925299,1,06:02.2,passing_option,,A. Bugarija,Perth Glory,-25.56,-17.5,-25.23,-18.02,0.0,1.0,1.0,0.0003,transition,defending_transition
1_41,1925299,1,06:02.5,off_ball_run,run_ahead_of_the_ball,T. Ostler,Perth Glory,-31.73,-10.79,-13.88,-16.11,0.0,0.0,0.0,0.0027,transition,defending_transition
1_42,1925299,1,06:02.5,off_ball_run,pulling_wide,A. Faisal,Perth Glory,-10.47,-9.06,-0.93,-23.7,0.0,0.0,0.0,0.0019,transition,defending_transition
1_43,1925299,1,06:02.5,off_ball_run,overlap,D. Williams,Perth Glory,-32.46,-27.55,-5.81,-30.73,0.0,1.0,1.0,0.0026,transition,defending_transition
8_67,1925299,1,06:03.6,player_possession,,A. Bugarija,Perth Glory,-25.13,-20.42,-17.22,-22.57,,,,,transition,defending_transition
7_165,1925299,1,06:03.6,passing_option,,D. Williams,Perth Glory,-26.62,-29.39,-12.65,-30.56,0.0,1.0,1.0,0.0026,transition,defending_transition
7_166,1925299,1,06:03.6,passing_option,,A. Faisal,Perth Glory,-6.63,-14.03,-0.93,-23.7,0.0,0.0,0.0,0.0019,transition,defending_transition
7_167,1925299,1,06:03.9,passing_option,,T. Ostler,Perth Glory,-24.88,-14.68,-21.85,-15.48,0.0,0.0,0.0,0.0027,transition,defending_transition
1_44,1925299,1,06:05.8,off_ball_run,run_ahead_of_the_ball,T. Ostler,Perth Glory,-13.28,-16.12,13.44,-18.68,0.0,0.0,0.0,0.0124,create,medium_block
1_45,1925299,1,06:05.8,off_ball_run,run_ahead_of_the_ball,N. Pennington,Perth Glory,-11.22,-1.97,15.6,-2.52,0.0,1.0,0.0,0.0191,create,medium_block
8_68,1925299,1,06:06.8,player_possession,,D. Williams,Perth Glory,-5.81,-30.73,6.04,-31.76,,,,,create,medium_block
7_168,1925299,1,06:06.8,passing_option,,T. Ostler,Perth Glory,-7.36,-16.99,7.72,-18.56,0.0,0.0,0.0,0.0124,create,medium_block
7_169,1925299,1,06:06.8,passing_option,,A. Faisal,Perth Glory,0.49,-27.16,13.4,-26.7,0.0,0.0,0.0,0.0078,create,medium_block
1_46,1925299,1,06:07.1,off_ball_run,run_ahead_of_the_ball,A. Faisal,Perth Glory,1.54,-27.73,19.04,-25.61,0.0,0.0,0.0,0.0078,create,medium_block
7_170,1925299,1,06:09.0,passing_option,,N. Pennington,Perth Glory,7.8,-3.4,9.04,-3.25,0.0,1.0,0.0,0.0191,create,medium_block
1_47,1925299,1,06:09.3,off_ball_run,dropping_off,L. Herrington,Brisbane FC,-18.18,10.71,-37.16,-7.16,0.0,0.0,0.0,0.0001,build_up,high_block
1_48,1925299,1,06:09.3,off_ball_run,pulling_wide,A. Zimarino,Brisbane FC,-9.34,0.74,-14.59,-26.58,0.0,0.0,0.0,0.0008,build_up,high_block
8_69,1925299,1,06:12.4,player_possession,,J. O'Shea,Brisbane FC,-13.98,11.74,-18.61,-1.18,,,,,build_up,high_block
7_171,1925299,1,06:12.4,passing_option,,A. Zimarino,Brisbane FC,-20.25,-7.6,-19.47,-11.63,0.0,0.0,0.0,0.0008,build_up,high_block
7_172,1925299,1,06:12.4,passing_option,,K. Jelacic,Brisbane FC,-14.1,8.61,-14.23,5.33,0.0,0.0,0.0,0.0028,build_up,high_block
7_173,1925299,1,06:12.4,passing_option,,F. Bérenguer,Brisbane FC,-4.82,-1.89,-16.83,-13.98,0.0,1.0,1.0,0.0003,build_up,high_block
7_174,1925299,1,06:12.4,passing_option,,L. Herrington,Brisbane FC,-31.94,4.08,-35.86,-12.81,0.0,0.0,0.0,0.0001,build_up,high_block
7_175,1925299,1,06:16.6,passing_option,,K. Jelacic,Brisbane FC,-11.6,-1.31,-11.37,-2.06,0.0,0.0,0.0,0.0028,build_up,high_block
8_70,1925299,1,06:18.0,player_possession,,F. Bérenguer,Brisbane FC,-18.73,-15.37,-16.12,-17.79,,,,,create,medium_block
7_176,1925299,1,06:18.0,passing_option,,L. Herrington,Brisbane FC,-33.76,-14.19,-32.3,-14.65,0.0,0.0,0.0,0.0,create,medium_block
7_177,1925299,1,06:18.0,passing_option,,H. Van Der Saag,Brisbane FC,-23.99,-26.76,-19.51,-26.85,0.0,0.0,0.0,0.0001,create,medium_block
7_178,1925299,1,06:18.9,passing_option,,K. Jelacic,Brisbane FC,-9.17,-6.85,-7.65,-10.24,0.0,1.0,1.0,0.0013,create,medium_block
8_71,1925299,1,06:21.0,player_possession,,K. Jelacic,Brisbane FC,-7.09,-12.75,-7.09,-12.75,,,,,create,medium_block
7_179,1925299,1,06:21.0,passing_option,,H. Van Der Saag,Brisbane FC,-17.62,-26.9,-17.62,-26.9,0.0,0.0,0.0,0.0,create,medium_block
7_180,1925299,1,06:21.0,passing_option,,F. Bérenguer,Brisbane FC,-13.29,-19.01,-13.29,-19.01,0.0,1.0,1.0,0.0006,create,medium_block
8_72,1925299,1,06:22.0,player_possession,,F. Bérenguer,Brisbane FC,-12.63,-20.29,-12.89,-20.62,,,,,create,medium_block
7_181,1925299,1,06:22.0,passing_option,,J. O'Shea,Brisbane FC,-19.03,-8.16,-18.7,-9.59,0.0,1.0,1.0,0.0002,create,medium_block
7_182,1925299,1,06:22.0,passing_option,,H. Van Der Saag,Brisbane FC,-17.33,-27.13,-18.01,-27.36,0.0,0.0,0.0,0.0001,create,medium_block
7_183,1925299,1,06:22.8,passing_option,,L. Herrington,Brisbane FC,-26.05,-14.97,-26.03,-15.04,0.0,0.0,0.0,0.0001,create,medium_block
8_73,1925299,1,06:30.1,player_possession,,J. O'Shea,Brisbane FC,-17.06,-9.19,-16.76,-9.31,,,,,create,medium_block
7_184,1925299,1,06:30.1,passing_option,,Walid Shour,Brisbane FC,-8.92,-11.62,-9.17,-11.09,0.0,0.0,0.0,0.001,create,medium_block
7_185,1925299,1,06:30.3,passing_option,,H. Van Der Saag,Brisbane FC,-12.91,-21.7,-12.79,-21.35,0.0,1.0,1.0,0.0005,create,medium_block
7_186,1925299,1,06:30.3,passing_option,,B. Warland,Brisbane FC,-22.43,8.18,-22.47,8.37,0.0,0.0,0.0,0.0001,create,medium_block
8_74,1925299,1,06:30.7,player_possession,,H. Van Der Saag,Brisbane FC,-12.64,-21.01,-12.64,-21.01,,,,,create,medium_block
7_187,1925299,1,06:30.7,passing_option,,J. O'Shea,Brisbane FC,-16.55,-9.36,-16.55,-9.36,0.0,0.0,0.0,0.0006,create,medium_block
7_188,1925299,1,06:30.7,passing_option,,B. Warland,Brisbane FC,-22.5,8.57,-22.5,8.57,0.0,0.0,0.0,0.0001,create,medium_block
7_189,1925299,1,06:30.7,passing_option,,A. Burke-Gilroy,Brisbane FC,-3.11,24.79,-3.11,24.79,0.0,0.0,0.0,0.0005,create,medium_block
7_190,1925299,1,06:30.7,passing_option,,L. Herrington,Brisbane FC,-24.49,-13.34,-24.49,-13.34,0.0,1.0,1.0,0.0001,create,medium_block
8_75,1925299,1,06:31.8,player_possession,,L. Herrington,Brisbane FC,-23.66,-12.76,-21.85,-12.21,,,,,create,medium_block
7_191,1925299,1,06:31.8,passing_option,,B. Warland,Brisbane FC,-22.74,9.75,-22.64,10.98,0.0,0.0,0.0,0.0002,create,medium_block
7_192,1925299,1,06:32.8,passing_option,,H. Van Der Saag,Brisbane FC,-11.74,-19.24,-13.86,-21.1,0.0,0.0,0.0,0.0004,create,medium_block
7_193,1925299,1,06:33.0,passing_option,,Walid Shour,Brisbane FC,-9.92,-7.37,-11.3,-6.77,0.0,0.0,0.0,0.0004,create,medium_block
7_194,1925299,1,06:34.3,passing_option,,J. O'Shea,Brisbane FC,-6.68,-15.72,-6.17,-16.21,0.0,1.0,1.0,0.0008,create,medium_block
8_76,1925299,1,06:35.6,player_possession,,J. O'Shea,Brisbane FC,-3.68,-18.46,-1.27,-23.44,,,,,direct,defending_direct
7_195,1925299,1,06:35.6,passing_option,,H. Van Der Saag,Brisbane FC,-15.77,-22.62,-11.27,-30.44,0.0,0.0,0.0,0.0003,direct,defending_direct
7_196,1925299,1,06:36.1,passing_option,,F. Bérenguer,Brisbane FC,6.12,-10.06,9.83,-22.11,0.0,0.0,0.0,0.0045,direct,defending_direct
7_197,1925299,1,06:36.7,passing_option,,A. Zimarino,Brisbane FC,11.07,-13.93,9.24,-18.6,0.0,0.0,0.0,0.0023,direct,defending_direct
1_49,1925299,1,06:37.2,off_ball_run,support,H. Van Der Saag,Brisbane FC,-15.35,-27.45,-11.98,-30.17,0.0,0.0,0.0,0.0003,direct,defending_direct
8_77,1925299,1,06:41.2,player_possession,,T. Mrčela,Perth Glory,-33.84,24.45,-33.84,24.45,,,,,chaotic,chaotic
8_78,1925299,1,06:51.6,player_possession,,L. Herrington,Brisbane FC,1.13,-23.0,0.96,-20.52,,,,,create,medium_block
7_198,1925299,1,06:51.6,passing_option,,B. Warland,Brisbane FC,-0.55,-2.98,-1.95,-0.4,0.0,1.0,1.0,0.0007,create,medium_block
1_50,1925299,1,06:52.7,off_ball_run,dropping_off,A. Burke-Gilroy,Brisbane FC,16.4,16.71,7.16,26.76,0.0,1.0,1.0,0.0006,create,medium_block
8_79,1925299,1,06:54.4,player_possession,,B. Warland,Brisbane FC,-1.79,5.41,-0.44,10.21,,,,,create,medium_block
7_199,1925299,1,06:54.4,passing_option,,A. Burke-Gilroy,Brisbane FC,10.93,23.88,6.5,27.17,0.0,1.0,1.0,0.0006,create,medium_block
1_51,1925299,1,06:55.7,off_ball_run,dropping_off,B. Warland,Brisbane FC,-0.45,10.64,-7.34,19.96,0.0,1.0,1.0,0.0004,create,medium_block
8_80,1925299,1,06:56.9,player_possession,,A. Burke-Gilroy,Brisbane FC,3.78,28.14,3.07,28.7,,,,,create,medium_block
7_200,1925299,1,06:56.9,passing_option,,B. Warland,Brisbane FC,-2.84,15.24,-7.98,20.43,0.0,1.0,1.0,0.0004,create,medium_block
7_201,1925299,1,06:57.4,passing_option,,K. Jelacic,Brisbane FC,24.41,18.12,23.46,19.51,0.0,0.0,0.0,0.0045,create,medium_block
8_81,1925299,1,07:00.0,player_possession,,B. Warland,Brisbane FC,-11.35,22.13,-11.35,22.13,,,,,direct,defending_direct
8_82,1925299,1,07:19.8,player_possession,,K. Jelacic,Brisbane FC,25.9,28.28,25.9,28.28,,,,,finish,low_block
7_202,1925299,1,07:19.8,passing_option,,B. Warland,Brisbane FC,8.61,29.29,8.61,29.29,0.0,0.0,0.0,0.0009,finish,low_block
7_203,1925299,1,07:19.8,passing_option,,A. Burke-Gilroy,Brisbane FC,27.37,34.35,27.37,34.35,0.0,1.0,1.0,0.0024,finish,low_block
8_83,1925299,1,07:20.6,player_possession,,A. Burke-Gilroy,Brisbane FC,27.19,34.06,26.61,33.85,,,,,finish,low_block
7_204,1925299,1,07:20.6,passing_option,,K. Jelacic,Brisbane FC,23.85,29.23,20.95,32.16,0.0,0.0,0.0,0.0018,finish,low_block
7_205,1925299,1,07:21.0,passing_option,,J. O'Shea,Brisbane FC,21.09,21.53,22.19,21.63,0.0,1.0,1.0,0.0116,finish,low_block
8_84,1925299,1,07:22.7,player_possession,,J. O'Shea,Brisbane FC,23.46,21.2,25.39,19.43,,,,,finish,low_block
7_206,1925299,1,07:22.7,passing_option,,T. Waddingham,Brisbane FC,31.53,20.85,34.3,20.97,1.0,1.0,0.0,0.0269,finish,low_block
7_207,1925299,1,07:22.8,passing_option,,Walid Shour,Brisbane FC,16.25,18.42,16.12,17.2,0.0,0.0,0.0,0.004,finish,low_block
7_208,1925299,1,07:22.8,passing_option,,A. Zimarino,Brisbane FC,34.27,6.06,36.07,8.74,1.0,0.0,0.0,0.0332,finish,low_block
7_209,1925299,1,07:23.1,passing_option,,F. Bérenguer,Brisbane FC,34.75,12.38,32.57,11.24,0.0,0.0,0.0,0.0128,finish,low_block
1_52,1925299,1,07:23.7,off_ball_run,behind,A. Zimarino,Brisbane FC,35.48,8.04,38.75,11.45,1.0,0.0,0.0,0.0332,finish,low_block
8_85,1925299,1,07:25.0,player_possession,,J. O'Shea,Brisbane FC,26.29,17.71,20.39,14.9,,,,,finish,low_block
7_210,1925299,1,07:25.0,passing_option,,A. Zimarino,Brisbane FC,39.51,12.13,39.7,12.31,1.0,0.0,0.0,0.0295,finish,low_block
7_211,1925299,1,07:25.2,passing_option,,Walid Shour,Brisbane FC,17.81,12.73,15.47,10.31,0.0,0.0,0.0,0.005,finish,low_block
7_212,1925299,1,07:25.3,passing_option,,B. Warland,Brisbane FC,9.61,25.25,9.16,23.73,0.0,0.0,0.0,0.0017,finish,low_block
7_213,1925299,1,07:25.9,passing_option,,H. Van Der Saag,Brisbane FC,15.98,-6.29,18.87,-10.73,0.0,1.0,1.0,0.012,finish,low_block
7_214,1925299,1,07:25.9,passing_option,,L. Herrington,Brisbane FC,5.42,10.5,4.4,8.47,0.0,0.0,0.0,0.0017,finish,low_block
1_53,1925299,1,07:26.8,off_ball_run,run_ahead_of_the_ball,H. Van Der Saag,Brisbane FC,17.56,-8.88,41.66,-29.18,0.0,1.0,1.0,0.012,finish,low_block
7_215,1925299,1,07:27.3,passing_option,,F. Bérenguer,Brisbane FC,28.26,4.79,28.26,4.79,0.0,0.0,0.0,0.0165,finish,low_block
8_86,1925299,1,07:32.1,player_possession,,H. Van Der Saag,Brisbane FC,42.24,-29.61,45.13,-30.62,,,,,finish,low_block
7_216,1925299,1,07:32.1,passing_option,,F. Bérenguer,Brisbane FC,35.39,-4.55,39.66,-6.16,1.0,1.0,0.0,0.0284,finish,low_block
7_217,1925299,1,07:33.1,passing_option,,A. Zimarino,Brisbane FC,40.92,-1.23,41.67,-1.56,1.0,0.0,0.0,0.0452,finish,low_block
1_54,1925299,1,07:33.3,off_ball_run,cross_receiver,F. Bérenguer,Brisbane FC,39.26,-6.01,43.86,-7.63,1.0,1.0,0.0,0.0284,finish,low_block
8_87,1925299,1,07:36.1,player_possession,,T. Mrčela,Perth Glory,-49.42,10.23,-49.42,10.23,,,,,chaotic,chaotic
8_88,1925299,1,07:43.6,player_possession,,Walid Shour,Brisbane FC,29.94,-27.73,19.98,-18.77,,,,,finish,low_block
7_218,1925299,1,07:43.6,passing_option,,H. Van Der Saag,Brisbane FC,37.66,-34.12,37.12,-33.96,0.0,0.0,0.0,0.0057,finish,low_block
7_219,1925299,1,07:43.6,passing_option,,L. Herrington,Brisbane FC,14.94,-18.17,9.8,-18.4,0.0,0.0,0.0,0.0023,finish,low_block
7_220,1925299,1,07:45.1,passing_option,,B. Warland,Brisbane FC,7.66,-0.89,5.96,0.8,0.0,1.0,1.0,0.0016,finish,low_block
1_55,1925299,1,07:46.6,off_ball_run,dropping_off,A. Burke-Gilroy,Brisbane FC,25.62,15.97,13.13,27.3,0.0,0.0,0.0,0.0017,create,medium_block
1_56,1925299,1,07:46.6,off_ball_run,coming_short,Walid Shour,Brisbane FC,19.85,-18.23,12.34,-0.6,0.0,1.0,1.0,0.0025,create,medium_block
8_89,1925299,1,07:48.8,player_possession,,B. Warland,Brisbane FC,2.65,6.14,2.7,6.8,,,,,create,medium_block
7_221,1925299,1,07:48.8,passing_option,,A. Burke-Gilroy,Brisbane FC,18.19,24.55,12.06,27.72,0.0,0.0,0.0,0.0017,create,medium_block
7_222,1925299,1,07:48.8,passing_option,,L. Herrington,Brisbane FC,4.88,-14.1,0.6,-13.2,0.0,0.0,0.0,0.0012,create,medium_block
7_223,1925299,1,07:49.1,passing_option,,J. O'Shea,Brisbane FC,14.86,6.71,12.4,10.13,0.0,0.0,0.0,0.002,create,medium_block
7_224,1925299,1,07:49.4,passing_option,,H. Van Der Saag,Brisbane FC,27.99,-32.71,25.16,-32.7,0.0,0.0,0.0,0.0043,create,medium_block
7_225,1925299,1,07:49.5,passing_option,,Walid Shour,Brisbane FC,14.96,-4.22,12.85,-1.26,0.0,1.0,1.0,0.0025,create,medium_block
8_90,1925299,1,07:51.3,player_possession,,Walid Shour,Brisbane FC,10.77,1.81,9.86,4.63,,,,,finish,low_block
7_226,1925299,1,07:51.3,passing_option,,J. O'Shea,Brisbane FC,10.28,10.78,9.44,11.06,0.0,1.0,1.0,0.0021,finish,low_block
7_227,1925299,1,07:51.4,passing_option,,K. Jelacic,Brisbane FC,23.5,8.85,21.26,9.02,0.0,0.0,0.0,0.0066,finish,low_block
7_228,1925299,1,07:52.2,passing_option,,A. Burke-Gilroy,Brisbane FC,8.14,29.52,8.14,29.52,0.0,0.0,0.0,0.0011,finish,low_block
8_91,1925299,1,07:52.8,player_possession,,J. O'Shea,Brisbane FC,9.41,11.21,9.41,11.21,,,,,finish,low_block
7_229,1925299,1,07:52.8,passing_option,,Walid Shour,Brisbane FC,9.5,5.78,9.5,5.78,0.0,0.0,0.0,0.0042,finish,low_block
7_230,1925299,1,07:52.8,passing_option,,K. Jelacic,Brisbane FC,19.8,8.88,19.8,8.88,0.0,0.0,0.0,0.0074,finish,low_block
7_231,1925299,1,07:52.8,passing_option,,L. Herrington,Brisbane FC,-1.93,-11.43,-1.93,-11.43,0.0,1.0,1.0,0.0016,finish,low_block
8_92,1925299,1,07:54.5,player_possession,,L. Herrington,Brisbane FC,1.77,-9.79,5.85,-11.73,,,,,create,medium_block
7_232,1925299,1,07:54.5,passing_option,,Walid Shour,Brisbane FC,8.26,2.11,8.41,-2.16,0.0,0.0,0.0,0.0026,create,medium_block
7_233,1925299,1,07:54.5,passing_option,,H. Van Der Saag,Brisbane FC,15.52,-29.93,17.74,-30.86,0.0,1.0,1.0,0.003,create,medium_block
7_234,1925299,1,07:54.5,passing_option,,F. Bérenguer,Brisbane FC,17.46,-9.43,15.71,-12.19,0.0,0.0,0.0,0.0028,create,medium_block
1_57,1925299,1,07:54.8,off_ball_run,coming_short,Walid Shour,Brisbane FC,8.19,0.88,8.71,-3.83,0.0,0.0,0.0,0.0026,create,medium_block
1_58,1925299,1,07:56.5,off_ball_run,coming_short,F. Bérenguer,Brisbane FC,15.73,-15.21,17.63,-23.68,0.0,1.0,1.0,0.0017,finish,low_block
8_93,1925299,1,07:57.3,player_possession,,H. Van Der Saag,Brisbane FC,22.5,-31.68,23.61,-32.0,,,,,finish,low_block
7_235,1925299,1,07:57.3,passing_option,,F. Bérenguer,Brisbane FC,16.38,-18.84,17.1,-21.54,0.0,1.0,1.0,0.0017,finish,low_block
7_236,1925299,1,07:57.3,passing_option,,A. Zimarino,Brisbane FC,29.08,-10.68,30.94,-12.42,0.0,0.0,0.0,0.0119,finish,low_block
1_59,1925299,1,07:58.0,off_ball_run,pulling_wide,A. Zimarino,Brisbane FC,31.2,-12.77,31.61,-21.93,0.0,0.0,0.0,0.0046,finish,low_block
8_94,1925299,1,07:59.0,player_possession,,F. Bérenguer,Brisbane FC,17.95,-25.9,19.85,-22.23,,,,,finish,low_block
7_237,1925299,1,07:59.0,passing_option,,H. Van Der Saag,Brisbane FC,24.88,-32.57,25.82,-33.75,0.0,0.0,0.0,0.003,finish,low_block
7_238,1925299,1,07:59.0,passing_option,,A. Zimarino,Brisbane FC,32.13,-17.18,27.68,-18.79,0.0,0.0,0.0,0.0083,finish,low_block
7_239,1925299,1,07:59.0,passing_option,,Walid Shour,Brisbane FC,12.21,-14.28,22.69,-17.44,0.0,0.0,0.0,0.0102,finish,low_block
1_60,1925299,1,08:01.0,off_ball_run,support,Walid Shour,Brisbane FC,16.27,-18.52,20.13,-18.11,0.0,0.0,0.0,0.0102,finish,low_block
7_240,1925299,1,08:02.9,passing_option,,J. O'Shea,Brisbane FC,18.15,-1.56,17.39,-4.65,0.0,1.0,1.0,0.004,finish,low_block
7_241,1925299,1,08:03.2,passing_option,,L. Herrington,Brisbane FC,1.13,-18.12,0.66,-18.07,0.0,0.0,0.0,0.0007,finish,low_block
1_61,1925299,1,08:04.3,off_ball_run,coming_short,J. O'Shea,Brisbane FC,16.62,-6.44,14.69,-8.82,0.0,1.0,1.0,0.004,finish,low_block
8_95,1925299,1,08:05.1,player_possession,,J. O'Shea,Brisbane FC,14.43,-9.12,17.98,-8.58,,,,,finish,low_block
7_242,1925299,1,08:05.1,passing_option,,L. Herrington,Brisbane FC,-0.17,-17.54,-0.33,-16.96,0.0,0.0,0.0,0.0009,finish,low_block
7_243,1925299,1,08:06.0,passing_option,,Walid Shour,Brisbane FC,21.59,-15.4,22.6,-11.72,0.0,0.0,0.0,0.0108,finish,low_block
7_244,1925299,1,08:06.3,passing_option,,A. Zimarino,Brisbane FC,25.9,-7.61,25.3,-3.07,0.0,1.0,1.0,0.0121,finish,low_block
7_245,1925299,1,08:06.4,passing_option,,A. Burke-Gilroy,Brisbane FC,23.62,25.03,23.98,25.33,0.0,0.0,0.0,0.0105,finish,low_block
7_246,1925299,1,08:06.5,passing_option,,K. Jelacic,Brisbane FC,28.62,-4.56,28.51,-5.58,0.0,0.0,0.0,0.0129,finish,low_block
8_96,1925299,1,08:09.5,player_possession,,A. Lebib,Perth Glory,-30.94,2.44,-30.94,2.44,,,,,build_up,high_block
7_247,1925299,1,08:09.5,passing_option,,T. Gomulka,Perth Glory,-27.16,3.26,-27.16,3.26,0.0,0.0,0.0,0.0004,build_up,high_block
7_248,1925299,1,08:09.5,passing_option,,N. Pennington,Perth Glory,-27.35,7.37,-27.35,7.37,0.0,1.0,1.0,0.0004,build_up,high_block
7_249,1925299,1,08:09.5,passing_option,,A. Bugarija,Perth Glory,-15.36,7.9,-15.36,7.9,0.0,0.0,0.0,0.0023,build_up,high_block
7_250,1925299,1,08:09.5,passing_option,,A. Faisal,Perth Glory,-24.76,18.44,-24.76,18.44,0.0,0.0,0.0,0.0007,build_up,high_block
8_97,1925299,1,08:09.9,player_possession,,N. Pennington,Perth Glory,-28.64,6.68,-30.46,6.35,,,,,build_up,high_block
7_251,1925299,1,08:09.9,passing_option,,D. Williams,Perth Glory,-20.28,5.67,-20.47,4.79,0.0,0.0,0.0,0.0024,build_up,high_block
7_252,1925299,1,08:09.9,passing_option,,A. Bugarija,Perth Glory,-15.03,7.44,-14.9,6.94,0.0,0.0,0.0,0.0021,build_up,high_block
7_253,1925299,1,08:10.0,passing_option,,A. Faisal,Perth Glory,-25.84,17.44,-26.75,15.62,0.0,0.0,0.0,0.0011,build_up,high_block
1_62,1925299,1,08:10.7,off_ball_run,coming_short,A. Faisal,Perth Glory,-26.81,15.2,-27.15,11.53,0.0,0.0,0.0,0.0011,build_up,high_block
8_98,1925299,1,08:13.5,player_possession,,A. Lebib,Perth Glory,-34.13,2.14,-34.13,2.14,,,,,build_up,high_block
7_254,1925299,1,08:13.5,passing_option,,T. Gomulka,Perth Glory,-29.91,-0.03,-29.91,-0.03,0.0,0.0,0.0,0.0011,build_up,high_block
7_255,1925299,1,08:13.5,passing_option,,D. Williams,Perth Glory,-19.29,2.08,-19.29,2.08,0.0,0.0,0.0,0.0035,build_up,high_block
7_256,1925299,1,08:13.5,passing_option,,T. Ostler,Perth Glory,-24.55,-6.6,-24.55,-6.6,0.0,0.0,0.0,0.0017,build_up,high_block
7_257,1925299,1,08:13.5,passing_option,,A. Bugarija,Perth Glory,-19.39,10.58,-19.39,10.58,0.0,0.0,0.0,0.001,build_up,high_block
7_258,1925299,1,08:13.5,passing_option,,A. Faisal,Perth Glory,-27.83,7.53,-27.83,7.53,0.0,1.0,1.0,0.0017,build_up,high_block
8_99,1925299,1,08:17.2,player_possession,,R. Warland,Perth Glory,-32.76,17.99,-36.25,22.4,,,,,build_up,high_block
7_259,1925299,1,08:18.2,passing_option,,C. Cook,Perth Glory,-49.09,4.84,-49.25,5.62,0.0,1.0,1.0,0.0,build_up,high_block
8_100,1925299,1,08:20.2,player_possession,,C. Cook,Perth Glory,-49.06,9.44,-49.06,9.44,,,,,build_up,high_block
7_260,1925299,1,08:20.2,passing_option,,A. Faisal,Perth Glory,-21.82,21.92,-21.82,21.92,0.0,1.0,0.0,0.0003,build_up,high_block
8_101,1925299,1,08:32.1,player_possession,,M. Freke,Brisbane FC,-42.33,-7.29,-42.44,-5.19,,,,,build_up,high_block
7_261,1925299,1,08:32.1,passing_option,,B. Warland,Brisbane FC,-29.78,-2.4,-31.09,1.48,0.0,1.0,1.0,0.0,build_up,high_block
8_102,1925299,1,08:35.2,player_possession,,B. Warland,Brisbane FC,-30.44,4.86,-29.57,5.89,,,,,build_up,high_block
7_262,1925299,1,08:35.2,passing_option,,A. Burke-Gilroy,Brisbane FC,-10.42,28.81,-9.66,31.21,0.0,0.0,0.0,0.0003,build_up,high_block
7_263,1925299,1,08:36.0,passing_option,,J. O'Shea,Brisbane FC,-14.35,2.48,-14.39,3.06,0.0,1.0,1.0,0.0006,build_up,high_block
8_103,1925299,1,08:37.6,player_possession,,J. O'Shea,Brisbane FC,-16.09,6.32,-18.28,-0.18,,,,,create,medium_block
7_264,1925299,1,08:37.6,passing_option,,A. Burke-Gilroy,Brisbane FC,-8.51,32.79,-8.37,32.9,0.0,0.0,0.0,0.0004,create,medium_block
7_265,1925299,1,08:37.6,passing_option,,B. Warland,Brisbane FC,-28.53,9.37,-27.17,13.59,0.0,0.0,0.0,0.0002,create,medium_block
7_266,1925299,1,08:37.7,passing_option,,L. Herrington,Brisbane FC,-27.41,-11.68,-24.12,-12.65,0.0,0.0,0.0,0.0001,create,medium_block
7_267,1925299,1,08:39.4,passing_option,,H. Van Der Saag,Brisbane FC,-15.77,-25.57,-15.51,-23.14,0.0,0.0,0.0,0.0001,create,medium_block
7_268,1925299,1,08:40.3,passing_option,,A. Zimarino,Brisbane FC,5.63,-22.69,5.74,-23.79,0.0,1.0,1.0,0.0011,create,medium_block
8_104,1925299,1,08:43.8,player_possession,,A. Zimarino,Brisbane FC,6.14,-31.58,0.8,-29.76,,,,,create,medium_block
7_269,1925299,1,08:43.8,passing_option,,H. Van Der Saag,Brisbane FC,-12.89,-23.34,-10.02,-27.9,0.0,1.0,1.0,0.0003,create,medium_block
7_270,1925299,1,08:46.3,passing_option,,L. Herrington,Brisbane FC,-19.41,-16.86,-21.01,-17.84,0.0,0.0,0.0,0.0,create,medium_block
7_271,1925299,1,08:47.0,passing_option,,Walid Shour,Brisbane FC,-5.6,-11.49,-5.19,-13.44,0.0,0.0,0.0,0.0011,create,medium_block
8_105,1925299,1,08:47.8,player_possession,,H. Van Der Saag,Brisbane FC,-10.06,-27.38,-9.42,-22.54,,,,,create,medium_block
7_272,1925299,1,08:47.8,passing_option,,Walid Shour,Brisbane FC,-5.07,-14.03,-4.24,-17.97,0.0,0.0,0.0,0.001,create,medium_block
7_273,1925299,1,08:47.8,passing_option,,L. Herrington,Brisbane FC,-21.29,-17.87,-21.78,-16.54,0.0,0.0,0.0,0.0001,create,medium_block
7_274,1925299,1,08:49.0,passing_option,,J. O'Shea,Brisbane FC,-4.6,-4.17,-6.06,-6.87,0.0,0.0,0.0,0.0009,create,medium_block
7_275,1925299,1,08:49.2,passing_option,,B. Warland,Brisbane FC,-19.67,5.99,-19.93,5.92,0.0,1.0,1.0,0.0001,create,medium_block
8_106,1925299,1,08:51.9,player_possession,,B. Warland,Brisbane FC,-20.01,6.8,-18.88,9.57,,,,,create,medium_block
7_276,1925299,1,08:51.9,passing_option,,L. Herrington,Brisbane FC,-20.35,-12.4,-20.12,-11.58,0.0,0.0,0.0,0.0002,create,medium_block
7_277,1925299,1,08:51.9,passing_option,,A. Burke-Gilroy,Brisbane FC,-4.49,28.92,-4.83,30.44,0.0,1.0,1.0,0.0003,create,medium_block
7_278,1925299,1,08:53.1,passing_option,,K. Jelacic,Brisbane FC,9.11,11.7,8.9,11.79,0.0,0.0,0.0,0.0021,create,medium_block
8_107,1925299,1,08:54.7,player_possession,,A. Burke-Gilroy,Brisbane FC,-5.58,29.42,-2.85,28.47,,,,,create,medium_block
7_279,1925299,1,08:54.7,passing_option,,B. Warland,Brisbane FC,-18.39,14.99,-18.67,18.96,0.0,0.0,0.0,0.0002,create,medium_block
7_280,1925299,1,08:54.7,passing_option,,K. Jelacic,Brisbane FC,4.08,13.99,0.48,18.69,0.0,1.0,1.0,0.0017,create,medium_block
1_63,1925299,1,08:56.5,off_ball_run,run_ahead_of_the_ball,A. Burke-Gilroy,Brisbane FC,-2.42,28.45,4.9,29.34,0.0,1.0,0.0,0.0027,create,medium_block
8_108,1925299,1,08:56.6,player_possession,,K. Jelacic,Brisbane FC,0.41,19.46,0.41,19.46,,,,,create,medium_block
7_281,1925299,1,08:56.6,passing_option,,B. Warland,Brisbane FC,-18.66,20.28,-18.66,20.28,0.0,0.0,0.0,0.0002,create,medium_block
7_282,1925299,1,08:56.6,passing_option,,A. Burke-Gilroy,Brisbane FC,-1.95,28.46,-1.95,28.46,0.0,1.0,0.0,0.0027,create,medium_block
8_109,1925299,1,08:59.2,player_possession,,K. Jelacic,Brisbane FC,4.53,29.83,18.54,21.14,,,,,finish,low_block
7_283,1925299,1,08:59.2,passing_option,,A. Burke-Gilroy,Brisbane FC,11.66,31.03,25.78,32.17,0.0,0.0,0.0,0.0171,finish,low_block
7_284,1925299,1,09:00.4,passing_option,,F. Bérenguer,Brisbane FC,15.85,11.19,25.08,13.89,1.0,0.0,0.0,0.0245,finish,low_block
7_285,1925299,1,09:00.4,passing_option,,T. Waddingham,Brisbane FC,22.47,13.35,28.97,10.21,1.0,0.0,0.0,0.0357,finish,low_block
1_64,1925299,1,09:00.6,off_ball_run,run_ahead_of_the_ball,A. Burke-Gilroy,Brisbane FC,14.21,33.02,26.72,31.78,0.0,0.0,0.0,0.0171,finish,low_block
1_65,1925299,1,09:00.9,off_ball_run,run_ahead_of_the_ball,F. Bérenguer,Brisbane FC,17.59,11.96,25.08,13.89,1.0,0.0,0.0,0.0245,finish,low_block
8_110,1925299,1,09:02.9,player_possession,,N. Pennington,Perth Glory,-19.93,-18.15,-8.64,-15.04,,,,,transition,defending_transition
7_286,1925299,1,09:02.9,passing_option,,T. Gomulka,Perth Glory,-20.26,-21.47,-21.27,-20.74,0.0,0.0,0.0,0.0004,transition,defending_transition
7_287,1925299,1,09:02.9,passing_option,,T. Ostler,Perth Glory,-27.77,-23.3,-28.64,-22.8,0.0,0.0,0.0,0.0002,transition,defending_transition
7_288,1925299,1,09:02.9,passing_option,,J. Risdon,Perth Glory,-17.72,-26.79,-8.85,-25.53,0.0,1.0,1.0,0.0058,transition,defending_transition
7_289,1925299,1,09:03.1,passing_option,,A. Bugarija,Perth Glory,-1.31,-9.53,0.05,-11.68,0.0,0.0,0.0,0.0049,transition,defending_transition
7_290,1925299,1,09:03.2,passing_option,,A. Faisal,Perth Glory,-8.87,0.71,-2.28,-0.2,0.0,0.0,0.0,0.0141,transition,defending_transition
7_291,1925299,1,09:03.4,passing_option,,D. Williams,Perth Glory,2.28,-17.57,2.06,-13.64,0.0,0.0,0.0,0.005,transition,defending_transition
1_66,1925299,1,09:04.3,off_ball_run,run_ahead_of_the_ball,J. Risdon,Perth Glory,-17.17,-24.89,-0.01,-25.19,0.0,1.0,1.0,0.0058,transition,defending_transition
1_67,1925299,1,09:04.8,off_ball_run,run_ahead_of_the_ball,A. Faisal,Perth Glory,-7.23,0.1,-2.28,-0.2,0.0,0.0,0.0,0.0141,transition,defending_transition
1_68,1925299,1,09:05.9,off_ball_run,behind,A. Faisal,Perth Glory,-1.74,-0.27,33.79,-21.48,1.0,0.0,0.0,0.0353,transition,defending_transition
1_69,1925299,1,09:07.2,off_ball_run,run_ahead_of_the_ball,A. Bugarija,Perth Glory,4.03,-12.38,29.48,-11.46,1.0,0.0,0.0,0.026,transition,defending_transition
8_111,1925299,1,09:07.4,player_possession,,J. Risdon,Perth Glory,-0.01,-25.19,24.34,-18.04,,,,,transition,defending_transition
7_292,1925299,1,09:07.4,passing_option,,A. Bugarija,Perth Glory,4.91,-12.57,25.75,-12.13,1.0,0.0,0.0,0.026,transition,defending_transition
7_293,1925299,1,09:07.9,passing_option,,A. Faisal,Perth Glory,10.76,-2.95,33.79,-21.48,1.0,0.0,0.0,0.0353,transition,defending_transition
8_112,1925299,1,09:13.9,player_possession,,Walid Shour,Brisbane FC,-30.25,12.92,-30.25,12.92,,,,,chaotic,chaotic
7_294,1925299,1,09:13.9,passing_option,,J. O'Shea,Brisbane FC,-26.33,20.43,-26.33,20.43,0.0,1.0,1.0,0.0006,chaotic,chaotic
7_295,1925299,1,09:13.9,passing_option,,A. Burke-Gilroy,Brisbane FC,-29.93,15.84,-29.93,15.84,0.0,0.0,0.0,0.0004,chaotic,chaotic
7_296,1925299,1,09:13.9,passing_option,,T. Waddingham,Brisbane FC,2.83,4.09,2.83,4.09,0.0,0.0,0.0,0.003,chaotic,chaotic
8_113,1925299,1,09:14.9,player_possession,,J. O'Shea,Brisbane FC,-24.8,22.36,-20.15,25.85,,,,,chaotic,chaotic
7_297,1925299,1,09:14.9,passing_option,,T. Waddingham,Brisbane FC,-1.66,5.89,-6.74,8.62,0.0,0.0,0.0,0.0015,chaotic,chaotic
7_298,1925299,1,09:14.9,passing_option,,F. Bérenguer,Brisbane FC,-7.33,16.42,-9.17,18.69,0.0,0.0,0.0,0.0026,chaotic,chaotic
8_114,1925299,1,09:16.6,player_possession,,T. Ostler,Perth Glory,17.19,-26.75,17.19,-26.75,,,,,finish,low_block
7_299,1925299,1,09:16.6,passing_option,,J. Risdon,Perth Glory,19.66,-23.52,19.66,-23.52,0.0,0.0,0.0,0.0017,finish,low_block
7_300,1925299,1,09:16.6,passing_option,,A. Faisal,Perth Glory,30.76,-23.25,30.76,-23.25,0.0,0.0,0.0,0.0057,finish,low_block
8_115,1925299,1,09:18.1,player_possession,,N. Pennington,Perth Glory,23.56,-21.51,23.56,-21.51,,,,,finish,low_block
7_301,1925299,1,09:18.1,passing_option,,T. Ostler,Perth Glory,17.62,-27.79,17.62,-27.79,0.0,0.0,0.0,0.0034,finish,low_block
7_302,1925299,1,09:18.1,passing_option,,A. Bugarija,Perth Glory,27.0,-16.31,27.0,-16.31,0.0,0.0,0.0,0.0095,finish,low_block
7_303,1925299,1,09:18.1,passing_option,,A. Faisal,Perth Glory,29.08,-24.38,29.08,-24.38,0.0,1.0,1.0,0.0065,finish,low_block
8_116,1925299,1,09:19.0,player_possession,,A. Faisal,Perth Glory,28.62,-25.35,32.69,-21.43,,,,,finish,low_block
7_304,1925299,1,09:19.0,passing_option,,T. Ostler,Perth Glory,19.77,-28.68,31.37,-27.73,0.0,1.0,1.0,0.0123,finish,low_block
7_305,1925299,1,09:19.0,passing_option,,N. Pennington,Perth Glory,25.64,-22.41,35.97,-18.17,1.0,0.0,0.0,0.0204,finish,low_block
7_306,1925299,1,09:19.0,passing_option,,A. Bugarija,Perth Glory,27.84,-17.4,35.52,-14.74,1.0,0.0,0.0,0.0272,finish,low_block
1_70,1925299,1,09:19.2,off_ball_run,overlap,T. Ostler,Perth Glory,20.56,-28.91,43.09,-23.75,0.0,1.0,1.0,0.0123,finish,low_block
1_71,1925299,1,09:19.4,off_ball_run,underlap,N. Pennington,Perth Glory,27.06,-22.1,35.97,-18.17,1.0,0.0,0.0,0.0204,finish,low_block
1_72,1925299,1,09:19.7,off_ball_run,run_ahead_of_the_ball,A. Bugarija,Perth Glory,30.28,-17.69,35.21,-15.0,1.0,0.0,0.0,0.0272,finish,low_block
1_73,1925299,1,09:21.2,off_ball_run,support,A. Faisal,Perth Glory,32.91,-21.08,36.88,-14.62,1.0,0.0,0.0,0.0413,finish,low_block
1_74,1925299,1,09:21.2,off_ball_run,cross_receiver,N. Pennington,Perth Glory,36.42,-17.86,46.33,-8.61,1.0,0.0,0.0,0.0509,finish,low_block
8_117,1925299,1,09:22.9,player_possession,,T. Ostler,Perth Glory,43.09,-23.75,43.09,-23.75,,,,,finish,low_block
7_307,1925299,1,09:22.9,passing_option,,N. Pennington,Perth Glory,43.27,-11.89,43.27,-11.89,1.0,0.0,0.0,0.0509,finish,low_block
7_308,1925299,1,09:22.9,passing_option,,A. Bugarija,Perth Glory,39.11,-10.01,39.11,-10.01,1.0,1.0,1.0,0.0445,finish,low_block
7_309,1925299,1,09:22.9,passing_option,,A. Faisal,Perth Glory,36.88,-14.62,36.88,-14.62,1.0,0.0,0.0,0.0413,finish,low_block
8_118,1925299,1,09:23.9,player_possession,,A. Bugarija,Perth Glory,39.01,-7.91,39.35,-6.42,,,,,finish,low_block
8_119,1925299,1,09:25.0,player_possession,,L. Herrington,Brisbane FC,-40.35,4.62,-39.08,3.72,,,,,direct,defending_direct
7_310,1925299,1,09:25.0,passing_option,,T. Waddingham,Brisbane FC,-29.01,7.17,-32.01,4.73,0.0,0.0,0.0,0.0004,direct,defending_direct
7_311,1925299,1,09:25.7,passing_option,,F. Bérenguer,Brisbane FC,-19.39,11.18,-19.54,10.76,0.0,1.0,0.0,0.001,direct,defending_direct
7_312,1925299,1,09:25.9,passing_option,,A. Zimarino,Brisbane FC,-33.33,-5.56,-33.33,-5.56,0.0,0.0,0.0,0.0004,direct,defending_direct
8_120,1925299,1,09:31.3,player_possession,,T. Mrčela,Perth Glory,-7.96,8.22,-7.96,8.22,,,,,create,medium_block
1_75,1925299,1,09:32.8,off_ball_run,dropping_off,A. Lebib,Perth Glory,-7.62,-9.7,-10.83,-11.04,0.0,1.0,1.0,0.0001,create,medium_block
8_121,1925299,1,09:33.4,player_possession,,C. Cook,Perth Glory,-25.27,2.21,-24.36,1.43,,,,,create,medium_block
7_313,1925299,1,09:33.4,passing_option,,T. Mrčela,Perth Glory,-14.19,5.79,-16.07,5.44,0.0,0.0,0.0,0.0001,create,medium_block
7_314,1925299,1,09:33.4,passing_option,,A. Lebib,Perth Glory,-10.04,-10.74,-13.99,-11.99,0.0,1.0,1.0,0.0001,create,medium_block
8_122,1925299,1,09:35.9,player_possession,,A. Lebib,Perth Glory,-16.64,-12.96,-12.23,-17.17,,,,,create,medium_block
7_315,1925299,1,09:35.9,passing_option,,C. Cook,Perth Glory,-24.26,-0.61,-24.41,-0.93,0.0,0.0,0.0,0.0001,create,medium_block
7_316,1925299,1,09:35.9,passing_option,,J. Risdon,Perth Glory,5.13,-29.09,-1.77,-30.01,0.0,1.0,1.0,0.0003,create,medium_block
7_317,1925299,1,09:37.6,passing_option,,A. Bugarija,Perth Glory,13.48,-9.79,12.54,-10.85,0.0,0.0,0.0,0.002,create,medium_block
7_318,1925299,1,09:37.8,passing_option,,T. Ostler,Perth Glory,14.94,-21.61,14.33,-21.65,0.0,0.0,0.0,0.0018,create,medium_block
1_76,1925299,1,09:38.6,off_ball_run,coming_short,T. Ostler,Perth Glory,12.11,-21.67,2.55,-21.48,0.0,0.0,0.0,0.0009,create,medium_block
8_123,1925299,1,09:39.4,player_possession,,J. Risdon,Perth Glory,-4.53,-29.75,-4.37,-29.73,,,,,create,medium_block
7_319,1925299,1,09:39.4,passing_option,,A. Lebib,Perth Glory,-13.61,-21.45,-14.42,-22.05,0.0,0.0,0.0,0.0002,create,medium_block
7_320,1925299,1,09:39.4,passing_option,,T. Ostler,Perth Glory,8.03,-20.94,3.35,-21.14,0.0,0.0,0.0,0.0009,create,medium_block
1_77,1925299,1,09:39.4,off_ball_run,pulling_wide,A. Bugarija,Perth Glory,10.88,-15.99,16.64,-23.17,0.0,1.0,0.0,0.0054,create,medium_block
7_321,1925299,1,09:39.5,passing_option,,A. Bugarija,Perth Glory,10.96,-16.41,12.61,-19.6,0.0,1.0,0.0,0.0054,create,medium_block
8_124,1925299,1,09:41.6,player_possession,,A. Burke-Gilroy,Brisbane FC,-14.38,27.85,-13.71,30.01,,,,,create,medium_block
7_322,1925299,1,09:41.6,passing_option,,M. Freke,Brisbane FC,-38.13,5.31,-38.29,5.61,0.0,0.0,0.0,0.0,create,medium_block
7_323,1925299,1,09:41.6,passing_option,,B. Warland,Brisbane FC,-22.29,20.12,-24.43,22.58,0.0,0.0,0.0,0.0001,create,medium_block
7_324,1925299,1,09:41.8,passing_option,,J. O'Shea,Brisbane FC,-7.42,20.71,-8.81,21.26,0.0,1.0,1.0,0.0008,create,medium_block
8_125,1925299,1,09:43.3,player_possession,,J. O'Shea,Brisbane FC,-9.65,21.29,-9.65,21.29,,,,,create,medium_block
7_325,1925299,1,09:43.3,passing_option,,B. Warland,Brisbane FC,-24.37,23.52,-24.37,23.52,0.0,1.0,1.0,0.0001,create,medium_block
8_126,1925299,1,09:44.6,player_possession,,B. Warland,Brisbane FC,-22.9,24.45,-22.27,24.51,,,,,create,medium_block
7_326,1925299,1,09:44.6,passing_option,,J. O'Shea,Brisbane FC,-10.5,20.23,-10.81,19.22,0.0,0.0,0.0,0.0009,create,medium_block
7_327,1925299,1,09:44.6,passing_option,,Walid Shour,Brisbane FC,-10.78,10.64,-12.15,12.16,0.0,1.0,1.0,0.0003,create,medium_block
7_328,1925299,1,09:44.9,passing_option,,L. Herrington,Brisbane FC,-24.44,6.0,-24.77,5.31,0.0,0.0,0.0,0.0001,create,medium_block
8_127,1925299,1,09:46.6,player_possession,,Walid Shour,Brisbane FC,-14.43,14.6,-12.97,2.6,,,,,create,medium_block
7_329,1925299,1,09:46.6,passing_option,,B. Warland,Brisbane FC,-20.95,24.1,-19.93,23.48,0.0,0.0,0.0,0.0003,create,medium_block
7_330,1925299,1,09:46.6,passing_option,,L. Herrington,Brisbane FC,-24.89,3.26,-23.71,-2.56,0.0,0.0,0.0,0.0001,create,medium_block
7_331,1925299,1,09:47.7,passing_option,,H. Van Der Saag,Brisbane FC,-19.65,-11.35,-16.89,-18.19,0.0,0.0,0.0,0.0001,create,medium_block
7_332,1925299,1,09:49.5,passing_option,,F. Bérenguer,Brisbane FC,2.3,1.46,-1.4,0.32,0.0,1.0,1.0,0.0011,create,medium_block
8_128,1925299,1,09:51.6,player_possession,,F. Bérenguer,Brisbane FC,-4.35,0.63,-4.35,0.63,,,,,create,medium_block
7_333,1925299,1,09:51.6,passing_option,,Walid Shour,Brisbane FC,-11.73,1.14,-11.73,1.14,0.0,1.0,1.0,0.0008,create,medium_block
7_334,1925299,1,09:51.6,passing_option,,L. Herrington,Brisbane FC,-22.18,-6.83,-22.18,-6.83,0.0,0.0,0.0,0.0001,create,medium_block
8_129,1925299,1,09:52.3,player_possession,,Walid Shour,Brisbane FC,-11.5,0.89,-11.43,1.01,,,,,create,medium_block
7_335,1925299,1,09:52.3,passing_option,,J. O'Shea,Brisbane FC,-9.8,14.07,-10.39,13.99,0.0,1.0,1.0,0.0004,create,medium_block
7_336,1925299,1,09:52.3,passing_option,,B. Warland,Brisbane FC,-16.96,16.81,-16.94,16.57,0.0,0.0,0.0,0.0002,create,medium_block
8_130,1925299,1,09:53.9,player_possession,,J. O'Shea,Brisbane FC,-10.49,14.47,-9.46,15.96,,,,,create,medium_block
7_337,1925299,1,09:53.9,passing_option,,A. Burke-Gilroy,Brisbane FC,-1.26,30.06,2.02,31.38,0.0,1.0,1.0,0.0009,create,medium_block
8_131,1925299,1,09:56.8,player_possession,,A. Burke-Gilroy,Brisbane FC,9.29,31.19,9.74,30.98,,,,,create,medium_block
7_338,1925299,1,09:56.8,passing_option,,K. Jelacic,Brisbane FC,13.58,17.53,18.83,18.53,0.0,0.0,0.0,0.0073,create,medium_block
1_78,1925299,1,09:56.8,off_ball_run,run_ahead_of_the_ball,K. Jelacic,Brisbane FC,13.58,17.53,16.92,18.22,0.0,0.0,0.0,0.0073,create,medium_block
7_339,1925299,1,09:58.0,passing_option,,J. O'Shea,Brisbane FC,-3.88,18.5,-3.21,18.6,0.0,0.0,0.0,0.0011,create,medium_block
7_340,1925299,1,09:58.0,passing_option,,B. Warland,Brisbane FC,-9.89,20.61,-9.58,20.92,0.0,1.0,1.0,0.0003,create,medium_block
8_132,1925299,1,10:00.8,player_possession,,B. Warland,Brisbane FC,-9.78,25.75,-9.78,25.75,,,,,create,medium_block
7_341,1925299,1,10:00.8,passing_option,,J. O'Shea,Brisbane FC,-4.18,17.64,-4.18,17.64,0.0,0.0,0.0,0.0011,create,medium_block
7_342,1925299,1,10:00.8,passing_option,,A. Burke-Gilroy,Brisbane FC,5.29,33.49,5.29,33.49,0.0,0.0,0.0,0.001,create,medium_block
7_343,1925299,1,10:00.8,passing_option,,K. Jelacic,Brisbane FC,21.15,17.44,21.15,17.44,0.0,1.0,0.0,0.0083,create,medium_block
8_133,1925299,1,10:02.5,player_possession,,J. Risdon,Perth Glory,-18.93,-27.02,-18.93,-27.02,,,,,chaotic,chaotic
8_134,1925299,1,10:06.3,player_possession,,J. O'Shea,Brisbane FC,1.04,22.88,1.04,22.88,,,,,create,medium_block
7_344,1925299,1,10:06.3,passing_option,,B. Warland,Brisbane FC,-6.2,27.07,-6.2,27.07,0.0,1.0,1.0,0.0005,create,medium_block
7_345,1925299,1,10:06.3,passing_option,,Walid Shour,Brisbane FC,0.33,14.41,0.33,14.41,0.0,0.0,0.0,0.0014,create,medium_block
7_346,1925299,1,10:06.3,passing_option,,A. Burke-Gilroy,Brisbane FC,9.11,24.76,9.11,24.76,0.0,0.0,0.0,0.0017,create,medium_block
7_347,1925299,1,10:06.3,passing_option,,T. Waddingham,Brisbane FC,20.61,18.64,20.61,18.64,0.0,0.0,0.0,0.0108,create,medium_block
8_135,1925299,1,10:08.2,player_possession,,B. Warland,Brisbane FC,-10.87,23.66,-11.53,21.36,,,,,create,medium_block
7_348,1925299,1,10:08.2,passing_option,,J. O'Shea,Brisbane FC,-1.27,19.85,-2.59,18.53,0.0,0.0,0.0,0.0014,create,medium_block
7_349,1925299,1,10:08.2,passing_option,,Walid Shour,Brisbane FC,-1.55,13.94,-2.28,12.66,0.0,0.0,0.0,0.0018,create,medium_block
7_350,1925299,1,10:08.2,passing_option,,L. Herrington,Brisbane FC,-13.13,10.23,-14.35,8.06,0.0,1.0,1.0,0.0004,create,medium_block
8_136,1925299,1,10:10.3,player_possession,,L. Herrington,Brisbane FC,-15.04,5.02,-15.76,0.5,,,,,create,medium_block
7_351,1925299,1,10:10.3,passing_option,,H. Van Der Saag,Brisbane FC,-11.22,-10.79,-13.34,-12.21,0.0,1.0,1.0,0.0001,create,medium_block
8_137,1925299,1,10:12.6,player_possession,,H. Van Der Saag,Brisbane FC,-13.49,-13.62,-8.56,-16.22,,,,,create,medium_block
7_352,1925299,1,10:12.6,passing_option,,L. Herrington,Brisbane FC,-18.27,-3.1,-19.22,-3.99,0.0,0.0,0.0,0.0001,create,medium_block
7_353,1925299,1,10:12.8,passing_option,,A. Zimarino,Brisbane FC,11.51,-27.29,7.9,-31.12,0.0,0.0,0.0,0.0007,create,medium_block
7_354,1925299,1,10:13.2,passing_option,,F. Bérenguer,Brisbane FC,10.28,-8.82,3.81,-12.44,0.0,1.0,1.0,0.0008,create,medium_block
1_79,1925299,1,10:14.2,off_ball_run,coming_short,F. Bérenguer,Brisbane FC,7.33,-11.31,2.16,-13.01,0.0,1.0,1.0,0.0008,create,medium_block
7_355,1925299,1,10:14.7,passing_option,,L. Herrington,Brisbane FC,-19.65,-7.48,-19.39,-8.02,0.0,0.0,0.0,0.0001,create,medium_block
8_138,1925299,1,10:16.0,player_possession,,F. Bérenguer,Brisbane FC,0.25,-14.01,-0.36,-15.9,,,,,create,medium_block
7_356,1925299,1,10:16.0,passing_option,,L. Herrington,Brisbane FC,-18.89,-9.15,-18.67,-9.57,0.0,0.0,0.0,0.0001,create,medium_block
7_357,1925299,1,10:16.0,passing_option,,H. Van Der Saag,Brisbane FC,-8.11,-16.61,-9.0,-16.95,0.0,0.0,0.0,0.0004,create,medium_block
7_358,1925299,1,10:16.6,passing_option,,A. Zimarino,Brisbane FC,4.82,-33.5,4.52,-33.22,0.0,1.0,0.0,0.0009,create,medium_block
8_139,1925299,1,10:18.4,player_possession,,R. Warland,Perth Glory,-5.13,27.15,-5.13,27.15,,,,,transition,defending_transition
7_359,1925299,1,10:18.4,passing_option,,D. Williams,Perth Glory,3.72,16.12,3.72,16.12,0.0,0.0,0.0,0.0105,transition,defending_transition
7_360,1925299,1,10:18.4,passing_option,,N. Pennington,Perth Glory,-2.1,18.72,-2.1,18.72,0.0,0.0,0.0,0.0025,transition,defending_transition
7_361,1925299,1,10:18.4,passing_option,,A. Faisal,Perth Glory,-1.82,23.57,-1.82,23.57,0.0,1.0,1.0,0.0058,transition,defending_transition
1_80,1925299,1,10:18.5,off_ball_run,support,R. Warland,Perth Glory,-4.62,26.87,3.33,24.12,0.0,0.0,0.0,0.014,transition,defending_transition
8_140,1925299,1,10:18.9,player_possession,,A. Faisal,Perth Glory,-0.29,24.59,21.51,21.84,,,,,transition,defending_transition
7_362,1925299,1,10:18.9,passing_option,,N. Pennington,Perth Glory,-2.48,19.75,-2.2,20.67,0.0,0.0,0.0,0.0023,transition,defending_transition
7_363,1925299,1,10:18.9,passing_option,,R. Warland,Perth Glory,-2.54,25.76,3.33,24.12,0.0,0.0,0.0,0.014,transition,defending_transition
7_364,1925299,1,10:18.9,passing_option,,D. Williams,Perth Glory,4.69,16.48,22.19,7.69,1.0,1.0,0.0,0.0469,transition,defending_transition
1_81,1925299,1,10:19.5,off_ball_run,run_ahead_of_the_ball,D. Williams,Perth Glory,6.72,16.09,27.23,6.29,1.0,1.0,0.0,0.0469,transition,defending_transition
8_141,1925299,1,10:41.7,player_possession,,T. Mrčela,Perth Glory,8.5,31.12,6.81,30.63,,,,,create,medium_block
7_365,1925299,1,10:41.7,passing_option,,N. Pennington,Perth Glory,21.92,28.7,21.48,28.27,0.0,0.0,0.0,0.0014,create,medium_block
7_366,1925299,1,10:41.7,passing_option,,A. Lebib,Perth Glory,-1.24,12.41,-2.69,12.36,0.0,1.0,1.0,0.0008,create,medium_block
7_367,1925299,1,10:42.3,passing_option,,T. Gomulka,Perth Glory,7.68,2.32,6.17,1.45,0.0,0.0,0.0,0.0012,create,medium_block
1_82,1925299,1,10:43.8,off_ball_run,dropping_off,T. Gomulka,Perth Glory,2.63,-0.53,-0.97,-1.64,0.0,1.0,1.0,0.0007,create,medium_block
8_142,1925299,1,10:44.6,player_possession,,A. Lebib,Perth Glory,-4.2,12.3,-5.07,10.19,,,,,create,medium_block
7_368,1925299,1,10:44.6,passing_option,,T. Gomulka,Perth Glory,-0.56,-1.58,-3.74,-1.86,0.0,1.0,1.0,0.0007,create,medium_block
1_83,1925299,1,10:45.5,off_ball_run,coming_short,N. Pennington,Perth Glory,12.63,15.93,7.63,9.38,0.0,0.0,0.0,0.0013,create,medium_block
8_143,1925299,1,10:46.3,player_possession,,T. Gomulka,Perth Glory,-6.21,-2.27,-6.58,-2.99,,,,,create,medium_block
7_369,1925299,1,10:46.3,passing_option,,N. Pennington,Perth Glory,9.83,12.57,8.85,11.22,0.0,0.0,0.0,0.0013,create,medium_block
7_370,1925299,1,10:46.3,passing_option,,T. Ostler,Perth Glory,15.44,-4.46,12.35,-4.76,0.0,0.0,0.0,0.0021,create,medium_block
7_371,1925299,1,10:46.4,passing_option,,J. Risdon,Perth Glory,12.13,-25.73,10.42,-27.01,0.0,1.0,1.0,0.0015,create,medium_block
8_0,1899585,1,00:00.2,player_possession,,K. Barbarouses,Wellington P FC,0.53,-0.28,0.53,-0.28,,,,,create,medium_block
8_1,1899585,1,00:02.1,player_possession,,S. Wootton,Wellington P FC,-20.68,0.53,-20.75,-0.04,,,,,create,medium_block
7_0,1899585,1,00:02.1,passing_option,,A. Rufer,Wellington P FC,-9.38,-3.5,-9.36,-3.52,0.0,0.0,0.0,0.0008,create,medium_block
7_1,1899585,1,00:02.1,passing_option,,M. Sheridan,Wellington P FC,-17.97,-13.76,-18.41,-14.35,0.0,0.0,0.0,0.0003,create,medium_block
7_2,1899585,1,00:03.2,passing_option,,I. Hughes,Wellington P FC,-18.71,10.11,-18.58,10.14,0.0,1.0,1.0,0.0002,create,medium_block
7_3,1899585,1,00:03.3,passing_option,,A. Rufer,Wellington P FC,-9.13,-3.1,-9.16,-2.99,0.0,0.0,0.0,0.0008,create,medium_block
1_0,1899585,1,00:04.7,off_ball_run,coming_short,A. Rufer,Wellington P FC,-9.98,0.48,-10.8,4.37,0.0,1.0,1.0,0.0005,create,medium_block
8_2,1899585,1,00:05.2,player_possession,,I. Hughes,Wellington P FC,-17.98,11.27,-17.98,11.27,,,,,create,medium_block
7_4,1899585,1,00:05.2,passing_option,,K. Nagasawa,Wellington P FC,0.95,8.98,0.95,8.98,0.0,0.0,0.0,0.0016,create,medium_block
7_5,1899585,1,00:05.2,passing_option,,A. Rufer,Wellington P FC,-10.27,2.73,-10.27,2.73,0.0,1.0,1.0,0.0005,create,medium_block
8_3,1899585,1,00:06.3,player_possession,,A. Rufer,Wellington P FC,-12.32,6.44,-6.8,17.45,,,,,create,medium_block
7_6,1899585,1,00:06.3,passing_option,,S. Wootton,Wellington P FC,-23.93,0.49,-24.05,0.51,0.0,0.0,0.0,0.0001,create,medium_block
7_7,1899585,1,00:06.3,passing_option,,K. Nagasawa,Wellington P FC,-1.68,11.48,-5.61,10.15,0.0,0.0,0.0,0.0015,create,medium_block
7_8,1899585,1,00:07.2,passing_option,,I. Hughes,Wellington P FC,-19.53,15.31,-19.46,16.28,0.0,0.0,0.0,0.0002,create,medium_block
7_9,1899585,1,00:07.2,passing_option,,S. Sutton,Wellington P FC,7.12,29.22,3.03,31.88,0.0,1.0,1.0,0.001,create,medium_block
1_1,1899585,1,00:07.8,off_ball_run,behind,H. Ishige,Wellington P FC,13.18,19.94,20.6,23.58,0.0,0.0,0.0,0.0188,create,medium_block
7_10,1899585,1,00:08.0,passing_option,,H. Ishige,Wellington P FC,13.9,20.42,20.91,23.82,0.0,0.0,0.0,0.0188,create,medium_block
1_2,1899585,1,00:10.7,off_ball_run,pulling_wide,H. Ishige,Wellington P FC,21.7,27.53,19.77,30.39,0.0,1.0,1.0,0.005,create,medium_block
8_4,1899585,1,00:11.0,player_possession,,S. Sutton,Wellington P FC,2.71,31.88,3.08,32.04,,,,,create,medium_block
7_11,1899585,1,00:11.0,passing_option,,H. Ishige,Wellington P FC,21.09,28.68,19.77,30.39,0.0,1.0,1.0,0.005,create,medium_block
1_3,1899585,1,00:11.6,off_ball_run,underlap,K. Nagasawa,Wellington P FC,6.12,15.14,23.88,28.47,0.0,0.0,0.0,0.0117,create,medium_block
8_5,1899585,1,00:12.9,player_possession,,H. Ishige,Wellington P FC,16.36,32.03,11.84,29.59,,,,,create,medium_block
7_12,1899585,1,00:12.9,passing_option,,S. Sutton,Wellington P FC,4.64,32.63,4.74,32.64,0.0,0.0,0.0,0.0011,create,medium_block
7_13,1899585,1,00:12.9,passing_option,,K. Nagasawa,Wellington P FC,12.83,19.31,20.62,25.32,0.0,0.0,0.0,0.0117,create,medium_block
7_14,1899585,1,00:15.0,passing_option,,S. Sutton,Wellington P FC,4.79,32.46,4.68,32.44,0.0,1.0,1.0,0.0011,create,medium_block
7_15,1899585,1,00:15.2,passing_option,,P. Retre,Wellington P FC,2.63,0.94,2.63,0.94,0.0,0.0,0.0,0.0032,create,medium_block
8_6,1899585,1,00:16.5,player_possession,,S. Sutton,Wellington P FC,3.12,30.86,1.5,28.42,,,,,create,medium_block
7_16,1899585,1,00:16.5,passing_option,,M. Sheridan,Wellington P FC,-8.13,-5.29,-9.08,-5.47,0.0,0.0,0.0,0.0005,create,medium_block
7_17,1899585,1,00:16.5,passing_option,,P. Retre,Wellington P FC,2.26,3.32,1.21,4.65,0.0,0.0,0.0,0.0024,create,medium_block
7_18,1899585,1,00:16.9,passing_option,,S. Wootton,Wellington P FC,-14.44,8.31,-15.03,8.2,0.0,0.0,0.0,0.0004,create,medium_block
7_19,1899585,1,00:17.1,passing_option,,I. Hughes,Wellington P FC,-13.37,24.99,-13.99,25.13,0.0,1.0,1.0,0.0002,create,medium_block
1_4,1899585,1,00:18.5,off_ball_run,dropping_off,S. Wootton,Wellington P FC,-17.83,7.35,-35.41,0.91,0.0,0.0,0.0,0.0003,build_up,high_block
8_7,1899585,1,00:19.1,player_possession,,I. Hughes,Wellington P FC,-20.38,26.19,-33.84,24.07,,,,,build_up,high_block
7_20,1899585,1,00:19.1,passing_option,,J. Oluwayemi,Wellington P FC,-41.43,5.19,-48.55,5.79,0.0,1.0,1.0,0.0,build_up,high_block
7_21,1899585,1,00:19.1,passing_option,,S. Wootton,Wellington P FC,-21.24,6.46,-35.41,0.91,0.0,0.0,0.0,0.0003,build_up,high_block
1_5,1899585,1,00:21.8,off_ball_run,dropping_off,M. Sheridan,Wellington P FC,-32.21,-10.09,-40.74,-20.05,0.0,0.0,0.0,0.0003,build_up,high_block
1_6,1899585,1,00:21.8,off_ball_run,dropping_off,S. Wootton,Wellington P FC,-35.88,0.65,-44.43,-10.04,0.0,0.0,0.0,0.0007,build_up,high_block
8_8,1899585,1,00:23.4,player_possession,,J. Oluwayemi,Wellington P FC,-48.51,3.18,-47.86,2.02,,,,,build_up,high_block
7_22,1899585,1,00:23.4,passing_option,,S. Wootton,Wellington P FC,-42.03,-4.71,-44.11,-9.26,0.0,0.0,0.0,0.0007,build_up,high_block
7_23,1899585,1,00:23.4,passing_option,,M. Sheridan,Wellington P FC,-38.37,-15.6,-40.6,-19.66,0.0,0.0,0.0,0.0003,build_up,high_block
7_24,1899585,1,00:24.2,passing_option,,T. Payne,Wellington P FC,-3.78,-30.67,-4.49,-30.87,0.0,1.0,0.0,0.0002,build_up,high_block
8_9,1899585,1,00:26.7,player_possession,,F. De Vries,Auckland FC,11.01,24.05,11.01,24.05,,,,,chaotic,chaotic
8_10,1899585,1,01:27.5,player_possession,,K. Nagasawa,Wellington P FC,-39.38,-2.1,-39.38,-2.1,,,,,disruption,disruption
1_7,1899585,1,01:29.4,off_ball_run,pulling_wide,J. Brimmer,Auckland FC,31.37,21.83,31.29,25.3,0.0,1.0,1.0,0.0057,set_play,defending_set_play
8_11,1899585,1,01:30.3,player_possession,,F. De Vries,Auckland FC,22.69,21.69,23.28,22.35,,,,,set_play,defending_set_play
7_25,1899585,1,01:30.3,passing_option,,J. Brimmer,Auckland FC,31.33,25.7,31.95,27.76,0.0,1.0,1.0,0.0057,set_play,defending_set_play
7_26,1899585,1,01:30.3,passing_option,,L. Rogerson,Auckland FC,40.89,-6.02,40.86,-5.97,1.0,0.0,0.0,0.0555,set_play,defending_set_play
7_27,1899585,1,01:30.3,passing_option,,L. Gillion,Auckland FC,29.54,12.05,27.82,12.93,0.0,0.0,0.0,0.0029,set_play,defending_set_play
8_12,1899585,1,01:32.2,player_possession,,J. Brimmer,Auckland FC,34.82,29.59,35.33,29.24,,,,,set_play,defending_set_play
7_28,1899585,1,01:32.2,passing_option,,F. De Vries,Auckland FC,24.17,25.4,23.73,28.87,0.0,1.0,1.0,0.0032,set_play,defending_set_play
7_29,1899585,1,01:32.2,passing_option,,L. Gillion,Auckland FC,26.7,16.08,32.99,19.41,0.0,0.0,0.0,0.0095,set_play,defending_set_play
8_13,1899585,1,01:36.2,player_possession,,F. De Vries,Auckland FC,21.08,28.94,18.2,28.18,,,,,set_play,defending_set_play
7_30,1899585,1,01:36.2,passing_option,,H. Sakai,Auckland FC,7.15,12.16,5.66,12.4,0.0,1.0,1.0,0.0016,set_play,defending_set_play
8_14,1899585,1,01:38.5,player_possession,,H. Sakai,Auckland FC,4.03,12.61,5.17,10.73,,,,,create,medium_block
1_8,1899585,1,01:38.7,off_ball_run,dropping_off,F. Gallegos,Auckland FC,17.24,-11.35,6.36,-17.51,0.0,1.0,1.0,0.0012,create,medium_block
7_31,1899585,1,01:39.1,passing_option,,F. Gallegos,Auckland FC,15.78,-12.39,8.59,-16.33,0.0,1.0,1.0,0.0012,create,medium_block
7_32,1899585,1,01:39.4,passing_option,,L. Verstraete,Auckland FC,22.15,6.71,19.44,5.72,0.0,0.0,0.0,0.0037,create,medium_block
8_15,1899585,1,01:42.6,player_possession,,F. Gallegos,Auckland FC,2.26,-19.6,-3.43,-20.05,,,,,create,medium_block
7_33,1899585,1,01:42.9,passing_option,,A. Paulsen,Auckland FC,-26.17,0.76,-28.14,-0.07,0.0,1.0,1.0,0.0,create,medium_block
1_9,1899585,1,01:44.4,off_ball_run,dropping_off,D. Hall,Auckland FC,7.21,-5.82,-14.18,-9.82,0.0,1.0,1.0,0.0002,build_up,high_block
8_16,1899585,1,01:47.9,player_possession,,A. Paulsen,Auckland FC,-31.62,2.56,-32.58,0.61,,,,,build_up,high_block
7_34,1899585,1,01:48.6,passing_option,,N. Pijnaker,Auckland FC,-2.61,8.84,-5.52,9.97,0.0,0.0,0.0,0.0006,build_up,high_block
7_35,1899585,1,01:48.6,passing_option,,J. Brimmer,Auckland FC,10.42,14.21,8.11,12.95,0.0,0.0,0.0,0.0042,build_up,high_block
7_36,1899585,1,01:49.0,passing_option,,D. Hall,Auckland FC,-15.3,-10.36,-17.46,-12.17,0.0,1.0,1.0,0.0002,build_up,high_block
8_17,1899585,1,01:51.8,player_possession,,D. Hall,Auckland FC,-19.79,-18.78,-19.39,-20.9,,,,,create,medium_block
7_37,1899585,1,01:51.8,passing_option,,H. Sakai,Auckland FC,-1.99,-21.43,-1.88,-25.29,0.0,1.0,1.0,0.0004,create,medium_block
1_10,1899585,1,01:52.4,off_ball_run,pulling_wide,H. Sakai,Auckland FC,-1.93,-23.94,-0.78,-28.89,0.0,1.0,1.0,0.0004,create,medium_block
8_18,1899585,1,01:54.4,player_possession,,H. Sakai,Auckland FC,1.4,-31.22,7.83,-32.1,,,,,create,medium_block
7_38,1899585,1,01:54.4,passing_option,,D. Hall,Auckland FC,-19.31,-25.78,-19.32,-26.0,0.0,0.0,0.0,0.0,create,medium_block
7_39,1899585,1,01:54.4,passing_option,,L. Rogerson,Auckland FC,18.95,-20.74,22.23,-23.12,0.0,0.0,0.0,0.0027,create,medium_block
1_11,1899585,1,01:55.3,off_ball_run,coming_short,G. May,Auckland FC,15.91,-5.45,16.74,-14.3,0.0,1.0,1.0,0.003,create,medium_block
7_40,1899585,1,01:55.5,passing_option,,G. May,Auckland FC,16.05,-6.33,16.41,-10.35,0.0,1.0,1.0,0.003,create,medium_block
7_41,1899585,1,01:55.8,passing_option,,J. Brimmer,Auckland FC,11.27,-6.93,12.46,-9.06,0.0,0.0,0.0,0.0044,create,medium_block
1_12,1899585,1,01:57.1,off_ball_run,overlap,H. Sakai,Auckland FC,10.59,-31.89,26.67,-32.56,0.0,0.0,0.0,0.0041,finish,low_block
8_19,1899585,1,01:57.4,player_possession,,G. May,Auckland FC,16.74,-15.36,18.13,-27.48,,,,,finish,low_block
7_42,1899585,1,01:57.4,passing_option,,L. Rogerson,Auckland FC,21.75,-24.62,23.72,-32.1,0.0,1.0,1.0,0.0024,finish,low_block
7_43,1899585,1,01:58.0,passing_option,,H. Sakai,Auckland FC,15.53,-31.83,28.52,-32.76,0.0,0.0,0.0,0.0041,finish,low_block
8_20,1899585,1,02:01.5,player_possession,,L. Rogerson,Auckland FC,24.78,-32.96,24.78,-32.96,,,,,finish,low_block
7_44,1899585,1,02:01.5,passing_option,,H. Sakai,Auckland FC,31.48,-33.26,31.48,-33.26,0.0,0.0,0.0,0.0041,finish,low_block
7_45,1899585,1,02:01.5,passing_option,,L. Verstraete,Auckland FC,12.73,-20.36,12.73,-20.36,0.0,0.0,0.0,0.0014,finish,low_block
7_46,1899585,1,02:01.5,passing_option,,G. May,Auckland FC,20.03,-30.84,20.03,-30.84,0.0,1.0,1.0,0.0019,finish,low_block
7_47,1899585,1,02:01.5,passing_option,,J. Brimmer,Auckland FC,33.42,-16.14,33.42,-16.14,0.0,0.0,0.0,0.0099,finish,low_block
8_21,1899585,1,02:02.2,player_possession,,G. May,Auckland FC,20.25,-31.45,19.79,-30.72,,,,,finish,low_block
7_48,1899585,1,02:02.2,passing_option,,J. Brimmer,Auckland FC,34.54,-18.14,34.59,-18.44,0.0,0.0,0.0,0.0063,finish,low_block
7_49,1899585,1,02:02.2,passing_option,,L. Rogerson,Auckland FC,25.26,-33.38,25.53,-33.57,0.0,0.0,0.0,0.0026,finish,low_block
7_50,1899585,1,02:02.2,passing_option,,L. Verstraete,Auckland FC,12.86,-21.12,12.58,-22.42,0.0,1.0,1.0,0.0016,finish,low_block
7_51,1899585,1,02:03.1,passing_option,,D. Hall,Auckland FC,2.72,-22.19,2.75,-22.12,0.0,0.0,0.0,0.0006,finish,low_block
8_22,1899585,1,02:04.1,player_possession,,L. Verstraete,Auckland FC,12.04,-22.54,11.63,-14.76,,,,,finish,low_block
7_52,1899585,1,02:04.1,passing_option,,N. Pijnaker,Auckland FC,0.46,-1.46,1.11,1.23,0.0,1.0,1.0,0.001,finish,low_block
7_53,1899585,1,02:04.2,passing_option,,D. Hall,Auckland FC,2.64,-21.06,2.43,-20.44,0.0,0.0,0.0,0.001,finish,low_block
8_23,1899585,1,02:07.8,player_possession,,N. Pijnaker,Auckland FC,1.86,4.31,3.37,8.02,,,,,create,medium_block
7_54,1899585,1,02:07.8,passing_option,,F. De Vries,Auckland FC,20.56,28.66,19.69,31.08,0.0,1.0,1.0,0.0027,create,medium_block
1_13,1899585,1,02:10.1,off_ball_run,pulling_wide,L. Gillion,Auckland FC,28.4,14.36,36.79,27.34,0.0,1.0,1.0,0.0052,finish,low_block
8_24,1899585,1,02:10.7,player_possession,,F. De Vries,Auckland FC,23.53,31.43,25.93,31.18,,,,,finish,low_block
7_55,1899585,1,02:10.7,passing_option,,L. Gillion,Auckland FC,30.31,16.53,34.09,20.85,0.0,1.0,1.0,0.0052,finish,low_block
8_25,1899585,1,02:13.1,player_possession,,L. Gillion,Auckland FC,36.8,27.72,35.61,31.22,,,,,finish,low_block
7_56,1899585,1,02:13.1,passing_option,,F. De Vries,Auckland FC,27.83,32.09,28.54,32.86,0.0,1.0,1.0,0.0038,finish,low_block
7_57,1899585,1,02:13.6,passing_option,,F. Gallegos,Auckland FC,27.5,21.51,28.54,22.58,0.0,0.0,0.0,0.0058,finish,low_block
8_26,1899585,1,02:15.6,player_possession,,F. De Vries,Auckland FC,25.02,32.79,13.08,34.06,,,,,finish,low_block
7_58,1899585,1,02:15.6,passing_option,,F. Gallegos,Auckland FC,27.44,26.22,26.95,27.04,0.0,0.0,0.0,0.0037,finish,low_block
7_59,1899585,1,02:15.6,passing_option,,N. Pijnaker,Auckland FC,6.98,17.98,1.12,20.74,0.0,0.0,0.0,0.0013,finish,low_block
8_27,1899585,1,02:26.3,player_possession,,J. Brimmer,Auckland FC,21.75,30.42,21.75,30.42,,,,,finish,low_block
7_60,1899585,1,02:26.3,passing_option,,F. Gallegos,Auckland FC,17.93,26.84,17.93,26.84,0.0,0.0,0.0,0.0037,finish,low_block
7_61,1899585,1,02:26.3,passing_option,,F. De Vries,Auckland FC,14.89,33.76,14.89,33.76,0.0,1.0,1.0,0.0017,finish,low_block
8_28,1899585,1,02:27.2,player_possession,,F. De Vries,Auckland FC,14.24,33.2,14.24,33.2,,,,,finish,low_block
7_62,1899585,1,02:27.2,passing_option,,F. Gallegos,Auckland FC,19.05,27.38,19.05,27.38,0.0,0.0,0.0,0.0045,finish,low_block
7_63,1899585,1,02:27.2,passing_option,,J. Brimmer,Auckland FC,18.26,31.4,18.26,31.4,0.0,0.0,0.0,0.0019,finish,low_block
7_64,1899585,1,02:27.2,passing_option,,L. Gillion,Auckland FC,30.96,24.26,30.96,24.26,0.0,1.0,1.0,0.0069,finish,low_block
8_29,1899585,1,02:28.3,player_possession,,L. Gillion,Auckland FC,28.45,26.02,24.74,32.05,,,,,finish,low_block
7_65,1899585,1,02:28.3,passing_option,,F. Gallegos,Auckland FC,20.9,28.03,22.96,28.82,0.0,1.0,1.0,0.0073,finish,low_block
8_30,1899585,1,02:30.5,player_possession,,F. Gallegos,Auckland FC,23.6,28.79,25.37,28.32,,,,,finish,low_block
7_66,1899585,1,02:30.5,passing_option,,J. Brimmer,Auckland FC,18.38,31.38,18.63,31.4,0.0,0.0,0.0,0.0029,finish,low_block
7_67,1899585,1,02:31.1,passing_option,,G. May,Auckland FC,32.01,8.9,33.32,9.32,1.0,1.0,0.0,0.0443,finish,low_block
1_14,1899585,1,02:31.5,off_ball_run,behind,G. May,Auckland FC,33.32,9.32,38.68,10.85,1.0,1.0,0.0,0.0443,finish,low_block
8_31,1899585,1,02:33.0,player_possession,,I. Hughes,Wellington P FC,-41.42,-14.29,-41.2,-31.22,,,,,direct,defending_direct
7_68,1899585,1,02:33.0,passing_option,,A. Rufer,Wellington P FC,-34.74,-25.39,-37.71,-23.09,0.0,0.0,0.0,0.0002,direct,defending_direct
7_69,1899585,1,02:33.9,passing_option,,M. Sheridan,Wellington P FC,-31.87,-28.33,-33.61,-29.06,0.0,0.0,0.0,0.0001,direct,defending_direct
7_70,1899585,1,02:33.9,passing_option,,K. Barbarouses,Wellington P FC,-12.61,-20.94,-9.84,-21.9,0.0,1.0,0.0,0.001,direct,defending_direct
7_71,1899585,1,02:36.0,passing_option,,T. Payne,Wellington P FC,-21.41,-29.72,-21.19,-30.03,0.0,0.0,0.0,0.0003,direct,defending_direct
8_32,1899585,1,02:38.5,player_possession,,N. Pijnaker,Auckland FC,7.56,25.54,5.26,25.63,,,,,create,medium_block
8_33,1899585,1,02:40.5,player_possession,,D. Hall,Auckland FC,-2.8,19.17,-5.55,13.02,,,,,create,medium_block
7_72,1899585,1,02:40.5,passing_option,,N. Pijnaker,Auckland FC,-0.1,24.69,-0.1,24.69,0.0,0.0,0.0,0.0002,create,medium_block
7_73,1899585,1,02:40.5,passing_option,,F. Gallegos,Auckland FC,14.49,26.41,14.12,26.32,0.0,0.0,0.0,0.0018,create,medium_block
7_74,1899585,1,02:40.5,passing_option,,L. Verstraete,Auckland FC,8.76,18.08,2.59,9.71,0.0,0.0,0.0,0.0023,create,medium_block
7_75,1899585,1,02:42.5,passing_option,,N. Pijnaker,Auckland FC,-7.89,22.19,-12.33,21.68,0.0,0.0,0.0,0.0002,create,medium_block
7_76,1899585,1,02:43.2,passing_option,,F. Gallegos,Auckland FC,7.34,21.99,6.71,19.79,0.0,0.0,0.0,0.0018,create,medium_block
7_77,1899585,1,02:43.6,passing_option,,F. De Vries,Auckland FC,5.65,32.48,5.51,32.93,0.0,1.0,1.0,0.0008,create,medium_block
8_34,1899585,1,02:46.2,player_possession,,F. De Vries,Auckland FC,5.7,32.56,8.17,32.58,,,,,finish,low_block
7_78,1899585,1,02:46.2,passing_option,,N. Pijnaker,Auckland FC,-12.58,22.47,-11.94,22.29,0.0,0.0,0.0,0.0004,finish,low_block
7_79,1899585,1,02:46.2,passing_option,,F. Gallegos,Auckland FC,8.17,19.5,10.09,22.13,0.0,0.0,0.0,0.0028,finish,low_block
7_80,1899585,1,02:46.2,passing_option,,J. Brimmer,Auckland FC,17.58,27.83,15.72,29.53,0.0,1.0,1.0,0.0015,finish,low_block
7_81,1899585,1,02:46.6,passing_option,,L. Gillion,Auckland FC,23.09,23.58,22.13,22.99,0.0,0.0,0.0,0.0045,finish,low_block
8_35,1899585,1,02:47.9,player_possession,,J. Brimmer,Auckland FC,15.0,29.98,15.0,29.98,,,,,finish,low_block
7_82,1899585,1,02:47.9,passing_option,,F. Gallegos,Auckland FC,10.98,23.17,10.98,23.17,0.0,1.0,0.0,0.0028,finish,low_block
7_83,1899585,1,02:47.9,passing_option,,F. De Vries,Auckland FC,8.52,32.84,8.52,32.84,0.0,0.0,0.0,0.0007,finish,low_block
1_15,1899585,1,03:00.7,off_ball_run,cross_receiver,L. Rogerson,Auckland FC,28.27,2.83,38.56,1.16,1.0,0.0,0.0,0.0791,chaotic,chaotic
8_36,1899585,1,03:01.1,player_possession,,G. May,Auckland FC,41.73,23.43,45.02,22.89,,,,,chaotic,chaotic
7_84,1899585,1,03:01.5,passing_option,,L. Rogerson,Auckland FC,32.14,2.15,33.25,1.95,1.0,0.0,0.0,0.0791,chaotic,chaotic
8_37,1899585,1,03:38.4,player_possession,,N. Pijnaker,Auckland FC,47.18,5.67,46.24,10.27,,,,,set_play,defending_set_play
8_38,1899585,1,03:42.6,player_possession,,M. Sheridan,Wellington P FC,-46.34,-8.01,-46.34,-8.01,,,,,disruption,disruption
8_39,1899585,1,03:45.2,player_possession,,F. De Vries,Auckland FC,29.75,22.67,29.75,22.67,,,,,set_play,defending_set_play
8_40,1899585,1,03:46.5,player_possession,,J. Brimmer,Auckland FC,38.54,28.36,49.62,32.01,,,,,set_play,defending_set_play
7_85,1899585,1,03:46.5,passing_option,,L. Rogerson,Auckland FC,33.86,19.97,45.01,26.8,0.0,1.0,1.0,0.0088,set_play,defending_set_play
1_16,1899585,1,03:48.5,off_ball_run,support,L. Rogerson,Auckland FC,38.97,24.16,42.2,25.28,0.0,1.0,1.0,0.0088,set_play,defending_set_play
7_86,1899585,1,03:48.6,passing_option,,F. De Vries,Auckland FC,30.57,29.74,34.13,31.27,0.0,0.0,0.0,0.0082,set_play,defending_set_play
7_87,1899585,1,03:49.9,passing_option,,F. Gallegos,Auckland FC,26.78,24.81,28.59,24.56,0.0,0.0,0.0,0.0067,set_play,defending_set_play
8_41,1899585,1,03:51.0,player_possession,,L. Rogerson,Auckland FC,45.46,27.87,45.46,27.87,,,,,set_play,defending_set_play
7_88,1899585,1,03:51.0,passing_option,,F. Gallegos,Auckland FC,32.38,24.06,32.38,24.06,0.0,0.0,0.0,0.0102,set_play,defending_set_play
7_89,1899585,1,03:51.0,passing_option,,J. Brimmer,Auckland FC,47.68,31.96,47.68,31.96,0.0,0.0,0.0,0.0145,set_play,defending_set_play
7_90,1899585,1,03:51.0,passing_option,,F. De Vries,Auckland FC,34.66,31.2,34.66,31.2,0.0,1.0,1.0,0.007,set_play,defending_set_play
1_17,1899585,1,03:51.1,off_ball_run,underlap,F. Gallegos,Auckland FC,32.93,23.98,36.84,23.42,0.0,1.0,1.0,0.012,set_play,defending_set_play
8_42,1899585,1,03:52.4,player_possession,,F. De Vries,Auckland FC,35.65,31.72,35.65,31.72,,,,,set_play,defending_set_play
7_91,1899585,1,03:52.4,passing_option,,F. Gallegos,Auckland FC,38.48,23.08,38.48,23.08,0.0,1.0,1.0,0.012,set_play,defending_set_play
7_92,1899585,1,03:52.4,passing_option,,J. Brimmer,Auckland FC,43.36,32.35,43.36,32.35,0.0,0.0,0.0,0.0094,set_play,defending_set_play
7_93,1899585,1,03:52.4,passing_option,,L. Rogerson,Auckland FC,42.62,27.36,42.62,27.36,0.0,0.0,0.0,0.0093,set_play,defending_set_play
8_43,1899585,1,03:53.2,player_possession,,F. Gallegos,Auckland FC,40.27,22.54,40.27,22.54,,,,,set_play,defending_set_play
7_94,1899585,1,03:53.2,passing_option,,L. Rogerson,Auckland FC,41.0,26.07,41.0,26.07,0.0,1.0,1.0,0.0113,set_play,defending_set_play
8_44,1899585,1,03:53.7,player_possession,,L. Rogerson,Auckland FC,40.51,25.55,37.16,21.95,,,,,set_play,defending_set_play
7_95,1899585,1,03:53.7,passing_option,,J. Brimmer,Auckland FC,42.01,31.32,42.02,31.02,0.0,0.0,0.0,0.0105,set_play,defending_set_play
7_96,1899585,1,03:53.7,passing_option,,F. Gallegos,Auckland FC,41.21,22.16,42.08,21.63,0.0,0.0,0.0,0.0159,set_play,defending_set_play
7_97,1899585,1,03:55.0,passing_option,,F. De Vries,Auckland FC,31.15,28.52,30.59,27.78,0.0,0.0,0.0,0.0058,set_play,defending_set_play
7_98,1899585,1,03:55.1,passing_option,,N. Pijnaker,Auckland FC,19.83,17.4,19.8,17.35,0.0,1.0,1.0,0.0056,set_play,defending_set_play
8_45,1899585,1,03:56.9,player_possession,,N. Pijnaker,Auckland FC,20.43,15.66,20.43,15.66,,,,,set_play,defending_set_play
7_99,1899585,1,03:56.9,passing_option,,D. Hall,Auckland FC,17.04,2.98,17.04,2.98,0.0,0.0,0.0,0.0049,set_play,defending_set_play
7_100,1899585,1,03:56.9,passing_option,,F. De Vries,Auckland FC,27.32,26.13,27.32,26.13,0.0,1.0,1.0,0.0033,set_play,defending_set_play
7_101,1899585,1,03:56.9,passing_option,,L. Rogerson,Auckland FC,31.2,20.23,31.2,20.23,0.0,0.0,0.0,0.0049,set_play,defending_set_play
7_102,1899585,1,03:56.9,passing_option,,L. Gillion,Auckland FC,26.49,1.58,26.49,1.58,0.0,0.0,0.0,0.0057,set_play,defending_set_play
8_46,1899585,1,03:58.3,player_possession,,F. De Vries,Auckland FC,26.94,26.74,26.94,26.74,,,,,finish,low_block
7_103,1899585,1,03:58.3,passing_option,,F. Gallegos,Auckland FC,35.15,18.54,35.15,18.54,0.0,0.0,0.0,0.0054,finish,low_block
7_104,1899585,1,03:58.3,passing_option,,J. Brimmer,Auckland FC,37.3,30.09,37.3,30.09,0.0,1.0,1.0,0.0088,finish,low_block
8_47,1899585,1,03:59.4,player_possession,,J. Brimmer,Auckland FC,36.66,30.31,35.67,17.53,,,,,finish,low_block
7_105,1899585,1,03:59.4,passing_option,,F. De Vries,Auckland FC,27.42,27.67,27.08,28.03,0.0,0.0,0.0,0.0051,finish,low_block
7_106,1899585,1,03:59.4,passing_option,,F. Gallegos,Auckland FC,35.17,20.1,41.49,24.91,0.0,0.0,0.0,0.0132,finish,low_block
7_107,1899585,1,04:00.4,passing_option,,L. Rogerson,Auckland FC,33.97,14.27,34.5,17.21,0.0,0.0,0.0,0.0107,finish,low_block
8_48,1899585,1,04:03.1,player_possession,,L. Rogerson,Auckland FC,34.62,17.29,38.15,17.22,,,,,finish,low_block
7_108,1899585,1,04:03.1,passing_option,,F. Gallegos,Auckland FC,39.16,27.06,40.35,26.05,1.0,0.0,0.0,0.0208,finish,low_block
7_109,1899585,1,04:03.1,passing_option,,J. Brimmer,Auckland FC,35.6,17.17,35.05,14.6,0.0,0.0,0.0,0.0123,finish,low_block
8_49,1899585,1,04:41.9,player_possession,,I. Hughes,Wellington P FC,-12.49,-22.18,-12.73,-24.16,,,,,create,medium_block
7_110,1899585,1,04:41.9,passing_option,,K. Barbarouses,Wellington P FC,15.43,-26.07,14.77,-26.47,0.0,0.0,0.0,0.002,create,medium_block
7_111,1899585,1,04:41.9,passing_option,,M. Sheridan,Wellington P FC,-7.33,-26.88,-8.44,-27.84,0.0,0.0,0.0,0.0003,create,medium_block
7_112,1899585,1,04:42.0,passing_option,,T. Payne,Wellington P FC,3.34,-25.62,3.09,-26.19,0.0,0.0,0.0,0.0009,create,medium_block
7_113,1899585,1,04:42.2,passing_option,,P. Retre,Wellington P FC,0.47,-22.33,0.03,-22.48,0.0,1.0,0.0,0.0007,create,medium_block
8_50,1899585,1,04:48.1,player_possession,,S. Wootton,Wellington P FC,-19.64,-8.07,-19.64,-8.07,,,,,create,medium_block
7_114,1899585,1,04:48.1,passing_option,,H. Ishige,Wellington P FC,2.46,3.69,2.46,3.69,0.0,0.0,0.0,0.0047,create,medium_block
7_115,1899585,1,04:48.1,passing_option,,S. Sutton,Wellington P FC,-17.87,-0.1,-17.87,-0.1,0.0,1.0,1.0,0.0007,create,medium_block
1_18,1899585,1,04:48.2,off_ball_run,behind,H. Ishige,Wellington P FC,2.31,4.08,11.26,21.97,0.0,1.0,0.0,0.0107,create,medium_block
8_51,1899585,1,04:49.1,player_possession,,S. Sutton,Wellington P FC,-20.02,3.21,-20.03,11.28,,,,,create,medium_block
7_116,1899585,1,04:49.1,passing_option,,H. Ishige,Wellington P FC,1.77,8.47,6.17,17.79,0.0,1.0,0.0,0.0107,create,medium_block
1_19,1899585,1,04:49.1,off_ball_run,pulling_half_space,K. Nagasawa,Wellington P FC,-3.15,-4.63,3.9,8.73,0.0,0.0,0.0,0.0064,create,medium_block
7_117,1899585,1,04:49.8,passing_option,,K. Nagasawa,Wellington P FC,-1.47,-1.55,0.85,3.31,0.0,0.0,0.0,0.0064,create,medium_block
8_52,1899585,1,04:55.5,player_possession,,K. Nagasawa,Wellington P FC,1.74,28.42,-1.13,30.35,,,,,create,medium_block
7_118,1899585,1,04:55.5,passing_option,,H. Ishige,Wellington P FC,9.6,28.19,8.96,28.16,0.0,0.0,0.0,0.003,create,medium_block
7_119,1899585,1,04:55.5,passing_option,,S. Sutton,Wellington P FC,-6.38,29.21,-7.23,31.23,0.0,1.0,0.0,0.001,create,medium_block
8_53,1899585,1,05:14.3,player_possession,,H. Ishige,Wellington P FC,1.18,28.83,1.18,28.83,,,,,create,medium_block
7_120,1899585,1,05:14.3,passing_option,,K. Nagasawa,Wellington P FC,9.84,25.55,9.84,25.55,0.0,0.0,0.0,0.0056,create,medium_block
7_121,1899585,1,05:14.3,passing_option,,S. Sutton,Wellington P FC,-2.02,33.19,-2.02,33.19,0.0,1.0,0.0,0.0014,create,medium_block
7_122,1899585,1,05:14.3,passing_option,,P. Retre,Wellington P FC,-4.45,27.71,-4.45,27.71,0.0,0.0,0.0,0.0014,create,medium_block
8_54,1899585,1,05:15.0,player_possession,,S. Sutton,Wellington P FC,-2.48,32.57,-2.48,32.57,,,,,create,medium_block
7_123,1899585,1,05:15.0,passing_option,,H. Ishige,Wellington P FC,1.05,28.91,1.05,28.91,0.0,0.0,0.0,0.003,create,medium_block
7_124,1899585,1,05:15.0,passing_option,,P. Retre,Wellington P FC,-4.9,27.48,-4.9,27.48,0.0,1.0,1.0,0.0017,create,medium_block
8_55,1899585,1,05:15.6,player_possession,,P. Retre,Wellington P FC,-5.15,27.64,-5.15,27.64,,,,,create,medium_block
7_125,1899585,1,05:15.6,passing_option,,H. Ishige,Wellington P FC,0.52,29.09,0.52,29.09,0.0,1.0,0.0,0.0015,create,medium_block
7_126,1899585,1,05:15.6,passing_option,,S. Sutton,Wellington P FC,-2.29,32.46,-2.29,32.46,0.0,0.0,0.0,0.0016,create,medium_block
8_56,1899585,1,05:18.5,player_possession,,H. Sakai,Auckland FC,-12.46,-32.57,-12.46,-32.57,,,,,chaotic,chaotic
8_57,1899585,1,05:20.1,player_possession,,A. Rufer,Wellington P FC,-7.98,27.93,-7.98,27.93,,,,,chaotic,chaotic
7_127,1899585,1,05:20.1,passing_option,,K. Barbarouses,Wellington P FC,10.81,18.19,10.81,18.19,0.0,0.0,0.0,0.0111,chaotic,chaotic
7_128,1899585,1,05:20.1,passing_option,,H. Ishige,Wellington P FC,1.47,26.9,1.47,26.9,0.0,0.0,0.0,0.0022,chaotic,chaotic
7_129,1899585,1,05:20.1,passing_option,,K. Nagasawa,Wellington P FC,12.14,30.18,12.14,30.18,0.0,1.0,1.0,0.0042,chaotic,chaotic
7_130,1899585,1,05:20.1,passing_option,,S. Sutton,Wellington P FC,5.63,32.09,5.63,32.09,0.0,0.0,0.0,0.0017,chaotic,chaotic
7_131,1899585,1,05:20.1,passing_option,,P. Retre,Wellington P FC,-5.1,26.35,-5.1,26.35,0.0,0.0,0.0,0.0012,chaotic,chaotic
8_58,1899585,1,05:22.3,player_possession,,K. Nagasawa,Wellington P FC,6.04,26.93,6.04,26.93,,,,,chaotic,chaotic
7_132,1899585,1,05:22.3,passing_option,,K. Barbarouses,Wellington P FC,10.43,18.96,10.43,18.96,0.0,0.0,0.0,0.0111,chaotic,chaotic
7_133,1899585,1,05:22.3,passing_option,,H. Ishige,Wellington P FC,0.85,26.75,0.85,26.75,0.0,1.0,1.0,0.003,chaotic,chaotic
7_134,1899585,1,05:22.3,passing_option,,P. Retre,Wellington P FC,-2.42,21.99,-2.42,21.99,0.0,0.0,0.0,0.0043,chaotic,chaotic
8_59,1899585,1,05:22.7,player_possession,,H. Ishige,Wellington P FC,1.27,26.87,1.27,26.87,,,,,chaotic,chaotic
7_135,1899585,1,05:22.7,passing_option,,K. Barbarouses,Wellington P FC,10.66,18.95,10.66,18.95,0.0,1.0,1.0,0.0114,chaotic,chaotic
7_136,1899585,1,05:22.7,passing_option,,K. Nagasawa,Wellington P FC,5.26,26.63,5.26,26.63,0.0,0.0,0.0,0.0029,chaotic,chaotic
8_60,1899585,1,05:25.2,player_possession,,D. Hall,Auckland FC,-21.23,-25.69,-21.23,-25.69,,,,,chaotic,chaotic
8_61,1899585,1,05:34.2,player_possession,,P. Retre,Wellington P FC,17.45,28.73,13.41,29.48,,,,,finish,low_block
7_137,1899585,1,05:34.2,passing_option,,H. Ishige,Wellington P FC,19.32,34.79,19.53,34.25,0.0,0.0,0.0,0.0027,finish,low_block
7_138,1899585,1,05:34.2,passing_option,,S. Sutton,Wellington P FC,6.19,33.18,4.54,32.64,0.0,0.0,0.0,0.0008,finish,low_block
7_139,1899585,1,05:34.4,passing_option,,A. Rufer,Wellington P FC,6.96,17.51,7.38,17.24,0.0,0.0,0.0,0.004,finish,low_block
7_140,1899585,1,05:34.7,passing_option,,S. Wootton,Wellington P FC,-7.44,24.43,-7.48,23.74,0.0,1.0,1.0,0.0005,finish,low_block
7_141,1899585,1,05:34.8,passing_option,,I. Hughes,Wellington P FC,-6.5,10.33,-6.65,8.63,0.0,0.0,0.0,0.0009,finish,low_block
1_20,1899585,1,05:36.8,off_ball_run,dropping_off,M. Sheridan,Wellington P FC,-0.13,-7.92,-2.77,-10.84,0.0,0.0,0.0,0.0008,create,medium_block
8_62,1899585,1,05:37.2,player_possession,,S. Wootton,Wellington P FC,-9.85,21.43,-9.22,17.84,,,,,create,medium_block
7_142,1899585,1,05:37.2,passing_option,,I. Hughes,Wellington P FC,-8.71,2.74,-12.06,-1.49,0.0,1.0,1.0,0.0005,create,medium_block
7_143,1899585,1,05:37.6,passing_option,,M. Sheridan,Wellington P FC,-2.53,-10.5,-4.29,-14.49,0.0,0.0,0.0,0.0008,create,medium_block
8_63,1899585,1,05:41.0,player_possession,,I. Hughes,Wellington P FC,-10.72,-5.52,-10.44,-8.03,,,,,create,medium_block
7_144,1899585,1,05:41.0,passing_option,,M. Sheridan,Wellington P FC,-9.05,-21.4,-11.43,-22.74,0.0,1.0,1.0,0.0003,create,medium_block
1_21,1899585,1,05:41.8,off_ball_run,coming_short,A. Rufer,Wellington P FC,-3.84,-2.38,-8.57,-12.35,0.0,0.0,0.0,0.0007,create,medium_block
1_22,1899585,1,05:41.8,off_ball_run,pulling_wide,P. Retre,Wellington P FC,4.59,-3.96,3.25,-28.26,0.0,0.0,0.0,0.0011,create,medium_block
8_64,1899585,1,05:43.3,player_possession,,M. Sheridan,Wellington P FC,-14.57,-23.86,-7.97,-20.34,,,,,create,medium_block
7_145,1899585,1,05:43.3,passing_option,,A. Rufer,Wellington P FC,-7.34,-9.73,-8.38,-11.97,0.0,0.0,0.0,0.0007,create,medium_block
7_146,1899585,1,05:43.7,passing_option,,P. Retre,Wellington P FC,4.75,-15.92,3.39,-24.85,0.0,0.0,0.0,0.0011,create,medium_block
7_147,1899585,1,05:44.8,passing_option,,T. Payne,Wellington P FC,15.85,-30.89,15.89,-30.3,0.0,1.0,0.0,0.0056,create,medium_block
7_148,1899585,1,05:44.9,passing_option,,K. Barbarouses,Wellington P FC,11.65,-5.72,11.47,-7.09,0.0,0.0,0.0,0.0054,create,medium_block
8_65,1899585,1,05:47.8,player_possession,,N. Pijnaker,Auckland FC,-21.67,17.64,-29.14,23.2,,,,,direct,defending_direct
7_149,1899585,1,05:47.8,passing_option,,F. De Vries,Auckland FC,-17.07,22.69,-22.06,25.14,0.0,0.0,0.0,0.0002,direct,defending_direct
7_150,1899585,1,05:47.8,passing_option,,A. Paulsen,Auckland FC,-40.24,5.03,-43.42,7.51,0.0,0.0,0.0,0.0,direct,defending_direct
7_151,1899585,1,05:49.2,passing_option,,G. May,Auckland FC,9.99,16.7,9.93,16.95,0.0,1.0,0.0,0.0055,direct,defending_direct
7_152,1899585,1,05:49.3,passing_option,,L. Gillion,Auckland FC,-2.5,29.21,-2.68,29.47,0.0,0.0,0.0,0.0007,direct,defending_direct
7_153,1899585,1,05:49.4,passing_option,,J. Brimmer,Auckland FC,-5.85,26.28,-5.85,26.28,0.0,0.0,0.0,0.0006,direct,defending_direct
8_66,1899585,1,05:52.6,player_possession,,I. Hughes,Wellington P FC,-21.02,-25.28,-21.02,-25.28,,,,,chaotic,chaotic
1_23,1899585,1,05:52.7,off_ball_run,run_ahead_of_the_ball,J. Brimmer,Auckland FC,2.29,23.82,26.72,21.21,1.0,0.0,0.0,0.0254,finish,low_block
1_24,1899585,1,05:52.7,off_ball_run,overlap,F. Gallegos,Auckland FC,-8.98,24.81,22.78,28.86,0.0,0.0,0.0,0.004,finish,low_block
8_67,1899585,1,05:53.7,player_possession,,L. Gillion,Auckland FC,11.53,30.5,20.66,20.97,,,,,finish,low_block
7_154,1899585,1,05:53.7,passing_option,,G. May,Auckland FC,25.83,22.26,26.38,15.79,0.0,0.0,0.0,0.0181,finish,low_block
7_155,1899585,1,05:53.7,passing_option,,J. Brimmer,Auckland FC,7.44,23.38,26.72,21.21,1.0,0.0,0.0,0.0254,finish,low_block
1_25,1899585,1,05:53.7,off_ball_run,support,L. Rogerson,Auckland FC,-4.38,2.44,18.48,0.48,1.0,1.0,1.0,0.0212,finish,low_block
7_156,1899585,1,05:55.8,passing_option,,F. Gallegos,Auckland FC,7.54,28.91,10.79,30.26,0.0,0.0,0.0,0.004,finish,low_block
7_157,1899585,1,05:56.4,passing_option,,L. Verstraete,Auckland FC,4.81,12.6,14.51,9.39,0.0,0.0,0.0,0.0162,finish,low_block
7_158,1899585,1,05:58.5,passing_option,,L. Rogerson,Auckland FC,18.89,0.52,19.67,0.64,1.0,1.0,1.0,0.0212,finish,low_block
8_68,1899585,1,06:00.0,player_possession,,L. Rogerson,Auckland FC,24.9,1.29,29.28,-1.05,,,,,finish,low_block
7_159,1899585,1,06:00.0,passing_option,,G. May,Auckland FC,33.66,4.97,34.94,0.48,1.0,0.0,0.0,0.0376,finish,low_block
1_26,1899585,1,06:00.2,off_ball_run,run_ahead_of_the_ball,G. May,Auckland FC,33.85,4.16,35.49,-0.85,1.0,0.0,0.0,0.0376,finish,low_block
8_69,1899585,1,06:01.4,player_possession,,H. Ishige,Wellington P FC,-29.16,0.51,-29.31,0.87,,,,,transition,defending_transition
7_160,1899585,1,06:01.4,passing_option,,K. Nagasawa,Wellington P FC,-20.83,-2.22,-22.01,1.95,0.0,1.0,1.0,0.0013,transition,defending_transition
7_161,1899585,1,06:02.2,passing_option,,K. Barbarouses,Wellington P FC,-6.82,-16.6,-7.64,-15.69,0.0,0.0,0.0,0.0028,transition,defending_transition
8_70,1899585,1,06:03.4,player_possession,,K. Nagasawa,Wellington P FC,-20.1,4.08,4.06,5.04,,,,,transition,defending_transition
7_162,1899585,1,06:03.4,passing_option,,K. Barbarouses,Wellington P FC,-8.3,-14.18,11.79,-10.8,1.0,0.0,0.0,0.0361,transition,defending_transition
1_27,1899585,1,06:03.7,off_ball_run,run_ahead_of_the_ball,T. Payne,Wellington P FC,-20.21,-18.11,27.16,-25.36,0.0,1.0,1.0,0.0154,transition,defending_transition
1_28,1899585,1,06:04.5,off_ball_run,run_ahead_of_the_ball,K. Barbarouses,Wellington P FC,-5.48,-12.86,11.79,-10.8,1.0,0.0,0.0,0.0361,transition,defending_transition
7_163,1899585,1,06:07.2,passing_option,,T. Payne,Wellington P FC,3.67,-17.79,5.21,-17.84,0.0,1.0,1.0,0.0154,transition,defending_transition
1_29,1899585,1,06:07.5,off_ball_run,run_ahead_of_the_ball,K. Barbarouses,Wellington P FC,12.34,-10.77,30.37,-12.23,0.0,0.0,0.0,0.0154,transition,defending_transition
1_30,1899585,1,06:07.5,off_ball_run,cross_receiver,H. Ishige,Wellington P FC,-8.45,2.27,38.68,-5.38,1.0,0.0,0.0,0.0765,transition,defending_transition
1_31,1899585,1,06:09.3,off_ball_run,cross_receiver,K. Nagasawa,Wellington P FC,11.87,8.59,39.3,3.9,1.0,0.0,0.0,0.0762,transition,defending_transition
8_71,1899585,1,06:10.4,player_possession,,T. Payne,Wellington P FC,27.16,-25.36,36.06,-18.13,,,,,transition,defending_transition
7_164,1899585,1,06:11.0,passing_option,,K. Barbarouses,Wellington P FC,29.63,-12.63,32.81,-17.95,0.0,0.0,0.0,0.0154,transition,defending_transition
7_165,1899585,1,06:11.4,passing_option,,K. Nagasawa,Wellington P FC,23.35,8.87,39.81,3.3,1.0,0.0,0.0,0.0762,transition,defending_transition
7_166,1899585,1,06:14.1,passing_option,,H. Ishige,Wellington P FC,27.7,-0.85,34.41,-2.93,1.0,0.0,0.0,0.0765,transition,defending_transition
7_167,1899585,1,06:14.9,passing_option,,A. Rufer,Wellington P FC,16.05,0.71,16.83,0.65,0.0,1.0,1.0,0.0192,transition,defending_transition
8_72,1899585,1,06:17.1,player_possession,,A. Rufer,Wellington P FC,23.72,1.14,23.72,1.14,,,,,transition,defending_transition
7_168,1899585,1,06:17.1,passing_option,,S. Sutton,Wellington P FC,27.87,10.76,27.87,10.76,1.0,1.0,1.0,0.0206,transition,defending_transition
8_73,1899585,1,06:18.6,player_possession,,S. Sutton,Wellington P FC,32.52,12.77,39.24,13.98,,,,,transition,defending_transition
7_169,1899585,1,06:19.0,passing_option,,K. Nagasawa,Wellington P FC,38.28,0.64,39.56,2.07,1.0,0.0,0.0,0.0599,transition,defending_transition
7_170,1899585,1,06:19.5,passing_option,,K. Barbarouses,Wellington P FC,36.31,-18.28,36.51,-18.12,0.0,1.0,1.0,0.0199,transition,defending_transition
7_171,1899585,1,06:19.5,passing_option,,H. Ishige,Wellington P FC,40.52,-5.59,40.86,-5.28,1.0,0.0,0.0,0.0747,transition,defending_transition
8_74,1899585,1,06:22.7,player_possession,,K. Barbarouses,Wellington P FC,47.58,-17.95,47.58,-17.95,,,,,transition,defending_transition
7_172,1899585,1,06:22.7,passing_option,,T. Payne,Wellington P FC,43.67,-4.52,43.67,-4.52,1.0,1.0,0.0,0.0389,transition,defending_transition
7_173,1899585,1,06:22.7,passing_option,,M. Sheridan,Wellington P FC,30.71,-15.91,30.71,-15.91,0.0,0.0,0.0,0.0098,transition,defending_transition
8_75,1899585,1,06:23.4,player_possession,,F. De Vries,Auckland FC,-50.07,17.06,-49.24,16.41,,,,,direct,defending_direct
7_174,1899585,1,06:23.4,passing_option,,G. May,Auckland FC,-6.84,1.3,-8.18,3.77,0.0,1.0,1.0,0.0026,direct,defending_direct
7_175,1899585,1,06:23.4,passing_option,,L. Gillion,Auckland FC,-42.89,17.69,-45.4,19.91,0.0,0.0,0.0,0.0001,direct,defending_direct
8_76,1899585,1,06:28.0,player_possession,,I. Hughes,Wellington P FC,2.48,-9.89,-6.56,-11.49,,,,,create,medium_block
7_176,1899585,1,06:28.0,passing_option,,A. Rufer,Wellington P FC,18.94,-4.51,10.97,-5.88,0.0,0.0,0.0,0.0016,create,medium_block
7_177,1899585,1,06:28.0,passing_option,,S. Wootton,Wellington P FC,9.07,-9.27,1.04,-5.44,0.0,0.0,0.0,0.0013,create,medium_block
7_178,1899585,1,06:28.0,passing_option,,P. Retre,Wellington P FC,15.22,-13.19,4.43,-20.69,0.0,1.0,1.0,0.0005,create,medium_block
1_32,1899585,1,06:29.2,off_ball_run,dropping_off,P. Retre,Wellington P FC,11.86,-15.74,4.05,-20.87,0.0,1.0,1.0,0.0005,create,medium_block
7_179,1899585,1,06:29.5,passing_option,,J. Oluwayemi,Wellington P FC,-29.9,-3.26,-31.01,-3.55,0.0,0.0,0.0,0.0,create,medium_block
7_180,1899585,1,06:31.2,passing_option,,M. Sheridan,Wellington P FC,16.66,-27.14,16.66,-27.14,0.0,0.0,0.0,0.0009,create,medium_block
8_77,1899585,1,06:32.8,player_possession,,P. Retre,Wellington P FC,0.46,-22.21,0.11,-21.93,,,,,create,medium_block
7_181,1899585,1,06:32.8,passing_option,,A. Rufer,Wellington P FC,3.84,-8.99,0.75,-14.81,0.0,1.0,1.0,0.0009,create,medium_block
7_182,1899585,1,06:32.8,passing_option,,I. Hughes,Wellington P FC,-9.7,-13.5,-13.63,-14.73,0.0,0.0,0.0,0.0003,create,medium_block
7_183,1899585,1,06:34.3,passing_option,,M. Sheridan,Wellington P FC,10.91,-32.28,9.74,-32.48,0.0,0.0,0.0,0.0011,create,medium_block
8_78,1899585,1,06:35.8,player_possession,,A. Rufer,Wellington P FC,0.48,-16.15,0.48,-16.15,,,,,create,medium_block
7_184,1899585,1,06:35.8,passing_option,,P. Retre,Wellington P FC,-0.32,-22.76,-0.32,-22.76,0.0,1.0,1.0,0.0006,create,medium_block
7_185,1899585,1,06:35.8,passing_option,,I. Hughes,Wellington P FC,-14.45,-14.74,-14.45,-14.74,0.0,0.0,0.0,0.0003,create,medium_block
7_186,1899585,1,06:35.8,passing_option,,M. Sheridan,Wellington P FC,8.52,-32.4,8.52,-32.4,0.0,0.0,0.0,0.0009,create,medium_block
8_79,1899585,1,06:36.7,player_possession,,P. Retre,Wellington P FC,-1.11,-24.05,-1.83,-24.48,,,,,create,medium_block
7_187,1899585,1,06:36.7,passing_option,,M. Sheridan,Wellington P FC,7.11,-32.28,6.25,-32.2,0.0,0.0,0.0,0.0008,create,medium_block
7_188,1899585,1,06:36.7,passing_option,,I. Hughes,Wellington P FC,-15.39,-14.65,-16.11,-14.54,0.0,1.0,1.0,0.0003,create,medium_block
8_80,1899585,1,06:39.2,player_possession,,I. Hughes,Wellington P FC,-19.38,-12.15,-21.45,-9.51,,,,,create,medium_block
7_189,1899585,1,06:39.2,passing_option,,S. Wootton,Wellington P FC,-16.96,6.04,-19.54,7.65,0.0,1.0,1.0,0.0001,create,medium_block
8_81,1899585,1,06:41.8,player_possession,,S. Wootton,Wellington P FC,-20.85,9.72,-19.46,8.26,,,,,direct,defending_direct
7_190,1899585,1,06:41.8,passing_option,,S. Sutton,Wellington P FC,-12.87,25.97,-16.36,26.22,0.0,0.0,0.0,0.0004,direct,defending_direct
7_191,1899585,1,06:41.8,passing_option,,I. Hughes,Wellington P FC,-23.98,-5.88,-26.77,-2.38,0.0,0.0,0.0,0.0001,direct,defending_direct
7_192,1899585,1,06:43.9,passing_option,,M. Sheridan,Wellington P FC,-16.35,-22.74,-18.28,-20.67,0.0,0.0,0.0,0.0002,direct,defending_direct
7_193,1899585,1,06:45.1,passing_option,,T. Payne,Wellington P FC,6.93,-29.18,7.08,-29.36,0.0,1.0,0.0,0.002,direct,defending_direct
8_82,1899585,1,06:48.8,player_possession,,F. De Vries,Auckland FC,-22.81,18.44,-22.81,18.44,,,,,chaotic,chaotic
8_83,1899585,1,06:50.5,player_possession,,T. Payne,Wellington P FC,13.93,-16.29,13.93,-16.29,,,,,chaotic,chaotic
8_84,1899585,1,06:54.8,player_possession,,L. Gillion,Auckland FC,-20.11,15.5,-16.37,18.06,,,,,create,medium_block
7_194,1899585,1,06:54.8,passing_option,,F. Gallegos,Auckland FC,-19.09,14.02,-16.58,15.68,0.0,0.0,0.0,0.0025,create,medium_block
7_195,1899585,1,06:54.8,passing_option,,J. Brimmer,Auckland FC,-1.71,13.77,-6.24,14.96,0.0,1.0,1.0,0.0025,create,medium_block
1_33,1899585,1,06:56.9,off_ball_run,support,L. Gillion,Auckland FC,-15.12,18.94,-3.72,26.07,0.0,1.0,1.0,0.0034,create,medium_block
8_85,1899585,1,06:58.1,player_possession,,J. Brimmer,Auckland FC,-5.44,16.63,-5.44,16.63,,,,,create,medium_block
7_196,1899585,1,06:58.1,passing_option,,F. Gallegos,Auckland FC,-11.8,15.15,-11.8,15.15,0.0,0.0,0.0,0.0073,create,medium_block
7_197,1899585,1,06:58.1,passing_option,,L. Gillion,Auckland FC,-9.62,23.18,-9.62,23.18,0.0,1.0,1.0,0.0034,create,medium_block
1_34,1899585,1,06:58.2,off_ball_run,support,F. Gallegos,Auckland FC,-11.33,15.1,11.51,19.82,0.0,0.0,0.0,0.0074,create,medium_block
8_86,1899585,1,06:59.2,player_possession,,L. Gillion,Auckland FC,-3.72,26.07,21.52,27.91,,,,,create,medium_block
7_198,1899585,1,06:59.2,passing_option,,F. Gallegos,Auckland FC,-6.47,14.88,6.78,17.75,0.0,0.0,0.0,0.0074,create,medium_block
8_87,1899585,1,07:03.1,player_possession,,M. Sheridan,Wellington P FC,-22.85,-28.05,-22.85,-28.05,,,,,chaotic,chaotic
8_88,1899585,1,07:30.0,player_possession,,G. May,Auckland FC,31.69,30.0,31.69,30.0,,,,,finish,low_block
7_199,1899585,1,07:30.0,passing_option,,F. Gallegos,Auckland FC,23.95,27.78,23.95,27.78,0.0,0.0,0.0,0.0074,finish,low_block
7_200,1899585,1,07:30.0,passing_option,,J. Brimmer,Auckland FC,34.09,25.34,34.09,25.34,0.0,0.0,0.0,0.0094,finish,low_block
7_201,1899585,1,07:30.0,passing_option,,F. De Vries,Auckland FC,26.89,33.73,26.89,33.73,0.0,1.0,1.0,0.0025,finish,low_block
8_89,1899585,1,07:30.6,player_possession,,F. De Vries,Auckland FC,26.49,33.2,26.49,33.2,,,,,finish,low_block
7_202,1899585,1,07:30.6,passing_option,,F. Gallegos,Auckland FC,25.59,26.85,25.59,26.85,0.0,0.0,0.0,0.0115,finish,low_block
7_203,1899585,1,07:30.6,passing_option,,G. May,Auckland FC,32.01,31.44,32.01,31.44,0.0,0.0,0.0,0.0037,finish,low_block
7_204,1899585,1,07:30.6,passing_option,,J. Brimmer,Auckland FC,35.1,26.49,35.1,26.49,0.0,0.0,0.0,0.0087,finish,low_block
7_205,1899585,1,07:30.6,passing_option,,L. Gillion,Auckland FC,38.02,22.2,38.02,22.2,0.0,1.0,1.0,0.0147,finish,low_block
8_90,1899585,1,07:31.6,player_possession,,L. Gillion,Auckland FC,37.45,22.2,39.68,27.26,,,,,finish,low_block
7_206,1899585,1,07:31.6,passing_option,,F. Gallegos,Auckland FC,28.68,24.99,35.29,19.26,1.0,0.0,0.0,0.021,finish,low_block
7_207,1899585,1,07:31.6,passing_option,,G. May,Auckland FC,34.64,32.28,38.72,23.97,1.0,0.0,0.0,0.022,finish,low_block
7_208,1899585,1,07:31.6,passing_option,,J. Brimmer,Auckland FC,37.29,28.35,42.03,30.26,0.0,1.0,1.0,0.0116,finish,low_block
1_35,1899585,1,07:31.7,off_ball_run,support,F. Gallegos,Auckland FC,29.01,24.73,33.26,20.9,1.0,0.0,0.0,0.021,finish,low_block
1_36,1899585,1,07:32.3,off_ball_run,support,G. May,Auckland FC,36.44,30.5,38.72,23.97,1.0,0.0,0.0,0.022,finish,low_block
1_37,1899585,1,07:33.8,off_ball_run,cross_receiver,G. May,Auckland FC,38.9,23.48,42.1,13.64,1.0,0.0,0.0,0.0204,finish,low_block
8_91,1899585,1,07:34.4,player_possession,,J. Brimmer,Auckland FC,43.64,30.57,46.33,29.72,,,,,finish,low_block
7_209,1899585,1,07:34.4,passing_option,,G. May,Auckland FC,39.91,20.47,41.81,14.43,1.0,0.0,0.0,0.0204,finish,low_block
7_210,1899585,1,07:34.4,passing_option,,F. Gallegos,Auckland FC,36.92,18.4,40.42,19.93,0.0,1.0,1.0,0.0101,finish,low_block
7_211,1899585,1,07:34.4,passing_option,,L. Gillion,Auckland FC,39.73,28.17,40.55,29.46,0.0,0.0,0.0,0.009,finish,low_block
8_92,1899585,1,07:37.5,player_possession,,F. Gallegos,Auckland FC,41.67,22.13,41.67,22.13,,,,,finish,low_block
7_212,1899585,1,07:37.5,passing_option,,F. De Vries,Auckland FC,30.66,26.09,30.66,26.09,0.0,0.0,0.0,0.0075,finish,low_block
7_213,1899585,1,07:37.5,passing_option,,L. Gillion,Auckland FC,39.17,28.03,39.17,28.03,0.0,1.0,1.0,0.0091,finish,low_block
8_93,1899585,1,07:38.6,player_possession,,L. Gillion,Auckland FC,38.05,27.68,37.47,27.31,,,,,finish,low_block
7_214,1899585,1,07:38.6,passing_option,,F. Gallegos,Auckland FC,41.74,22.61,41.66,22.8,0.0,0.0,0.0,0.0082,finish,low_block
7_215,1899585,1,07:38.6,passing_option,,F. De Vries,Auckland FC,30.48,25.89,30.11,25.84,0.0,1.0,1.0,0.0047,finish,low_block
8_94,1899585,1,07:40.1,player_possession,,F. De Vries,Auckland FC,30.41,26.05,31.67,26.87,,,,,finish,low_block
7_216,1899585,1,07:40.1,passing_option,,L. Gillion,Auckland FC,36.62,25.79,35.9,23.48,0.0,0.0,0.0,0.0065,finish,low_block
7_217,1899585,1,07:40.1,passing_option,,J. Brimmer,Auckland FC,41.2,31.16,40.15,31.59,0.0,1.0,1.0,0.0084,finish,low_block
7_218,1899585,1,07:40.7,passing_option,,F. Gallegos,Auckland FC,38.44,23.28,38.13,23.33,0.0,0.0,0.0,0.007,finish,low_block
7_219,1899585,1,07:40.7,passing_option,,G. May,Auckland FC,40.81,6.98,40.64,7.19,0.0,0.0,0.0,0.0199,finish,low_block
8_95,1899585,1,07:41.9,player_possession,,J. Brimmer,Auckland FC,39.66,31.77,39.66,31.77,,,,,finish,low_block
7_220,1899585,1,07:41.9,passing_option,,F. Gallegos,Auckland FC,38.57,24.61,38.57,24.61,0.0,1.0,0.0,0.0077,finish,low_block
7_221,1899585,1,07:41.9,passing_option,,F. De Vries,Auckland FC,31.54,28.35,31.54,28.35,0.0,0.0,0.0,0.0033,finish,low_block
8_96,1899585,1,07:42.8,player_possession,,M. Sheridan,Wellington P FC,-42.05,-28.94,-42.74,-30.99,,,,,disruption,disruption
7_222,1899585,1,07:42.8,passing_option,,A. Rufer,Wellington P FC,-40.94,-21.19,-43.98,-22.41,0.0,0.0,0.0,0.0001,disruption,disruption
7_223,1899585,1,07:42.8,passing_option,,T. Payne,Wellington P FC,-33.57,-26.78,-33.46,-27.32,0.0,1.0,0.0,0.0002,disruption,disruption
8_97,1899585,1,07:45.3,player_possession,,F. De Vries,Auckland FC,27.68,30.34,15.46,32.99,,,,,finish,low_block
7_224,1899585,1,07:45.3,passing_option,,N. Pijnaker,Auckland FC,8.64,21.0,-0.12,24.25,0.0,0.0,0.0,0.0013,finish,low_block
7_225,1899585,1,07:47.2,passing_option,,L. Verstraete,Auckland FC,17.88,21.8,15.52,22.4,0.0,1.0,1.0,0.0028,finish,low_block
8_98,1899585,1,07:48.9,player_possession,,L. Verstraete,Auckland FC,14.82,23.01,14.82,23.01,,,,,finish,low_block
7_226,1899585,1,07:48.9,passing_option,,F. Gallegos,Auckland FC,27.16,29.15,27.16,29.15,0.0,0.0,0.0,0.0043,finish,low_block
7_227,1899585,1,07:48.9,passing_option,,N. Pijnaker,Auckland FC,-2.19,24.92,-2.19,24.92,0.0,1.0,1.0,0.0005,finish,low_block
7_228,1899585,1,07:48.9,passing_option,,F. De Vries,Auckland FC,13.25,32.25,13.25,32.25,0.0,0.0,0.0,0.001,finish,low_block
8_99,1899585,1,07:51.2,player_possession,,N. Pijnaker,Auckland FC,-3.48,25.97,-3.48,25.97,,,,,create,medium_block
7_229,1899585,1,07:51.2,passing_option,,D. Hall,Auckland FC,-2.71,3.08,-2.71,3.08,0.0,1.0,1.0,0.0009,create,medium_block
8_100,1899585,1,07:54.0,player_possession,,D. Hall,Auckland FC,-2.24,-1.18,-1.38,-2.55,,,,,create,medium_block
7_230,1899585,1,07:54.0,passing_option,,L. Verstraete,Auckland FC,8.44,7.91,4.57,3.29,0.0,0.0,0.0,0.0018,create,medium_block
7_231,1899585,1,07:55.4,passing_option,,N. Pijnaker,Auckland FC,-4.56,15.8,-5.39,14.79,0.0,1.0,1.0,0.0004,create,medium_block
8_101,1899585,1,07:57.9,player_possession,,N. Pijnaker,Auckland FC,-6.73,14.29,-6.31,13.79,,,,,create,medium_block
7_232,1899585,1,07:57.9,passing_option,,F. Gallegos,Auckland FC,6.47,17.67,5.5,19.44,0.0,0.0,0.0,0.0011,create,medium_block
7_233,1899585,1,07:57.9,passing_option,,D. Hall,Auckland FC,-4.24,-3.73,-6.35,-5.5,0.0,1.0,1.0,0.0006,create,medium_block
8_102,1899585,1,08:01.1,player_possession,,D. Hall,Auckland FC,-6.08,-8.45,-4.76,-10.32,,,,,create,medium_block
7_234,1899585,1,08:01.1,passing_option,,H. Sakai,Auckland FC,17.81,-31.01,16.8,-31.6,0.0,0.0,0.0,0.0025,create,medium_block
7_235,1899585,1,08:01.7,passing_option,,L. Rogerson,Auckland FC,21.61,-12.21,20.16,-13.99,0.0,0.0,0.0,0.004,create,medium_block
7_236,1899585,1,08:02.2,passing_option,,G. May,Auckland FC,23.12,-2.88,22.6,-3.11,0.0,1.0,1.0,0.0066,create,medium_block
7_237,1899585,1,08:02.4,passing_option,,L. Verstraete,Auckland FC,5.06,-3.3,5.06,-3.3,0.0,0.0,0.0,0.0025,create,medium_block
1_38,1899585,1,08:02.8,off_ball_run,coming_short,G. May,Auckland FC,21.18,-3.67,16.3,-4.43,0.0,1.0,1.0,0.0066,create,medium_block
8_103,1899585,1,08:03.9,player_possession,,G. May,Auckland FC,15.88,-4.4,15.88,-4.4,,,,,create,medium_block
7_238,1899585,1,08:03.9,passing_option,,L. Verstraete,Auckland FC,7.59,-7.23,7.59,-7.23,0.0,1.0,1.0,0.0056,create,medium_block
8_104,1899585,1,08:04.9,player_possession,,L. Verstraete,Auckland FC,9.57,-7.97,9.57,-7.97,,,,,finish,low_block
7_239,1899585,1,08:04.9,passing_option,,H. Sakai,Auckland FC,19.08,-31.38,19.08,-31.38,0.0,1.0,1.0,0.0053,finish,low_block
7_240,1899585,1,08:04.9,passing_option,,G. May,Auckland FC,14.39,-3.34,14.39,-3.34,0.0,0.0,0.0,0.0049,finish,low_block
7_241,1899585,1,08:04.9,passing_option,,L. Rogerson,Auckland FC,20.94,-17.84,20.94,-17.84,0.0,0.0,0.0,0.0056,finish,low_block
7_242,1899585,1,08:04.9,passing_option,,L. Gillion,Auckland FC,23.74,2.99,23.74,2.99,1.0,0.0,0.0,0.0216,finish,low_block
1_39,1899585,1,08:06.4,off_ball_run,run_ahead_of_the_ball,G. May,Auckland FC,19.16,-2.17,32.35,-2.93,1.0,0.0,0.0,0.0304,finish,low_block
8_105,1899585,1,08:06.7,player_possession,,H. Sakai,Auckland FC,20.38,-32.83,22.86,-32.26,,,,,finish,low_block
7_243,1899585,1,08:06.7,passing_option,,L. Rogerson,Auckland FC,23.1,-20.36,24.67,-24.08,0.0,1.0,1.0,0.0025,finish,low_block
7_244,1899585,1,08:07.1,passing_option,,L. Gillion,Auckland FC,28.87,-0.64,34.94,-5.8,1.0,0.0,0.0,0.0217,finish,low_block
7_245,1899585,1,08:07.2,passing_option,,G. May,Auckland FC,23.58,-2.19,33.34,-2.92,1.0,0.0,0.0,0.0304,finish,low_block
1_40,1899585,1,08:09.5,off_ball_run,pulling_half_space,L. Gillion,Auckland FC,35.5,-7.32,35.51,-10.39,0.0,0.0,0.0,0.0082,finish,low_block
8_106,1899585,1,08:09.8,player_possession,,L. Rogerson,Auckland FC,23.86,-25.59,23.9,-26.18,,,,,finish,low_block
7_246,1899585,1,08:09.8,passing_option,,H. Sakai,Auckland FC,24.97,-31.65,28.15,-31.74,0.0,0.0,0.0,0.0054,finish,low_block
7_247,1899585,1,08:09.8,passing_option,,L. Gillion,Auckland FC,35.63,-8.63,34.68,-13.88,0.0,0.0,0.0,0.0082,finish,low_block
7_248,1899585,1,08:10.7,passing_option,,F. Gallegos,Auckland FC,16.77,-2.8,16.88,-4.85,0.0,1.0,1.0,0.004,finish,low_block
7_249,1899585,1,08:11.2,passing_option,,D. Hall,Auckland FC,6.65,-13.95,6.72,-14.03,0.0,0.0,0.0,0.0015,finish,low_block
8_107,1899585,1,08:12.8,player_possession,,F. Gallegos,Auckland FC,17.67,-9.59,19.12,-10.41,,,,,finish,low_block
7_250,1899585,1,08:12.8,passing_option,,L. Verstraete,Auckland FC,25.62,-14.6,24.89,-14.33,0.0,0.0,0.0,0.0062,finish,low_block
7_251,1899585,1,08:13.1,passing_option,,G. May,Auckland FC,33.94,-2.94,32.91,-4.12,0.0,1.0,0.0,0.0133,finish,low_block
7_252,1899585,1,08:13.1,passing_option,,J. Brimmer,Auckland FC,26.13,3.54,25.79,3.1,0.0,0.0,0.0,0.0171,finish,low_block
7_253,1899585,1,08:13.4,passing_option,,L. Rogerson,Auckland FC,28.57,-24.04,29.05,-23.5,0.0,0.0,0.0,0.0131,finish,low_block
8_108,1899585,1,08:15.2,player_possession,,L. Verstraete,Auckland FC,25.74,-11.68,25.43,1.08,,,,,finish,low_block
7_254,1899585,1,08:15.2,passing_option,,J. Brimmer,Auckland FC,26.96,1.14,29.16,-0.02,1.0,0.0,0.0,0.0252,finish,low_block
7_255,1899585,1,08:16.6,passing_option,,F. Gallegos,Auckland FC,19.15,-5.01,19.19,-3.95,0.0,0.0,0.0,0.0051,finish,low_block
7_256,1899585,1,08:17.3,passing_option,,F. De Vries,Auckland FC,28.93,21.54,29.49,21.76,1.0,1.0,1.0,0.0208,finish,low_block
1_41,1899585,1,08:18.5,off_ball_run,run_ahead_of_the_ball,J. Brimmer,Auckland FC,31.36,2.46,44.59,13.9,1.0,0.0,0.0,0.0238,finish,low_block
1_42,1899585,1,08:19.3,off_ball_run,cross_receiver,L. Gillion,Auckland FC,37.06,-1.42,41.71,2.85,1.0,0.0,0.0,0.0514,finish,low_block
8_109,1899585,1,08:19.8,player_possession,,F. De Vries,Auckland FC,34.24,21.07,35.58,19.77,,,,,finish,low_block
7_257,1899585,1,08:19.8,passing_option,,J. Brimmer,Auckland FC,36.75,7.56,42.16,12.05,1.0,0.0,0.0,0.0238,finish,low_block
7_258,1899585,1,08:19.8,passing_option,,L. Gillion,Auckland FC,38.55,0.24,42.3,3.33,1.0,0.0,0.0,0.0514,finish,low_block
7_259,1899585,1,08:20.6,passing_option,,G. May,Auckland FC,39.5,-2.86,40.68,-2.75,1.0,0.0,0.0,0.0689,finish,low_block
7_260,1899585,1,08:20.9,passing_option,,L. Rogerson,Auckland FC,42.6,-7.81,42.6,-7.81,1.0,0.0,0.0,0.0483,finish,low_block
8_110,1899585,1,08:24.4,player_possession,,H. Ishige,Wellington P FC,-46.69,10.61,-47.93,12.01,,,,,chaotic,chaotic
8_111,1899585,1,08:57.2,player_possession,,J. Brimmer,Auckland FC,41.35,-30.86,41.35,-30.86,,,,,chaotic,chaotic
7_261,1899585,1,08:57.2,passing_option,,H. Sakai,Auckland FC,36.88,-33.89,36.88,-33.89,0.0,1.0,1.0,0.0052,chaotic,chaotic
7_262,1899585,1,08:57.2,passing_option,,L. Rogerson,Auckland FC,35.95,-27.99,35.95,-27.99,0.0,0.0,0.0,0.0067,chaotic,chaotic
8_112,1899585,1,08:57.8,player_possession,,H. Sakai,Auckland FC,36.63,-33.46,36.71,-33.11,,,,,chaotic,chaotic
7_263,1899585,1,08:57.8,passing_option,,G. May,Auckland FC,47.35,-22.59,46.55,-22.31,0.0,0.0,0.0,0.0113,chaotic,chaotic
7_264,1899585,1,08:57.8,passing_option,,J. Brimmer,Auckland FC,42.08,-31.47,42.5,-31.69,0.0,0.0,0.0,0.0056,chaotic,chaotic
7_265,1899585,1,08:57.8,passing_option,,L. Rogerson,Auckland FC,35.86,-28.1,36.17,-28.12,0.0,0.0,0.0,0.0075,chaotic,chaotic
8_113,1899585,1,08:58.4,player_possession,,H. Ishige,Wellington P FC,-37.0,31.56,-37.82,30.93,,,,,build_up,high_block
7_266,1899585,1,08:58.4,passing_option,,K. Nagasawa,Wellington P FC,-30.24,26.1,-28.57,26.22,0.0,0.0,0.0,0.0019,build_up,high_block
7_267,1899585,1,08:58.4,passing_option,,S. Sutton,Wellington P FC,-38.11,32.71,-35.97,33.84,0.0,0.0,0.0,0.0008,build_up,high_block
7_268,1899585,1,08:58.6,passing_option,,P. Retre,Wellington P FC,-35.53,18.22,-35.67,19.01,0.0,0.0,0.0,0.0006,build_up,high_block
7_269,1899585,1,08:58.9,passing_option,,A. Rufer,Wellington P FC,-44.63,24.09,-43.47,24.38,0.0,1.0,1.0,0.0003,build_up,high_block
8_114,1899585,1,09:00.5,player_possession,,A. Rufer,Wellington P FC,-43.16,24.57,-43.16,24.57,,,,,build_up,high_block
7_270,1899585,1,09:00.5,passing_option,,K. Barbarouses,Wellington P FC,-17.93,20.54,-17.93,20.54,0.0,0.0,0.0,0.003,build_up,high_block
7_271,1899585,1,09:00.5,passing_option,,K. Nagasawa,Wellington P FC,-27.29,26.04,-27.29,26.04,0.0,1.0,1.0,0.001,build_up,high_block
7_272,1899585,1,09:00.5,passing_option,,P. Retre,Wellington P FC,-35.88,19.22,-35.88,19.22,0.0,0.0,0.0,0.0006,build_up,high_block
8_115,1899585,1,09:01.7,player_possession,,K. Nagasawa,Wellington P FC,-27.37,24.32,-29.95,20.44,,,,,build_up,high_block
7_273,1899585,1,09:01.7,passing_option,,P. Retre,Wellington P FC,-33.28,18.73,-30.54,17.21,0.0,0.0,0.0,0.0024,build_up,high_block
8_116,1899585,1,09:04.7,player_possession,,A. Rufer,Wellington P FC,-37.09,20.44,-37.09,20.44,,,,,build_up,high_block
7_274,1899585,1,09:04.7,passing_option,,K. Barbarouses,Wellington P FC,-17.93,15.79,-17.93,15.79,0.0,0.0,0.0,0.0022,build_up,high_block
7_275,1899585,1,09:04.7,passing_option,,K. Nagasawa,Wellington P FC,-34.23,19.94,-34.23,19.94,0.0,1.0,0.0,0.0006,build_up,high_block
8_117,1899585,1,09:06.0,player_possession,,A. Rufer,Wellington P FC,-34.47,22.46,-34.9,22.51,,,,,build_up,high_block
7_276,1899585,1,09:06.0,passing_option,,K. Barbarouses,Wellington P FC,-18.97,16.1,-19.05,16.14,0.0,0.0,0.0,0.0023,build_up,high_block
7_277,1899585,1,09:06.0,passing_option,,K. Nagasawa,Wellington P FC,-33.96,20.91,-32.84,21.19,0.0,0.0,0.0,0.002,build_up,high_block
7_278,1899585,1,09:06.0,passing_option,,H. Ishige,Wellington P FC,-31.97,27.56,-31.05,28.85,0.0,0.0,0.0,0.001,build_up,high_block
7_279,1899585,1,09:06.0,passing_option,,S. Sutton,Wellington P FC,-38.58,28.01,-39.69,26.89,0.0,1.0,1.0,0.0002,build_up,high_block
8_118,1899585,1,09:07.9,player_possession,,S. Sutton,Wellington P FC,-40.18,26.84,-40.18,26.84,,,,,build_up,high_block
7_280,1899585,1,09:07.9,passing_option,,K. Barbarouses,Wellington P FC,-20.02,17.85,-20.02,17.85,0.0,1.0,0.0,0.0017,build_up,high_block
7_281,1899585,1,09:07.9,passing_option,,H. Ishige,Wellington P FC,-30.99,31.09,-30.99,31.09,0.0,0.0,0.0,0.0004,build_up,high_block
8_119,1899585,1,09:41.5,player_possession,,T. Payne,Wellington P FC,-17.51,-22.0,-17.51,-22.0,,,,,create,medium_block
7_282,1899585,1,09:41.5,passing_option,,K. Nagasawa,Wellington P FC,-7.53,-13.46,-7.53,-13.46,0.0,0.0,0.0,0.0015,create,medium_block
8_120,1899585,1,09:59.1,player_possession,,I. Hughes,Wellington P FC,-25.81,-14.34,-25.55,-11.5,,,,,build_up,high_block
7_283,1899585,1,09:59.1,passing_option,,S. Wootton,Wellington P FC,-27.43,1.59,-26.73,3.17,0.0,1.0,1.0,0.0001,build_up,high_block
7_284,1899585,1,09:59.1,passing_option,,S. Sutton,Wellington P FC,-19.81,18.24,-21.17,19.55,0.0,0.0,0.0,0.0001,build_up,high_block
8_121,1899585,1,10:01.4,player_possession,,S. Wootton,Wellington P FC,-26.87,4.47,-26.74,4.36,,,,,build_up,high_block
7_285,1899585,1,10:01.4,passing_option,,S. Sutton,Wellington P FC,-23.3,21.59,-24.47,23.88,0.0,0.0,0.0,0.0002,build_up,high_block
7_286,1899585,1,10:01.4,passing_option,,I. Hughes,Wellington P FC,-26.33,-8.48,-28.94,-6.74,0.0,1.0,1.0,0.0,build_up,high_block
7_287,1899585,1,10:02.1,passing_option,,M. Sheridan,Wellington P FC,-21.28,-21.69,-22.36,-20.85,0.0,0.0,0.0,0.0001,build_up,high_block
8_122,1899585,1,10:04.0,player_possession,,I. Hughes,Wellington P FC,-29.58,-7.37,-28.54,-11.49,,,,,build_up,high_block
7_288,1899585,1,10:04.0,passing_option,,M. Sheridan,Wellington P FC,-24.09,-20.94,-27.49,-23.34,0.0,0.0,0.0,0.0001,build_up,high_block
7_289,1899585,1,10:04.8,passing_option,,P. Retre,Wellington P FC,-12.6,-13.75,-15.69,-13.75,0.0,1.0,0.0,0.0003,build_up,high_block
7_290,1899585,1,10:05.5,passing_option,,T. Payne,Wellington P FC,3.63,-32.22,3.83,-32.41,0.0,0.0,0.0,0.0016,build_up,high_block
8_123,1899585,1,10:07.3,player_possession,,L. Gillion,Auckland FC,10.9,25.24,19.85,11.47,,,,,finish,low_block
7_291,1899585,1,10:07.3,passing_option,,F. Gallegos,Auckland FC,9.09,18.86,12.69,25.06,0.0,0.0,0.0,0.0068,finish,low_block
7_292,1899585,1,10:07.3,passing_option,,G. May,Auckland FC,27.31,18.63,25.53,15.31,1.0,0.0,0.0,0.0235,finish,low_block
1_43,1899585,1,10:07.7,off_ball_run,run_ahead_of_the_ball,J. Brimmer,Auckland FC,17.29,7.39,28.5,12.72,1.0,0.0,0.0,0.0253,finish,low_block
7_293,1899585,1,10:07.9,passing_option,,J. Brimmer,Auckland FC,17.99,7.97,28.5,12.72,1.0,0.0,0.0,0.0253,finish,low_block
1_44,1899585,1,10:08.5,off_ball_run,overlap,F. Gallegos,Auckland FC,9.98,22.83,21.57,27.16,0.0,0.0,0.0,0.0068,finish,low_block
7_294,1899585,1,10:10.9,passing_option,,L. Verstraete,Auckland FC,13.13,8.05,14.06,8.28,0.0,0.0,0.0,0.0062,finish,low_block
7_295,1899585,1,10:11.3,passing_option,,L. Rogerson,Auckland FC,25.54,-0.59,27.28,0.09,1.0,1.0,1.0,0.0285,finish,low_block
1_45,1899585,1,10:12.0,off_ball_run,support,L. Gillion,Auckland FC,19.95,10.88,21.62,2.59,0.0,1.0,0.0,0.0103,finish,low_block
8_124,1899585,1,10:12.9,player_possession,,L. Rogerson,Auckland FC,28.79,0.14,28.79,0.14,,,,,finish,low_block
7_296,1899585,1,10:12.9,passing_option,,L. Gillion,Auckland FC,20.79,5.15,20.79,5.15,0.0,1.0,0.0,0.0103,finish,low_block
8_125,1899585,1,10:13.4,player_possession,,K. Nagasawa,Wellington P FC,-26.97,-1.68,-26.43,0.75,,,,,chaotic,chaotic
8_126,1899585,1,10:31.3,player_possession,,S. Sutton,Wellington P FC,-22.94,21.07,-20.86,24.02,,,,,direct,defending_direct
7_297,1899585,1,10:31.3,passing_option,,S. Wootton,Wellington P FC,-28.99,6.97,-30.42,8.29,0.0,0.0,0.0,0.0001,direct,defending_direct
7_298,1899585,1,10:31.4,passing_option,,H. Ishige,Wellington P FC,-1.52,28.75,-2.25,31.99,0.0,0.0,0.0,0.0013,direct,defending_direct
7_299,1899585,1,10:32.2,passing_option,,K. Nagasawa,Wellington P FC,2.98,16.43,3.61,18.07,0.0,1.0,1.0,0.0063,direct,defending_direct
1_46,1899585,1,10:33.1,off_ball_run,behind,K. Nagasawa,Wellington P FC,4.57,19.33,34.59,29.17,0.0,1.0,1.0,0.0063,direct,defending_direct
1_47,1899585,1,10:35.2,off_ball_run,support,H. Ishige,Wellington P FC,0.37,31.87,21.52,28.89,0.0,0.0,0.0,0.0095,direct,defending_direct
8_127,1899585,1,10:37.5,player_possession,,K. Nagasawa,Wellington P FC,34.59,29.17,46.92,29.08,,,,,direct,defending_direct
7_300,1899585,1,10:39.4,passing_option,,H. Ishige,Wellington P FC,19.38,29.26,21.08,28.96,0.0,0.0,0.0,0.0095,direct,defending_direct
8_128,1899585,1,10:40.0,player_possession,,L. Verstraete,Auckland FC,-48.91,-29.74,-51.05,-28.04,,,,,chaotic,chaotic
7_301,1899585,1,10:40.0,passing_option,,H. Sakai,Auckland FC,-33.8,-29.27,-36.79,-28.9,0.0,1.0,0.0,0.0002,chaotic,chaotic
7_302,1899585,1,10:40.0,passing_option,,A. Paulsen,Auckland FC,-49.38,-2.85,-49.63,-2.92,0.0,0.0,0.0,0.0,chaotic,chaotic
8_129,1899585,1,10:48.1,player_possession,,H. Ishige,Wellington P FC,45.4,30.74,50.29,26.85,,,,,chaotic,chaotic
7_303,1899585,1,10:48.1,passing_option,,K. Nagasawa,Wellington P FC,45.88,33.26,45.03,32.98,0.0,0.0,0.0,0.0157,chaotic,chaotic
7_304,1899585,1,10:48.7,passing_option,,K. Barbarouses,Wellington P FC,39.5,5.33,39.98,5.87,1.0,0.0,0.0,0.0365,chaotic,chaotic
7_305,1899585,1,10:49.4,passing_option,,T. Payne,Wellington P FC,37.64,-10.58,37.87,-10.32,1.0,1.0,0.0,0.0341,chaotic,chaotic
1_48,1899585,1,11:26.8,off_ball_run,coming_short,T. Payne,Wellington P FC,45.42,7.72,39.82,8.51,1.0,0.0,0.0,0.0232,set_play,defending_set_play
8_130,1899585,1,11:27.3,player_possession,,A. Rufer,Wellington P FC,25.45,-0.84,25.45,-0.84,,,,,set_play,defending_set_play
7_306,1899585,1,11:27.3,passing_option,,K. Nagasawa,Wellington P FC,25.7,10.0,25.7,10.0,0.0,0.0,0.0,0.0066,set_play,defending_set_play
7_307,1899585,1,11:27.3,passing_option,,S. Wootton,Wellington P FC,39.05,-5.17,39.05,-5.17,0.0,0.0,0.0,0.0145,set_play,defending_set_play
7_308,1899585,1,11:27.3,passing_option,,P. Retre,Wellington P FC,31.98,-11.7,31.98,-11.7,0.0,1.0,1.0,0.0085,set_play,defending_set_play
7_309,1899585,1,11:27.3,passing_option,,I. Hughes,Wellington P FC,39.49,4.26,39.49,4.26,0.0,0.0,0.0,0.0197,set_play,defending_set_play
8_131,1899585,1,11:29.7,player_possession,,P. Retre,Wellington P FC,24.27,-13.97,24.27,-13.97,,,,,set_play,defending_set_play
7_310,1899585,1,11:29.7,passing_option,,S. Wootton,Wellington P FC,32.22,-8.38,32.22,-8.38,0.0,1.0,0.0,0.0104,set_play,defending_set_play
7_311,1899585,1,11:29.7,passing_option,,A. Rufer,Wellington P FC,21.49,-3.13,21.49,-3.13,0.0,0.0,0.0,0.0047,set_play,defending_set_play
1_49,1899585,1,11:29.9,off_ball_run,dropping_off,A. Rufer,Wellington P FC,21.08,-3.85,19.73,-6.52,0.0,0.0,0.0,0.0047,set_play,defending_set_play
8_132,1899585,1,11:32.8,player_possession,,K. Barbarouses,Wellington P FC,27.68,-20.23,26.22,-19.14,,,,,set_play,defending_set_play
7_312,1899585,1,11:32.8,passing_option,,P. Retre,Wellington P FC,21.15,-22.9,27.74,-23.63,0.0,1.0,1.0,0.0139,set_play,defending_set_play
1_50,1899585,1,11:33.3,off_ball_run,run_ahead_of_the_ball,T. Payne,Wellington P FC,26.93,-1.75,29.01,-6.46,1.0,0.0,0.0,0.0325,set_play,defending_set_play
1_51,1899585,1,11:33.7,off_ball_run,run_ahead_of_the_ball,P. Retre,Wellington P FC,23.55,-23.74,35.85,-22.2,0.0,1.0,1.0,0.0139,set_play,defending_set_play
7_313,1899585,1,11:34.4,passing_option,,T. Payne,Wellington P FC,28.59,-6.18,29.01,-6.46,1.0,0.0,0.0,0.0325,set_play,defending_set_play
1_52,1899585,1,11:34.6,off_ball_run,cross_receiver,T. Payne,Wellington P FC,29.47,-6.7,44.46,-4.45,1.0,0.0,0.0,0.0851,set_play,defending_set_play
1_53,1899585,1,11:34.6,off_ball_run,cross_receiver,I. Hughes,Wellington P FC,34.47,-1.15,45.11,3.14,1.0,1.0,0.0,0.1199,set_play,defending_set_play
8_133,1899585,1,11:35.9,player_possession,,P. Retre,Wellington P FC,35.85,-22.2,35.85,-22.2,,,,,set_play,defending_set_play
7_314,1899585,1,11:35.9,passing_option,,H. Ishige,Wellington P FC,36.13,13.37,36.13,13.37,1.0,0.0,0.0,0.0492,set_play,defending_set_play
7_315,1899585,1,11:35.9,passing_option,,T. Payne,Wellington P FC,37.63,-6.61,37.63,-6.61,1.0,0.0,0.0,0.0851,set_play,defending_set_play
7_316,1899585,1,11:35.9,passing_option,,I. Hughes,Wellington P FC,40.19,1.76,40.19,1.76,1.0,1.0,0.0,0.1199,set_play,defending_set_play
1_54,1899585,1,11:36.0,off_ball_run,pulling_wide,L. Rogerson,Auckland FC,-29.93,-1.36,-25.83,-21.37,0.0,0.0,0.0,0.0004,transition,defending_transition
8_134,1899585,1,11:37.8,player_possession,,A. Paulsen,Auckland FC,-48.62,-3.46,-35.07,-9.78,,,,,transition,defending_transition
7_317,1899585,1,11:37.8,passing_option,,D. Hall,Auckland FC,-48.4,-3.72,-49.4,-5.0,0.0,0.0,0.0,0.0003,transition,defending_transition
7_318,1899585,1,11:37.8,passing_option,,H. Sakai,Auckland FC,-48.85,-4.61,-53.84,-12.03,0.0,0.0,0.0,0.0005,transition,defending_transition
7_319,1899585,1,11:37.8,passing_option,,G. May,Auckland FC,-6.37,10.8,3.89,10.77,0.0,0.0,0.0,0.0068,transition,defending_transition
7_320,1899585,1,11:37.8,passing_option,,J. Brimmer,Auckland FC,-13.38,9.83,-5.92,19.52,0.0,1.0,0.0,0.0017,transition,defending_transition
7_321,1899585,1,11:37.8,passing_option,,L. Rogerson,Auckland FC,-38.56,-4.36,-29.12,-20.02,0.0,0.0,0.0,0.0004,transition,defending_transition
7_322,1899585,1,11:38.1,passing_option,,L. Verstraete,Auckland FC,-41.68,-0.31,-38.54,-5.73,0.0,0.0,0.0,0.0001,transition,defending_transition
8_135,1899585,1,11:44.1,player_possession,,M. Sheridan,Wellington P FC,-9.44,-13.99,-9.44,-13.99,,,,,chaotic,chaotic
8_136,1899585,1,11:47.1,player_possession,,L. Verstraete,Auckland FC,-18.69,-0.91,-18.69,-0.91,,,,,chaotic,chaotic
8_137,1899585,1,11:50.9,player_possession,,H. Ishige,Wellington P FC,8.14,4.23,8.14,4.23,,,,,chaotic,chaotic
7_323,1899585,1,11:50.9,passing_option,,K. Nagasawa,Wellington P FC,6.9,7.81,6.9,7.81,0.0,1.0,1.0,0.0044,chaotic,chaotic
7_324,1899585,1,11:50.9,passing_option,,A. Rufer,Wellington P FC,3.68,-5.7,3.68,-5.7,0.0,0.0,0.0,0.0029,chaotic,chaotic
7_325,1899585,1,11:50.9,passing_option,,S. Sutton,Wellington P FC,-4.81,8.59,-4.81,8.59,0.0,0.0,0.0,0.001,chaotic,chaotic
7_326,1899585,1,11:50.9,passing_option,,I. Hughes,Wellington P FC,0.33,-3.84,0.33,-3.84,0.0,0.0,0.0,0.0013,chaotic,chaotic
8_138,1899585,1,11:51.4,player_possession,,K. Nagasawa,Wellington P FC,6.72,8.21,6.66,8.84,,,,,chaotic,chaotic
7_327,1899585,1,11:51.4,passing_option,,I. Hughes,Wellington P FC,-1.68,-3.65,-2.07,-3.61,0.0,0.0,0.0,0.0013,chaotic,chaotic
7_328,1899585,1,11:51.4,passing_option,,A. Rufer,Wellington P FC,3.27,-5.1,2.89,-4.6,0.0,0.0,0.0,0.003,chaotic,chaotic
7_329,1899585,1,11:51.4,passing_option,,H. Ishige,Wellington P FC,7.37,4.07,7.55,4.6,0.0,0.0,0.0,0.0078,chaotic,chaotic
7_330,1899585,1,11:51.4,passing_option,,S. Wootton,Wellington P FC,-6.68,0.44,-6.93,1.87,0.0,0.0,0.0,0.0007,chaotic,chaotic
7_331,1899585,1,11:51.4,passing_option,,S. Sutton,Wellington P FC,-4.6,9.25,-4.82,9.87,0.0,0.0,0.0,0.001,chaotic,chaotic
8_139,1899585,1,12:11.2,player_possession,,S. Sutton,Wellington P FC,14.1,30.44,14.1,30.44,,,,,finish,low_block
7_332,1899585,1,12:11.2,passing_option,,H. Ishige,Wellington P FC,25.41,33.33,25.41,33.33,0.0,1.0,1.0,0.0038,finish,low_block
1_55,1899585,1,12:11.6,off_ball_run,run_ahead_of_the_ball,K. Nagasawa,Wellington P FC,26.43,13.59,29.78,16.5,0.0,0.0,0.0,0.0173,finish,low_block
8_140,1899585,1,12:12.3,player_possession,,H. Ishige,Wellington P FC,24.06,33.53,24.06,33.53,,,,,finish,low_block
7_333,1899585,1,12:12.3,passing_option,,K. Nagasawa,Wellington P FC,28.89,15.6,28.89,15.6,0.0,0.0,0.0,0.0173,finish,low_block
7_334,1899585,1,12:12.3,passing_option,,S. Sutton,Wellington P FC,17.57,28.28,17.57,28.28,0.0,1.0,1.0,0.0091,finish,low_block
1_56,1899585,1,12:12.3,off_ball_run,support,S. Sutton,Wellington P FC,17.57,28.28,22.83,22.22,0.0,1.0,1.0,0.0091,finish,low_block
8_141,1899585,1,12:13.9,player_possession,,S. Sutton,Wellington P FC,23.06,21.73,23.06,21.73,,,,,finish,low_block
7_335,1899585,1,12:13.9,passing_option,,K. Barbarouses,Wellington P FC,29.73,-1.68,29.73,-1.68,1.0,0.0,0.0,0.0418,finish,low_block
7_336,1899585,1,12:13.9,passing_option,,K. Nagasawa,Wellington P FC,32.54,20.46,32.54,20.46,0.0,1.0,1.0,0.0135,finish,low_block
1_57,1899585,1,12:14.0,off_ball_run,underlap,S. Sutton,Wellington P FC,23.28,21.24,40.18,13.91,1.0,1.0,0.0,0.0332,finish,low_block
1_58,1899585,1,12:15.2,off_ball_run,cross_receiver,K. Barbarouses,Wellington P FC,33.34,-0.24,42.71,1.16,1.0,0.0,0.0,0.1087,finish,low_block
1_59,1899585,1,12:15.3,off_ball_run,cross_receiver,T. Payne,Wellington P FC,30.43,-22.42,39.56,-13.67,1.0,0.0,0.0,0.0586,finish,low_block
8_142,1899585,1,12:15.9,player_possession,,K. Nagasawa,Wellington P FC,36.42,23.92,39.04,23.6,,,,,finish,low_block
7_337,1899585,1,12:15.9,passing_option,,K. Barbarouses,Wellington P FC,36.51,0.17,40.95,1.46,1.0,0.0,0.0,0.1087,finish,low_block
7_338,1899585,1,12:15.9,passing_option,,T. Payne,Wellington P FC,32.52,-20.22,37.37,-15.6,1.0,0.0,0.0,0.0586,finish,low_block
7_339,1899585,1,12:15.9,passing_option,,S. Sutton,Wellington P FC,30.11,14.56,37.39,13.85,1.0,1.0,0.0,0.0332,finish,low_block
8_143,1899585,1,12:17.4,player_possession,,D. Hall,Auckland FC,-41.02,-21.85,-42.48,-20.82,,,,,direct,defending_direct
7_340,1899585,1,12:17.4,passing_option,,L. Rogerson,Auckland FC,-35.82,-20.42,-38.61,-20.88,0.0,0.0,0.0,0.0002,direct,defending_direct
7_341,1899585,1,12:17.8,passing_option,,L. Verstraete,Auckland FC,-40.27,-13.92,-41.53,-14.02,0.0,0.0,0.0,0.0002,direct,defending_direct
7_342,1899585,1,12:18.0,passing_option,,G. May,Auckland FC,-6.01,-6.15,-6.09,-6.2,0.0,1.0,0.0,0.0014,direct,defending_direct
7_343,1899585,1,12:18.2,passing_option,,J. Brimmer,Auckland FC,-22.68,-13.16,-22.68,-13.16,0.0,0.0,0.0,0.0004,direct,defending_direct
8_144,1899585,1,12:23.4,player_possession,,H. Ishige,Wellington P FC,19.54,15.53,19.54,15.53,,,,,chaotic,chaotic
8_145,1899585,1,12:24.8,player_possession,,D. Hall,Auckland FC,-28.32,-11.22,-28.32,-11.22,,,,,chaotic,chaotic
8_146,1899585,1,12:26.2,player_possession,,F. Gallegos,Auckland FC,-19.74,-11.06,-19.74,-11.06,,,,,chaotic,chaotic
7_344,1899585,1,12:26.2,passing_option,,H. Sakai,Auckland FC,-29.37,-16.5,-29.37,-16.5,0.0,1.0,1.0,0.0002,chaotic,chaotic
7_345,1899585,1,12:26.2,passing_option,,L. Verstraete,Auckland FC,-19.5,-13.31,-19.5,-13.31,0.0,0.0,0.0,0.001,chaotic,chaotic
8_147,1899585,1,12:27.3,player_possession,,H. Sakai,Auckland FC,-28.82,-17.84,-28.64,-18.89,,,,,chaotic,chaotic
7_346,1899585,1,12:27.3,passing_option,,G. May,Auckland FC,-2.94,-23.56,-4.45,-24.65,0.0,1.0,1.0,0.0005,chaotic,chaotic
7_347,1899585,1,12:27.3,passing_option,,J. Brimmer,Auckland FC,-9.91,-14.87,-9.34,-15.97,0.0,0.0,0.0,0.0009,chaotic,chaotic
7_348,1899585,1,12:27.9,passing_option,,L. Rogerson,Auckland FC,-20.93,-27.61,-20.95,-27.9,0.0,0.0,0.0,0.0002,chaotic,chaotic
1_60,1899585,1,12:29.2,off_ball_run,run_ahead_of_the_ball,J. Brimmer,Auckland FC,-5.41,-16.62,-0.08,-19.15,0.0,0.0,0.0,0.0053,chaotic,chaotic
8_148,1899585,1,12:29.3,player_possession,,G. May,Auckland FC,-7.82,-27.04,-10.41,-27.08,,,,,chaotic,chaotic
7_349,1899585,1,12:29.3,passing_option,,J. Brimmer,Auckland FC,-5.0,-16.74,-0.43,-18.91,0.0,0.0,0.0,0.0053,chaotic,chaotic
7_350,1899585,1,12:29.3,passing_option,,L. Rogerson,Auckland FC,-19.89,-30.27,-16.83,-31.58,0.0,0.0,0.0,0.0004,chaotic,chaotic
7_351,1899585,1,12:29.7,passing_option,,L. Verstraete,Auckland FC,-16.88,-16.87,-15.88,-17.98,0.0,0.0,0.0,0.0006,chaotic,chaotic
8_149,1899585,1,12:31.6,player_possession,,P. Retre,Wellington P FC,9.11,15.22,9.11,15.22,,,,,create,medium_block
8_150,1899585,1,12:33.3,player_possession,,K. Nagasawa,Wellington P FC,17.51,18.82,17.38,24.65,,,,,finish,low_block
7_352,1899585,1,12:33.3,passing_option,,A. Rufer,Wellington P FC,5.3,18.8,5.37,18.7,0.0,0.0,0.0,0.0032,finish,low_block
7_353,1899585,1,12:33.3,passing_option,,H. Ishige,Wellington P FC,21.68,28.91,26.36,32.65,0.0,0.0,0.0,0.0084,finish,low_block
7_354,1899585,1,12:35.1,passing_option,,S. Sutton,Wellington P FC,4.22,27.8,4.46,28.88,0.0,1.0,1.0,0.0013,finish,low_block
7_355,1899585,1,12:35.4,passing_option,,A. Rufer,Wellington P FC,7.28,17.5,7.52,17.5,0.0,0.0,0.0,0.0032,finish,low_block
8_151,1899585,1,12:37.2,player_possession,,S. Sutton,Wellington P FC,4.36,29.86,4.15,29.43,,,,,create,medium_block
7_356,1899585,1,12:37.2,passing_option,,S. Wootton,Wellington P FC,-7.46,19.31,-8.33,18.92,0.0,1.0,1.0,0.0004,create,medium_block
7_357,1899585,1,12:37.2,passing_option,,A. Rufer,Wellington P FC,7.5,18.89,6.84,19.88,0.0,0.0,0.0,0.0025,create,medium_block
7_358,1899585,1,12:37.2,passing_option,,P. Retre,Wellington P FC,8.13,7.02,7.1,6.82,0.0,0.0,0.0,0.0032,create,medium_block
7_359,1899585,1,12:37.2,passing_option,,I. Hughes,Wellington P FC,-4.64,6.4,-5.96,5.1,0.0,0.0,0.0,0.0008,create,medium_block
8_152,1899585,1,12:39.3,player_possession,,S. Wootton,Wellington P FC,-10.7,16.61,-10.47,10.88,,,,,create,medium_block
7_360,1899585,1,12:39.3,passing_option,,P. Retre,Wellington P FC,4.14,5.29,-0.57,-0.22,0.0,0.0,0.0,0.0012,create,medium_block
7_361,1899585,1,12:39.3,passing_option,,I. Hughes,Wellington P FC,-8.73,1.67,-12.21,-3.88,0.0,0.0,0.0,0.0006,create,medium_block
7_362,1899585,1,12:40.0,passing_option,,M. Sheridan,Wellington P FC,-2.3,-14.17,-3.27,-17.66,0.0,1.0,1.0,0.0009,create,medium_block
8_153,1899585,1,12:43.1,player_possession,,M. Sheridan,Wellington P FC,-3.94,-19.5,-2.8,-19.43,,,,,create,medium_block
7_363,1899585,1,12:43.1,passing_option,,P. Retre,Wellington P FC,-0.57,-7.58,1.21,-10.67,0.0,1.0,1.0,0.0017,create,medium_block
8_154,1899585,1,12:44.8,player_possession,,P. Retre,Wellington P FC,2.13,-13.05,2.13,-13.05,,,,,create,medium_block
7_364,1899585,1,12:44.8,passing_option,,M. Sheridan,Wellington P FC,-2.42,-19.49,-2.42,-19.49,0.0,1.0,1.0,0.0007,create,medium_block
8_155,1899585,1,12:45.6,player_possession,,M. Sheridan,Wellington P FC,-3.18,-19.53,-3.98,-19.18,,,,,create,medium_block
7_365,1899585,1,12:45.6,passing_option,,I. Hughes,Wellington P FC,-12.33,-9.49,-13.83,-9.44,0.0,1.0,1.0,0.0003,create,medium_block
7_366,1899585,1,12:45.9,passing_option,,S. Wootton,Wellington P FC,-10.51,5.29,-11.03,5.24,0.0,0.0,0.0,0.0003,create,medium_block
8_156,1899585,1,12:48.1,player_possession,,I. Hughes,Wellington P FC,-17.93,-6.55,-18.34,-5.09,,,,,create,medium_block
7_367,1899585,1,12:48.1,passing_option,,S. Wootton,Wellington P FC,-15.42,7.69,-16.98,9.35,0.0,1.0,1.0,0.0002,create,medium_block
7_368,1899585,1,12:48.3,passing_option,,S. Sutton,Wellington P FC,-6.06,25.09,-7.61,25.39,0.0,0.0,0.0,0.0005,create,medium_block
1_61,1899585,1,12:49.6,off_ball_run,coming_short,A. Rufer,Wellington P FC,-6.42,-3.41,-9.61,5.31,0.0,0.0,0.0,0.0014,create,medium_block
8_157,1899585,1,12:50.5,player_possession,,S. Wootton,Wellington P FC,-19.24,12.75,-19.91,12.06,,,,,create,medium_block
7_369,1899585,1,12:50.5,passing_option,,S. Sutton,Wellington P FC,-13.09,26.79,-15.78,27.72,0.0,0.0,0.0,0.0001,create,medium_block
7_370,1899585,1,12:50.9,passing_option,,I. Hughes,Wellington P FC,-23.05,-3.77,-28.32,-5.04,0.0,0.0,0.0,0.0002,create,medium_block
7_371,1899585,1,12:51.0,passing_option,,A. Rufer,Wellington P FC,-9.37,1.76,-9.64,6.45,0.0,0.0,0.0,0.0014,create,medium_block
7_372,1899585,1,12:51.8,passing_option,,M. Sheridan,Wellington P FC,-20.24,-15.63,-21.2,-17.09,0.0,0.0,0.0,0.0002,create,medium_block
7_373,1899585,1,12:52.7,passing_option,,T. Payne,Wellington P FC,7.01,-31.58,6.94,-31.65,0.0,0.0,0.0,0.0024,create,medium_block
7_374,1899585,1,12:53.9,passing_option,,S. Sutton,Wellington P FC,-16.05,28.0,-15.96,27.91,0.0,1.0,1.0,0.0001,create,medium_block
8_158,1899585,1,12:56.9,player_possession,,S. Sutton,Wellington P FC,-15.43,28.58,-13.56,30.69,,,,,create,medium_block
7_375,1899585,1,12:56.9,passing_option,,H. Ishige,Wellington P FC,4.09,32.46,1.83,31.81,0.0,1.0,1.0,0.0011,create,medium_block
7_376,1899585,1,12:56.9,passing_option,,K. Nagasawa,Wellington P FC,11.26,19.2,11.64,22.83,0.0,0.0,0.0,0.0087,create,medium_block
8_159,1899585,1,12:59.6,player_possession,,H. Ishige,Wellington P FC,-1.4,28.58,-5.3,18.97,,,,,create,medium_block
7_377,1899585,1,13:00.3,passing_option,,A. Rufer,Wellington P FC,-12.54,8.26,-12.75,13.88,0.0,0.0,0.0,0.0014,create,medium_block
8_0,1886347,1,00:01.8,player_possession,,B. Gibson,Newcastle,0.73,0.49,0.73,0.49,,,,,create,medium_block
8_1,1886347,1,00:03.8,player_possession,,A. Šušnjar,Newcastle,-22.31,1.22,-22.21,2.7,,,,,create,medium_block
7_0,1886347,1,00:03.8,passing_option,,K. Grozos,Newcastle,-10.47,-2.78,-11.36,-1.38,0.0,0.0,0.0,0.0006,create,medium_block
7_1,1886347,1,00:03.8,passing_option,,M. Natta,Newcastle,-20.69,16.66,-20.36,17.69,0.0,1.0,1.0,0.0001,create,medium_block
8_2,1886347,1,00:06.2,player_possession,,M. Natta,Newcastle,-17.6,20.17,-10.75,24.18,,,,,direct,defending_direct
7_2,1886347,1,00:06.2,passing_option,,C. Timmins,Newcastle,-4.66,11.04,-6.39,14.27,0.0,0.0,0.0,0.0011,direct,defending_direct
7_3,1886347,1,00:06.2,passing_option,,L. Bayliss,Newcastle,14.93,10.13,11.67,16.14,0.0,0.0,0.0,0.0103,direct,defending_direct
7_4,1886347,1,00:06.2,passing_option,,B. Gibson,Newcastle,12.73,3.61,16.91,9.27,0.0,1.0,0.0,0.0124,direct,defending_direct
7_5,1886347,1,00:06.3,passing_option,,T. Aquilina,Newcastle,7.31,19.98,6.87,27.64,0.0,0.0,0.0,0.0038,direct,defending_direct
1_0,1886347,1,00:06.4,off_ball_run,pulling_wide,T. Aquilina,Newcastle,7.31,20.4,6.94,28.05,0.0,0.0,0.0,0.0038,direct,defending_direct
1_1,1886347,1,00:07.1,off_ball_run,coming_short,L. Bayliss,Newcastle,14.25,12.68,10.46,19.53,0.0,0.0,0.0,0.0051,direct,defending_direct
1_2,1886347,1,00:07.2,off_ball_run,behind,B. Gibson,Newcastle,15.51,6.38,19.96,13.36,0.0,1.0,0.0,0.0124,direct,defending_direct
8_3,1886347,1,00:19.2,player_possession,,N. Pijnaker,Auckland FC,-27.84,6.4,-23.05,13.87,,,,,build_up,high_block
7_6,1886347,1,00:19.2,passing_option,,F. De Vries,Auckland FC,-15.93,21.92,-10.82,30.43,0.0,1.0,1.0,0.0003,build_up,high_block
1_3,1886347,1,00:19.7,off_ball_run,pulling_wide,F. De Vries,Auckland FC,-15.24,23.74,-12.76,27.44,0.0,1.0,1.0,0.0003,build_up,high_block
7_7,1886347,1,00:21.8,passing_option,,L. Gillion,Auckland FC,2.37,19.97,2.21,19.9,0.0,0.0,0.0,0.0014,build_up,high_block
8_4,1886347,1,00:23.3,player_possession,,F. De Vries,Auckland FC,-9.83,32.04,-9.03,32.31,,,,,create,medium_block
7_8,1886347,1,00:23.3,passing_option,,N. Pijnaker,Auckland FC,-23.35,17.65,-24.07,18.31,0.0,0.0,0.0,0.0001,create,medium_block
7_9,1886347,1,00:23.3,passing_option,,F. Gallegos,Auckland FC,-9.45,16.51,-9.17,19.18,0.0,0.0,0.0,0.0009,create,medium_block
7_10,1886347,1,00:23.3,passing_option,,L. Gillion,Auckland FC,0.42,21.06,3.17,23.48,0.0,1.0,0.0,0.0065,create,medium_block
8_5,1886347,1,00:27.3,player_possession,,D. Ingham,Newcastle,-28.54,-24.91,-37.82,-28.89,,,,,chaotic,chaotic
7_11,1886347,1,00:27.3,passing_option,,R. Scott,Newcastle,-43.88,-7.85,-45.74,-8.01,0.0,0.0,0.0,0.0,chaotic,chaotic
7_12,1886347,1,00:28.0,passing_option,,K. Grozos,Newcastle,-10.58,-25.06,-16.05,-26.06,0.0,0.0,0.0,0.0002,chaotic,chaotic
7_13,1886347,1,00:28.2,passing_option,,P. Cancar,Newcastle,-33.38,-18.64,-36.65,-18.76,0.0,0.0,0.0,0.0001,chaotic,chaotic
7_14,1886347,1,00:28.7,passing_option,,C. Timmins,Newcastle,-26.31,-14.96,-27.2,-15.4,0.0,1.0,0.0,0.0001,chaotic,chaotic
1_4,1886347,1,00:29.0,off_ball_run,support,J. Brimmer,Auckland FC,26.02,18.87,29.14,21.69,0.0,0.0,0.0,0.0123,finish,low_block
1_5,1886347,1,00:29.0,off_ball_run,overlap,F. Gallegos,Auckland FC,14.54,27.87,44.67,26.21,1.0,1.0,1.0,0.0345,finish,low_block
8_6,1886347,1,00:29.1,player_possession,,L. Gillion,Auckland FC,36.98,29.9,34.81,27.85,,,,,finish,low_block
7_15,1886347,1,00:29.1,passing_option,,F. Gallegos,Auckland FC,15.23,28.01,37.89,29.34,1.0,1.0,1.0,0.0345,finish,low_block
7_16,1886347,1,00:29.1,passing_option,,J. Brimmer,Auckland FC,26.39,19.18,28.41,22.98,0.0,0.0,0.0,0.0123,finish,low_block
7_17,1886347,1,00:30.3,passing_option,,G. May,Auckland FC,33.03,5.02,39.01,3.12,1.0,0.0,0.0,0.1986,finish,low_block
1_6,1886347,1,00:30.5,off_ball_run,cross_receiver,G. May,Auckland FC,33.83,4.87,37.82,3.66,1.0,0.0,0.0,0.1986,finish,low_block
1_7,1886347,1,00:33.6,off_ball_run,cross_receiver,L. Rogerson,Auckland FC,34.25,-5.31,40.85,-6.2,1.0,0.0,0.0,0.0419,finish,low_block
8_7,1886347,1,00:34.0,player_possession,,F. Gallegos,Auckland FC,44.67,26.21,44.67,26.21,,,,,finish,low_block
7_18,1886347,1,00:34.0,passing_option,,G. May,Auckland FC,38.42,3.94,38.42,3.94,1.0,1.0,0.0,0.0349,finish,low_block
7_19,1886347,1,00:34.0,passing_option,,L. Rogerson,Auckland FC,36.03,-5.15,36.03,-5.15,1.0,0.0,0.0,0.0419,finish,low_block
8_8,1886347,1,00:37.7,player_possession,,R. Scott,Newcastle,-47.3,-2.23,-42.28,-0.41,,,,,build_up,high_block
8_9,1886347,1,00:44.1,player_possession,,M. Natta,Newcastle,-44.82,22.57,-45.08,22.98,,,,,build_up,high_block
7_20,1886347,1,00:44.1,passing_option,,A. Šušnjar,Newcastle,-47.78,9.44,-48.31,11.61,0.0,1.0,1.0,0.0,build_up,high_block
7_21,1886347,1,00:45.0,passing_option,,B. Gibson,Newcastle,-1.58,9.54,-1.58,9.54,0.0,0.0,0.0,0.0022,build_up,high_block
8_10,1886347,1,00:45.9,player_possession,,A. Šušnjar,Newcastle,-48.33,12.79,-43.59,14.15,,,,,direct,defending_direct
7_22,1886347,1,00:45.9,passing_option,,R. Scott,Newcastle,-48.21,1.93,-49.66,1.25,0.0,0.0,0.0,0.0,direct,defending_direct
7_23,1886347,1,00:45.9,passing_option,,P. Cancar,Newcastle,-45.32,-11.96,-45.79,-14.34,0.0,0.0,0.0,0.0001,direct,defending_direct
7_24,1886347,1,00:45.9,passing_option,,M. Natta,Newcastle,-45.04,23.37,-43.69,24.84,0.0,0.0,0.0,0.0,direct,defending_direct
7_25,1886347,1,00:47.1,passing_option,,C. Timmins,Newcastle,-31.48,12.84,-31.39,15.26,0.0,0.0,0.0,0.0001,direct,defending_direct
7_26,1886347,1,00:49.2,passing_option,,B. Gibson,Newcastle,-0.88,17.13,-0.74,17.64,0.0,1.0,0.0,0.0024,direct,defending_direct
8_11,1886347,1,00:51.6,player_possession,,C. Elliott,Auckland FC,1.82,-24.28,1.82,-24.28,,,,,create,medium_block
8_12,1886347,1,00:53.7,player_possession,,F. Gallegos,Auckland FC,12.03,-11.67,10.81,-20.18,,,,,create,medium_block
7_27,1886347,1,00:53.7,passing_option,,G. May,Auckland FC,25.44,-14.23,24.07,-13.72,0.0,0.0,0.0,0.0091,create,medium_block
7_28,1886347,1,00:53.7,passing_option,,L. Verstraete,Auckland FC,7.04,-16.4,8.72,-15.49,0.0,0.0,0.0,0.0045,create,medium_block
7_29,1886347,1,00:53.7,passing_option,,L. Rogerson,Auckland FC,11.46,-27.61,8.28,-30.77,0.0,1.0,1.0,0.0007,create,medium_block
7_30,1886347,1,00:54.3,passing_option,,C. Elliott,Auckland FC,-0.37,-24.11,1.15,-25.51,0.0,0.0,0.0,0.0012,create,medium_block
8_13,1886347,1,00:56.5,player_possession,,L. Rogerson,Auckland FC,7.67,-32.34,6.63,-32.99,,,,,create,medium_block
7_31,1886347,1,00:56.5,passing_option,,F. Gallegos,Auckland FC,7.69,-22.48,7.33,-22.46,0.0,0.0,0.0,0.0011,create,medium_block
7_32,1886347,1,00:56.5,passing_option,,C. Elliott,Auckland FC,-0.57,-28.65,-4.49,-31.09,0.0,1.0,1.0,0.0003,create,medium_block
7_33,1886347,1,00:56.9,passing_option,,D. Hall,Auckland FC,-6.92,-20.82,-9.78,-21.71,0.0,0.0,0.0,0.0003,create,medium_block
1_8,1886347,1,00:57.8,off_ball_run,dropping_off,D. Hall,Auckland FC,-10.2,-21.78,-17.6,-22.54,0.0,1.0,0.0,0.0002,create,medium_block
8_14,1886347,1,00:59.7,player_possession,,C. Elliott,Auckland FC,-11.44,-31.16,-11.44,-31.16,,,,,create,medium_block
7_34,1886347,1,00:59.7,passing_option,,D. Hall,Auckland FC,-18.41,-22.55,-18.41,-22.55,0.0,1.0,0.0,0.0002,create,medium_block
7_35,1886347,1,00:59.7,passing_option,,A. Paulsen,Auckland FC,-36.73,-6.66,-36.73,-6.66,0.0,0.0,0.0,0.0,create,medium_block
8_15,1886347,1,01:14.0,player_possession,,F. Gallegos,Auckland FC,-10.6,-17.53,-6.68,-21.27,,,,,create,medium_block
7_36,1886347,1,01:14.0,passing_option,,L. Verstraete,Auckland FC,-18.38,-24.51,-18.14,-23.5,0.0,0.0,0.0,0.0003,create,medium_block
7_37,1886347,1,01:14.4,passing_option,,J. Brimmer,Auckland FC,-4.35,-25.5,-6.38,-25.15,0.0,1.0,1.0,0.0006,create,medium_block
1_9,1886347,1,01:14.5,off_ball_run,run_ahead_of_the_ball,L. Rogerson,Auckland FC,-7.24,-32.22,-4.16,-32.43,0.0,0.0,0.0,0.0021,create,medium_block
7_38,1886347,1,01:15.0,passing_option,,C. Elliott,Auckland FC,-13.9,-30.43,-12.96,-29.54,0.0,0.0,0.0,0.0003,create,medium_block
7_39,1886347,1,01:15.3,passing_option,,L. Rogerson,Auckland FC,-3.75,-32.46,-2.7,-32.61,0.0,0.0,0.0,0.0021,create,medium_block
7_40,1886347,1,01:15.6,passing_option,,L. Verstraete,Auckland FC,-16.17,-20.93,-16.17,-20.93,0.0,0.0,0.0,0.0003,create,medium_block
8_16,1886347,1,01:16.2,player_possession,,J. Brimmer,Auckland FC,-7.73,-24.93,-8.75,-24.55,,,,,create,medium_block
7_41,1886347,1,01:16.2,passing_option,,C. Elliott,Auckland FC,-12.38,-29.31,-12.42,-29.39,0.0,0.0,0.0,0.0004,create,medium_block
7_42,1886347,1,01:16.2,passing_option,,L. Verstraete,Auckland FC,-14.93,-20.1,-14.37,-19.43,0.0,1.0,1.0,0.0006,create,medium_block
7_43,1886347,1,01:16.4,passing_option,,D. Hall,Auckland FC,-24.79,-25.9,-24.51,-25.6,0.0,0.0,0.0,0.0001,create,medium_block
8_17,1886347,1,01:17.6,player_possession,,L. Verstraete,Auckland FC,-14.39,-16.9,-16.12,-13.2,,,,,create,medium_block
7_44,1886347,1,01:17.6,passing_option,,N. Pijnaker,Auckland FC,-23.68,-7.98,-24.12,-4.84,0.0,0.0,0.0,0.0002,create,medium_block
7_45,1886347,1,01:17.6,passing_option,,F. De Vries,Auckland FC,-13.26,9.94,-13.12,13.09,0.0,0.0,0.0,0.0006,create,medium_block
7_46,1886347,1,01:18.4,passing_option,,A. Paulsen,Auckland FC,-41.86,-3.34,-41.9,-3.05,0.0,1.0,0.0,0.0,create,medium_block
7_47,1886347,1,01:18.6,passing_option,,L. Gillion,Auckland FC,2.57,5.64,2.57,5.64,0.0,0.0,0.0,0.0031,create,medium_block
8_18,1886347,1,01:38.0,player_possession,,C. Timmins,Newcastle,29.27,-26.39,29.2,-27.22,,,,,chaotic,chaotic
7_48,1886347,1,01:38.0,passing_option,,D. Ingham,Newcastle,33.57,-34.03,32.31,-33.82,0.0,1.0,1.0,0.0038,chaotic,chaotic
8_19,1886347,1,01:39.6,player_possession,,D. Ingham,Newcastle,30.28,-33.6,30.69,-33.51,,,,,chaotic,chaotic
7_49,1886347,1,01:39.6,passing_option,,C. Timmins,Newcastle,29.23,-28.37,28.86,-28.84,0.0,0.0,0.0,0.0033,chaotic,chaotic
8_20,1886347,1,01:49.2,player_possession,,K. Grozos,Newcastle,27.19,-22.7,27.37,-23.87,,,,,finish,low_block
7_50,1886347,1,01:49.2,passing_option,,C. Timmins,Newcastle,33.92,-29.35,32.3,-30.12,0.0,0.0,0.0,0.0031,finish,low_block
7_51,1886347,1,01:49.2,passing_option,,D. Ingham,Newcastle,32.93,-33.97,32.16,-33.5,0.0,0.0,0.0,0.0057,finish,low_block
7_52,1886347,1,01:49.3,passing_option,,P. Cancar,Newcastle,13.88,-31.05,13.61,-31.46,0.0,1.0,1.0,0.0011,finish,low_block
8_21,1886347,1,01:51.2,player_possession,,P. Cancar,Newcastle,11.47,-31.27,9.21,-29.99,,,,,finish,low_block
7_53,1886347,1,01:51.2,passing_option,,R. Scott,Newcastle,-25.43,-6.11,-26.46,-6.51,0.0,0.0,0.0,0.0001,finish,low_block
7_54,1886347,1,01:51.2,passing_option,,A. Šušnjar,Newcastle,8.35,-13.65,5.0,-14.77,0.0,1.0,1.0,0.001,finish,low_block
1_10,1886347,1,01:52.2,off_ball_run,dropping_off,M. Natta,Newcastle,10.04,-2.04,2.28,4.21,0.0,1.0,1.0,0.0014,create,medium_block
1_11,1886347,1,01:52.2,off_ball_run,pulling_wide,T. Aquilina,Newcastle,27.4,6.72,19.9,17.09,0.0,0.0,0.0,0.0063,create,medium_block
8_22,1886347,1,01:53.0,player_possession,,A. Šušnjar,Newcastle,2.9,-14.85,9.35,-6.88,,,,,create,medium_block
7_55,1886347,1,01:53.0,passing_option,,M. Natta,Newcastle,6.35,0.51,0.64,9.32,0.0,1.0,1.0,0.0014,create,medium_block
1_12,1886347,1,01:53.2,off_ball_run,coming_short,L. Bayliss,Newcastle,28.97,-3.4,22.18,0.92,0.0,0.0,0.0,0.0093,create,medium_block
7_56,1886347,1,01:54.8,passing_option,,L. Bayliss,Newcastle,22.9,0.49,21.03,1.67,0.0,0.0,0.0,0.0093,create,medium_block
7_57,1886347,1,01:55.1,passing_option,,T. Aquilina,Newcastle,19.62,17.86,18.69,21.29,0.0,0.0,0.0,0.0063,create,medium_block
1_13,1886347,1,01:57.5,off_ball_run,pulling_half_space,L. Bayliss,Newcastle,20.56,7.69,21.25,10.83,0.0,0.0,0.0,0.0106,create,medium_block
8_23,1886347,1,01:58.2,player_possession,,M. Natta,Newcastle,4.96,14.41,4.96,14.41,,,,,create,medium_block
7_58,1886347,1,01:58.2,passing_option,,T. Aquilina,Newcastle,14.88,27.98,14.88,27.98,0.0,1.0,1.0,0.002,create,medium_block
7_59,1886347,1,01:58.2,passing_option,,L. Bayliss,Newcastle,21.25,10.83,21.25,10.83,0.0,0.0,0.0,0.0106,create,medium_block
1_14,1886347,1,01:58.3,off_ball_run,pulling_wide,L. Bayliss,Newcastle,21.37,11.31,24.61,23.42,0.0,0.0,0.0,0.0082,finish,low_block
8_24,1886347,1,01:59.4,player_possession,,T. Aquilina,Newcastle,12.15,29.54,9.6,30.18,,,,,finish,low_block
7_60,1886347,1,01:59.4,passing_option,,M. Natta,Newcastle,4.04,18.19,0.73,20.96,0.0,1.0,1.0,0.0008,finish,low_block
7_61,1886347,1,01:59.4,passing_option,,L. Bayliss,Newcastle,22.95,16.77,24.44,22.09,0.0,0.0,0.0,0.0082,finish,low_block
1_15,1886347,1,01:59.4,off_ball_run,dropping_off,M. Natta,Newcastle,4.04,18.19,0.35,21.15,0.0,1.0,1.0,0.0008,finish,low_block
1_16,1886347,1,02:00.5,off_ball_run,dropping_off,A. Šušnjar,Newcastle,1.64,6.98,-9.33,10.65,0.0,1.0,1.0,0.0005,create,medium_block
8_25,1886347,1,02:02.8,player_possession,,M. Natta,Newcastle,-5.23,20.57,-5.23,20.57,,,,,create,medium_block
7_62,1886347,1,02:02.8,passing_option,,A. Šušnjar,Newcastle,-9.33,10.65,-9.33,10.65,0.0,1.0,1.0,0.0005,create,medium_block
7_63,1886347,1,02:02.8,passing_option,,P. Cancar,Newcastle,-7.88,-5.3,-7.88,-5.3,0.0,0.0,0.0,0.0008,create,medium_block
7_64,1886347,1,02:02.8,passing_option,,K. Grozos,Newcastle,2.77,11.85,2.77,11.85,0.0,0.0,0.0,0.0016,create,medium_block
8_26,1886347,1,02:03.9,player_possession,,A. Šušnjar,Newcastle,-12.29,10.14,-13.07,8.6,,,,,create,medium_block
7_65,1886347,1,02:03.9,passing_option,,C. Timmins,Newcastle,3.13,-2.69,1.24,-2.65,0.0,0.0,0.0,0.002,create,medium_block
7_66,1886347,1,02:03.9,passing_option,,P. Cancar,Newcastle,-11.89,-5.16,-13.45,-5.3,0.0,1.0,1.0,0.0004,create,medium_block
8_27,1886347,1,02:05.9,player_possession,,P. Cancar,Newcastle,-16.47,-7.24,-17.78,-9.46,,,,,create,medium_block
7_67,1886347,1,02:07.1,passing_option,,A. Šušnjar,Newcastle,-20.41,2.03,-20.88,1.54,0.0,1.0,1.0,0.0001,create,medium_block
1_17,1886347,1,02:09.3,off_ball_run,coming_short,C. Timmins,Newcastle,-9.64,-11.12,-14.67,-10.98,0.0,1.0,1.0,0.0006,build_up,high_block
8_28,1886347,1,02:09.4,player_possession,,A. Šušnjar,Newcastle,-26.73,-2.7,-27.56,-3.12,,,,,build_up,high_block
7_68,1886347,1,02:09.4,passing_option,,R. Scott,Newcastle,-41.68,-2.05,-42.29,-1.98,0.0,0.0,0.0,0.0,build_up,high_block
7_69,1886347,1,02:09.4,passing_option,,C. Timmins,Newcastle,-10.07,-11.12,-12.42,-11.05,0.0,1.0,1.0,0.0006,build_up,high_block
7_70,1886347,1,02:09.7,passing_option,,M. Natta,Newcastle,-23.83,16.03,-24.45,16.05,0.0,0.0,0.0,0.0001,build_up,high_block
8_29,1886347,1,02:11.0,player_possession,,C. Timmins,Newcastle,-16.48,-11.3,-20.94,-14.23,,,,,create,medium_block
7_71,1886347,1,02:11.0,passing_option,,K. Grozos,Newcastle,-14.64,2.0,-15.05,1.51,0.0,0.0,0.0,0.0006,create,medium_block
7_72,1886347,1,02:11.3,passing_option,,D. Ingham,Newcastle,0.65,-32.52,-2.66,-32.43,0.0,0.0,0.0,0.0012,create,medium_block
7_73,1886347,1,02:11.3,passing_option,,P. Cancar,Newcastle,-30.39,-12.39,-30.45,-17.06,0.0,1.0,1.0,0.0003,create,medium_block
1_18,1886347,1,02:11.8,off_ball_run,support,P. Cancar,Newcastle,-30.74,-14.24,-28.07,-21.24,0.0,1.0,1.0,0.0003,create,medium_block
8_30,1886347,1,02:13.4,player_possession,,P. Cancar,Newcastle,-28.07,-21.24,-28.07,-21.24,,,,,create,medium_block
7_74,1886347,1,02:13.4,passing_option,,D. Ingham,Newcastle,-5.03,-32.77,-5.03,-32.77,0.0,0.0,0.0,0.0005,create,medium_block
7_75,1886347,1,02:13.4,passing_option,,E. Adams,Newcastle,-10.37,-16.48,-10.37,-16.48,0.0,1.0,1.0,0.0005,create,medium_block
7_76,1886347,1,02:13.4,passing_option,,B. Gibson,Newcastle,6.12,-2.82,6.12,-2.82,0.0,0.0,0.0,0.0032,create,medium_block
8_31,1886347,1,02:14.5,player_possession,,E. Adams,Newcastle,-10.58,-17.54,16.26,3.6,,,,,create,medium_block
7_77,1886347,1,02:14.5,passing_option,,D. Ingham,Newcastle,-5.53,-33.41,3.44,-31.05,0.0,0.0,0.0,0.0038,create,medium_block
7_78,1886347,1,02:14.5,passing_option,,B. Gibson,Newcastle,5.44,-6.58,10.06,-15.51,1.0,0.0,0.0,0.033,create,medium_block
7_79,1886347,1,02:15.2,passing_option,,L. Bayliss,Newcastle,-3.14,-2.01,4.64,-8.34,0.0,0.0,0.0,0.0069,create,medium_block
1_19,1886347,1,02:15.6,off_ball_run,behind,T. Aquilina,Newcastle,-3.16,18.76,25.65,15.3,1.0,0.0,0.0,0.0495,create,medium_block
7_80,1886347,1,02:16.1,passing_option,,T. Aquilina,Newcastle,-0.99,17.84,25.65,15.3,1.0,0.0,0.0,0.0495,create,medium_block
1_20,1886347,1,02:18.4,off_ball_run,behind,B. Gibson,Newcastle,10.44,-15.33,30.75,2.86,1.0,1.0,1.0,0.033,create,medium_block
7_81,1886347,1,02:20.4,passing_option,,B. Gibson,Newcastle,19.04,-6.61,23.81,-1.66,1.0,1.0,1.0,0.033,create,medium_block
8_32,1886347,1,02:22.3,player_possession,,B. Gibson,Newcastle,30.75,2.86,39.69,5.23,,,,,finish,low_block
8_33,1886347,1,02:25.3,player_possession,,N. Pijnaker,Auckland FC,-45.56,0.01,-45.56,0.01,,,,,disruption,disruption
8_34,1886347,1,02:28.2,player_possession,,B. Gibson,Newcastle,50.75,15.09,50.75,15.09,,,,,chaotic,chaotic
7_82,1886347,1,02:28.2,passing_option,,T. Aquilina,Newcastle,42.86,13.54,42.86,13.54,1.0,0.0,0.0,0.0269,chaotic,chaotic
7_83,1886347,1,02:28.2,passing_option,,K. Grozos,Newcastle,21.44,14.85,21.44,14.85,0.0,1.0,1.0,0.0091,chaotic,chaotic
1_21,1886347,1,02:30.7,off_ball_run,dropping_off,T. Aquilina,Newcastle,38.28,14.85,34.46,14.82,0.0,1.0,1.0,0.0071,chaotic,chaotic
8_35,1886347,1,02:30.9,player_possession,,K. Grozos,Newcastle,27.58,24.44,28.32,23.63,,,,,chaotic,chaotic
7_84,1886347,1,02:30.9,passing_option,,T. Aquilina,Newcastle,37.44,14.78,33.32,15.03,0.0,1.0,1.0,0.0071,chaotic,chaotic
7_85,1886347,1,02:30.9,passing_option,,M. Natta,Newcastle,18.09,16.69,18.4,17.7,0.0,0.0,0.0,0.0052,chaotic,chaotic
1_22,1886347,1,02:32.6,off_ball_run,overlap,K. Grozos,Newcastle,30.4,22.68,34.91,22.58,1.0,0.0,0.0,0.0208,chaotic,chaotic
8_36,1886347,1,02:33.0,player_possession,,T. Aquilina,Newcastle,31.93,16.48,31.93,16.48,,,,,chaotic,chaotic
7_86,1886347,1,02:33.0,passing_option,,K. Grozos,Newcastle,32.31,22.57,32.31,22.57,1.0,0.0,0.0,0.0208,chaotic,chaotic
8_37,1886347,1,02:33.6,player_possession,,L. Verstraete,Auckland FC,-33.08,-15.86,-34.69,-17.0,,,,,build_up,high_block
7_87,1886347,1,02:33.6,passing_option,,L. Rogerson,Auckland FC,-33.52,-20.33,-31.56,-22.58,0.0,0.0,0.0,0.0005,build_up,high_block
7_88,1886347,1,02:33.7,passing_option,,C. Elliott,Auckland FC,-40.1,-14.26,-39.11,-13.89,0.0,1.0,1.0,0.0002,build_up,high_block
7_89,1886347,1,02:33.8,passing_option,,F. Gallegos,Auckland FC,-35.53,-5.77,-34.35,-8.71,0.0,0.0,0.0,0.0003,build_up,high_block
8_38,1886347,1,02:36.4,player_possession,,C. Elliott,Auckland FC,-39.0,-14.91,-39.0,-14.91,,,,,build_up,high_block
7_90,1886347,1,02:36.4,passing_option,,L. Verstraete,Auckland FC,-34.83,-18.49,-34.83,-18.49,0.0,0.0,0.0,0.0002,build_up,high_block
7_91,1886347,1,02:36.4,passing_option,,J. Brimmer,Auckland FC,-24.21,-16.03,-24.21,-16.03,0.0,0.0,0.0,0.0006,build_up,high_block
7_92,1886347,1,02:36.4,passing_option,,L. Rogerson,Auckland FC,-28.86,-25.36,-28.86,-25.36,0.0,1.0,1.0,0.0004,build_up,high_block
8_39,1886347,1,02:39.0,player_possession,,L. Rogerson,Auckland FC,-23.12,-29.95,-21.62,-30.72,,,,,build_up,high_block
7_93,1886347,1,02:39.0,passing_option,,J. Brimmer,Auckland FC,-18.18,-18.98,-16.8,-19.83,0.0,1.0,0.0,0.0006,build_up,high_block
8_40,1886347,1,02:42.1,player_possession,,B. Gibson,Newcastle,26.33,16.6,26.6,16.27,,,,,chaotic,chaotic
7_94,1886347,1,02:42.1,passing_option,,K. Grozos,Newcastle,18.96,19.46,18.86,19.26,0.0,0.0,0.0,0.0044,chaotic,chaotic
7_95,1886347,1,02:42.1,passing_option,,C. Timmins,Newcastle,16.9,19.02,18.29,13.49,0.0,0.0,0.0,0.0057,chaotic,chaotic
7_96,1886347,1,02:42.1,passing_option,,L. Bayliss,Newcastle,29.46,14.31,30.4,17.08,0.0,1.0,1.0,0.0153,chaotic,chaotic
7_97,1886347,1,02:42.3,passing_option,,E. Adams,Newcastle,24.17,-2.0,23.49,-0.47,0.0,0.0,0.0,0.0172,chaotic,chaotic
8_41,1886347,1,02:45.7,player_possession,,C. Elliott,Auckland FC,-34.6,-17.44,-50.86,-29.04,,,,,build_up,high_block
7_98,1886347,1,02:45.7,passing_option,,A. Paulsen,Auckland FC,-49.54,-2.33,-50.15,-3.83,0.0,0.0,0.0,0.0,build_up,high_block
7_99,1886347,1,02:45.7,passing_option,,L. Rogerson,Auckland FC,-31.78,-20.72,-47.39,-26.16,0.0,0.0,0.0,0.0002,build_up,high_block
7_100,1886347,1,02:49.5,passing_option,,J. Brimmer,Auckland FC,-24.14,-18.87,-24.95,-21.18,0.0,1.0,0.0,0.0002,build_up,high_block
8_42,1886347,1,02:52.1,player_possession,,M. Natta,Newcastle,25.69,29.31,25.69,29.31,,,,,finish,low_block
7_101,1886347,1,02:52.1,passing_option,,C. Timmins,Newcastle,27.95,20.91,27.95,20.91,0.0,0.0,0.0,0.0075,finish,low_block
7_102,1886347,1,02:52.1,passing_option,,T. Aquilina,Newcastle,38.58,31.69,38.58,31.69,0.0,1.0,1.0,0.0059,finish,low_block
8_43,1886347,1,02:53.1,player_possession,,T. Aquilina,Newcastle,35.52,31.33,32.73,30.81,,,,,finish,low_block
7_103,1886347,1,02:53.1,passing_option,,C. Timmins,Newcastle,27.61,23.33,26.23,26.01,0.0,0.0,0.0,0.0059,finish,low_block
7_104,1886347,1,02:53.1,passing_option,,M. Natta,Newcastle,26.76,32.41,25.82,33.85,0.0,1.0,1.0,0.0034,finish,low_block
7_105,1886347,1,02:54.4,passing_option,,K. Grozos,Newcastle,16.88,24.39,16.65,24.52,0.0,0.0,0.0,0.0025,finish,low_block
8_44,1886347,1,02:55.4,player_possession,,M. Natta,Newcastle,24.65,33.74,23.28,33.06,,,,,finish,low_block
7_106,1886347,1,02:55.4,passing_option,,C. Timmins,Newcastle,25.33,27.29,24.48,27.82,0.0,0.0,0.0,0.005,finish,low_block
7_107,1886347,1,02:55.4,passing_option,,K. Grozos,Newcastle,15.86,25.41,15.1,26.79,0.0,1.0,1.0,0.002,finish,low_block
8_45,1886347,1,02:57.1,player_possession,,K. Grozos,Newcastle,13.39,27.95,10.41,24.45,,,,,finish,low_block
7_108,1886347,1,02:57.1,passing_option,,C. Timmins,Newcastle,22.08,27.41,21.77,27.25,0.0,0.0,0.0,0.0025,finish,low_block
7_109,1886347,1,02:57.1,passing_option,,A. Šušnjar,Newcastle,4.95,20.95,-0.81,23.22,0.0,0.0,0.0,0.0007,finish,low_block
7_110,1886347,1,02:57.2,passing_option,,P. Cancar,Newcastle,1.13,6.31,-2.01,5.85,0.0,1.0,1.0,0.0012,finish,low_block
1_23,1886347,1,02:57.2,off_ball_run,dropping_off,A. Šušnjar,Newcastle,4.59,21.18,1.07,22.97,0.0,0.0,0.0,0.0007,finish,low_block
1_24,1886347,1,02:57.5,off_ball_run,dropping_off,E. Adams,Newcastle,25.02,8.25,19.43,8.7,0.0,0.0,0.0,0.0028,finish,low_block
7_111,1886347,1,02:58.5,passing_option,,E. Adams,Newcastle,20.69,8.78,19.43,8.7,0.0,0.0,0.0,0.0028,finish,low_block
8_46,1886347,1,03:00.9,player_possession,,P. Cancar,Newcastle,-1.03,2.54,3.83,-8.47,,,,,create,medium_block
7_112,1886347,1,03:00.9,passing_option,,D. Ingham,Newcastle,14.86,-21.25,11.65,-28.78,0.0,1.0,1.0,0.0016,create,medium_block
1_25,1886347,1,03:03.5,off_ball_run,coming_short,C. Timmins,Newcastle,11.0,2.22,11.41,-6.29,0.0,0.0,0.0,0.002,create,medium_block
1_26,1886347,1,03:03.5,off_ball_run,dropping_off,P. Cancar,Newcastle,3.94,-9.01,1.73,-21.82,0.0,1.0,1.0,0.0006,create,medium_block
8_47,1886347,1,03:05.3,player_possession,,D. Ingham,Newcastle,13.08,-29.68,13.08,-29.68,,,,,create,medium_block
7_113,1886347,1,03:05.3,passing_option,,C. Timmins,Newcastle,11.41,-6.29,11.41,-6.29,0.0,0.0,0.0,0.002,create,medium_block
7_114,1886347,1,03:05.3,passing_option,,P. Cancar,Newcastle,2.7,-18.25,2.7,-18.25,0.0,1.0,1.0,0.0006,create,medium_block
1_27,1886347,1,03:05.4,off_ball_run,coming_short,C. Timmins,Newcastle,11.37,-6.78,9.54,-17.11,0.0,0.0,0.0,0.0016,create,medium_block
8_48,1886347,1,03:07.2,player_possession,,P. Cancar,Newcastle,0.64,-24.48,0.07,-24.46,,,,,create,medium_block
7_115,1886347,1,03:07.2,passing_option,,C. Timmins,Newcastle,9.88,-15.86,9.66,-16.71,0.0,0.0,0.0,0.0016,create,medium_block
7_116,1886347,1,03:07.2,passing_option,,D. Ingham,Newcastle,10.59,-32.26,10.23,-32.5,0.0,0.0,0.0,0.0008,create,medium_block
7_117,1886347,1,03:07.2,passing_option,,A. Šušnjar,Newcastle,-6.99,-6.33,-10.12,-10.14,0.0,1.0,1.0,0.0002,create,medium_block
7_118,1886347,1,03:08.3,passing_option,,R. Scott,Newcastle,-28.5,-5.35,-28.5,-5.35,0.0,0.0,0.0,0.0,create,medium_block
1_28,1886347,1,03:08.5,off_ball_run,coming_short,K. Grozos,Newcastle,7.61,-2.34,0.7,-7.93,0.0,0.0,0.0,0.0018,create,medium_block
8_49,1886347,1,03:09.5,player_possession,,A. Šušnjar,Newcastle,-10.28,-12.41,-8.55,-15.99,,,,,create,medium_block
7_119,1886347,1,03:09.5,passing_option,,K. Grozos,Newcastle,4.49,-5.47,1.03,-7.68,0.0,0.0,0.0,0.0018,create,medium_block
7_120,1886347,1,03:10.1,passing_option,,P. Cancar,Newcastle,-4.86,-24.42,-7.56,-23.66,0.0,1.0,1.0,0.0004,create,medium_block
7_121,1886347,1,03:10.1,passing_option,,E. Adams,Newcastle,13.89,-14.85,12.55,-14.84,0.0,0.0,0.0,0.0055,create,medium_block
7_122,1886347,1,03:10.8,passing_option,,D. Ingham,Newcastle,7.74,-32.45,7.74,-32.45,0.0,0.0,0.0,0.0033,create,medium_block
8_50,1886347,1,03:11.4,player_possession,,P. Cancar,Newcastle,-9.51,-22.77,-9.51,-22.77,,,,,create,medium_block
7_123,1886347,1,03:11.4,passing_option,,R. Scott,Newcastle,-30.56,-6.35,-30.56,-6.35,0.0,1.0,1.0,0.0,create,medium_block
1_29,1886347,1,03:11.5,off_ball_run,dropping_off,T. Aquilina,Newcastle,5.88,24.77,-14.4,27.68,0.0,0.0,0.0,0.0005,build_up,high_block
8_51,1886347,1,03:14.6,player_possession,,R. Scott,Newcastle,-30.1,-6.38,-29.48,-6.12,,,,,build_up,high_block
7_124,1886347,1,03:14.6,passing_option,,P. Cancar,Newcastle,-22.29,-20.19,-24.49,-18.98,0.0,0.0,0.0,0.0002,build_up,high_block
7_125,1886347,1,03:14.6,passing_option,,T. Aquilina,Newcastle,-10.01,26.87,-13.55,27.5,0.0,0.0,0.0,0.0005,build_up,high_block
7_126,1886347,1,03:14.6,passing_option,,M. Natta,Newcastle,-24.12,8.39,-25.86,9.45,0.0,1.0,1.0,0.0001,build_up,high_block
1_30,1886347,1,03:15.8,off_ball_run,coming_short,A. Šušnjar,Newcastle,-18.46,-9.62,-23.4,-4.5,0.0,1.0,1.0,0.0002,build_up,high_block
8_52,1886347,1,03:16.9,player_possession,,M. Natta,Newcastle,-26.96,10.6,-26.0,12.15,,,,,build_up,high_block
7_127,1886347,1,03:16.9,passing_option,,T. Aquilina,Newcastle,-18.22,29.07,-18.58,30.8,0.0,0.0,0.0,0.0003,build_up,high_block
7_128,1886347,1,03:17.6,passing_option,,A. Šušnjar,Newcastle,-23.95,-3.93,-25.98,-1.76,0.0,1.0,1.0,0.0002,build_up,high_block
7_129,1886347,1,03:17.9,passing_option,,K. Grozos,Newcastle,-15.08,1.96,-15.26,3.02,0.0,0.0,0.0,0.001,build_up,high_block
8_53,1886347,1,03:24.1,player_possession,,A. Šušnjar,Newcastle,-34.65,12.32,-28.37,11.89,,,,,build_up,high_block
7_130,1886347,1,03:24.1,passing_option,,M. Natta,Newcastle,-30.32,20.34,-28.93,21.16,0.0,0.0,0.0,0.0002,build_up,high_block
7_131,1886347,1,03:24.4,passing_option,,P. Cancar,Newcastle,-29.56,-12.3,-30.49,-11.45,0.0,1.0,1.0,0.0001,build_up,high_block
7_132,1886347,1,03:26.1,passing_option,,K. Grozos,Newcastle,-19.72,14.56,-19.45,13.05,0.0,0.0,0.0,0.0003,build_up,high_block
8_54,1886347,1,03:31.7,player_possession,,P. Cancar,Newcastle,-29.53,-9.95,-29.32,-9.66,,,,,build_up,high_block
7_133,1886347,1,03:31.9,passing_option,,A. Šušnjar,Newcastle,-30.34,9.62,-30.84,7.39,0.0,1.0,1.0,0.0001,build_up,high_block
7_134,1886347,1,03:32.4,passing_option,,C. Timmins,Newcastle,-18.74,-2.34,-18.58,-3.51,0.0,0.0,0.0,0.0005,build_up,high_block
7_135,1886347,1,03:32.7,passing_option,,R. Scott,Newcastle,-43.05,-0.26,-43.05,-0.26,0.0,0.0,0.0,0.0,build_up,high_block
8_55,1886347,1,03:34.1,player_possession,,A. Šušnjar,Newcastle,-30.63,5.02,-27.91,6.43,,,,,build_up,high_block
7_136,1886347,1,03:34.1,passing_option,,P. Cancar,Newcastle,-29.17,-11.16,-27.25,-14.16,0.0,0.0,0.0,0.0001,build_up,high_block
7_137,1886347,1,03:34.1,passing_option,,K. Grozos,Newcastle,-18.43,8.6,-20.52,11.12,0.0,1.0,1.0,0.0003,build_up,high_block
7_138,1886347,1,03:34.1,passing_option,,M. Natta,Newcastle,-28.61,17.97,-28.19,19.07,0.0,0.0,0.0,0.0001,build_up,high_block
7_139,1886347,1,03:36.9,passing_option,,T. Aquilina,Newcastle,-7.5,31.22,-7.5,31.22,0.0,0.0,0.0,0.0009,build_up,high_block
8_56,1886347,1,03:37.5,player_possession,,K. Grozos,Newcastle,-20.8,11.32,-20.8,11.32,,,,,build_up,high_block
7_140,1886347,1,03:37.5,passing_option,,A. Šušnjar,Newcastle,-28.01,6.69,-28.01,6.69,0.0,1.0,1.0,0.0002,build_up,high_block
7_141,1886347,1,03:37.5,passing_option,,M. Natta,Newcastle,-28.21,19.07,-28.21,19.07,0.0,0.0,0.0,0.0001,build_up,high_block
8_57,1886347,1,03:38.3,player_possession,,A. Šušnjar,Newcastle,-28.4,6.62,-28.07,5.81,,,,,build_up,high_block
7_142,1886347,1,03:38.3,passing_option,,M. Natta,Newcastle,-28.31,19.07,-28.35,19.02,0.0,0.0,0.0,0.0,build_up,high_block
7_143,1886347,1,03:38.3,passing_option,,P. Cancar,Newcastle,-25.4,-14.09,-25.6,-13.62,0.0,1.0,1.0,0.0002,build_up,high_block
1_31,1886347,1,03:41.2,off_ball_run,pulling_half_space,C. Timmins,Newcastle,-16.15,-3.61,-13.69,-12.4,0.0,1.0,1.0,0.0008,build_up,high_block
8_58,1886347,1,03:41.4,player_possession,,P. Cancar,Newcastle,-23.71,-14.42,-23.39,-14.39,,,,,build_up,high_block
7_144,1886347,1,03:41.4,passing_option,,A. Šušnjar,Newcastle,-29.73,2.83,-30.23,1.93,0.0,0.0,0.0,0.0001,build_up,high_block
7_145,1886347,1,03:41.4,passing_option,,C. Timmins,Newcastle,-15.92,-4.49,-15.04,-7.94,0.0,1.0,1.0,0.0008,build_up,high_block
7_146,1886347,1,03:41.4,passing_option,,D. Ingham,Newcastle,-9.44,-32.15,-10.39,-32.07,0.0,0.0,0.0,0.0003,build_up,high_block
8_59,1886347,1,03:43.1,player_possession,,C. Timmins,Newcastle,-13.69,-12.4,-13.69,-12.4,,,,,create,medium_block
7_147,1886347,1,03:43.1,passing_option,,D. Ingham,Newcastle,-12.08,-31.62,-12.08,-31.62,0.0,1.0,1.0,0.0004,create,medium_block
7_148,1886347,1,03:43.1,passing_option,,P. Cancar,Newcastle,-23.99,-15.2,-23.99,-15.2,0.0,0.0,0.0,0.0001,create,medium_block
1_32,1886347,1,03:43.9,off_ball_run,pulling_wide,E. Adams,Newcastle,-3.29,-15.25,-3.18,-20.88,0.0,0.0,0.0,0.0009,create,medium_block
8_60,1886347,1,03:44.7,player_possession,,D. Ingham,Newcastle,-14.76,-31.5,-14.76,-31.5,,,,,create,medium_block
7_149,1886347,1,03:44.7,passing_option,,P. Cancar,Newcastle,-26.06,-20.43,-26.06,-20.43,0.0,1.0,1.0,0.0001,create,medium_block
7_150,1886347,1,03:44.7,passing_option,,E. Adams,Newcastle,-3.14,-19.08,-3.14,-19.08,0.0,0.0,0.0,0.0009,create,medium_block
8_61,1886347,1,03:46.1,player_possession,,P. Cancar,Newcastle,-27.76,-23.06,-28.1,-22.9,,,,,build_up,high_block
7_151,1886347,1,03:46.1,passing_option,,C. Timmins,Newcastle,-13.17,-24.06,-14.74,-24.28,0.0,0.0,0.0,0.0003,build_up,high_block
7_152,1886347,1,03:46.1,passing_option,,A. Šušnjar,Newcastle,-33.96,-6.94,-35.43,-8.31,0.0,1.0,1.0,0.0001,build_up,high_block
1_33,1886347,1,03:46.8,off_ball_run,coming_short,K. Grozos,Newcastle,-18.59,-9.4,-26.87,-11.31,0.0,0.0,0.0,0.0004,build_up,high_block
8_62,1886347,1,03:47.8,player_possession,,A. Šušnjar,Newcastle,-37.03,-10.02,-38.49,-9.96,,,,,build_up,high_block
7_153,1886347,1,03:47.8,passing_option,,K. Grozos,Newcastle,-22.82,-11.3,-26.87,-11.31,0.0,0.0,0.0,0.0004,build_up,high_block
7_154,1886347,1,03:48.1,passing_option,,M. Natta,Newcastle,-31.75,12.46,-33.53,12.93,0.0,1.0,1.0,0.0001,build_up,high_block
7_155,1886347,1,03:48.4,passing_option,,R. Scott,Newcastle,-46.06,-1.87,-46.41,-1.44,0.0,0.0,0.0,0.0,build_up,high_block
1_34,1886347,1,03:48.8,off_ball_run,dropping_off,T. Aquilina,Newcastle,-16.08,26.72,-23.56,30.9,0.0,0.0,0.0,0.0002,build_up,high_block
1_35,1886347,1,03:48.8,off_ball_run,coming_short,K. Grozos,Newcastle,-27.29,-11.19,-31.02,8.04,0.0,0.0,0.0,0.0003,build_up,high_block
8_63,1886347,1,03:50.5,player_possession,,M. Natta,Newcastle,-38.25,14.86,-24.88,13.49,,,,,build_up,high_block
7_156,1886347,1,03:50.5,passing_option,,T. Aquilina,Newcastle,-22.77,30.55,-19.04,31.67,0.0,0.0,0.0,0.0014,build_up,high_block
7_157,1886347,1,03:51.2,passing_option,,L. Bayliss,Newcastle,-4.95,9.1,-2.69,18.05,0.0,0.0,0.0,0.0043,build_up,high_block
7_158,1886347,1,03:51.8,passing_option,,B. Gibson,Newcastle,-0.17,1.89,0.21,5.49,0.0,0.0,0.0,0.0061,build_up,high_block
7_159,1886347,1,03:52.1,passing_option,,K. Grozos,Newcastle,-31.86,4.47,-30.5,9.5,0.0,0.0,0.0,0.0003,build_up,high_block
1_36,1886347,1,03:52.5,off_ball_run,run_ahead_of_the_ball,E. Adams,Newcastle,-10.48,-4.85,-8.67,2.73,0.0,1.0,1.0,0.0041,build_up,high_block
7_160,1886347,1,03:52.8,passing_option,,E. Adams,Newcastle,-10.34,-3.55,-9.07,1.97,0.0,1.0,1.0,0.0041,build_up,high_block
1_37,1886347,1,03:53.2,off_ball_run,run_ahead_of_the_ball,T. Aquilina,Newcastle,-22.21,32.19,-18.04,31.52,0.0,0.0,0.0,0.0014,build_up,high_block
7_161,1886347,1,03:53.5,passing_option,,C. Timmins,Newcastle,-21.09,-4.45,-20.35,-3.23,0.0,0.0,0.0,0.0008,build_up,high_block
1_38,1886347,1,03:54.4,off_ball_run,run_ahead_of_the_ball,D. Ingham,Newcastle,-9.07,-27.44,3.96,-25.81,0.0,0.0,0.0,0.0072,create,medium_block
8_64,1886347,1,03:55.4,player_possession,,E. Adams,Newcastle,-5.79,3.88,-4.24,3.08,,,,,create,medium_block
7_162,1886347,1,03:55.4,passing_option,,D. Ingham,Newcastle,-3.86,-27.0,0.5,-26.59,0.0,0.0,0.0,0.0072,create,medium_block
7_163,1886347,1,03:55.9,passing_option,,C. Timmins,Newcastle,-15.34,-1.32,-14.5,-1.33,0.0,0.0,0.0,0.002,create,medium_block
1_39,1886347,1,03:56.0,off_ball_run,support,C. Timmins,Newcastle,-14.92,-1.32,-9.79,-2.28,0.0,0.0,0.0,0.002,create,medium_block
8_65,1886347,1,03:58.2,player_possession,,C. Timmins,Newcastle,-2.69,-4.68,0.73,-6.17,,,,,create,medium_block
7_164,1886347,1,03:58.2,passing_option,,D. Ingham,Newcastle,5.75,-22.53,4.94,-20.56,0.0,1.0,1.0,0.003,create,medium_block
7_165,1886347,1,03:58.2,passing_option,,B. Gibson,Newcastle,8.32,0.66,8.43,-1.79,0.0,0.0,0.0,0.0083,create,medium_block
1_40,1886347,1,03:59.9,off_ball_run,support,E. Adams,Newcastle,-2.66,-9.03,4.02,-13.65,0.0,1.0,1.0,0.0027,create,medium_block
8_66,1886347,1,04:01.9,player_possession,,D. Ingham,Newcastle,11.96,-22.58,11.96,-22.58,,,,,create,medium_block
7_166,1886347,1,04:01.9,passing_option,,E. Adams,Newcastle,4.67,-14.12,4.67,-14.12,0.0,1.0,1.0,0.0027,create,medium_block
8_67,1886347,1,04:03.4,player_possession,,E. Adams,Newcastle,8.2,-15.96,7.99,-15.69,,,,,create,medium_block
7_167,1886347,1,04:03.4,passing_option,,D. Ingham,Newcastle,16.38,-25.14,17.13,-25.55,0.0,0.0,0.0,0.0055,create,medium_block
7_168,1886347,1,04:03.4,passing_option,,C. Timmins,Newcastle,10.53,-8.35,12.68,-10.15,0.0,0.0,0.0,0.0057,create,medium_block
7_169,1886347,1,04:03.4,passing_option,,K. Grozos,Newcastle,0.66,1.8,3.34,-2.42,0.0,0.0,0.0,0.0026,create,medium_block
7_170,1886347,1,04:03.8,passing_option,,P. Cancar,Newcastle,-4.82,-13.29,-2.45,-13.74,0.0,1.0,1.0,0.0009,create,medium_block
7_171,1886347,1,04:03.9,passing_option,,L. Bayliss,Newcastle,17.04,3.21,15.76,1.84,0.0,0.0,0.0,0.0064,create,medium_block
8_68,1886347,1,04:06.3,player_possession,,P. Cancar,Newcastle,-1.44,-13.91,-1.44,-13.91,,,,,create,medium_block
7_172,1886347,1,04:06.3,passing_option,,K. Grozos,Newcastle,3.28,-4.94,3.28,-4.94,0.0,0.0,0.0,0.001,create,medium_block
7_173,1886347,1,04:06.3,passing_option,,E. Adams,Newcastle,6.62,-16.68,6.62,-16.68,0.0,1.0,1.0,0.0009,create,medium_block
8_69,1886347,1,04:07.4,player_possession,,E. Adams,Newcastle,4.63,-18.09,3.42,-16.96,,,,,create,medium_block
7_174,1886347,1,04:07.4,passing_option,,P. Cancar,Newcastle,-2.4,-14.3,-5.17,-14.97,0.0,0.0,0.0,0.0006,create,medium_block
7_175,1886347,1,04:08.2,passing_option,,A. Šušnjar,Newcastle,-6.17,-5.46,-7.75,-4.83,0.0,1.0,1.0,0.0005,create,medium_block
8_70,1886347,1,04:10.8,player_possession,,A. Šušnjar,Newcastle,-9.22,-3.91,-9.22,-3.91,,,,,create,medium_block
7_176,1886347,1,04:10.8,passing_option,,P. Cancar,Newcastle,-6.54,-14.27,-6.54,-14.27,0.0,1.0,1.0,0.0005,create,medium_block
7_177,1886347,1,04:10.8,passing_option,,M. Natta,Newcastle,-3.27,15.62,-3.27,15.62,0.0,0.0,0.0,0.0008,create,medium_block
8_71,1886347,1,04:12.5,player_possession,,P. Cancar,Newcastle,-6.98,-12.13,-6.98,-12.13,,,,,create,medium_block
7_178,1886347,1,04:12.5,passing_option,,A. Šušnjar,Newcastle,-12.08,-2.07,-12.08,-2.07,0.0,1.0,1.0,0.0002,create,medium_block
7_179,1886347,1,04:12.5,passing_option,,M. Natta,Newcastle,-6.09,15.61,-6.09,15.61,0.0,0.0,0.0,0.0001,create,medium_block
8_72,1886347,1,04:13.6,player_possession,,A. Šušnjar,Newcastle,-13.54,-1.07,-12.42,1.24,,,,,create,medium_block
7_180,1886347,1,04:13.6,passing_option,,P. Cancar,Newcastle,-8.0,-11.99,-8.19,-12.01,0.0,0.0,0.0,0.0003,create,medium_block
7_181,1886347,1,04:13.6,passing_option,,M. Natta,Newcastle,-8.15,15.62,-11.91,16.84,0.0,0.0,0.0,0.0006,create,medium_block
7_182,1886347,1,04:15.8,passing_option,,P. Cancar,Newcastle,-12.0,-12.11,-12.24,-12.09,0.0,0.0,0.0,0.0003,create,medium_block
7_183,1886347,1,04:16.0,passing_option,,C. Timmins,Newcastle,-0.59,-5.15,-2.16,-4.05,0.0,0.0,0.0,0.0023,create,medium_block
7_184,1886347,1,04:16.4,passing_option,,D. Ingham,Newcastle,11.09,-32.23,10.91,-32.28,0.0,1.0,1.0,0.0027,create,medium_block
1_41,1886347,1,04:43.0,off_ball_run,support,A. Šušnjar,Newcastle,5.28,-18.84,12.25,-25.03,0.0,0.0,0.0,0.0037,finish,low_block
8_73,1886347,1,04:44.7,player_possession,,E. Adams,Newcastle,15.7,-29.46,14.89,-29.35,,,,,finish,low_block
7_185,1886347,1,04:44.7,passing_option,,D. Ingham,Newcastle,10.05,-29.4,9.28,-29.17,0.0,1.0,1.0,0.0014,finish,low_block
7_186,1886347,1,04:44.7,passing_option,,A. Šušnjar,Newcastle,12.01,-24.7,12.9,-26.3,0.0,0.0,0.0,0.0037,finish,low_block
7_187,1886347,1,04:44.7,passing_option,,P. Cancar,Newcastle,3.23,-25.43,1.87,-25.61,0.0,0.0,0.0,0.0006,finish,low_block
8_74,1886347,1,04:45.8,player_possession,,D. Ingham,Newcastle,8.68,-28.87,7.64,-28.42,,,,,finish,low_block
7_188,1886347,1,04:45.8,passing_option,,P. Cancar,Newcastle,0.68,-25.76,-1.76,-24.01,0.0,0.0,0.0,0.0011,finish,low_block
7_189,1886347,1,04:47.0,passing_option,,C. Timmins,Newcastle,15.26,-25.87,15.14,-25.76,0.0,1.0,1.0,0.0028,finish,low_block
8_75,1886347,1,04:48.1,player_possession,,C. Timmins,Newcastle,14.62,-25.36,14.62,-25.36,,,,,create,medium_block
7_190,1886347,1,04:48.1,passing_option,,A. Šušnjar,Newcastle,9.65,-25.93,9.65,-25.93,0.0,0.0,0.0,0.0022,create,medium_block
7_191,1886347,1,04:48.1,passing_option,,K. Grozos,Newcastle,12.84,-19.71,12.84,-19.71,0.0,0.0,0.0,0.0028,create,medium_block
7_192,1886347,1,04:48.1,passing_option,,E. Adams,Newcastle,14.29,-30.65,14.29,-30.65,0.0,1.0,1.0,0.002,create,medium_block
8_76,1886347,1,04:48.8,player_possession,,E. Adams,Newcastle,14.47,-30.77,14.16,-30.92,,,,,create,medium_block
7_193,1886347,1,04:48.8,passing_option,,C. Timmins,Newcastle,14.4,-25.45,14.11,-25.83,0.0,0.0,0.0,0.0019,create,medium_block
7_194,1886347,1,04:48.8,passing_option,,D. Ingham,Newcastle,7.69,-29.75,8.43,-30.47,0.0,0.0,0.0,0.0014,create,medium_block
7_195,1886347,1,04:48.8,passing_option,,A. Šušnjar,Newcastle,9.79,-24.82,9.9,-24.59,0.0,1.0,1.0,0.0022,create,medium_block
8_77,1886347,1,04:50.0,player_possession,,A. Šušnjar,Newcastle,9.9,-24.77,9.74,-25.1,,,,,create,medium_block
7_196,1886347,1,04:50.0,passing_option,,C. Timmins,Newcastle,13.42,-26.8,13.41,-27.2,0.0,0.0,0.0,0.0024,create,medium_block
7_197,1886347,1,04:50.0,passing_option,,D. Ingham,Newcastle,9.96,-31.59,10.66,-31.94,0.0,1.0,1.0,0.0016,create,medium_block
7_198,1886347,1,04:50.0,passing_option,,E. Adams,Newcastle,13.56,-31.75,13.61,-32.24,0.0,0.0,0.0,0.0014,create,medium_block
7_199,1886347,1,04:50.0,passing_option,,L. Bayliss,Newcastle,19.28,-18.43,19.02,-18.73,0.0,0.0,0.0,0.0047,create,medium_block
8_78,1886347,1,04:51.2,player_possession,,D. Ingham,Newcastle,11.53,-32.34,11.53,-32.34,,,,,create,medium_block
7_200,1886347,1,04:51.2,passing_option,,C. Timmins,Newcastle,14.58,-27.65,14.58,-27.65,0.0,1.0,0.0,0.0037,create,medium_block
7_201,1886347,1,04:51.2,passing_option,,E. Adams,Newcastle,14.48,-33.09,14.48,-33.09,0.0,0.0,0.0,0.0018,create,medium_block
7_202,1886347,1,04:51.2,passing_option,,L. Bayliss,Newcastle,19.02,-19.4,19.02,-19.4,0.0,0.0,0.0,0.0058,create,medium_block
8_79,1886347,1,04:51.9,player_possession,,C. Timmins,Newcastle,15.95,-27.6,15.95,-27.6,,,,,create,medium_block
7_203,1886347,1,04:51.9,passing_option,,D. Ingham,Newcastle,11.75,-32.17,11.75,-32.17,0.0,0.0,0.0,0.0013,create,medium_block
7_204,1886347,1,04:51.9,passing_option,,E. Adams,Newcastle,16.15,-33.35,16.15,-33.35,0.0,1.0,0.0,0.0035,create,medium_block
8_80,1886347,1,05:05.5,player_possession,,B. Gibson,Newcastle,30.43,-24.83,30.43,-24.83,,,,,finish,low_block
7_205,1886347,1,05:05.5,passing_option,,C. Timmins,Newcastle,22.11,-26.98,22.11,-26.98,0.0,0.0,0.0,0.0052,finish,low_block
7_206,1886347,1,05:05.5,passing_option,,D. Ingham,Newcastle,22.68,-33.52,22.68,-33.52,0.0,1.0,1.0,0.0034,finish,low_block
7_207,1886347,1,05:05.5,passing_option,,E. Adams,Newcastle,29.79,-28.69,29.79,-28.69,0.0,0.0,0.0,0.007,finish,low_block
8_81,1886347,1,05:07.7,player_possession,,D. Ingham,Newcastle,17.1,-33.0,15.54,-32.88,,,,,finish,low_block
7_208,1886347,1,05:07.7,passing_option,,A. Šušnjar,Newcastle,-0.29,-17.08,-0.87,-17.0,0.0,0.0,0.0,0.0009,finish,low_block
7_209,1886347,1,05:07.7,passing_option,,P. Cancar,Newcastle,2.11,-31.72,1.02,-31.56,0.0,0.0,0.0,0.0004,finish,low_block
7_210,1886347,1,05:08.2,passing_option,,C. Timmins,Newcastle,18.76,-26.25,18.24,-26.36,0.0,1.0,1.0,0.0019,finish,low_block
8_82,1886347,1,05:12.5,player_possession,,G. May,Auckland FC,-2.83,30.42,0.77,30.64,,,,,chaotic,chaotic
8_83,1886347,1,05:40.9,player_possession,,N. Pijnaker,Auckland FC,-24.43,24.08,-24.13,21.77,,,,,create,medium_block
7_211,1886347,1,05:40.9,passing_option,,D. Hall,Auckland FC,-20.73,-1.0,-23.48,-2.54,0.0,1.0,1.0,0.0,create,medium_block
8_84,1886347,1,05:43.9,player_possession,,D. Hall,Auckland FC,-25.99,-5.72,-22.42,-5.81,,,,,create,medium_block
7_212,1886347,1,05:43.9,passing_option,,C. Elliott,Auckland FC,-8.89,-25.41,-10.21,-29.02,0.0,0.0,0.0,0.0001,create,medium_block
7_213,1886347,1,05:44.7,passing_option,,N. Pijnaker,Auckland FC,-22.32,14.37,-22.57,12.18,0.0,1.0,1.0,0.0,create,medium_block
8_85,1886347,1,05:47.8,player_possession,,N. Pijnaker,Auckland FC,-21.07,11.89,-18.15,11.97,,,,,create,medium_block
7_214,1886347,1,05:47.8,passing_option,,F. Gallegos,Auckland FC,-6.6,14.0,-6.45,15.13,0.0,0.0,0.0,0.0005,create,medium_block
7_215,1886347,1,05:48.3,passing_option,,F. De Vries,Auckland FC,-11.53,30.06,-9.15,31.24,0.0,0.0,0.0,0.0006,create,medium_block
7_216,1886347,1,05:49.5,passing_option,,D. Hall,Auckland FC,-18.1,-5.95,-17.94,-6.2,0.0,1.0,1.0,0.0003,create,medium_block
8_86,1886347,1,05:51.5,player_possession,,D. Hall,Auckland FC,-16.48,-9.0,-11.0,-15.06,,,,,create,medium_block
7_217,1886347,1,05:51.5,passing_option,,C. Elliott,Auckland FC,-0.78,-30.33,0.98,-32.45,0.0,0.0,0.0,0.0004,create,medium_block
7_218,1886347,1,05:51.8,passing_option,,L. Rogerson,Auckland FC,8.04,-12.62,7.22,-14.44,0.0,0.0,0.0,0.001,create,medium_block
7_219,1886347,1,05:54.0,passing_option,,L. Verstraete,Auckland FC,-3.94,-6.09,-4.82,-7.34,0.0,0.0,0.0,0.0008,create,medium_block
7_220,1886347,1,05:54.1,passing_option,,N. Pijnaker,Auckland FC,-14.85,4.33,-16.32,2.76,0.0,1.0,1.0,0.0001,create,medium_block
8_87,1886347,1,05:57.0,player_possession,,N. Pijnaker,Auckland FC,-17.82,2.89,-15.89,3.93,,,,,create,medium_block
7_221,1886347,1,05:57.3,passing_option,,F. De Vries,Auckland FC,-4.84,27.9,-4.87,28.75,0.0,0.0,0.0,0.0005,create,medium_block
7_222,1886347,1,05:58.1,passing_option,,D. Hall,Auckland FC,-12.13,-14.11,-12.12,-14.05,0.0,1.0,1.0,0.0002,create,medium_block
8_88,1886347,1,06:00.5,player_possession,,D. Hall,Auckland FC,-10.92,-15.98,-5.11,-21.4,,,,,create,medium_block
7_223,1886347,1,06:00.5,passing_option,,C. Elliott,Auckland FC,5.46,-32.38,4.5,-32.91,0.0,1.0,1.0,0.0003,create,medium_block
1_42,1886347,1,06:00.5,off_ball_run,pulling_half_space,J. Brimmer,Auckland FC,7.73,-1.12,8.66,-10.3,0.0,0.0,0.0,0.0033,create,medium_block
7_224,1886347,1,06:00.7,passing_option,,J. Brimmer,Auckland FC,7.82,-1.98,8.64,-10.71,0.0,0.0,0.0,0.0033,create,medium_block
7_225,1886347,1,06:00.9,passing_option,,L. Rogerson,Auckland FC,9.57,-16.39,8.54,-21.54,0.0,0.0,0.0,0.0018,create,medium_block
8_89,1886347,1,06:04.1,player_possession,,C. Elliott,Auckland FC,3.82,-32.17,2.76,-31.22,,,,,create,medium_block
7_226,1886347,1,06:04.1,passing_option,,J. Brimmer,Auckland FC,8.62,-16.25,7.52,-19.18,0.0,0.0,0.0,0.0016,create,medium_block
7_227,1886347,1,06:04.1,passing_option,,D. Hall,Auckland FC,-5.59,-24.25,-8.16,-25.93,0.0,1.0,1.0,0.0003,create,medium_block
8_90,1886347,1,06:06.5,player_possession,,D. Hall,Auckland FC,-12.34,-27.82,-16.52,-25.34,,,,,create,medium_block
7_228,1886347,1,06:06.5,passing_option,,N. Pijnaker,Auckland FC,-13.71,-2.55,-19.66,-1.37,0.0,0.0,0.0,0.0002,create,medium_block
7_229,1886347,1,06:06.5,passing_option,,A. Paulsen,Auckland FC,-33.22,-7.3,-34.37,-8.98,0.0,1.0,1.0,0.0,create,medium_block
1_43,1886347,1,06:08.3,off_ball_run,dropping_off,N. Pijnaker,Auckland FC,-20.45,-1.14,-28.75,3.93,0.0,0.0,0.0,0.0001,create,medium_block
8_91,1886347,1,06:10.1,player_possession,,A. Paulsen,Auckland FC,-35.36,-10.52,-34.44,-9.89,,,,,create,medium_block
7_230,1886347,1,06:10.1,passing_option,,N. Pijnaker,Auckland FC,-27.38,2.87,-31.18,6.07,0.0,0.0,0.0,0.0001,create,medium_block
7_231,1886347,1,06:11.2,passing_option,,L. Gillion,Auckland FC,3.63,19.43,3.21,19.63,0.0,1.0,1.0,0.0016,create,medium_block
8_92,1886347,1,06:15.3,player_possession,,L. Gillion,Auckland FC,-2.94,32.56,-3.65,32.46,,,,,create,medium_block
7_232,1886347,1,06:15.3,passing_option,,F. De Vries,Auckland FC,-16.16,30.0,-14.42,30.91,0.0,0.0,0.0,0.0004,create,medium_block
8_93,1886347,1,06:18.9,player_possession,,E. Adams,Newcastle,7.32,-29.19,7.32,-29.19,,,,,chaotic,chaotic
7_233,1886347,1,06:18.9,passing_option,,C. Timmins,Newcastle,6.82,-23.1,6.82,-23.1,0.0,1.0,1.0,0.0029,chaotic,chaotic
7_234,1886347,1,06:18.9,passing_option,,D. Ingham,Newcastle,0.33,-31.24,0.33,-31.24,0.0,0.0,0.0,0.0007,chaotic,chaotic
7_235,1886347,1,06:18.9,passing_option,,B. Gibson,Newcastle,15.79,-18.07,15.79,-18.07,0.0,0.0,0.0,0.0049,chaotic,chaotic
8_94,1886347,1,06:19.5,player_possession,,C. Timmins,Newcastle,7.66,-22.43,9.05,-19.5,,,,,chaotic,chaotic
7_236,1886347,1,06:19.5,passing_option,,D. Ingham,Newcastle,0.66,-30.93,0.93,-30.75,0.0,0.0,0.0,0.0009,chaotic,chaotic
7_237,1886347,1,06:19.5,passing_option,,E. Adams,Newcastle,8.24,-29.32,9.19,-29.28,0.0,0.0,0.0,0.0029,chaotic,chaotic
7_238,1886347,1,06:19.5,passing_option,,B. Gibson,Newcastle,16.31,-18.83,17.88,-20.01,0.0,0.0,0.0,0.0073,chaotic,chaotic
7_239,1886347,1,06:19.6,passing_option,,L. Bayliss,Newcastle,18.55,-9.19,19.61,-11.22,0.0,0.0,0.0,0.0126,chaotic,chaotic
1_44,1886347,1,06:20.0,off_ball_run,run_ahead_of_the_ball,T. Aquilina,Newcastle,9.84,6.92,15.67,3.88,1.0,1.0,1.0,0.0359,chaotic,chaotic
7_240,1886347,1,06:20.3,passing_option,,T. Aquilina,Newcastle,11.08,6.19,13.02,5.24,1.0,1.0,1.0,0.0359,chaotic,chaotic
8_95,1886347,1,06:24.4,player_possession,,J. Brimmer,Auckland FC,-11.24,3.16,-12.99,0.21,,,,,chaotic,chaotic
7_241,1886347,1,06:24.4,passing_option,,F. Gallegos,Auckland FC,-18.0,9.52,-18.96,8.86,0.0,0.0,0.0,0.0007,chaotic,chaotic
7_242,1886347,1,06:24.4,passing_option,,L. Gillion,Auckland FC,-16.43,7.37,-14.97,7.37,0.0,0.0,0.0,0.0033,chaotic,chaotic
7_243,1886347,1,06:24.4,passing_option,,L. Rogerson,Auckland FC,-17.84,0.99,-15.48,-4.14,0.0,0.0,0.0,0.0021,chaotic,chaotic
1_45,1886347,1,06:24.8,off_ball_run,support,L. Rogerson,Auckland FC,-17.16,-0.32,-12.22,-8.97,0.0,0.0,0.0,0.0021,chaotic,chaotic
7_244,1886347,1,06:25.4,passing_option,,G. May,Auckland FC,7.25,-1.61,7.79,-2.27,0.0,1.0,0.0,0.017,chaotic,chaotic
1_46,1886347,1,06:26.6,off_ball_run,coming_short,K. Grozos,Newcastle,9.01,3.35,-13.0,14.52,0.0,0.0,0.0,0.0018,create,medium_block
8_96,1886347,1,06:27.8,player_possession,,M. Natta,Newcastle,-10.22,15.37,-17.83,22.63,,,,,create,medium_block
7_245,1886347,1,06:28.1,passing_option,,P. Cancar,Newcastle,-14.53,-5.91,-18.07,-4.31,0.0,0.0,0.0,0.0002,create,medium_block
7_246,1886347,1,06:28.1,passing_option,,A. Šušnjar,Newcastle,-16.29,5.54,-16.95,6.31,0.0,0.0,0.0,0.0003,create,medium_block
7_247,1886347,1,06:28.1,passing_option,,K. Grozos,Newcastle,2.87,7.46,-3.13,10.02,0.0,0.0,0.0,0.0018,create,medium_block
7_248,1886347,1,06:28.6,passing_option,,R. Scott,Newcastle,-38.02,2.85,-42.02,5.14,0.0,1.0,1.0,0.0,create,medium_block
7_249,1886347,1,06:30.0,passing_option,,T. Aquilina,Newcastle,11.5,13.01,8.4,16.42,0.0,0.0,0.0,0.0049,create,medium_block
7_250,1886347,1,06:31.1,passing_option,,A. Šušnjar,Newcastle,-21.57,9.16,-21.57,9.16,0.0,0.0,0.0,0.0003,create,medium_block
1_47,1886347,1,06:32.4,off_ball_run,dropping_off,M. Natta,Newcastle,-21.18,25.96,-29.28,28.55,0.0,0.0,0.0,0.0001,direct,defending_direct
8_97,1886347,1,06:34.5,player_possession,,R. Scott,Newcastle,-40.15,9.39,-40.15,9.39,,,,,direct,defending_direct
7_251,1886347,1,06:34.5,passing_option,,T. Aquilina,Newcastle,-2.95,23.57,-2.95,23.57,0.0,1.0,0.0,0.0008,direct,defending_direct
7_252,1886347,1,06:34.5,passing_option,,M. Natta,Newcastle,-30.31,28.79,-30.31,28.79,0.0,0.0,0.0,0.0001,direct,defending_direct
7_253,1886347,1,06:34.5,passing_option,,L. Bayliss,Newcastle,1.11,11.01,1.11,11.01,0.0,0.0,0.0,0.0014,direct,defending_direct
8_98,1886347,1,06:37.8,player_possession,,C. Elliott,Auckland FC,-7.95,-23.58,-7.95,-23.58,,,,,chaotic,chaotic
8_99,1886347,1,06:39.9,player_possession,,L. Bayliss,Newcastle,6.43,26.16,6.43,26.16,,,,,chaotic,chaotic
7_254,1886347,1,06:39.9,passing_option,,T. Aquilina,Newcastle,0.63,27.84,0.63,27.84,0.0,1.0,1.0,0.0041,chaotic,chaotic
7_255,1886347,1,06:39.9,passing_option,,K. Grozos,Newcastle,-12.21,19.61,-12.21,19.61,0.0,0.0,0.0,0.0026,chaotic,chaotic
8_100,1886347,1,06:41.5,player_possession,,L. Verstraete,Auckland FC,-2.99,-31.61,-2.99,-31.61,,,,,chaotic,chaotic
8_101,1886347,1,06:55.3,player_possession,,G. May,Auckland FC,4.02,-28.07,10.09,-32.18,,,,,create,medium_block
7_256,1886347,1,06:55.3,passing_option,,F. Gallegos,Auckland FC,-3.24,-20.44,2.95,-22.04,0.0,0.0,0.0,0.0043,create,medium_block
7_257,1886347,1,06:55.3,passing_option,,J. Brimmer,Auckland FC,13.27,-25.45,14.91,-27.21,0.0,1.0,1.0,0.0037,create,medium_block
7_258,1886347,1,06:55.4,passing_option,,L. Rogerson,Auckland FC,-5.52,-31.66,2.32,-31.06,0.0,0.0,0.0,0.0022,create,medium_block
1_48,1886347,1,06:56.3,off_ball_run,support,L. Rogerson,Auckland FC,-2.07,-31.31,2.32,-31.06,0.0,0.0,0.0,0.0022,create,medium_block
1_49,1886347,1,06:57.4,off_ball_run,behind,L. Gillion,Auckland FC,5.87,-1.95,36.48,-4.85,1.0,0.0,0.0,0.095,finish,low_block
1_50,1886347,1,06:57.5,off_ball_run,support,F. Gallegos,Auckland FC,3.72,-21.74,27.33,-1.29,1.0,1.0,1.0,0.0255,finish,low_block
1_51,1886347,1,06:58.0,off_ball_run,support,F. De Vries,Auckland FC,-7.21,-1.7,15.06,4.79,0.0,0.0,0.0,0.0153,finish,low_block
1_52,1886347,1,06:58.1,off_ball_run,overlap,G. May,Auckland FC,12.77,-31.47,30.16,-23.65,0.0,0.0,0.0,0.0067,finish,low_block
8_102,1886347,1,06:58.2,player_possession,,J. Brimmer,Auckland FC,16.37,-27.44,25.66,-13.43,,,,,finish,low_block
7_259,1886347,1,06:58.2,passing_option,,G. May,Auckland FC,13.19,-31.32,14.11,-30.98,0.0,0.0,0.0,0.0067,finish,low_block
7_260,1886347,1,06:58.2,passing_option,,F. Gallegos,Auckland FC,6.64,-20.2,21.91,-8.04,1.0,1.0,1.0,0.0255,finish,low_block
7_261,1886347,1,06:58.2,passing_option,,L. Gillion,Auckland FC,10.05,-1.74,32.48,-4.72,1.0,0.0,0.0,0.095,finish,low_block
7_262,1886347,1,07:01.0,passing_option,,F. De Vries,Auckland FC,12.82,3.98,15.06,4.79,0.0,0.0,0.0,0.0153,finish,low_block
1_53,1886347,1,07:01.4,off_ball_run,support,F. De Vries,Auckland FC,15.81,5.07,31.33,11.61,1.0,0.0,0.0,0.0207,finish,low_block
8_103,1886347,1,07:02.6,player_possession,,F. Gallegos,Auckland FC,27.33,-1.29,27.33,-1.29,,,,,finish,low_block
7_263,1886347,1,07:02.6,passing_option,,F. De Vries,Auckland FC,24.7,8.86,24.7,8.86,1.0,0.0,0.0,0.0207,finish,low_block
8_104,1886347,1,07:17.2,player_possession,,A. Šušnjar,Newcastle,-43.04,6.72,-43.04,6.72,,,,,build_up,high_block
8_105,1886347,1,07:17.7,player_possession,,M. Natta,Newcastle,-44.18,20.45,-43.52,20.95,,,,,build_up,high_block
7_264,1886347,1,07:17.7,passing_option,,T. Aquilina,Newcastle,-22.53,29.66,-24.63,30.88,0.0,1.0,1.0,0.0002,build_up,high_block
8_106,1886347,1,07:20.1,player_possession,,T. Aquilina,Newcastle,-29.89,31.44,-30.47,30.93,,,,,build_up,high_block
7_265,1886347,1,07:20.1,passing_option,,C. Timmins,Newcastle,-32.16,17.46,-31.75,20.31,0.0,1.0,1.0,0.0004,build_up,high_block
8_107,1886347,1,07:21.5,player_possession,,C. Timmins,Newcastle,-31.82,22.51,-31.82,22.51,,,,,build_up,high_block
7_266,1886347,1,07:21.5,passing_option,,T. Aquilina,Newcastle,-30.8,30.96,-30.8,30.96,0.0,0.0,0.0,0.0003,build_up,high_block
7_267,1886347,1,07:21.5,passing_option,,M. Natta,Newcastle,-41.94,26.0,-41.94,26.0,0.0,0.0,0.0,0.0001,build_up,high_block
7_268,1886347,1,07:21.5,passing_option,,L. Bayliss,Newcastle,-11.66,28.89,-11.66,28.89,0.0,1.0,0.0,0.0009,build_up,high_block
7_269,1886347,1,07:21.5,passing_option,,B. Gibson,Newcastle,1.1,12.61,1.1,12.61,0.0,0.0,0.0,0.0057,build_up,high_block
8_108,1886347,1,07:22.7,player_possession,,L. Verstraete,Auckland FC,13.99,-28.24,13.99,-28.24,,,,,chaotic,chaotic
7_270,1886347,1,07:22.7,passing_option,,F. Gallegos,Auckland FC,28.67,-23.96,28.67,-23.96,0.0,0.0,0.0,0.0041,chaotic,chaotic
7_271,1886347,1,07:22.7,passing_option,,C. Elliott,Auckland FC,24.54,-28.87,24.54,-28.87,0.0,1.0,1.0,0.0029,chaotic,chaotic
8_109,1886347,1,07:24.2,player_possession,,T. Aquilina,Newcastle,-23.13,26.27,-23.13,26.27,,,,,create,medium_block
7_272,1886347,1,07:24.2,passing_option,,E. Adams,Newcastle,-15.22,11.25,-15.22,11.25,0.0,0.0,0.0,0.0021,create,medium_block
7_273,1886347,1,07:24.2,passing_option,,L. Bayliss,Newcastle,-14.19,27.7,-14.19,27.7,0.0,1.0,1.0,0.0012,create,medium_block
7_274,1886347,1,07:24.2,passing_option,,B. Gibson,Newcastle,0.72,14.06,0.72,14.06,0.0,0.0,0.0,0.0079,create,medium_block
1_54,1886347,1,07:25.1,off_ball_run,support,T. Aquilina,Newcastle,-21.0,23.16,-17.98,19.97,0.0,0.0,0.0,0.0067,create,medium_block
8_110,1886347,1,07:25.5,player_possession,,L. Bayliss,Newcastle,-15.81,26.5,-15.81,25.88,,,,,create,medium_block
7_275,1886347,1,07:25.5,passing_option,,T. Aquilina,Newcastle,-19.89,21.74,-17.98,19.97,0.0,0.0,0.0,0.0067,create,medium_block
7_276,1886347,1,07:25.5,passing_option,,E. Adams,Newcastle,-15.16,13.58,-14.64,13.95,0.0,1.0,1.0,0.0028,create,medium_block
7_277,1886347,1,07:25.8,passing_option,,D. Ingham,Newcastle,-20.38,-18.91,-19.75,-18.78,0.0,0.0,0.0,0.0007,create,medium_block
1_55,1886347,1,07:26.1,off_ball_run,run_ahead_of_the_ball,T. Aquilina,Newcastle,-17.55,19.63,-6.71,14.29,0.0,0.0,0.0,0.0165,create,medium_block
1_56,1886347,1,07:26.5,off_ball_run,run_ahead_of_the_ball,D. Ingham,Newcastle,-17.79,-18.66,-0.26,-21.68,0.0,1.0,1.0,0.0057,create,medium_block
8_111,1886347,1,07:27.1,player_possession,,E. Adams,Newcastle,-13.17,12.79,-10.1,10.71,,,,,create,medium_block
7_278,1886347,1,07:27.1,passing_option,,D. Ingham,Newcastle,-15.06,-18.96,-9.83,-20.11,0.0,1.0,1.0,0.0057,create,medium_block
7_279,1886347,1,07:27.1,passing_option,,T. Aquilina,Newcastle,-12.71,16.39,-6.71,14.29,0.0,0.0,0.0,0.0165,create,medium_block
7_280,1886347,1,07:27.7,passing_option,,B. Gibson,Newcastle,4.12,13.05,4.83,14.13,0.0,0.0,0.0,0.0126,create,medium_block
1_57,1886347,1,07:28.2,off_ball_run,behind,T. Aquilina,Newcastle,-6.07,14.14,36.71,4.71,1.0,1.0,0.0,0.0471,finish,low_block
1_58,1886347,1,07:28.2,off_ball_run,run_ahead_of_the_ball,E. Adams,Newcastle,-9.71,10.53,28.45,-10.88,0.0,0.0,0.0,0.0163,finish,low_block
1_59,1886347,1,07:28.2,off_ball_run,behind,B. Gibson,Newcastle,5.41,14.86,35.37,-1.6,1.0,0.0,0.0,0.0565,finish,low_block
8_112,1886347,1,07:30.4,player_possession,,D. Ingham,Newcastle,1.33,-21.43,22.0,-19.74,,,,,finish,low_block
7_281,1886347,1,07:30.7,passing_option,,B. Gibson,Newcastle,14.66,11.93,29.52,-0.73,1.0,0.0,0.0,0.0565,finish,low_block
7_282,1886347,1,07:33.3,passing_option,,E. Adams,Newcastle,18.93,-4.66,23.73,-8.07,0.0,0.0,0.0,0.0163,finish,low_block
7_283,1886347,1,07:33.6,passing_option,,T. Aquilina,Newcastle,26.68,3.51,30.77,3.91,1.0,1.0,0.0,0.0471,finish,low_block
8_113,1886347,1,07:35.9,player_possession,,D. Hall,Auckland FC,-38.24,-3.65,-38.24,-3.65,,,,,chaotic,chaotic
8_114,1886347,1,07:37.8,player_possession,,L. Rogerson,Auckland FC,-26.74,-9.64,-32.08,-23.89,,,,,chaotic,chaotic
7_284,1886347,1,07:37.8,passing_option,,L. Verstraete,Auckland FC,-34.36,-5.26,-31.86,-6.81,0.0,0.0,0.0,0.0005,chaotic,chaotic
7_285,1886347,1,07:39.4,passing_option,,C. Elliott,Auckland FC,-35.96,-12.7,-35.47,-18.51,0.0,0.0,0.0,0.0001,chaotic,chaotic
7_286,1886347,1,07:40.1,passing_option,,G. May,Auckland FC,-0.76,-9.19,-1.24,-11.68,0.0,1.0,0.0,0.0013,chaotic,chaotic
8_115,1886347,1,07:44.1,player_possession,,M. Natta,Newcastle,11.77,22.18,8.53,33.14,,,,,create,medium_block
7_287,1886347,1,07:44.1,passing_option,,T. Aquilina,Newcastle,26.97,23.83,26.97,23.83,0.0,0.0,0.0,0.0058,create,medium_block
7_288,1886347,1,07:44.1,passing_option,,C. Timmins,Newcastle,17.42,22.97,9.01,29.46,0.0,0.0,0.0,0.003,create,medium_block
7_289,1886347,1,07:44.2,passing_option,,A. Šušnjar,Newcastle,2.97,19.83,1.41,25.55,0.0,0.0,0.0,0.0021,create,medium_block
7_290,1886347,1,07:45.9,passing_option,,T. Aquilina,Newcastle,21.98,25.44,17.5,28.57,0.0,1.0,1.0,0.0058,create,medium_block
7_291,1886347,1,07:46.6,passing_option,,L. Bayliss,Newcastle,25.8,25.33,24.63,24.89,0.0,0.0,0.0,0.0083,create,medium_block
8_116,1886347,1,07:49.0,player_possession,,T. Aquilina,Newcastle,17.46,32.9,17.46,32.9,,,,,create,medium_block
7_292,1886347,1,07:49.0,passing_option,,C. Timmins,Newcastle,10.74,30.45,10.74,30.45,0.0,1.0,1.0,0.0036,create,medium_block
7_293,1886347,1,07:49.0,passing_option,,L. Bayliss,Newcastle,23.09,23.6,23.09,23.6,0.0,0.0,0.0,0.0081,create,medium_block
8_117,1886347,1,07:49.9,player_possession,,C. Timmins,Newcastle,12.73,30.32,12.73,30.32,,,,,create,medium_block
7_294,1886347,1,07:49.9,passing_option,,T. Aquilina,Newcastle,18.81,33.56,18.81,33.56,0.0,0.0,0.0,0.0043,create,medium_block
7_295,1886347,1,07:49.9,passing_option,,L. Bayliss,Newcastle,22.62,22.41,22.62,22.41,0.0,1.0,0.0,0.0068,create,medium_block
8_118,1886347,1,07:50.4,player_possession,,L. Verstraete,Auckland FC,-18.41,-28.73,-39.6,-23.89,,,,,build_up,high_block
7_296,1886347,1,07:50.4,passing_option,,C. Elliott,Auckland FC,-27.25,-25.14,-34.41,-26.8,0.0,0.0,0.0,0.0002,build_up,high_block
7_297,1886347,1,07:53.6,passing_option,,A. Paulsen,Auckland FC,-48.12,-4.23,-49.17,-5.61,0.0,1.0,1.0,0.0,build_up,high_block
7_298,1886347,1,07:54.7,passing_option,,F. Gallegos,Auckland FC,-26.44,-14.24,-27.53,-14.12,0.0,0.0,0.0,0.0002,build_up,high_block
1_60,1886347,1,07:55.8,off_ball_run,dropping_off,N. Pijnaker,Auckland FC,-36.28,-1.89,-39.33,4.69,0.0,0.0,0.0,0.0001,build_up,high_block
8_119,1886347,1,07:56.7,player_possession,,A. Paulsen,Auckland FC,-48.66,-6.38,-47.68,-13.74,,,,,build_up,high_block
7_299,1886347,1,07:56.7,passing_option,,F. Gallegos,Auckland FC,-29.99,-11.38,-30.09,-11.09,0.0,0.0,0.0,0.0002,build_up,high_block
7_300,1886347,1,07:56.7,passing_option,,N. Pijnaker,Auckland FC,-37.91,1.88,-39.12,4.33,0.0,0.0,0.0,0.0001,build_up,high_block
7_301,1886347,1,07:57.4,passing_option,,D. Hall,Auckland FC,-42.78,-12.22,-43.22,-11.45,0.0,0.0,0.0,0.0001,build_up,high_block
7_302,1886347,1,07:58.1,passing_option,,C. Elliott,Auckland FC,-35.32,-26.9,-35.93,-28.26,0.0,1.0,1.0,0.0001,build_up,high_block
7_303,1886347,1,07:58.5,passing_option,,G. May,Auckland FC,-6.08,-21.76,-5.59,-21.36,0.0,0.0,0.0,0.0005,build_up,high_block
8_120,1886347,1,08:00.2,player_possession,,C. Elliott,Auckland FC,-36.24,-29.45,-36.01,-29.5,,,,,build_up,high_block
7_304,1886347,1,08:00.2,passing_option,,L. Rogerson,Auckland FC,-24.12,-33.22,-27.02,-33.76,0.0,1.0,0.0,0.0001,build_up,high_block
7_305,1886347,1,08:00.6,passing_option,,G. May,Auckland FC,-4.83,-21.16,-4.76,-21.45,0.0,0.0,0.0,0.0008,build_up,high_block
7_306,1886347,1,08:00.7,passing_option,,L. Verstraete,Auckland FC,-30.68,-15.31,-27.35,-20.09,0.0,0.0,0.0,0.0004,build_up,high_block
1_61,1886347,1,08:01.2,off_ball_run,run_ahead_of_the_ball,L. Verstraete,Auckland FC,-29.54,-16.91,-26.71,-21.17,0.0,0.0,0.0,0.0004,build_up,high_block
8_121,1886347,1,08:19.1,player_possession,,L. Bayliss,Newcastle,28.05,25.19,27.34,26.99,,,,,finish,low_block
7_307,1886347,1,08:19.1,passing_option,,M. Natta,Newcastle,23.83,33.73,24.61,33.48,0.0,1.0,1.0,0.0034,finish,low_block
7_308,1886347,1,08:19.4,passing_option,,C. Timmins,Newcastle,19.19,31.76,19.27,31.82,0.0,0.0,0.0,0.0022,finish,low_block
8_122,1886347,1,08:20.6,player_possession,,M. Natta,Newcastle,24.8,33.72,24.8,33.72,,,,,finish,low_block
7_309,1886347,1,08:20.6,passing_option,,C. Timmins,Newcastle,18.96,31.96,18.96,31.96,0.0,0.0,0.0,0.0024,finish,low_block
7_310,1886347,1,08:20.6,passing_option,,K. Grozos,Newcastle,16.49,20.61,16.49,20.61,0.0,1.0,1.0,0.0031,finish,low_block
7_311,1886347,1,08:20.6,passing_option,,L. Bayliss,Newcastle,26.46,28.31,26.46,28.31,0.0,0.0,0.0,0.0049,finish,low_block
8_123,1886347,1,08:22.8,player_possession,,K. Grozos,Newcastle,12.77,22.8,12.77,22.8,,,,,finish,low_block
7_312,1886347,1,08:22.8,passing_option,,A. Šušnjar,Newcastle,5.91,30.28,5.91,30.28,0.0,0.0,0.0,0.0007,finish,low_block
7_313,1886347,1,08:22.8,passing_option,,P. Cancar,Newcastle,-0.73,13.72,-0.73,13.72,0.0,1.0,1.0,0.0009,finish,low_block
1_62,1886347,1,08:23.7,off_ball_run,dropping_off,D. Ingham,Newcastle,9.24,-7.05,-4.26,-15.41,0.0,1.0,1.0,0.0005,create,medium_block
8_124,1886347,1,08:24.9,player_possession,,P. Cancar,Newcastle,-3.72,11.08,-7.7,3.86,,,,,create,medium_block
7_314,1886347,1,08:24.9,passing_option,,D. Ingham,Newcastle,5.14,-10.71,-3.42,-15.21,0.0,1.0,1.0,0.0005,create,medium_block
1_63,1886347,1,08:27.1,off_ball_run,dropping_off,P. Cancar,Newcastle,-8.0,3.45,-16.08,-5.44,0.0,0.0,0.0,0.0002,create,medium_block
1_64,1886347,1,08:27.1,off_ball_run,coming_short,K. Grozos,Newcastle,4.46,12.0,-1.96,-4.76,0.0,0.0,0.0,0.0032,create,medium_block
1_65,1886347,1,08:27.1,off_ball_run,coming_short,E. Adams,Newcastle,11.89,0.04,-1.2,-13.61,0.0,0.0,0.0,0.0009,create,medium_block
8_125,1886347,1,08:28.9,player_possession,,D. Ingham,Newcastle,-8.82,-15.98,-7.65,-8.43,,,,,create,medium_block
7_315,1886347,1,08:28.9,passing_option,,R. Scott,Newcastle,-34.38,-0.07,-34.74,-0.26,0.0,0.0,0.0,0.0,create,medium_block
7_316,1886347,1,08:28.9,passing_option,,P. Cancar,Newcastle,-14.42,-3.41,-19.65,-9.15,0.0,0.0,0.0,0.0002,create,medium_block
7_317,1886347,1,08:29.0,passing_option,,E. Adams,Newcastle,4.2,-6.06,-0.62,-10.65,0.0,0.0,0.0,0.0009,create,medium_block
1_66,1886347,1,08:29.0,off_ball_run,coming_short,C. Timmins,Newcastle,6.44,12.19,-1.51,6.59,0.0,1.0,1.0,0.0012,create,medium_block
7_318,1886347,1,08:29.7,passing_option,,K. Grozos,Newcastle,-1.65,0.44,-1.82,-5.14,0.0,0.0,0.0,0.0032,create,medium_block
7_319,1886347,1,08:30.5,passing_option,,A. Šušnjar,Newcastle,-14.46,14.26,-14.93,13.25,0.0,0.0,0.0,0.0003,create,medium_block
7_320,1886347,1,08:31.1,passing_option,,C. Timmins,Newcastle,-0.71,6.89,-1.51,6.59,0.0,1.0,1.0,0.0012,create,medium_block
8_126,1886347,1,08:32.5,player_possession,,C. Timmins,Newcastle,-4.15,4.53,-4.15,4.53,,,,,create,medium_block
7_321,1886347,1,08:32.5,passing_option,,L. Bayliss,Newcastle,6.1,7.58,6.1,7.58,0.0,0.0,0.0,0.006,create,medium_block
7_322,1886347,1,08:32.5,passing_option,,B. Gibson,Newcastle,8.31,-2.46,8.31,-2.46,0.0,0.0,0.0,0.0122,create,medium_block
8_127,1886347,1,08:37.0,player_possession,,F. De Vries,Auckland FC,-23.97,32.98,-30.0,35.33,,,,,chaotic,chaotic
8_128,1886347,1,08:43.1,player_possession,,L. Gillion,Auckland FC,-12.62,32.16,-13.01,32.75,,,,,chaotic,chaotic
7_323,1886347,1,08:43.1,passing_option,,F. Gallegos,Auckland FC,-20.03,22.94,-19.84,23.33,0.0,0.0,0.0,0.0006,chaotic,chaotic
7_324,1886347,1,08:43.1,passing_option,,G. May,Auckland FC,5.35,13.56,5.14,14.88,0.0,0.0,0.0,0.0069,chaotic,chaotic
7_325,1886347,1,08:43.1,passing_option,,J. Brimmer,Auckland FC,-4.44,13.76,-5.54,17.36,0.0,0.0,0.0,0.0029,chaotic,chaotic
7_326,1886347,1,08:43.1,passing_option,,F. De Vries,Auckland FC,-22.65,33.65,-19.13,33.04,0.0,0.0,0.0,0.0016,chaotic,chaotic
8_129,1886347,1,08:58.9,player_possession,,F. De Vries,Auckland FC,-25.64,27.58,-24.03,28.46,,,,,create,medium_block
7_327,1886347,1,08:58.9,passing_option,,F. Gallegos,Auckland FC,-22.1,27.6,-23.4,27.17,0.0,0.0,0.0,0.0008,create,medium_block
7_328,1886347,1,08:58.9,passing_option,,G. May,Auckland FC,-1.77,25.13,-1.19,25.64,0.0,0.0,0.0,0.0044,create,medium_block
7_329,1886347,1,08:58.9,passing_option,,J. Brimmer,Auckland FC,-15.73,23.84,-16.77,24.77,0.0,1.0,1.0,0.0014,create,medium_block
7_330,1886347,1,08:59.1,passing_option,,L. Gillion,Auckland FC,-26.14,31.56,-22.17,30.09,0.0,0.0,0.0,0.0018,create,medium_block
8_130,1886347,1,09:02.7,player_possession,,L. Gillion,Auckland FC,-8.2,29.6,-8.2,29.6,,,,,create,medium_block
7_331,1886347,1,09:02.7,passing_option,,G. May,Auckland FC,3.78,27.75,3.78,27.75,0.0,1.0,1.0,0.0123,create,medium_block
1_67,1886347,1,09:02.8,off_ball_run,behind,G. May,Auckland FC,4.19,27.85,29.52,27.12,0.0,1.0,1.0,0.0123,create,medium_block
1_68,1886347,1,09:02.8,off_ball_run,cross_receiver,L. Gillion,Auckland FC,-7.52,29.58,48.05,4.98,1.0,0.0,0.0,0.3471,finish,low_block
1_69,1886347,1,09:03.8,off_ball_run,cross_receiver,L. Rogerson,Auckland FC,-7.6,6.05,38.88,-5.54,1.0,0.0,0.0,0.1755,finish,low_block
8_131,1886347,1,09:06.4,player_possession,,G. May,Auckland FC,29.52,27.12,44.91,15.32,,,,,finish,low_block
7_332,1886347,1,09:06.4,passing_option,,L. Gillion,Auckland FC,16.72,16.55,41.36,5.65,1.0,0.0,0.0,0.3471,finish,low_block
7_333,1886347,1,09:08.9,passing_option,,L. Rogerson,Auckland FC,28.45,-1.0,32.6,-2.51,1.0,0.0,0.0,0.1755,finish,low_block
8_132,1886347,1,09:33.4,player_possession,,A. Šušnjar,Newcastle,-49.05,28.2,-47.99,30.38,,,,,build_up,high_block
7_334,1886347,1,09:33.5,passing_option,,M. Natta,Newcastle,-47.45,35.38,-46.03,34.09,0.0,0.0,0.0,0.0003,build_up,high_block
7_335,1886347,1,09:33.5,passing_option,,B. Gibson,Newcastle,-15.52,26.62,-16.92,28.89,0.0,1.0,1.0,0.0011,build_up,high_block
7_336,1886347,1,09:34.9,passing_option,,C. Timmins,Newcastle,-41.7,17.29,-41.96,18.41,0.0,0.0,0.0,0.0002,build_up,high_block
1_70,1886347,1,09:36.5,off_ball_run,support,L. Bayliss,Newcastle,-24.9,25.3,-19.53,25.54,0.0,0.0,0.0,0.0086,create,medium_block
8_133,1886347,1,09:37.1,player_possession,,B. Gibson,Newcastle,-17.56,32.06,-18.53,33.5,,,,,create,medium_block
7_337,1886347,1,09:37.1,passing_option,,T. Aquilina,Newcastle,-30.48,31.51,-28.17,31.98,0.0,1.0,0.0,0.0019,create,medium_block
7_338,1886347,1,09:37.1,passing_option,,L. Bayliss,Newcastle,-22.14,25.33,-19.14,25.59,0.0,0.0,0.0,0.0086,create,medium_block
8_134,1886347,1,09:55.7,player_possession,,L. Verstraete,Auckland FC,22.96,-24.23,22.31,-25.38,,,,,finish,low_block
7_339,1886347,1,09:55.7,passing_option,,J. Brimmer,Auckland FC,31.58,-28.0,30.99,-28.33,0.0,0.0,0.0,0.0059,finish,low_block
7_340,1886347,1,09:55.7,passing_option,,C. Elliott,Auckland FC,19.5,-32.84,18.93,-32.35,0.0,1.0,1.0,0.0018,finish,low_block
7_341,1886347,1,09:55.7,passing_option,,L. Rogerson,Auckland FC,25.06,-29.3,25.2,-29.68,0.0,0.0,0.0,0.0041,finish,low_block
8_135,1886347,1,09:57.0,player_possession,,C. Elliott,Auckland FC,17.9,-32.24,16.94,-32.62,,,,,finish,low_block
7_342,1886347,1,09:57.0,passing_option,,D. Hall,Auckland FC,0.03,-28.88,-1.44,-29.4,0.0,1.0,1.0,0.0005,finish,low_block
1_71,1886347,1,09:58.8,off_ball_run,dropping_off,N. Pijnaker,Auckland FC,-3.62,-9.54,-9.45,-7.65,0.0,1.0,1.0,0.0004,create,medium_block
8_136,1886347,1,09:59.2,player_possession,,D. Hall,Auckland FC,-5.02,-29.49,-7.31,-28.38,,,,,create,medium_block
7_343,1886347,1,09:59.2,passing_option,,N. Pijnaker,Auckland FC,-5.26,-8.95,-8.66,-7.94,0.0,1.0,1.0,0.0004,create,medium_block
7_344,1886347,1,09:59.2,passing_option,,A. Paulsen,Auckland FC,-30.79,-7.87,-32.17,-7.69,0.0,0.0,0.0,0.0,create,medium_block
1_72,1886347,1,10:00.1,off_ball_run,dropping_off,F. De Vries,Auckland FC,5.93,9.68,0.96,12.84,0.0,0.0,0.0,0.0008,create,medium_block
8_137,1886347,1,10:01.9,player_possession,,N. Pijnaker,Auckland FC,-12.16,-4.13,-6.76,6.3,,,,,create,medium_block
7_345,1886347,1,10:01.9,passing_option,,F. De Vries,Auckland FC,-0.34,14.32,1.56,22.94,0.0,1.0,1.0,0.0009,create,medium_block
1_73,1886347,1,10:03.7,off_ball_run,pulling_wide,F. De Vries,Auckland FC,-0.62,20.31,9.82,27.64,0.0,1.0,1.0,0.0009,create,medium_block
7_346,1886347,1,10:04.0,passing_option,,L. Gillion,Auckland FC,16.6,22.49,16.06,24.5,0.0,0.0,0.0,0.0027,create,medium_block
8_138,1886347,1,10:06.2,player_possession,,F. De Vries,Auckland FC,9.82,27.64,13.82,28.05,,,,,create,medium_block
7_347,1886347,1,10:06.2,passing_option,,L. Gillion,Auckland FC,13.76,29.55,14.51,30.39,0.0,1.0,1.0,0.0036,create,medium_block
1_74,1886347,1,10:07.0,off_ball_run,run_ahead_of_the_ball,F. De Vries,Auckland FC,14.41,28.08,26.45,32.04,0.0,0.0,0.0,0.0054,finish,low_block
1_75,1886347,1,10:07.0,off_ball_run,run_ahead_of_the_ball,F. Gallegos,Auckland FC,14.07,11.97,28.31,18.05,0.0,0.0,0.0,0.0127,finish,low_block
8_139,1886347,1,10:07.3,player_possession,,L. Gillion,Auckland FC,15.5,30.57,15.94,23.64,,,,,finish,low_block
7_348,1886347,1,10:07.3,passing_option,,F. De Vries,Auckland FC,16.17,28.21,27.44,32.55,0.0,0.0,0.0,0.0054,finish,low_block
7_349,1886347,1,10:08.0,passing_option,,F. Gallegos,Auckland FC,18.36,14.49,27.11,17.48,0.0,0.0,0.0,0.0127,finish,low_block
7_350,1886347,1,10:10.0,passing_option,,N. Pijnaker,Auckland FC,2.34,17.5,3.44,19.89,0.0,1.0,1.0,0.0013,finish,low_block
7_351,1886347,1,10:10.5,passing_option,,L. Verstraete,Auckland FC,17.79,5.44,16.18,9.31,0.0,0.0,0.0,0.0064,finish,low_block
7_352,1886347,1,10:12.0,passing_option,,D. Hall,Auckland FC,1.27,0.93,1.18,0.97,0.0,0.0,0.0,0.0012,finish,low_block
8_140,1886347,1,10:13.7,player_possession,,N. Pijnaker,Auckland FC,2.97,21.08,4.3,22.24,,,,,finish,low_block
7_353,1886347,1,10:14.0,passing_option,,F. De Vries,Auckland FC,23.1,32.46,21.94,32.39,0.0,1.0,1.0,0.0028,finish,low_block
7_354,1886347,1,10:14.5,passing_option,,F. Gallegos,Auckland FC,21.48,20.45,21.32,20.46,0.0,0.0,0.0,0.0053,finish,low_block
8_141,1886347,1,10:15.8,player_possession,,F. De Vries,Auckland FC,19.95,32.27,13.52,29.88,,,,,finish,low_block
7_355,1886347,1,10:15.8,passing_option,,J. Brimmer,Auckland FC,25.51,15.88,26.86,18.34,0.0,0.0,0.0,0.0119,finish,low_block
7_356,1886347,1,10:15.8,passing_option,,F. Gallegos,Auckland FC,21.26,22.26,19.4,26.07,0.0,0.0,0.0,0.006,finish,low_block
7_357,1886347,1,10:17.6,passing_option,,L. Gillion,Auckland FC,21.27,16.97,19.87,17.04,0.0,1.0,1.0,0.0043,finish,low_block
7_358,1886347,1,10:17.7,passing_option,,L. Verstraete,Auckland FC,11.78,11.39,10.97,13.07,0.0,0.0,0.0,0.0025,finish,low_block
7_359,1886347,1,10:18.2,passing_option,,D. Hall,Auckland FC,-1.42,1.59,-1.42,1.59,0.0,0.0,0.0,0.0011,finish,low_block
8_142,1886347,1,10:19.4,player_possession,,L. Gillion,Auckland FC,16.29,15.4,14.33,9.75,,,,,create,medium_block
7_360,1886347,1,10:19.4,passing_option,,L. Verstraete,Auckland FC,8.89,16.25,8.45,16.7,0.0,0.0,0.0,0.002,create,medium_block
7_361,1886347,1,10:19.4,passing_option,,D. Hall,Auckland FC,-2.35,2.93,-2.89,2.88,0.0,0.0,0.0,0.0011,create,medium_block
7_362,1886347,1,10:20.1,passing_option,,C. Elliott,Auckland FC,12.32,-6.75,11.12,-6.45,0.0,1.0,1.0,0.0029,create,medium_block
7_363,1886347,1,10:20.1,passing_option,,L. Rogerson,Auckland FC,25.55,-9.67,23.98,-8.95,0.0,0.0,0.0,0.0115,create,medium_block
8_143,1886347,1,10:22.2,player_possession,,C. Elliott,Auckland FC,6.66,-9.03,2.81,-19.91,,,,,create,medium_block
7_364,1886347,1,10:22.2,passing_option,,D. Hall,Auckland FC,-2.89,0.53,-3.17,-1.06,0.0,0.0,0.0,0.0006,create,medium_block
7_365,1886347,1,10:23.0,passing_option,,L. Rogerson,Auckland FC,21.38,-10.27,11.44,-16.21,0.0,0.0,0.0,0.0028,create,medium_block
7_366,1886347,1,10:25.2,passing_option,,D. Hall,Auckland FC,-4.25,-5.8,-4.97,-7.17,0.0,1.0,1.0,0.0006,create,medium_block
8_144,1886347,1,10:27.6,player_possession,,D. Hall,Auckland FC,-6.6,-7.95,-7.06,-7.45,,,,,create,medium_block
7_367,1886347,1,10:27.6,passing_option,,N. Pijnaker,Auckland FC,-4.83,12.27,-7.22,13.26,0.0,1.0,1.0,0.0004,create,medium_block
7_368,1886347,1,10:27.8,passing_option,,L. Verstraete,Auckland FC,6.77,-6.78,5.93,-7.91,0.0,0.0,0.0,0.0015,create,medium_block
8_145,1886347,1,10:30.0,player_possession,,N. Pijnaker,Auckland FC,-8.91,16.22,-7.96,18.05,,,,,create,medium_block
7_369,1886347,1,10:30.0,passing_option,,F. De Vries,Auckland FC,7.07,29.61,6.54,31.43,0.0,1.0,1.0,0.0008,create,medium_block
1_76,1886347,1,10:31.1,off_ball_run,coming_short,F. Gallegos,Auckland FC,2.37,10.27,6.27,20.1,0.0,0.0,0.0,0.0035,create,medium_block
8_146,1886347,1,10:32.3,player_possession,,F. De Vries,Auckland FC,7.97,32.8,10.22,33.16,,,,,create,medium_block
7_370,1886347,1,10:32.3,passing_option,,F. Gallegos,Auckland FC,2.94,15.31,6.27,20.1,0.0,0.0,0.0,0.0035,create,medium_block
7_371,1886347,1,10:32.3,passing_option,,J. Brimmer,Auckland FC,19.89,18.24,19.66,23.25,0.0,1.0,1.0,0.0032,create,medium_block
1_77,1886347,1,10:33.2,off_ball_run,coming_short,J. Brimmer,Auckland FC,20.01,21.54,19.25,24.5,0.0,1.0,1.0,0.0032,create,medium_block
1_78,1886347,1,10:33.7,off_ball_run,support,F. Gallegos,Auckland FC,6.7,20.38,15.95,22.03,0.0,1.0,0.0,0.0124,create,medium_block
8_147,1886347,1,10:34.4,player_possession,,J. Brimmer,Auckland FC,18.32,26.01,17.06,26.82,,,,,create,medium_block
7_372,1886347,1,10:34.4,passing_option,,F. Gallegos,Auckland FC,10.3,21.46,13.4,21.68,0.0,1.0,0.0,0.0124,create,medium_block
