match_id,match_label,period,time_start,time_end,duration,team_in_possession_id,team_in_possession_shortname,team_in_possession_phase_type,team_out_of_possession_phase_type,x_start,y_start,x_end,y_end
2017461,Melbourne V FC v Auckland FC,1,00:00.2,00:03.0,2.8,868,Melbourne V FC,create,medium_block,-2.27,0.09,-17.68,-2.01
2017461,Melbourne V FC v Auckland FC,1,00:03.0,00:06.3,3.3,868,Melbourne V FC,direct,defending_direct,-16.43,-1.43,30.38,11.8
2017461,Melbourne V FC v Auckland FC,1,00:06.3,00:08.1,1.8,4177,Auckland FC,chaotic,chaotic,-29.88,-11.97,-14.64,-18.78
2017461,Melbourne V FC v Auckland FC,1,00:08.1,00:16.2,8.1,868,Melbourne V FC,finish,low_block,14.75,18.99,52.06,14.22
2017461,Melbourne V FC v Auckland FC,1,00:33.5,00:39.1,5.6,868,Melbourne V FC,set_play,defending_set_play,,,-5.16,-29.6
2017461,Melbourne V FC v Auckland FC,1,00:39.1,00:42.4,3.3,4177,Auckland FC,transition,defending_transition,-4.59,-29.74,8.4,-30.94
2017461,Melbourne V FC v Auckland FC,1,00:42.4,00:47.3,4.9,868,Melbourne V FC,chaotic,chaotic,-9.35,30.33,-33.86,6.65
2017461,Melbourne V FC v Auckland FC,1,00:47.3,00:50.4,3.1,868,Melbourne V FC,direct,defending_direct,-33.45,6.61,8.02,5.65
2017461,Melbourne V FC v Auckland FC,1,00:50.4,00:55.7,5.3,4177,Auckland FC,chaotic,chaotic,-9.07,-5.58,8.02,-21.29
2017461,Melbourne V FC v Auckland FC,1,00:55.7,01:02.9,7.2,868,Melbourne V FC,create,medium_block,-8.29,21.31,-19.89,-6.42
2017461,Melbourne V FC v Auckland FC,1,01:02.9,01:06.0,3.1,868,Melbourne V FC,direct,defending_direct,-19.26,-5.94,17.81,21.79
2017461,Melbourne V FC v Auckland FC,1,01:06.0,01:09.4,3.4,4177,Auckland FC,chaotic,chaotic,-18.04,-22.2,-7.8,-12.33
2017461,Melbourne V FC v Auckland FC,1,01:09.4,01:15.8,6.4,868,Melbourne V FC,chaotic,chaotic,7.64,12.64,31.39,12.48
2017461,Melbourne V FC v Auckland FC,1,01:15.8,01:31.5,15.7,4177,Auckland FC,transition,defending_transition,-31.43,-12.16,46.06,-3.67
2017461,Melbourne V FC v Auckland FC,1,01:31.5,01:40.1,8.6,868,Melbourne V FC,build_up,high_block,-46.11,4.48,-20.03,32.62
2017461,Melbourne V FC v Auckland FC,1,01:40.1,01:54.3,14.2,868,Melbourne V FC,create,medium_block,-19.67,32.62,-20.89,26.17
2017461,Melbourne V FC v Auckland FC,1,02:07.1,02:11.3,4.2,868,Melbourne V FC,create,medium_block,,,-19.93,-25.65
2017461,Melbourne V FC v Auckland FC,1,02:11.3,02:16.0,4.7,868,Melbourne V FC,build_up,high_block,-20.13,-25.57,-46.43,-6.56
2017461,Melbourne V FC v Auckland FC,1,02:16.0,02:19.6,3.6,868,Melbourne V FC,direct,defending_direct,-45.75,-6.27,2.26,3.32
2017461,Melbourne V FC v Auckland FC,1,02:19.6,02:37.1,17.5,4177,Auckland FC,create,medium_block,-2.13,-3.06,2.32,17.33
2017461,Melbourne V FC v Auckland FC,1,02:54.8,02:56.6,1.8,868,Melbourne V FC,chaotic,chaotic,-35.47,-34.03,-25.28,-27.78
2017461,Melbourne V FC v Auckland FC,1,02:56.6,02:57.8,1.2,4177,Auckland FC,chaotic,chaotic,25.53,27.19,32.42,22.07
2017461,Melbourne V FC v Auckland FC,1,02:57.8,02:59.5,1.7,868,Melbourne V FC,chaotic,chaotic,-31.99,-21.93,-18.23,-25.97
2017461,Melbourne V FC v Auckland FC,1,02:59.5,03:05.2,5.7,4177,Auckland FC,chaotic,chaotic,18.5,26.18,11.58,21.51
2017461,Melbourne V FC v Auckland FC,1,03:05.2,03:09.4,4.2,868,Melbourne V FC,chaotic,chaotic,-11.48,-21.74,-15.66,-29.94
2017461,Melbourne V FC v Auckland FC,1,03:09.4,03:11.4,2.0,4177,Auckland FC,chaotic,chaotic,15.49,30.07,16.84,35.12
2017461,Melbourne V FC v Auckland FC,1,03:25.6,03:29.1,3.5,4177,Auckland FC,chaotic,chaotic,23.23,33.23,30.28,27.91
2017461,Melbourne V FC v Auckland FC,1,03:29.1,03:35.4,6.3,868,Melbourne V FC,transition,defending_transition,-29.24,-28.02,23.03,-32.22
2017461,Melbourne V FC v Auckland FC,1,03:35.4,03:51.7,16.3,4177,Auckland FC,create,medium_block,-23.64,31.63,-22.77,-9.92
2017461,Melbourne V FC v Auckland FC,1,03:51.7,03:54.5,2.8,4177,Auckland FC,direct,defending_direct,-21.93,-10.36,16.59,-22.41
2017461,Melbourne V FC v Auckland FC,1,03:54.5,03:55.8,1.3,868,Melbourne V FC,chaotic,chaotic,-17.19,22.58,-14.95,21.36
2017461,Melbourne V FC v Auckland FC,1,03:55.8,03:57.2,1.4,4177,Auckland FC,chaotic,chaotic,14.67,-21.04,12.89,-17.79
2017461,Melbourne V FC v Auckland FC,1,03:57.2,04:01.2,4.0,868,Melbourne V FC,chaotic,chaotic,-13.03,17.41,6.28,6.25
2017461,Melbourne V FC v Auckland FC,1,04:41.0,04:44.4,3.4,868,Melbourne V FC,create,medium_block,-0.53,10.41,14.06,32.76
2017461,Melbourne V FC v Auckland FC,1,04:44.4,04:46.3,1.9,868,Melbourne V FC,finish,low_block,14.17,32.78,17.12,34.64
2017461,Melbourne V FC v Auckland FC,1,04:50.6,05:03.9,13.3,868,Melbourne V FC,create,medium_block,9.22,30.96,19.35,-18.57
2017461,Melbourne V FC v Auckland FC,1,05:03.9,05:09.5,5.6,4177,Auckland FC,build_up,high_block,-20.23,18.37,-44.61,-7.25
2017461,Melbourne V FC v Auckland FC,1,05:09.5,05:11.4,1.9,4177,Auckland FC,direct,defending_direct,-43.75,-7.79,-6.58,-9.15
2017461,Melbourne V FC v Auckland FC,1,05:11.4,05:19.7,8.3,868,Melbourne V FC,create,medium_block,4.74,8.86,14.2,13.37
2017461,Melbourne V FC v Auckland FC,1,05:19.7,05:22.4,2.7,4177,Auckland FC,chaotic,chaotic,-14.32,-13.2,-3.05,-18.33
2017461,Melbourne V FC v Auckland FC,1,05:36.4,05:37.7,1.3,4177,Auckland FC,create,medium_block,,,,
2017461,Melbourne V FC v Auckland FC,1,05:37.7,05:39.0,1.3,868,Melbourne V FC,create,medium_block,14.3,13.53,23.18,11.62
2017461,Melbourne V FC v Auckland FC,1,05:39.0,06:08.8,29.8,868,Melbourne V FC,finish,low_block,24.54,11.9,32.86,24.99
2017461,Melbourne V FC v Auckland FC,1,06:08.8,06:09.8,1.0,4177,Auckland FC,chaotic,chaotic,-32.92,-25.23,-30.89,-30.96
2017461,Melbourne V FC v Auckland FC,1,06:16.3,06:33.3,17.0,868,Melbourne V FC,finish,low_block,29.3,32.03,35.42,30.08
2017461,Melbourne V FC v Auckland FC,1,06:39.2,07:25.0,45.8,868,Melbourne V FC,finish,low_block,28.3,31.92,50.77,12.79
2017461,Melbourne V FC v Auckland FC,1,07:25.0,07:27.3,2.3,4177,Auckland FC,chaotic,chaotic,-50.93,-12.61,-49.4,-12.33
2017461,Melbourne V FC v Auckland FC,1,07:27.3,07:36.9,9.6,868,Melbourne V FC,finish,low_block,49.39,12.62,45.3,0.38
2017461,Melbourne V FC v Auckland FC,1,08:07.3,08:09.0,1.7,868,Melbourne V FC,set_play,defending_set_play,51.79,-31.38,46.16,-6.71
2017461,Melbourne V FC v Auckland FC,1,08:09.0,08:12.6,3.6,4177,Auckland FC,chaotic,chaotic,-45.79,6.57,-43.44,18.54
2017461,Melbourne V FC v Auckland FC,1,08:12.6,08:13.5,0.9,868,Melbourne V FC,chaotic,chaotic,43.67,-18.53,46.02,-17.65
2017461,Melbourne V FC v Auckland FC,1,08:13.5,08:22.2,8.7,4177,Auckland FC,transition,defending_transition,-46.26,17.93,4.8,18.59
2017461,Melbourne V FC v Auckland FC,1,08:22.2,08:36.5,14.3,868,Melbourne V FC,create,medium_block,-5.28,-18.5,3.18,-8.45
2017461,Melbourne V FC v Auckland FC,1,08:36.5,08:47.3,10.8,4177,Auckland FC,transition,defending_transition,-3.21,8.3,55.14,28.59
2017461,Melbourne V FC v Auckland FC,1,09:20.6,09:21.6,1.0,4177,Auckland FC,set_play,defending_set_play,50.27,30.68,47.63,13.47
2017461,Melbourne V FC v Auckland FC,1,10:02.7,10:02.8,0.1,868,Melbourne V FC,direct,defending_direct,,,,
2017461,Melbourne V FC v Auckland FC,1,10:02.8,10:13.3,10.5,868,Melbourne V FC,create,medium_block,,,0.79,-30.69
2017461,Melbourne V FC v Auckland FC,1,10:13.3,10:18.3,5.0,4177,Auckland FC,create,medium_block,-0.88,30.57,-19.75,12.9
2017461,Melbourne V FC v Auckland FC,1,10:18.3,10:24.4,6.1,4177,Auckland FC,build_up,high_block,-20.29,12.53,-25.22,-34.23
2017461,Melbourne V FC v Auckland FC,1,10:37.0,10:43.7,6.7,868,Melbourne V FC,create,medium_block,18.05,34.02,-19.47,14.72
2017461,Melbourne V FC v Auckland FC,1,10:43.7,10:46.7,3.0,868,Melbourne V FC,build_up,high_block,-20.01,14.31,-20.33,11.89
2017461,Melbourne V FC v Auckland FC,1,10:46.7,10:47.0,0.3,868,Melbourne V FC,create,medium_block,-18.49,12.8,-15.42,14.93
2017461,Melbourne V FC v Auckland FC,1,11:05.5,11:15.9,10.4,4177,Auckland FC,create,medium_block,-2.0,-32.74,20.99,28.46
2017461,Melbourne V FC v Auckland FC,1,11:15.9,11:23.5,7.6,4177,Auckland FC,finish,low_block,21.54,28.74,42.66,-0.26
2017461,Melbourne V FC v Auckland FC,1,11:59.4,12:03.8,4.4,868,Melbourne V FC,direct,defending_direct,-31.29,-8.84,8.87,-0.24
2017461,Melbourne V FC v Auckland FC,1,12:03.8,12:11.7,7.9,4177,Auckland FC,create,medium_block,-9.01,-0.12,16.98,21.23
2017461,Melbourne V FC v Auckland FC,1,12:11.7,12:14.4,2.7,4177,Auckland FC,finish,low_block,17.7,21.28,31.93,25.64
2017461,Melbourne V FC v Auckland FC,1,12:14.4,12:28.5,14.1,868,Melbourne V FC,build_up,high_block,-32.15,-25.57,-20.25,23.11
2017461,Melbourne V FC v Auckland FC,1,12:28.5,12:58.3,29.8,868,Melbourne V FC,create,medium_block,-19.21,23.99,-19.9,25.76
2017461,Melbourne V FC v Auckland FC,1,12:58.3,13:03.1,4.8,868,Melbourne V FC,build_up,high_block,-20.79,25.34,-21.68,-5.51
2017461,Melbourne V FC v Auckland FC,1,13:03.1,13:03.9,0.8,868,Melbourne V FC,create,medium_block,-19.09,-6.37,-2.94,-11.54
2017461,Melbourne V FC v Auckland FC,1,13:27.9,13:31.6,3.7,4177,Auckland FC,chaotic,chaotic,-35.75,34.91,-10.63,16.79
2017461,Melbourne V FC v Auckland FC,1,13:31.6,13:33.6,2.0,868,Melbourne V FC,chaotic,chaotic,10.51,-16.34,14.14,-11.74
2017461,Melbourne V FC v Auckland FC,1,13:33.6,13:41.5,7.9,4177,Auckland FC,create,medium_block,-13.99,11.42,19.93,-30.16
2017461,Melbourne V FC v Auckland FC,1,13:41.5,13:44.9,3.4,4177,Auckland FC,finish,low_block,20.02,-30.1,23.34,-22.9
2017461,Melbourne V FC v Auckland FC,1,13:44.9,14:02.9,18.0,868,Melbourne V FC,transition,defending_transition,-22.96,22.75,29.58,10.69
2017461,Melbourne V FC v Auckland FC,1,14:02.9,14:04.2,1.3,4177,Auckland FC,chaotic,chaotic,-29.42,-10.67,-28.85,-14.13
2017461,Melbourne V FC v Auckland FC,1,14:04.2,14:18.3,14.1,868,Melbourne V FC,finish,low_block,28.67,14.49,5.29,17.49
2017461,Melbourne V FC v Auckland FC,1,14:18.3,14:18.9,0.6,868,Melbourne V FC,create,medium_block,5.14,17.29,5.0,17.19
2017461,Melbourne V FC v Auckland FC,1,14:18.9,14:20.0,1.1,868,Melbourne V FC,finish,low_block,5.05,17.31,5.23,17.27
2017461,Melbourne V FC v Auckland FC,1,14:20.0,14:27.5,7.5,868,Melbourne V FC,create,medium_block,5.15,17.09,12.9,-28.93
2017461,Melbourne V FC v Auckland FC,1,14:27.5,14:30.5,3.0,868,Melbourne V FC,finish,low_block,13.03,-29.06,10.37,-23.5
2017461,Melbourne V FC v Auckland FC,1,14:30.5,14:32.3,1.8,868,Melbourne V FC,create,medium_block,10.93,-22.82,13.03,-16.64
2017461,Melbourne V FC v Auckland FC,1,14:32.3,14:35.3,3.0,4177,Auckland FC,chaotic,chaotic,-12.42,16.7,-16.93,26.95
2017461,Melbourne V FC v Auckland FC,1,14:35.3,14:37.1,1.8,868,Melbourne V FC,create,medium_block,17.15,-27.0,20.08,-21.71
2017461,Melbourne V FC v Auckland FC,1,14:37.1,14:40.6,3.5,868,Melbourne V FC,finish,low_block,20.81,-21.08,32.72,-28.36
2017461,Melbourne V FC v Auckland FC,1,14:40.6,14:44.2,3.6,4177,Auckland FC,direct,defending_direct,-32.43,28.41,15.63,16.91
2017461,Melbourne V FC v Auckland FC,1,14:44.2,15:06.6,22.4,868,Melbourne V FC,create,medium_block,-16.23,-16.57,28.71,-20.96
2017461,Melbourne V FC v Auckland FC,1,15:06.6,15:08.9,2.3,4177,Auckland FC,chaotic,chaotic,-28.32,21.55,-14.47,30.06
2017461,Melbourne V FC v Auckland FC,1,15:08.9,15:10.2,1.3,868,Melbourne V FC,finish,low_block,14.06,-30.19,8.44,-32.23
2017461,Melbourne V FC v Auckland FC,1,15:10.2,15:26.3,16.1,868,Melbourne V FC,create,medium_block,8.01,-32.41,3.72,5.83
2017461,Melbourne V FC v Auckland FC,1,15:26.3,15:30.1,3.8,4177,Auckland FC,chaotic,chaotic,-4.26,-6.39,4.31,-28.4
2017461,Melbourne V FC v Auckland FC,1,15:30.1,15:57.0,26.9,868,Melbourne V FC,create,medium_block,-4.64,28.71,20.11,30.19
2017461,Melbourne V FC v Auckland FC,1,15:57.0,16:06.1,9.1,868,Melbourne V FC,finish,low_block,20.57,30.17,6.29,11.16
2017461,Melbourne V FC v Auckland FC,1,16:06.1,16:28.3,22.2,868,Melbourne V FC,create,medium_block,5.44,9.8,20.42,19.26
2017461,Melbourne V FC v Auckland FC,1,16:28.3,16:31.5,3.2,868,Melbourne V FC,finish,low_block,21.62,19.76,40.78,12.04
2017461,Melbourne V FC v Auckland FC,1,16:31.5,16:32.5,1.0,4177,Auckland FC,chaotic,chaotic,-41.75,-12.22,-49.72,-13.78
2017461,Melbourne V FC v Auckland FC,1,17:03.8,17:23.8,20.0,868,Melbourne V FC,set_play,defending_set_play,50.19,32.05,-29.0,13.9
2017461,Melbourne V FC v Auckland FC,1,17:23.8,17:37.5,13.7,4177,Auckland FC,transition,defending_transition,-28.61,14.32,42.9,0.44
2017461,Melbourne V FC v Auckland FC,1,18:28.9,18:33.7,4.8,868,Melbourne V FC,direct,defending_direct,,,22.28,20.8
2017461,Melbourne V FC v Auckland FC,1,18:33.7,18:34.7,1.0,4177,Auckland FC,chaotic,chaotic,-22.7,-20.34,-19.5,-24.86
2017461,Melbourne V FC v Auckland FC,1,18:41.6,18:50.7,9.1,868,Melbourne V FC,create,medium_block,4.93,33.08,21.68,-8.58
2017461,Melbourne V FC v Auckland FC,1,18:50.7,18:54.7,4.0,4177,Auckland FC,chaotic,chaotic,-21.82,9.03,-11.26,13.84
2017461,Melbourne V FC v Auckland FC,1,18:54.7,18:57.4,2.7,868,Melbourne V FC,create,medium_block,10.98,-14.23,16.72,-22.29
2017461,Melbourne V FC v Auckland FC,1,18:57.4,19:02.8,5.4,868,Melbourne V FC,finish,low_block,17.23,-22.32,45.47,-1.28
2017461,Melbourne V FC v Auckland FC,1,19:47.6,19:54.5,6.9,4177,Auckland FC,create,medium_block,-37.13,-8.8,-19.66,-6.53
2017461,Melbourne V FC v Auckland FC,1,19:54.5,19:57.1,2.6,4177,Auckland FC,build_up,high_block,-20.0,-6.01,-27.76,6.76
2017461,Melbourne V FC v Auckland FC,1,19:57.1,19:59.8,2.7,4177,Auckland FC,direct,defending_direct,-27.3,7.52,15.87,21.98
2017461,Melbourne V FC v Auckland FC,1,19:59.8,20:05.0,5.2,868,Melbourne V FC,chaotic,chaotic,-17.23,-22.22,-49.63,-35.89
2017461,Melbourne V FC v Auckland FC,1,20:37.7,20:53.8,16.1,4177,Auckland FC,chaotic,chaotic,47.49,33.91,24.74,-28.43
2017461,Melbourne V FC v Auckland FC,1,20:53.8,21:00.5,6.7,868,Melbourne V FC,build_up,high_block,-24.44,28.52,-46.88,-0.6
2017461,Melbourne V FC v Auckland FC,1,21:00.5,21:03.3,2.8,868,Melbourne V FC,direct,defending_direct,-45.98,-1.09,-2.2,-12.39
2017461,Melbourne V FC v Auckland FC,1,21:03.3,21:06.6,3.3,4177,Auckland FC,chaotic,chaotic,2.39,12.4,25.8,-5.8
2017461,Melbourne V FC v Auckland FC,1,21:06.6,21:14.2,7.6,868,Melbourne V FC,build_up,high_block,-26.05,6.31,-35.89,24.74
2017461,Melbourne V FC v Auckland FC,1,21:14.2,21:16.7,2.5,868,Melbourne V FC,direct,defending_direct,-34.99,24.95,-2.21,22.98
2017461,Melbourne V FC v Auckland FC,1,21:16.7,21:21.7,5.0,868,Melbourne V FC,create,medium_block,-1.74,22.71,27.85,17.69
2017461,Melbourne V FC v Auckland FC,1,21:21.7,21:27.8,6.1,868,Melbourne V FC,finish,low_block,28.45,17.45,36.4,17.97
2017461,Melbourne V FC v Auckland FC,1,21:27.8,21:35.6,7.8,4177,Auckland FC,build_up,high_block,-36.31,-17.95,-20.14,-2.25
2017461,Melbourne V FC v Auckland FC,1,21:35.6,21:42.2,6.6,4177,Auckland FC,create,medium_block,-19.78,-1.33,29.27,16.23
2017461,Melbourne V FC v Auckland FC,1,22:06.1,22:07.1,1.0,868,Melbourne V FC,set_play,defending_set_play,,,6.67,17.14
2017461,Melbourne V FC v Auckland FC,1,23:19.5,23:23.7,4.2,4177,Auckland FC,direct,defending_direct,-27.81,-10.41,6.58,-3.18
2017461,Melbourne V FC v Auckland FC,1,23:23.7,23:29.4,5.7,4177,Auckland FC,create,medium_block,6.18,-4.73,16.92,-29.12
2017461,Melbourne V FC v Auckland FC,1,23:52.5,24:12.5,20.0,868,Melbourne V FC,set_play,defending_set_play,,,-31.95,11.81
2017461,Melbourne V FC v Auckland FC,1,24:12.5,24:24.9,12.4,4177,Auckland FC,create,medium_block,-31.77,11.82,24.93,27.28
2017461,Melbourne V FC v Auckland FC,1,24:24.9,24:27.6,2.7,4177,Auckland FC,finish,low_block,25.27,28.0,49.19,27.03
2017461,Melbourne V FC v Auckland FC,1,25:01.1,25:02.8,1.7,4177,Auckland FC,set_play,defending_set_play,49.13,28.24,46.41,2.78
2017461,Melbourne V FC v Auckland FC,1,25:02.8,25:07.8,5.0,868,Melbourne V FC,build_up,high_block,-46.09,-2.17,-20.03,-4.73
2017461,Melbourne V FC v Auckland FC,1,25:07.8,25:08.3,0.5,868,Melbourne V FC,create,medium_block,-19.41,-4.89,-16.78,-5.72
2017461,Melbourne V FC v Auckland FC,1,25:32.3,25:38.8,6.5,868,Melbourne V FC,create,medium_block,-24.99,4.7,-19.55,17.88
2017461,Melbourne V FC v Auckland FC,1,25:38.8,25:40.9,2.1,868,Melbourne V FC,build_up,high_block,-20.07,16.91,-21.03,6.0
2017461,Melbourne V FC v Auckland FC,1,25:40.9,25:45.3,4.4,868,Melbourne V FC,create,medium_block,-19.4,5.79,0.58,25.89
2017461,Melbourne V FC v Auckland FC,1,25:45.3,25:47.5,2.2,4177,Auckland FC,chaotic,chaotic,-0.52,-26.28,15.01,-33.15
2017461,Melbourne V FC v Auckland FC,1,25:54.2,26:05.2,11.0,868,Melbourne V FC,create,medium_block,-15.96,32.59,-24.24,-25.85
2017461,Melbourne V FC v Auckland FC,1,26:05.2,26:10.0,4.8,868,Melbourne V FC,direct,defending_direct,-23.63,-25.91,13.47,-30.6
2017461,Melbourne V FC v Auckland FC,1,26:10.0,26:15.8,5.8,4177,Auckland FC,create,medium_block,-13.17,30.14,-6.53,2.11
2017461,Melbourne V FC v Auckland FC,1,26:40.5,26:51.6,11.1,4177,Auckland FC,create,medium_block,,,-11.44,-30.39
2017461,Melbourne V FC v Auckland FC,1,27:08.4,27:25.9,17.5,4177,Auckland FC,create,medium_block,-22.95,-28.94,18.35,-32.15
2017461,Melbourne V FC v Auckland FC,1,27:25.9,27:28.6,2.7,4177,Auckland FC,finish,low_block,18.76,-32.48,5.63,-26.49
2017461,Melbourne V FC v Auckland FC,1,27:28.6,27:36.1,7.5,4177,Auckland FC,create,medium_block,5.27,-26.36,8.31,16.86
2017461,Melbourne V FC v Auckland FC,1,27:36.1,27:49.5,13.4,4177,Auckland FC,finish,low_block,8.53,17.12,48.71,17.35
2017461,Melbourne V FC v Auckland FC,1,28:24.6,28:28.6,4.0,868,Melbourne V FC,direct,defending_direct,-46.93,-7.01,3.85,-22.81
2017461,Melbourne V FC v Auckland FC,1,28:28.6,28:35.1,6.5,4177,Auckland FC,chaotic,chaotic,-4.03,23.03,13.84,27.77
2017461,Melbourne V FC v Auckland FC,1,29:10.0,29:13.9,3.9,4177,Auckland FC,set_play,defending_set_play,8.5,19.96,46.65,-1.82
2017461,Melbourne V FC v Auckland FC,1,29:13.9,29:27.1,13.2,868,Melbourne V FC,build_up,high_block,-47.15,1.09,,
2017461,Melbourne V FC v Auckland FC,1,29:27.1,29:29.2,2.1,868,Melbourne V FC,create,medium_block,-8.95,26.21,-7.23,17.23
2017461,Melbourne V FC v Auckland FC,1,29:29.2,29:46.4,17.2,4177,Auckland FC,quick_break,defending_quick_break,7.86,-16.66,47.84,3.81
2017461,Melbourne V FC v Auckland FC,1,30:28.9,30:29.9,1.0,868,Melbourne V FC,direct,defending_direct,,,,
2017461,Melbourne V FC v Auckland FC,1,31:00.4,31:03.2,2.8,868,Melbourne V FC,direct,defending_direct,,,30.5,-17.32
2017461,Melbourne V FC v Auckland FC,1,31:03.2,31:10.2,7.0,4177,Auckland FC,chaotic,chaotic,-30.41,17.29,4.24,9.33
2017461,Melbourne V FC v Auckland FC,1,31:10.2,31:15.9,5.7,868,Melbourne V FC,create,medium_block,-4.24,-9.2,21.31,-18.75
2017461,Melbourne V FC v Auckland FC,1,31:15.9,31:27.0,11.1,868,Melbourne V FC,finish,low_block,21.53,-19.01,5.3,-7.68
2017461,Melbourne V FC v Auckland FC,1,31:27.0,31:30.3,3.3,868,Melbourne V FC,create,medium_block,5.07,-5.92,4.17,20.16
2017461,Melbourne V FC v Auckland FC,1,31:30.3,31:32.6,2.3,868,Melbourne V FC,finish,low_block,5.04,21.4,5.5,29.62
2017461,Melbourne V FC v Auckland FC,1,31:32.6,31:46.4,13.8,868,Melbourne V FC,create,medium_block,3.95,29.1,3.22,-37.37
2017461,Melbourne V FC v Auckland FC,1,32:01.4,32:06.3,4.9,4177,Auckland FC,chaotic,chaotic,4.13,33.95,18.73,32.91
2017461,Melbourne V FC v Auckland FC,1,32:06.3,32:07.3,1.0,868,Melbourne V FC,chaotic,chaotic,-18.28,-33.01,-8.22,-34.01
2017461,Melbourne V FC v Auckland FC,1,32:18.6,32:21.6,3.0,4177,Auckland FC,chaotic,chaotic,-0.43,34.21,7.08,17.27
2017461,Melbourne V FC v Auckland FC,1,32:21.6,32:33.4,11.8,868,Melbourne V FC,create,medium_block,-7.05,-16.88,39.47,-9.67
2017461,Melbourne V FC v Auckland FC,1,32:33.4,32:43.6,10.2,4177,Auckland FC,build_up,high_block,-39.82,9.4,-20.06,-32.57
2017461,Melbourne V FC v Auckland FC,1,32:43.6,32:49.7,6.1,4177,Auckland FC,create,medium_block,-19.57,-32.62,-6.03,-28.58
2017461,Melbourne V FC v Auckland FC,1,33:21.0,33:24.1,3.1,4177,Auckland FC,create,medium_block,-3.88,-25.3,18.57,-33.12
2017461,Melbourne V FC v Auckland FC,1,33:24.1,33:26.2,2.1,4177,Auckland FC,finish,low_block,18.37,-33.03,6.6,-27.61
2017461,Melbourne V FC v Auckland FC,1,33:26.2,33:48.3,22.1,4177,Auckland FC,create,medium_block,5.19,-27.1,-11.41,10.53
2017461,Melbourne V FC v Auckland FC,1,33:48.3,33:51.6,3.3,4177,Auckland FC,direct,defending_direct,-10.44,9.69,27.44,-21.99
2017461,Melbourne V FC v Auckland FC,1,33:51.6,34:04.2,12.6,4177,Auckland FC,finish,low_block,27.92,-22.26,41.48,-31.17
2017461,Melbourne V FC v Auckland FC,1,34:43.8,34:48.7,4.9,868,Melbourne V FC,create,medium_block,-5.94,18.59,24.88,26.44
2017461,Melbourne V FC v Auckland FC,1,34:48.7,34:54.3,5.6,4177,Auckland FC,direct,defending_direct,-24.52,-27.06,32.13,-25.78
2017461,Melbourne V FC v Auckland FC,1,34:54.3,35:05.3,11.0,868,Melbourne V FC,build_up,high_block,-32.56,25.63,-20.26,-23.54
2017461,Melbourne V FC v Auckland FC,1,35:05.3,35:14.2,8.9,868,Melbourne V FC,create,medium_block,-19.53,-24.45,-1.3,-4.98
2017461,Melbourne V FC v Auckland FC,1,35:33.9,35:36.4,2.5,4177,Auckland FC,chaotic,chaotic,2.17,32.45,7.01,26.65
2017461,Melbourne V FC v Auckland FC,1,35:36.4,35:38.2,1.8,868,Melbourne V FC,chaotic,chaotic,-6.27,-26.25,7.18,-18.13
2017461,Melbourne V FC v Auckland FC,1,35:38.2,35:41.3,3.1,4177,Auckland FC,chaotic,chaotic,-7.25,17.31,-1.11,27.43
2017461,Melbourne V FC v Auckland FC,1,35:47.7,36:05.9,18.2,868,Melbourne V FC,create,medium_block,4.61,-34.16,21.63,-20.69
2017461,Melbourne V FC v Auckland FC,1,36:05.9,36:17.9,12.0,4177,Auckland FC,transition,defending_transition,-21.7,20.13,40.84,9.4
2017461,Melbourne V FC v Auckland FC,1,36:17.9,36:22.9,5.0,4177,Auckland FC,finish,low_block,40.46,10.11,45.69,6.27
2017461,Melbourne V FC v Auckland FC,1,37:06.8,37:09.3,2.5,868,Melbourne V FC,direct,defending_direct,,,7.54,12.24
2017461,Melbourne V FC v Auckland FC,1,37:09.3,37:13.0,3.7,4177,Auckland FC,chaotic,chaotic,-7.08,-11.75,20.89,9.66
2017461,Melbourne V FC v Auckland FC,1,37:13.0,37:18.2,5.2,868,Melbourne V FC,chaotic,chaotic,-21.17,-9.91,7.53,-29.23
2017461,Melbourne V FC v Auckland FC,1,37:18.2,37:40.6,22.4,4177,Auckland FC,create,medium_block,-7.15,29.45,18.7,32.92
2017461,Melbourne V FC v Auckland FC,1,37:40.6,37:43.9,3.3,4177,Auckland FC,finish,low_block,18.91,33.17,12.26,27.02
2017461,Melbourne V FC v Auckland FC,1,37:43.9,37:49.4,5.5,4177,Auckland FC,create,medium_block,12.12,26.91,4.71,-10.03
2017461,Melbourne V FC v Auckland FC,1,37:49.4,37:54.3,4.9,4177,Auckland FC,finish,low_block,5.74,-11.66,5.9,-20.66
2017461,Melbourne V FC v Auckland FC,1,37:54.3,38:00.4,6.1,4177,Auckland FC,create,medium_block,5.38,-20.34,34.18,-1.76
2017461,Melbourne V FC v Auckland FC,1,38:00.4,38:07.7,7.3,868,Melbourne V FC,chaotic,chaotic,-34.54,1.93,-37.65,32.55
2017461,Melbourne V FC v Auckland FC,1,38:36.2,38:45.3,9.1,4177,Auckland FC,finish,low_block,41.86,-32.06,39.27,-6.83
2017461,Melbourne V FC v Auckland FC,1,39:12.5,39:16.4,3.9,4177,Auckland FC,create,medium_block,15.36,-29.59,4.93,-15.92
2017461,Melbourne V FC v Auckland FC,1,39:16.4,39:19.1,2.7,4177,Auckland FC,finish,low_block,5.38,-17.11,5.39,-22.4
2017461,Melbourne V FC v Auckland FC,1,39:19.1,39:27.5,8.4,4177,Auckland FC,create,medium_block,5.18,-21.97,10.18,-28.22
2017461,Melbourne V FC v Auckland FC,1,39:27.5,39:31.2,3.7,4177,Auckland FC,finish,low_block,10.61,-28.17,23.74,-36.47
2017461,Melbourne V FC v Auckland FC,1,39:36.0,39:37.4,1.4,868,Melbourne V FC,chaotic,chaotic,-10.44,34.45,-0.59,30.11
2017461,Melbourne V FC v Auckland FC,1,39:37.4,39:37.5,0.1,4177,Auckland FC,chaotic,chaotic,1.32,-30.09,1.32,-30.09
2017461,Melbourne V FC v Auckland FC,1,39:37.5,39:42.6,5.1,868,Melbourne V FC,chaotic,chaotic,-2.07,30.28,-0.81,22.39
2017461,Melbourne V FC v Auckland FC,1,40:39.6,40:41.9,2.3,868,Melbourne V FC,create,medium_block,-3.0,17.72,26.39,15.37
2017461,Melbourne V FC v Auckland FC,1,40:41.9,40:45.4,3.5,4177,Auckland FC,chaotic,chaotic,-27.23,-14.92,-16.15,-14.66
2017461,Melbourne V FC v Auckland FC,1,40:45.4,40:52.4,7.0,868,Melbourne V FC,chaotic,chaotic,16.07,15.21,33.2,34.62
2017461,Melbourne V FC v Auckland FC,1,41:11.6,41:12.4,0.8,4177,Auckland FC,create,medium_block,-22.98,-33.15,-19.92,-31.56
2017461,Melbourne V FC v Auckland FC,1,41:12.4,41:18.0,5.6,4177,Auckland FC,build_up,high_block,-20.18,-31.38,-20.1,-31.96
2017461,Melbourne V FC v Auckland FC,1,41:18.0,41:18.4,0.4,4177,Auckland FC,create,medium_block,-19.35,-32.16,-17.43,-32.56
2017461,Melbourne V FC v Auckland FC,1,41:18.4,41:24.6,6.2,868,Melbourne V FC,finish,low_block,16.96,32.72,5.56,-0.62
2017461,Melbourne V FC v Auckland FC,1,41:24.6,41:36.7,12.1,868,Melbourne V FC,create,medium_block,4.66,-1.4,3.51,-28.25
2017461,Melbourne V FC v Auckland FC,1,41:36.7,41:38.0,1.3,4177,Auckland FC,chaotic,chaotic,-3.95,28.24,-8.69,32.87
2017461,Melbourne V FC v Auckland FC,1,41:38.0,41:40.3,2.3,868,Melbourne V FC,chaotic,chaotic,9.13,-33.01,20.88,-28.87
2017461,Melbourne V FC v Auckland FC,1,42:32.6,42:33.6,1.0,4177,Auckland FC,direct,defending_direct,-27.14,24.37,-9.33,25.35
2017461,Melbourne V FC v Auckland FC,1,42:48.5,42:50.2,1.7,868,Melbourne V FC,chaotic,chaotic,-14.03,-34.48,-2.84,-29.85
2017461,Melbourne V FC v Auckland FC,1,42:50.2,42:51.2,1.0,4177,Auckland FC,chaotic,chaotic,3.05,29.44,8.13,28.06
2017461,Melbourne V FC v Auckland FC,1,42:51.2,42:54.4,3.2,868,Melbourne V FC,chaotic,chaotic,-8.11,-28.02,-3.06,-28.35
2017461,Melbourne V FC v Auckland FC,1,42:54.4,42:57.5,3.1,4177,Auckland FC,chaotic,chaotic,3.07,28.46,11.11,32.79
2017461,Melbourne V FC v Auckland FC,1,42:59.8,43:00.3,0.5,4177,Auckland FC,create,medium_block,15.53,31.51,20.72,30.73
2017461,Melbourne V FC v Auckland FC,1,43:00.3,43:25.8,25.5,4177,Auckland FC,finish,low_block,22.01,30.48,39.42,-3.92
2017461,Melbourne V FC v Auckland FC,1,43:25.8,43:46.2,20.4,4177,Auckland FC,create,medium_block,,,-2.03,25.62
2017461,Melbourne V FC v Auckland FC,1,43:46.2,43:48.1,1.9,868,Melbourne V FC,chaotic,chaotic,1.55,-25.85,-1.25,-35.1
2017461,Melbourne V FC v Auckland FC,1,44:02.1,44:06.9,4.8,4177,Auckland FC,chaotic,chaotic,10.14,34.0,43.63,10.44
2017461,Melbourne V FC v Auckland FC,1,44:26.7,44:29.2,2.5,868,Melbourne V FC,chaotic,chaotic,,,-30.84,31.08
2017461,Melbourne V FC v Auckland FC,1,44:29.2,44:37.0,7.8,4177,Auckland FC,finish,low_block,30.94,-30.98,45.68,-8.96
2017461,Melbourne V FC v Auckland FC,1,44:37.0,44:38.0,1.0,868,Melbourne V FC,chaotic,chaotic,-45.41,9.3,-38.53,25.8
2017461,Melbourne V FC v Auckland FC,1,45:05.9,45:07.6,1.7,4177,Auckland FC,chaotic,chaotic,33.99,-32.4,42.26,-18.53
2017461,Melbourne V FC v Auckland FC,1,45:07.6,45:09.7,2.1,868,Melbourne V FC,chaotic,chaotic,-41.82,18.74,-24.35,27.06
2017461,Melbourne V FC v Auckland FC,1,45:09.7,45:12.4,2.7,4177,Auckland FC,finish,low_block,23.68,-27.18,5.23,-25.2
2017461,Melbourne V FC v Auckland FC,1,45:12.4,45:16.2,3.8,4177,Auckland FC,create,medium_block,4.57,-24.81,-19.61,-2.78
2017461,Melbourne V FC v Auckland FC,1,45:16.2,45:22.2,6.0,4177,Auckland FC,build_up,high_block,-20.38,-2.35,-20.08,-25.62
2017461,Melbourne V FC v Auckland FC,1,45:22.2,45:24.6,2.4,4177,Auckland FC,create,medium_block,-19.56,-26.07,0.89,-31.69
2017461,Melbourne V FC v Auckland FC,1,46:00.1,46:04.1,4.0,4177,Auckland FC,create,medium_block,-9.24,-18.78,25.62,5.12
2017461,Melbourne V FC v Auckland FC,1,46:04.1,46:07.0,2.9,868,Melbourne V FC,chaotic,chaotic,-25.89,-5.05,-9.08,7.48
2017461,Melbourne V FC v Auckland FC,1,46:07.0,46:08.6,1.6,4177,Auckland FC,chaotic,chaotic,9.21,-7.63,23.25,-5.65
2017461,Melbourne V FC v Auckland FC,1,46:08.6,46:09.6,1.0,868,Melbourne V FC,chaotic,chaotic,-23.64,5.54,-18.62,11.1
2017461,Melbourne V FC v Auckland FC,2,45:00.9,45:03.8,2.9,4177,Auckland FC,create,medium_block,-0.24,-0.63,-11.5,-2.15
2017461,Melbourne V FC v Auckland FC,2,45:03.8,45:07.6,3.8,4177,Auckland FC,direct,defending_direct,-10.56,-1.28,31.1,29.63
2017461,Melbourne V FC v Auckland FC,2,45:16.4,45:19.4,3.0,868,Melbourne V FC,chaotic,chaotic,-27.32,-32.81,0.01,-29.42
2017461,Melbourne V FC v Auckland FC,2,45:19.4,45:23.0,3.6,4177,Auckland FC,chaotic,chaotic,-0.04,29.49,3.92,21.83
2017461,Melbourne V FC v Auckland FC,2,45:23.0,45:31.4,8.4,868,Melbourne V FC,create,medium_block,-4.06,-21.68,17.91,28.59
2017461,Melbourne V FC v Auckland FC,2,45:31.4,45:38.3,6.9,868,Melbourne V FC,finish,low_block,18.32,28.4,-2.06,-25.4
2017461,Melbourne V FC v Auckland FC,2,45:38.3,45:48.9,10.6,868,Melbourne V FC,create,medium_block,1.58,25.22,-19.93,-17.34
2017461,Melbourne V FC v Auckland FC,2,45:48.9,45:56.5,7.6,868,Melbourne V FC,build_up,high_block,-20.97,-16.6,-20.88,29.31
2017461,Melbourne V FC v Auckland FC,2,45:56.5,45:57.6,1.1,4177,Auckland FC,chaotic,chaotic,21.03,-29.73,29.35,-35.09
2017461,Melbourne V FC v Auckland FC,2,46:07.0,46:10.2,3.2,868,Melbourne V FC,chaotic,chaotic,-19.86,34.58,-12.42,28.54
2017461,Melbourne V FC v Auckland FC,2,46:10.2,46:15.1,4.9,868,Melbourne V FC,direct,defending_direct,-11.97,28.62,29.08,24.75
2017461,Melbourne V FC v Auckland FC,2,46:15.1,46:18.2,3.1,4177,Auckland FC,chaotic,chaotic,-29.39,-24.64,-37.67,-21.68
2017461,Melbourne V FC v Auckland FC,2,46:29.4,46:52.8,23.4,868,Melbourne V FC,finish,low_block,17.18,34.46,53.43,21.37
2017461,Melbourne V FC v Auckland FC,2,47:10.2,47:20.2,10.0,868,Melbourne V FC,set_play,defending_set_play,,,5.07,-3.53
2017461,Melbourne V FC v Auckland FC,2,47:20.2,47:23.9,3.7,868,Melbourne V FC,create,medium_block,4.86,-3.45,4.62,-21.83
2017461,Melbourne V FC v Auckland FC,2,47:23.9,47:58.3,34.4,868,Melbourne V FC,finish,low_block,5.01,-21.95,6.26,29.64
2017461,Melbourne V FC v Auckland FC,2,47:58.3,48:05.0,6.7,868,Melbourne V FC,create,medium_block,4.58,28.44,-14.25,-5.93
2017461,Melbourne V FC v Auckland FC,2,48:05.0,48:07.7,2.7,868,Melbourne V FC,direct,defending_direct,-13.33,-5.48,22.38,10.76
2017461,Melbourne V FC v Auckland FC,2,48:07.7,48:21.4,13.7,4177,Auckland FC,transition,defending_transition,-22.71,-10.78,54.51,1.35
2017461,Melbourne V FC v Auckland FC,2,48:59.8,49:03.4,3.6,868,Melbourne V FC,direct,defending_direct,,,1.35,29.77
2017461,Melbourne V FC v Auckland FC,2,49:03.4,49:05.3,1.9,4177,Auckland FC,chaotic,chaotic,-1.13,-29.72,11.31,-34.23
2017461,Melbourne V FC v Auckland FC,2,49:09.4,49:09.9,0.5,868,Melbourne V FC,create,medium_block,-16.95,32.82,-19.64,31.2
2017461,Melbourne V FC v Auckland FC,2,49:09.9,49:17.0,7.1,868,Melbourne V FC,build_up,high_block,-20.6,30.59,-42.59,-20.68
2017461,Melbourne V FC v Auckland FC,2,49:17.0,49:19.9,2.9,868,Melbourne V FC,direct,defending_direct,-42.21,-21.25,-5.29,-25.26
2017461,Melbourne V FC v Auckland FC,2,49:19.9,49:22.2,2.3,4177,Auckland FC,chaotic,chaotic,5.03,25.35,18.76,33.6
2017461,Melbourne V FC v Auckland FC,2,49:30.3,49:33.1,2.8,868,Melbourne V FC,chaotic,chaotic,-14.7,-34.03,-4.11,-27.35
2017461,Melbourne V FC v Auckland FC,2,49:33.1,49:40.7,7.6,4177,Auckland FC,create,medium_block,4.5,27.48,7.48,-20.86
2017461,Melbourne V FC v Auckland FC,2,49:40.7,49:43.2,2.5,4177,Auckland FC,finish,low_block,7.76,-20.84,22.27,-21.88
2017461,Melbourne V FC v Auckland FC,2,49:43.2,49:48.7,5.5,868,Melbourne V FC,chaotic,chaotic,-22.6,22.02,-3.33,10.14
2017461,Melbourne V FC v Auckland FC,2,51:13.2,51:22.6,9.4,4177,Auckland FC,set_play,defending_set_play,21.93,-17.16,54.71,-6.62
2017461,Melbourne V FC v Auckland FC,2,52:00.9,52:03.7,2.8,4177,Auckland FC,set_play,defending_set_play,51.18,-32.74,53.12,-3.73
2017461,Melbourne V FC v Auckland FC,2,52:29.8,52:31.4,1.6,4177,Auckland FC,set_play,defending_set_play,51.6,-32.84,49.04,-6.81
2017461,Melbourne V FC v Auckland FC,2,52:31.4,52:51.9,20.5,868,Melbourne V FC,transition,defending_transition,-48.76,6.52,30.72,-11.24
2017461,Melbourne V FC v Auckland FC,2,52:51.9,52:56.4,4.5,4177,Auckland FC,chaotic,chaotic,-31.21,11.34,-8.89,26.63
2017461,Melbourne V FC v Auckland FC,2,52:56.4,53:07.9,11.5,868,Melbourne V FC,finish,low_block,9.45,-27.14,43.18,9.7
2017461,Melbourne V FC v Auckland FC,2,53:07.9,53:20.1,12.2,4177,Auckland FC,chaotic,chaotic,-43.18,-9.81,14.55,-9.34
2017461,Melbourne V FC v Auckland FC,2,53:20.1,53:36.5,16.4,868,Melbourne V FC,create,medium_block,-14.46,8.9,-22.9,-18.34
2017461,Melbourne V FC v Auckland FC,2,53:36.5,53:38.7,2.2,868,Melbourne V FC,direct,defending_direct,-22.3,-18.54,15.43,-13.03
2017461,Melbourne V FC v Auckland FC,2,53:38.7,53:48.1,9.4,4177,Auckland FC,transition,defending_transition,-15.56,13.03,44.2,20.49
2017461,Melbourne V FC v Auckland FC,2,54:23.7,54:27.4,3.7,868,Melbourne V FC,direct,defending_direct,-43.3,8.47,-5.15,27.32
2017461,Melbourne V FC v Auckland FC,2,54:27.4,54:30.0,2.6,4177,Auckland FC,chaotic,chaotic,5.12,-27.05,21.88,-27.28
2017461,Melbourne V FC v Auckland FC,2,54:30.0,54:33.4,3.4,868,Melbourne V FC,chaotic,chaotic,-22.6,27.18,-33.96,31.34
2017461,Melbourne V FC v Auckland FC,2,54:38.3,54:41.3,3.0,868,Melbourne V FC,chaotic,chaotic,-27.98,33.2,-3.04,22.0
2017461,Melbourne V FC v Auckland FC,2,54:41.3,54:43.5,2.2,4177,Auckland FC,chaotic,chaotic,3.26,-21.82,32.89,-29.14
2017461,Melbourne V FC v Auckland FC,2,54:53.4,54:54.8,1.4,868,Melbourne V FC,chaotic,chaotic,-28.94,33.53,-20.55,31.03
2017461,Melbourne V FC v Auckland FC,2,54:54.8,54:55.8,1.0,4177,Auckland FC,chaotic,chaotic,20.27,-30.7,22.54,-32.7
2017461,Melbourne V FC v Auckland FC,2,55:03.1,55:05.0,1.9,868,Melbourne V FC,chaotic,chaotic,-15.85,33.63,-3.2,30.06
2017461,Melbourne V FC v Auckland FC,2,55:05.0,55:10.7,5.7,4177,Auckland FC,chaotic,chaotic,3.82,-30.05,12.5,-6.61
2017461,Melbourne V FC v Auckland FC,2,55:10.7,55:14.8,4.1,868,Melbourne V FC,chaotic,chaotic,-12.08,6.21,4.69,-23.34
2017461,Melbourne V FC v Auckland FC,2,55:14.8,55:20.8,6.0,4177,Auckland FC,create,medium_block,-4.71,23.87,24.71,10.24
2017461,Melbourne V FC v Auckland FC,2,55:20.8,55:22.6,1.8,868,Melbourne V FC,chaotic,chaotic,-24.69,-10.08,-10.84,-16.47
2017461,Melbourne V FC v Auckland FC,2,55:22.6,55:28.7,6.1,4177,Auckland FC,finish,low_block,10.39,16.83,41.49,0.93
2017461,Melbourne V FC v Auckland FC,2,58:02.6,58:06.2,3.6,868,Melbourne V FC,chaotic,chaotic,-34.34,8.67,-29.69,8.17
2017461,Melbourne V FC v Auckland FC,2,58:06.2,58:10.8,4.6,868,Melbourne V FC,direct,defending_direct,-29.23,8.15,21.36,17.03
2017461,Melbourne V FC v Auckland FC,2,58:10.8,58:13.4,2.6,4177,Auckland FC,chaotic,chaotic,-22.52,-17.14,-37.64,-21.12
2017461,Melbourne V FC v Auckland FC,2,58:13.4,58:17.7,4.3,4177,Auckland FC,direct,defending_direct,-37.44,-21.48,-0.4,-21.55
2017461,Melbourne V FC v Auckland FC,2,58:17.7,58:20.2,2.5,868,Melbourne V FC,chaotic,chaotic,0.18,21.87,5.34,15.17
2017461,Melbourne V FC v Auckland FC,2,58:20.2,58:24.3,4.1,4177,Auckland FC,chaotic,chaotic,-5.19,-15.49,3.18,-19.6
2017461,Melbourne V FC v Auckland FC,2,58:24.3,58:28.7,4.4,868,Melbourne V FC,create,medium_block,-2.97,19.85,23.0,25.31
2017461,Melbourne V FC v Auckland FC,2,58:28.7,58:43.7,15.0,868,Melbourne V FC,finish,low_block,23.7,26.0,12.06,5.07
2017461,Melbourne V FC v Auckland FC,2,58:43.7,58:44.9,1.2,868,Melbourne V FC,create,medium_block,12.43,5.01,15.66,4.25
2017461,Melbourne V FC v Auckland FC,2,58:44.9,58:48.7,3.8,868,Melbourne V FC,finish,low_block,16.0,4.03,26.43,-6.67
2017461,Melbourne V FC v Auckland FC,2,60:03.9,60:12.3,8.4,868,Melbourne V FC,set_play,defending_set_play,,,5.12,0.05
2017461,Melbourne V FC v Auckland FC,2,60:12.3,60:17.2,4.9,868,Melbourne V FC,chaotic,chaotic,4.94,-0.24,34.13,-7.44
2017461,Melbourne V FC v Auckland FC,2,60:17.2,60:23.4,6.2,4177,Auckland FC,chaotic,chaotic,-34.59,6.42,-25.56,-19.16
2017461,Melbourne V FC v Auckland FC,2,60:23.4,60:28.8,5.4,868,Melbourne V FC,finish,low_block,24.98,19.36,8.78,17.56
2017461,Melbourne V FC v Auckland FC,2,60:28.8,60:30.8,2.0,868,Melbourne V FC,create,medium_block,8.32,17.92,4.84,22.79
2017461,Melbourne V FC v Auckland FC,2,60:30.8,60:34.3,3.5,4177,Auckland FC,chaotic,chaotic,-5.38,-22.05,2.68,-5.68
2017461,Melbourne V FC v Auckland FC,2,60:34.3,60:38.5,4.2,868,Melbourne V FC,chaotic,chaotic,-2.6,5.66,3.05,20.17
2017461,Melbourne V FC v Auckland FC,2,60:55.1,60:56.1,1.0,4177,Auckland FC,chaotic,chaotic,,,,
2017461,Melbourne V FC v Auckland FC,2,61:20.0,61:22.5,2.5,868,Melbourne V FC,direct,defending_direct,-9.33,18.85,24.34,15.67
2017461,Melbourne V FC v Auckland FC,2,61:22.5,61:24.6,2.1,4177,Auckland FC,chaotic,chaotic,-24.26,-15.53,-12.35,-9.73
2017461,Melbourne V FC v Auckland FC,2,61:24.6,61:29.7,5.1,868,Melbourne V FC,finish,low_block,12.21,8.91,5.82,-3.88
2017461,Melbourne V FC v Auckland FC,2,61:29.7,61:38.2,8.5,868,Melbourne V FC,create,medium_block,5.53,-3.62,18.88,23.6
2017461,Melbourne V FC v Auckland FC,2,61:38.2,61:38.9,0.7,4177,Auckland FC,chaotic,chaotic,-18.99,-23.26,-19.88,-22.04
2017461,Melbourne V FC v Auckland FC,2,61:38.9,61:40.0,1.1,868,Melbourne V FC,chaotic,chaotic,20.38,22.15,26.41,24.05
2017461,Melbourne V FC v Auckland FC,2,61:40.0,61:40.5,0.5,4177,Auckland FC,chaotic,chaotic,-26.57,-23.99,-24.55,-20.77
2017461,Melbourne V FC v Auckland FC,2,61:40.5,61:45.7,5.2,868,Melbourne V FC,chaotic,chaotic,24.53,20.25,45.3,23.72
2017461,Melbourne V FC v Auckland FC,2,61:45.7,61:48.9,3.2,4177,Auckland FC,chaotic,chaotic,-45.29,-24.02,-16.2,-20.49
2017461,Melbourne V FC v Auckland FC,2,61:48.9,61:50.7,1.8,868,Melbourne V FC,chaotic,chaotic,16.0,20.5,25.37,28.88
2017461,Melbourne V FC v Auckland FC,2,62:34.5,62:44.9,10.4,4177,Auckland FC,build_up,high_block,-20.05,-34.05,-20.23,24.55
2017461,Melbourne V FC v Auckland FC,2,62:44.9,62:53.9,9.0,4177,Auckland FC,create,medium_block,-19.47,25.28,22.56,32.88
2017461,Melbourne V FC v Auckland FC,2,63:10.7,63:11.4,0.7,4177,Auckland FC,chaotic,chaotic,28.62,32.5,35.05,28.4
2017461,Melbourne V FC v Auckland FC,2,63:11.4,63:12.4,1.0,868,Melbourne V FC,chaotic,chaotic,-35.9,-27.69,-40.77,-29.34
2017461,Melbourne V FC v Auckland FC,2,63:35.7,63:37.7,2.0,4177,Auckland FC,chaotic,chaotic,43.96,32.08,45.46,9.89
2017461,Melbourne V FC v Auckland FC,2,63:37.7,63:39.7,2.0,868,Melbourne V FC,chaotic,chaotic,-45.12,-10.59,-36.91,-27.35
2017461,Melbourne V FC v Auckland FC,2,63:39.7,63:47.3,7.6,4177,Auckland FC,finish,low_block,36.84,27.66,52.33,0.86
2017461,Melbourne V FC v Auckland FC,2,65:47.9,65:50.8,2.9,868,Melbourne V FC,create,medium_block,-1.5,0.23,-16.64,-2.82
2017461,Melbourne V FC v Auckland FC,2,65:50.8,65:54.2,3.4,868,Melbourne V FC,direct,defending_direct,-15.97,-2.56,26.25,16.51
2017461,Melbourne V FC v Auckland FC,2,65:54.2,66:02.8,8.6,4177,Auckland FC,create,medium_block,-26.39,-16.66,-5.81,15.62
2017461,Melbourne V FC v Auckland FC,2,66:02.8,66:06.7,3.9,868,Melbourne V FC,chaotic,chaotic,5.71,-15.41,9.3,-18.42
2017461,Melbourne V FC v Auckland FC,2,66:06.7,66:12.9,6.2,4177,Auckland FC,create,medium_block,-9.15,18.19,26.08,18.53
2017461,Melbourne V FC v Auckland FC,2,66:12.9,66:26.1,13.2,4177,Auckland FC,finish,low_block,26.41,18.34,-33.62,-14.51
2017461,Melbourne V FC v Auckland FC,2,66:26.1,66:30.5,4.4,4177,Auckland FC,quick_break,defending_quick_break,33.66,14.14,56.09,6.15
2017461,Melbourne V FC v Auckland FC,2,66:59.3,67:01.9,2.6,868,Melbourne V FC,direct,defending_direct,,,5.71,15.79
2017461,Melbourne V FC v Auckland FC,2,67:01.9,67:09.8,7.9,4177,Auckland FC,create,medium_block,-6.36,-15.72,16.02,19.62
2017461,Melbourne V FC v Auckland FC,2,67:09.8,67:12.5,2.7,4177,Auckland FC,finish,low_block,16.31,19.84,30.52,20.89
2017461,Melbourne V FC v Auckland FC,2,67:12.5,67:17.5,5.0,868,Melbourne V FC,build_up,high_block,-30.74,-20.87,-20.25,-7.07
2017461,Melbourne V FC v Auckland FC,2,67:17.5,67:44.6,27.1,868,Melbourne V FC,create,medium_block,-19.92,-7.23,6.72,29.42
2017461,Melbourne V FC v Auckland FC,2,67:44.6,67:54.9,10.3,4177,Auckland FC,transition,defending_transition,-7.4,-29.37,33.19,17.18
2017461,Melbourne V FC v Auckland FC,2,67:54.9,67:59.4,4.5,868,Melbourne V FC,chaotic,chaotic,-33.41,-16.99,-7.37,-14.17
2017461,Melbourne V FC v Auckland FC,2,67:59.4,68:01.1,1.7,4177,Auckland FC,finish,low_block,6.84,14.18,5.29,17.88
2017461,Melbourne V FC v Auckland FC,2,68:01.1,68:03.3,2.2,4177,Auckland FC,create,medium_block,5.02,18.32,19.33,27.86
2017461,Melbourne V FC v Auckland FC,2,68:03.3,68:08.3,5.0,4177,Auckland FC,finish,low_block,19.89,28.12,37.1,7.78
2017461,Melbourne V FC v Auckland FC,2,68:08.3,68:27.1,18.8,868,Melbourne V FC,transition,defending_transition,-36.9,-7.49,22.71,-26.15
2017461,Melbourne V FC v Auckland FC,2,68:27.1,68:34.6,7.5,4177,Auckland FC,chaotic,chaotic,-22.9,25.95,-1.08,34.07
2017461,Melbourne V FC v Auckland FC,2,69:15.0,69:24.6,9.6,868,Melbourne V FC,create,medium_block,,,15.24,28.04
2017461,Melbourne V FC v Auckland FC,2,69:24.6,69:39.4,14.8,868,Melbourne V FC,finish,low_block,15.8,28.15,39.18,25.31
2017461,Melbourne V FC v Auckland FC,2,69:45.0,69:47.3,2.3,868,Melbourne V FC,finish,low_block,27.05,33.31,27.27,32.34
2017461,Melbourne V FC v Auckland FC,2,69:50.7,69:57.9,7.2,868,Melbourne V FC,chaotic,chaotic,29.83,30.26,36.62,18.93
2017461,Melbourne V FC v Auckland FC,2,70:35.3,70:38.4,3.1,4177,Auckland FC,direct,defending_direct,-22.53,-20.73,20.0,-23.88
2017461,Melbourne V FC v Auckland FC,2,70:38.4,70:40.3,1.9,868,Melbourne V FC,chaotic,chaotic,-20.37,23.95,-14.32,25.62
2017461,Melbourne V FC v Auckland FC,2,70:40.3,70:42.4,2.1,4177,Auckland FC,chaotic,chaotic,14.87,-25.45,28.44,-23.95
2017461,Melbourne V FC v Auckland FC,2,70:42.4,70:49.3,6.9,868,Melbourne V FC,chaotic,chaotic,-28.54,24.66,-22.18,22.14
2017461,Melbourne V FC v Auckland FC,2,70:49.3,70:52.2,2.9,4177,Auckland FC,chaotic,chaotic,21.88,-21.92,25.48,-9.29
2017461,Melbourne V FC v Auckland FC,2,70:52.2,71:11.6,19.4,868,Melbourne V FC,build_up,high_block,-26.42,8.35,-23.64,5.14
2017461,Melbourne V FC v Auckland FC,2,71:11.6,71:14.6,3.0,868,Melbourne V FC,direct,defending_direct,-22.44,4.68,16.35,-7.85
2017461,Melbourne V FC v Auckland FC,2,71:14.6,71:17.3,2.7,4177,Auckland FC,chaotic,chaotic,-16.26,7.76,-3.75,6.45
2017461,Melbourne V FC v Auckland FC,2,71:17.3,71:25.6,8.3,868,Melbourne V FC,create,medium_block,3.58,-6.03,8.98,25.09
2017461,Melbourne V FC v Auckland FC,2,71:25.6,71:28.3,2.7,4177,Auckland FC,chaotic,chaotic,-9.23,-25.18,-5.11,-24.78
2017461,Melbourne V FC v Auckland FC,2,71:28.3,71:30.6,2.3,868,Melbourne V FC,chaotic,chaotic,4.97,24.54,15.36,25.94
2017461,Melbourne V FC v Auckland FC,2,71:30.6,71:34.5,3.9,4177,Auckland FC,chaotic,chaotic,-15.28,-26.16,6.66,-14.77
2017461,Melbourne V FC v Auckland FC,2,72:14.3,72:22.3,8.0,868,Melbourne V FC,create,medium_block,-19.91,15.1,8.14,4.99
2017461,Melbourne V FC v Auckland FC,2,72:22.3,72:30.6,8.3,4177,Auckland FC,transition,defending_transition,-7.77,-5.12,42.63,-26.74
2017461,Melbourne V FC v Auckland FC,2,73:02.0,73:03.0,1.0,868,Melbourne V FC,direct,defending_direct,,,,
2017461,Melbourne V FC v Auckland FC,2,73:10.5,73:18.4,7.9,868,Melbourne V FC,finish,low_block,25.62,34.24,48.76,22.23
2017461,Melbourne V FC v Auckland FC,2,73:47.4,74:04.8,17.4,868,Melbourne V FC,set_play,defending_set_play,52.42,33.69,-6.61,25.2
2017461,Melbourne V FC v Auckland FC,2,74:04.8,74:07.0,2.2,4177,Auckland FC,direct,defending_direct,-4.38,24.31,24.29,7.75
2017461,Melbourne V FC v Auckland FC,2,74:07.0,74:14.2,7.2,868,Melbourne V FC,build_up,high_block,-25.1,-7.6,-20.17,-31.48
2017461,Melbourne V FC v Auckland FC,2,74:14.2,74:15.8,1.6,868,Melbourne V FC,create,medium_block,-19.36,-31.8,-11.56,-30.02
2017461,Melbourne V FC v Auckland FC,2,75:10.5,75:11.5,1.0,868,Melbourne V FC,set_play,defending_set_play,,,28.19,-29.03
2017461,Melbourne V FC v Auckland FC,2,75:30.3,75:32.7,2.4,4177,Auckland FC,chaotic,chaotic,-43.83,33.7,-16.89,27.68
2017461,Melbourne V FC v Auckland FC,2,75:32.7,75:38.6,5.9,868,Melbourne V FC,chaotic,chaotic,16.2,-27.19,31.07,-30.09
2017461,Melbourne V FC v Auckland FC,2,75:38.6,75:40.4,1.8,4177,Auckland FC,chaotic,chaotic,-31.14,29.83,-32.68,30.81
2017461,Melbourne V FC v Auckland FC,2,75:40.4,75:44.5,4.1,4177,Auckland FC,direct,defending_direct,-31.91,31.01,6.7,21.75
2017461,Melbourne V FC v Auckland FC,2,75:44.5,75:56.2,11.7,868,Melbourne V FC,create,medium_block,-7.0,-21.63,25.38,22.79
2017461,Melbourne V FC v Auckland FC,2,75:56.2,76:08.9,12.7,4177,Auckland FC,create,medium_block,-24.8,-22.86,0.27,14.46
2017461,Melbourne V FC v Auckland FC,2,76:08.9,76:15.6,6.7,868,Melbourne V FC,transition,defending_transition,-0.27,-14.63,46.33,-17.79
2017461,Melbourne V FC v Auckland FC,2,76:43.5,76:50.1,6.6,868,Melbourne V FC,set_play,defending_set_play,51.67,-32.92,-5.77,8.72
2017461,Melbourne V FC v Auckland FC,2,76:50.1,76:54.7,4.6,4177,Auckland FC,chaotic,chaotic,-4.92,8.61,25.89,15.12
2017461,Melbourne V FC v Auckland FC,2,76:54.7,77:12.5,17.8,868,Melbourne V FC,create,medium_block,-25.85,-15.49,4.99,15.66
2017461,Melbourne V FC v Auckland FC,2,77:12.5,77:24.5,12.0,868,Melbourne V FC,finish,low_block,5.06,15.34,40.97,-2.3
2017461,Melbourne V FC v Auckland FC,2,77:24.5,77:28.6,4.1,4177,Auckland FC,chaotic,chaotic,-41.34,1.55,-29.68,21.24
2017461,Melbourne V FC v Auckland FC,2,77:28.6,77:42.7,14.1,868,Melbourne V FC,finish,low_block,29.54,-21.71,-17.08,12.8
2017461,Melbourne V FC v Auckland FC,2,77:42.7,77:50.8,8.1,868,Melbourne V FC,quick_break,defending_quick_break,16.8,-12.32,48.58,5.46
2017461,Melbourne V FC v Auckland FC,2,79:53.4,79:53.5,0.1,4177,Auckland FC,direct,defending_direct,-30.35,8.97,-30.35,8.97
2017461,Melbourne V FC v Auckland FC,2,79:53.5,79:58.6,5.1,4177,Auckland FC,create,medium_block,-27.28,9.24,8.99,-3.24
2017461,Melbourne V FC v Auckland FC,2,79:58.6,80:06.9,8.3,868,Melbourne V FC,transition,defending_transition,-8.79,3.86,44.11,16.45
2017461,Melbourne V FC v Auckland FC,2,80:06.9,80:07.9,1.0,4177,Auckland FC,chaotic,chaotic,-45.23,-16.12,-54.84,-17.05
2017461,Melbourne V FC v Auckland FC,2,80:34.3,80:41.7,7.4,868,Melbourne V FC,set_play,defending_set_play,50.91,33.95,-27.78,-34.57
2017461,Melbourne V FC v Auckland FC,2,81:01.0,81:09.0,8.0,4177,Auckland FC,chaotic,chaotic,-16.8,-35.12,27.52,10.57
2017461,Melbourne V FC v Auckland FC,2,81:09.0,81:17.1,8.1,868,Melbourne V FC,build_up,high_block,-28.0,-10.89,-20.26,-27.6
2017461,Melbourne V FC v Auckland FC,2,81:17.1,81:24.2,7.1,868,Melbourne V FC,create,medium_block,-19.6,-27.66,12.68,27.34
2017461,Melbourne V FC v Auckland FC,2,81:24.2,82:14.0,49.8,868,Melbourne V FC,finish,low_block,13.06,27.37,36.21,19.95
2017461,Melbourne V FC v Auckland FC,2,82:14.0,82:19.1,5.1,4177,Auckland FC,build_up,high_block,-36.33,-19.44,-20.8,-9.02
2017461,Melbourne V FC v Auckland FC,2,82:19.1,82:24.6,5.5,4177,Auckland FC,create,medium_block,-19.84,-10.42,11.27,-18.72
2017461,Melbourne V FC v Auckland FC,2,82:24.6,82:33.2,8.6,868,Melbourne V FC,create,medium_block,-12.2,18.33,17.0,15.08
2017461,Melbourne V FC v Auckland FC,2,82:33.2,82:39.2,6.0,868,Melbourne V FC,finish,low_block,17.53,14.76,-11.03,-29.58
2017461,Melbourne V FC v Auckland FC,2,82:39.2,82:43.5,4.3,868,Melbourne V FC,chaotic,chaotic,10.94,29.85,42.13,25.7
2017461,Melbourne V FC v Auckland FC,2,83:26.4,83:27.4,1.0,868,Melbourne V FC,set_play,defending_set_play,51.05,31.66,48.66,16.41
2017461,Melbourne V FC v Auckland FC,2,84:15.6,84:24.3,8.7,868,Melbourne V FC,set_play,defending_set_play,50.07,34.08,5.03,24.1
2017461,Melbourne V FC v Auckland FC,2,84:24.3,84:30.6,6.3,868,Melbourne V FC,create,medium_block,4.71,23.91,20.34,14.28
2017461,Melbourne V FC v Auckland FC,2,84:30.6,84:44.8,14.2,868,Melbourne V FC,finish,low_block,20.99,15.47,29.8,13.07
2017461,Melbourne V FC v Auckland FC,2,84:44.8,84:47.6,2.8,4177,Auckland FC,chaotic,chaotic,-30.23,-13.42,-15.01,-19.78
2017461,Melbourne V FC v Auckland FC,2,85:50.4,85:52.6,2.2,4177,Auckland FC,create,medium_block,-2.9,-21.11,28.75,8.37
2017461,Melbourne V FC v Auckland FC,2,85:52.6,85:53.6,1.0,868,Melbourne V FC,chaotic,chaotic,-28.34,-9.0,-23.62,-16.71
2017461,Melbourne V FC v Auckland FC,2,86:04.5,86:06.6,2.1,4177,Auckland FC,chaotic,chaotic,23.2,29.11,30.37,25.4
2017461,Melbourne V FC v Auckland FC,2,86:06.6,86:13.2,6.6,868,Melbourne V FC,build_up,high_block,-30.63,-25.85,-43.53,-21.89
2017461,Melbourne V FC v Auckland FC,2,86:13.2,86:16.0,2.8,868,Melbourne V FC,direct,defending_direct,-42.83,-22.41,-11.02,-27.45
2017461,Melbourne V FC v Auckland FC,2,86:23.4,86:24.4,1.0,4177,Auckland FC,chaotic,chaotic,25.84,33.34,38.58,30.37
2017461,Melbourne V FC v Auckland FC,2,86:33.5,86:38.8,5.3,868,Melbourne V FC,build_up,high_block,-42.88,6.46,-20.06,10.09
2017461,Melbourne V FC v Auckland FC,2,86:38.8,86:55.4,16.6,868,Melbourne V FC,create,medium_block,-19.67,10.28,34.64,-18.73
2017461,Melbourne V FC v Auckland FC,2,86:55.4,86:57.5,2.1,4177,Auckland FC,chaotic,chaotic,-34.47,18.78,-15.18,19.31
2017461,Melbourne V FC v Auckland FC,2,86:57.5,87:02.5,5.0,868,Melbourne V FC,finish,low_block,14.79,-19.53,5.66,-29.19
2017461,Melbourne V FC v Auckland FC,2,87:02.5,87:09.3,6.8,868,Melbourne V FC,create,medium_block,5.02,-28.54,16.59,-5.19
2017461,Melbourne V FC v Auckland FC,2,87:41.6,87:42.6,1.0,4177,Auckland FC,set_play,defending_set_play,4.47,19.18,16.32,26.51
2017461,Melbourne V FC v Auckland FC,2,87:47.6,88:04.1,16.5,868,Melbourne V FC,create,medium_block,-21.77,-33.2,-12.34,23.01
2017461,Melbourne V FC v Auckland FC,2,88:04.1,88:09.0,4.9,868,Melbourne V FC,direct,defending_direct,-11.06,23.0,27.68,26.11
2017461,Melbourne V FC v Auckland FC,2,88:09.0,88:10.9,1.9,4177,Auckland FC,chaotic,chaotic,-27.59,-25.63,-20.89,-19.86
2017461,Melbourne V FC v Auckland FC,2,88:10.9,88:22.3,11.4,868,Melbourne V FC,finish,low_block,20.37,19.57,46.35,1.27
2017461,Melbourne V FC v Auckland FC,2,88:22.3,88:45.0,22.7,4177,Auckland FC,chaotic,chaotic,-46.6,-1.75,17.56,21.02
2017461,Melbourne V FC v Auckland FC,2,88:45.0,88:47.5,2.5,868,Melbourne V FC,chaotic,chaotic,-17.14,-20.91,-0.3,-24.62
2017461,Melbourne V FC v Auckland FC,2,88:47.5,89:02.5,15.0,4177,Auckland FC,create,medium_block,0.15,24.86,-9.28,-34.64
2017461,Melbourne V FC v Auckland FC,2,89:26.1,89:29.4,3.3,4177,Auckland FC,chaotic,chaotic,1.01,-33.97,21.13,-24.69
2017461,Melbourne V FC v Auckland FC,2,89:29.4,89:35.2,5.8,868,Melbourne V FC,chaotic,chaotic,-21.36,24.45,-7.26,28.66
2017461,Melbourne V FC v Auckland FC,2,89:35.2,89:41.8,6.6,4177,Auckland FC,chaotic,chaotic,7.27,-29.2,33.25,-35.89
2017461,Melbourne V FC v Auckland FC,2,89:56.1,90:03.2,7.1,4177,Auckland FC,chaotic,chaotic,37.94,-31.75,44.34,-38.98
2017461,Melbourne V FC v Auckland FC,2,90:09.5,90:11.0,1.5,4177,Auckland FC,chaotic,chaotic,40.3,-27.36,37.29,-19.79
2017461,Melbourne V FC v Auckland FC,2,90:11.0,90:13.6,2.6,868,Melbourne V FC,chaotic,chaotic,-36.81,19.22,-18.77,12.28
2017461,Melbourne V FC v Auckland FC,2,90:13.6,90:16.3,2.7,4177,Auckland FC,chaotic,chaotic,18.92,-12.59,37.97,-25.77
2017461,Melbourne V FC v Auckland FC,2,90:16.3,90:28.6,12.3,868,Melbourne V FC,build_up,high_block,-38.34,26.19,-20.17,21.31
2017461,Melbourne V FC v Auckland FC,2,90:28.6,90:30.1,1.5,868,Melbourne V FC,create,medium_block,-18.67,22.04,-0.32,28.78
2017461,Melbourne V FC v Auckland FC,2,90:30.1,90:48.2,18.1,4177,Auckland FC,create,medium_block,-0.75,-29.16,15.51,8.16
2017461,Melbourne V FC v Auckland FC,2,90:48.2,90:51.5,3.3,4177,Auckland FC,finish,low_block,16.64,7.76,39.93,5.82
2017461,Melbourne V FC v Auckland FC,2,90:51.5,90:52.6,1.1,868,Melbourne V FC,chaotic,chaotic,-40.8,-6.04,-50.98,-11.28
2017461,Melbourne V FC v Auckland FC,2,91:34.2,91:51.5,17.3,4177,Auckland FC,set_play,defending_set_play,51.1,30.45,26.67,20.37
2017461,Melbourne V FC v Auckland FC,2,92:06.6,92:15.0,8.4,868,Melbourne V FC,create,medium_block,,,24.91,21.39
2017461,Melbourne V FC v Auckland FC,2,92:15.0,92:20.4,5.4,4177,Auckland FC,chaotic,chaotic,-24.9,-21.95,10.91,-30.57
2017461,Melbourne V FC v Auckland FC,2,92:20.4,92:31.1,10.7,868,Melbourne V FC,create,medium_block,-12.08,30.48,-13.57,24.49
2017461,Melbourne V FC v Auckland FC,2,92:31.1,92:33.3,2.2,868,Melbourne V FC,direct,defending_direct,-12.56,24.2,22.18,14.03
2017461,Melbourne V FC v Auckland FC,2,92:33.3,92:36.9,3.6,4177,Auckland FC,chaotic,chaotic,-22.45,-14.21,-5.11,-33.33
2017461,Melbourne V FC v Auckland FC,2,92:42.3,92:48.9,6.6,868,Melbourne V FC,create,medium_block,-6.34,31.2,10.1,29.25
2017461,Melbourne V FC v Auckland FC,2,92:48.9,92:59.5,10.6,4177,Auckland FC,create,medium_block,-10.8,-29.06,9.54,-24.92
2017461,Melbourne V FC v Auckland FC,2,92:59.5,93:08.7,9.2,868,Melbourne V FC,create,medium_block,-9.97,24.5,7.95,-19.44
2017461,Melbourne V FC v Auckland FC,2,93:08.7,93:35.5,26.8,868,Melbourne V FC,finish,low_block,8.31,-18.73,38.5,7.51
2017461,Melbourne V FC v Auckland FC,2,94:09.2,94:13.0,3.8,4177,Auckland FC,direct,defending_direct,-45.21,-7.81,1.85,-7.24
2017461,Melbourne V FC v Auckland FC,2,94:13.0,94:17.7,4.7,868,Melbourne V FC,create,medium_block,-1.71,6.62,16.86,-16.79
2017461,Melbourne V FC v Auckland FC,2,94:17.7,94:34.6,16.9,868,Melbourne V FC,finish,low_block,17.43,-16.82,17.68,-24.81
2017461,Melbourne V FC v Auckland FC,2,94:34.6,94:43.8,9.2,4177,Auckland FC,transition,defending_transition,-17.5,24.48,46.41,-1.84
2017461,Melbourne V FC v Auckland FC,2,94:43.8,94:49.8,6.0,868,Melbourne V FC,build_up,high_block,-47.27,1.56,-20.43,-20.32
2017461,Melbourne V FC v Auckland FC,2,94:49.8,94:58.1,8.3,868,Melbourne V FC,create,medium_block,-19.86,-20.7,11.86,12.19
2017461,Melbourne V FC v Auckland FC,2,94:58.1,95:19.8,21.7,868,Melbourne V FC,finish,low_block,12.67,12.55,48.97,0.71
2015213,Western United v Auckland FC,1,00:00.5,00:06.5,6.0,4177,Auckland FC,create,medium_block,-9.19,-2.78,-15.1,23.69
2015213,Western United v Auckland FC,1,00:06.5,00:10.2,3.7,4177,Auckland FC,direct,defending_direct,-14.19,23.84,23.97,23.08
2015213,Western United v Auckland FC,1,00:26.8,00:33.1,6.3,1803,Western United,build_up,high_block,-29.22,-20.46,-22.72,18.47
2015213,Western United v Auckland FC,1,00:33.1,00:36.0,2.9,1803,Western United,direct,defending_direct,-21.77,18.4,19.37,-3.34
2015213,Western United v Auckland FC,1,00:36.0,00:39.7,3.7,4177,Auckland FC,chaotic,chaotic,-20.06,4.08,-13.38,29.27
2015213,Western United v Auckland FC,1,00:45.7,00:47.9,2.2,1803,Western United,chaotic,chaotic,13.37,-29.91,14.87,-27.43
2015213,Western United v Auckland FC,1,00:47.9,00:50.8,2.9,4177,Auckland FC,chaotic,chaotic,-13.94,27.1,-12.43,18.09
2015213,Western United v Auckland FC,1,01:24.9,01:26.6,1.7,4177,Auckland FC,create,medium_block,-13.59,16.38,20.62,6.77
2015213,Western United v Auckland FC,1,01:26.6,01:28.8,2.2,1803,Western United,chaotic,chaotic,-20.94,-6.49,-2.23,-3.37
2015213,Western United v Auckland FC,1,01:28.8,01:30.0,1.2,4177,Auckland FC,chaotic,chaotic,2.23,3.48,10.74,8.01
2015213,Western United v Auckland FC,1,01:30.0,01:49.0,19.0,1803,Western United,create,medium_block,-10.78,-8.33,18.15,22.7
2015213,Western United v Auckland FC,1,01:49.0,02:00.3,11.3,1803,Western United,finish,low_block,18.6,22.36,5.5,-15.01
2015213,Western United v Auckland FC,1,02:00.3,02:05.9,5.6,1803,Western United,create,medium_block,4.95,-14.64,23.15,-19.64
2015213,Western United v Auckland FC,1,02:39.1,02:47.2,8.1,4177,Auckland FC,direct,defending_direct,-34.19,-13.16,7.69,-32.27
2015213,Western United v Auckland FC,1,02:47.2,02:51.8,4.6,1803,Western United,create,medium_block,-7.12,32.45,-19.41,27.03
2015213,Western United v Auckland FC,1,02:51.8,03:09.3,17.5,1803,Western United,build_up,high_block,-20.54,26.82,-39.7,-26.44
2015213,Western United v Auckland FC,1,03:09.3,03:15.1,5.8,1803,Western United,direct,defending_direct,-38.44,-26.51,34.82,-14.38
2015213,Western United v Auckland FC,1,03:15.1,03:44.3,29.2,4177,Auckland FC,build_up,high_block,-35.63,14.34,-49.09,-11.19
2015213,Western United v Auckland FC,1,03:44.3,03:46.9,2.6,4177,Auckland FC,direct,defending_direct,-48.59,-11.55,-11.75,-19.81
2015213,Western United v Auckland FC,1,03:46.9,03:47.7,0.8,1803,Western United,chaotic,chaotic,11.94,19.82,19.47,18.77
2015213,Western United v Auckland FC,1,03:47.7,03:52.2,4.5,4177,Auckland FC,chaotic,chaotic,-20.05,-18.69,-3.86,-0.16
2015213,Western United v Auckland FC,1,03:52.2,03:53.5,1.3,1803,Western United,chaotic,chaotic,3.87,0.58,8.67,11.32
2015213,Western United v Auckland FC,1,03:53.5,03:56.6,3.1,4177,Auckland FC,chaotic,chaotic,-8.62,-11.8,14.29,-18.31
2015213,Western United v Auckland FC,1,03:56.6,04:07.2,10.6,1803,Western United,create,medium_block,-15.02,18.41,25.3,24.78
2015213,Western United v Auckland FC,1,04:07.2,04:07.8,0.6,1803,Western United,finish,low_block,25.62,24.72,28.26,23.75
2015213,Western United v Auckland FC,1,04:07.8,04:14.0,6.2,4177,Auckland FC,chaotic,chaotic,-28.7,-23.81,-25.86,-21.94
2015213,Western United v Auckland FC,1,04:14.0,04:16.8,2.8,1803,Western United,chaotic,chaotic,25.88,21.54,24.06,8.03
2015213,Western United v Auckland FC,1,04:16.8,04:30.1,13.3,4177,Auckland FC,build_up,high_block,-23.88,-7.71,-20.75,23.02
2015213,Western United v Auckland FC,1,04:30.1,04:30.8,0.7,4177,Auckland FC,create,medium_block,-19.71,23.38,-19.79,24.27
2015213,Western United v Auckland FC,1,04:30.8,04:33.8,3.0,4177,Auckland FC,build_up,high_block,-20.34,24.3,-20.8,29.63
2015213,Western United v Auckland FC,1,04:33.8,04:35.3,1.5,4177,Auckland FC,create,medium_block,-19.28,29.37,-4.31,25.76
2015213,Western United v Auckland FC,1,04:35.3,04:35.6,0.3,1803,Western United,create,medium_block,4.15,-25.29,4.7,-24.3
2015213,Western United v Auckland FC,1,04:35.6,04:37.0,1.4,1803,Western United,finish,low_block,5.19,-23.77,10.49,-19.33
2015213,Western United v Auckland FC,1,04:37.0,04:38.4,1.4,1803,Western United,create,medium_block,11.18,-19.02,21.32,-12.7
2015213,Western United v Auckland FC,1,04:38.4,04:50.9,12.5,1803,Western United,finish,low_block,21.48,-12.29,6.6,17.12
2015213,Western United v Auckland FC,1,04:50.9,04:52.4,1.5,1803,Western United,create,medium_block,5.33,16.52,4.47,14.91
2015213,Western United v Auckland FC,1,04:52.4,05:04.0,11.6,1803,Western United,finish,low_block,5.78,15.65,-29.47,-13.79
2015213,Western United v Auckland FC,1,05:04.0,05:04.8,0.8,1803,Western United,chaotic,chaotic,29.98,14.31,33.07,17.82
2015213,Western United v Auckland FC,1,05:04.8,05:06.1,1.3,4177,Auckland FC,chaotic,chaotic,-33.5,-18.13,-36.57,-19.4
2015213,Western United v Auckland FC,1,05:06.1,05:42.6,36.5,1803,Western United,chaotic,chaotic,36.99,19.24,-6.47,26.53
2015213,Western United v Auckland FC,1,05:42.6,05:43.6,1.0,4177,Auckland FC,chaotic,chaotic,6.42,-26.95,11.22,-29.16
2015213,Western United v Auckland FC,1,05:56.8,05:57.8,1.0,1803,Western United,chaotic,chaotic,-13.18,35.78,-12.24,35.66
2015213,Western United v Auckland FC,1,06:06.0,06:07.2,1.2,1803,Western United,chaotic,chaotic,-15.08,34.22,-3.29,27.85
2015213,Western United v Auckland FC,1,06:07.2,06:13.6,6.4,4177,Auckland FC,chaotic,chaotic,3.24,-27.7,40.22,-5.02
2015213,Western United v Auckland FC,1,06:13.6,06:36.4,22.8,1803,Western United,build_up,high_block,-40.54,4.7,-20.73,25.29
2015213,Western United v Auckland FC,1,06:36.4,06:38.4,2.0,1803,Western United,create,medium_block,-19.86,26.4,-19.09,30.21
2015213,Western United v Auckland FC,1,06:38.4,06:43.8,5.4,1803,Western United,build_up,high_block,-20.63,29.56,-50.14,5.94
2015213,Western United v Auckland FC,1,06:43.8,06:46.7,2.9,1803,Western United,direct,defending_direct,-49.77,5.33,-5.6,-20.53
2015213,Western United v Auckland FC,1,06:46.7,07:16.5,29.8,4177,Auckland FC,create,medium_block,4.14,20.84,-19.11,21.19
2015213,Western United v Auckland FC,1,07:16.5,07:23.0,6.5,4177,Auckland FC,build_up,high_block,-20.11,19.92,-20.22,-28.54
2015213,Western United v Auckland FC,1,07:23.0,07:55.2,32.2,4177,Auckland FC,create,medium_block,-19.64,-29.03,-19.89,-23.72
2015213,Western United v Auckland FC,1,07:55.2,08:02.0,6.8,4177,Auckland FC,build_up,high_block,-20.47,-23.44,-20.62,-23.59
2015213,Western United v Auckland FC,1,08:02.0,08:03.3,1.3,4177,Auckland FC,create,medium_block,-19.97,-24.01,-19.44,-28.16
2015213,Western United v Auckland FC,1,08:03.3,08:04.7,1.4,4177,Auckland FC,build_up,high_block,-20.08,-28.11,-25.35,-25.04
2015213,Western United v Auckland FC,1,08:04.7,08:08.4,3.7,4177,Auckland FC,direct,defending_direct,-25.1,-25.28,12.94,-28.97
2015213,Western United v Auckland FC,1,08:08.4,08:09.4,1.0,1803,Western United,chaotic,chaotic,-12.77,29.16,-8.03,32.17
2015213,Western United v Auckland FC,1,08:13.2,08:24.5,11.3,4177,Auckland FC,chaotic,chaotic,3.39,-32.97,21.17,29.41
2015213,Western United v Auckland FC,1,08:31.4,08:42.2,10.8,4177,Auckland FC,create,medium_block,10.89,33.83,9.15,-13.55
2015213,Western United v Auckland FC,1,08:42.2,08:47.7,5.5,1803,Western United,create,medium_block,-10.56,13.35,-19.44,22.34
2015213,Western United v Auckland FC,1,08:47.7,09:11.9,24.2,1803,Western United,build_up,high_block,-20.74,21.67,-22.56,19.52
2015213,Western United v Auckland FC,1,09:11.9,09:16.8,4.9,1803,Western United,direct,defending_direct,-21.49,19.28,36.97,-15.11
2015213,Western United v Auckland FC,1,09:16.8,09:36.5,19.7,4177,Auckland FC,build_up,high_block,-37.3,15.48,-20.05,-27.54
2015213,Western United v Auckland FC,1,09:36.5,09:40.9,4.4,4177,Auckland FC,create,medium_block,-19.86,-28.08,3.33,-24.86
2015213,Western United v Auckland FC,1,09:40.9,09:46.9,6.0,1803,Western United,chaotic,chaotic,-3.35,24.99,1.22,32.01
2015213,Western United v Auckland FC,1,09:46.9,09:48.8,1.9,4177,Auckland FC,chaotic,chaotic,-0.84,-32.05,2.48,-25.57
2015213,Western United v Auckland FC,1,09:48.8,09:53.8,5.0,1803,Western United,create,medium_block,-2.75,25.03,-19.89,11.43
2015213,Western United v Auckland FC,1,09:53.8,10:14.7,20.9,1803,Western United,build_up,high_block,-20.8,10.69,-20.38,22.47
2015213,Western United v Auckland FC,1,10:14.7,10:23.7,9.0,1803,Western United,create,medium_block,-18.45,22.32,16.14,-29.25
2015213,Western United v Auckland FC,1,10:23.7,10:29.4,5.7,4177,Auckland FC,transition,defending_transition,-14.82,29.67,36.88,30.49
2015213,Western United v Auckland FC,1,10:55.5,10:56.5,1.0,1803,Western United,chaotic,chaotic,,,,
2015213,Western United v Auckland FC,1,11:15.0,11:20.5,5.5,1803,Western United,finish,low_block,26.96,-32.76,6.17,-12.59
2015213,Western United v Auckland FC,1,11:20.5,11:24.4,3.9,1803,Western United,create,medium_block,5.43,-11.91,19.76,10.05
2015213,Western United v Auckland FC,1,11:24.4,11:37.5,13.1,4177,Auckland FC,build_up,high_block,-20.84,-10.64,-33.46,-19.41
2015213,Western United v Auckland FC,1,11:42.7,11:54.4,11.7,1803,Western United,create,medium_block,12.73,32.55,-19.96,13.96
2015213,Western United v Auckland FC,1,11:54.4,11:58.7,4.3,1803,Western United,build_up,high_block,-21.08,13.42,-20.31,-8.15
2015213,Western United v Auckland FC,1,11:58.7,12:00.1,1.4,1803,Western United,create,medium_block,-19.13,-8.87,-5.85,-14.43
2015213,Western United v Auckland FC,1,12:27.3,12:31.5,4.2,1803,Western United,create,medium_block,-4.95,-12.49,-19.09,-8.37
2015213,Western United v Auckland FC,1,12:31.5,12:35.5,4.0,1803,Western United,build_up,high_block,-20.4,-7.36,-20.2,13.35
2015213,Western United v Auckland FC,1,12:35.5,12:35.7,0.2,1803,Western United,create,medium_block,-18.92,14.83,-17.59,16.31
2015213,Western United v Auckland FC,1,12:41.1,12:48.3,7.2,4177,Auckland FC,chaotic,chaotic,-14.25,-32.25,-41.6,10.91
2015213,Western United v Auckland FC,1,12:53.9,13:15.5,21.6,1803,Western United,create,medium_block,0.96,-35.28,16.23,-26.81
2015213,Western United v Auckland FC,1,13:15.5,13:20.2,4.7,4177,Auckland FC,create,medium_block,-16.91,26.77,-7.08,25.98
2015213,Western United v Auckland FC,1,13:20.2,13:32.5,12.3,1803,Western United,create,medium_block,6.48,-25.76,5.34,22.02
2015213,Western United v Auckland FC,1,13:48.8,13:50.1,1.3,4177,Auckland FC,chaotic,chaotic,-7.76,-34.91,-8.63,-28.85
2015213,Western United v Auckland FC,1,13:50.1,13:52.3,2.2,1803,Western United,create,medium_block,9.22,28.09,20.18,16.4
2015213,Western United v Auckland FC,1,13:52.3,14:02.8,10.5,1803,Western United,finish,low_block,20.55,15.96,5.12,27.75
2015213,Western United v Auckland FC,1,14:02.8,14:21.3,18.5,1803,Western United,create,medium_block,4.21,27.18,-19.73,26.96
2015213,Western United v Auckland FC,1,14:21.3,14:29.3,8.0,1803,Western United,build_up,high_block,-20.79,26.27,-20.04,-23.6
2015213,Western United v Auckland FC,1,14:29.3,14:30.5,1.2,1803,Western United,create,medium_block,-18.63,-23.53,-9.08,-31.35
2015213,Western United v Auckland FC,1,14:45.6,14:47.4,1.8,4177,Auckland FC,chaotic,chaotic,15.7,30.4,32.07,28.97
2015213,Western United v Auckland FC,1,14:47.4,14:49.0,1.6,1803,Western United,chaotic,chaotic,-32.42,-28.9,-27.9,-30.48
2015213,Western United v Auckland FC,1,15:01.6,15:03.3,1.7,1803,Western United,chaotic,chaotic,-23.22,-35.1,-1.95,-32.14
2015213,Western United v Auckland FC,1,15:03.3,15:06.6,3.3,4177,Auckland FC,chaotic,chaotic,2.03,32.09,6.65,32.3
2015213,Western United v Auckland FC,1,15:06.6,15:07.8,1.2,1803,Western United,chaotic,chaotic,-7.56,-32.02,-19.34,-27.97
2015213,Western United v Auckland FC,1,15:07.8,15:11.8,4.0,4177,Auckland FC,chaotic,chaotic,20.01,27.82,40.65,30.95
2015213,Western United v Auckland FC,1,15:11.8,15:17.5,5.7,1803,Western United,chaotic,chaotic,-41.26,-30.79,-22.36,-30.44
2015213,Western United v Auckland FC,1,15:29.0,15:34.5,5.5,1803,Western United,chaotic,chaotic,-21.98,-34.0,-12.77,-10.53
2015213,Western United v Auckland FC,1,15:34.5,15:36.7,2.2,4177,Auckland FC,create,medium_block,12.89,10.56,11.9,15.56
2015213,Western United v Auckland FC,1,15:36.7,15:43.8,7.1,4177,Auckland FC,finish,low_block,11.62,15.25,37.4,11.61
2015213,Western United v Auckland FC,1,15:43.8,15:45.9,2.1,1803,Western United,chaotic,chaotic,-37.31,-12.3,-21.54,-12.33
2015213,Western United v Auckland FC,1,16:11.8,16:20.8,9.0,1803,Western United,build_up,high_block,-22.72,-7.93,-20.27,32.04
2015213,Western United v Auckland FC,1,16:20.8,16:24.8,4.0,1803,Western United,create,medium_block,-19.92,32.1,12.52,18.29
2015213,Western United v Auckland FC,1,16:24.8,16:32.7,7.9,4177,Auckland FC,create,medium_block,-12.47,-17.96,15.53,-26.99
2015213,Western United v Auckland FC,1,16:32.7,16:38.6,5.9,4177,Auckland FC,finish,low_block,15.74,-26.95,-4.98,22.54
2015213,Western United v Auckland FC,1,16:38.6,16:39.2,0.6,4177,Auckland FC,create,medium_block,4.48,-22.43,4.85,-20.75
2015213,Western United v Auckland FC,1,16:39.2,16:40.4,1.2,4177,Auckland FC,finish,low_block,5.14,-20.32,5.61,-18.44
2015213,Western United v Auckland FC,1,16:40.4,16:52.0,11.6,4177,Auckland FC,create,medium_block,5.59,-18.54,-19.44,26.45
2015213,Western United v Auckland FC,1,16:52.0,16:59.4,7.4,4177,Auckland FC,build_up,high_block,-20.55,25.42,-20.34,-20.57
2015213,Western United v Auckland FC,1,16:59.4,17:00.1,0.7,4177,Auckland FC,create,medium_block,-19.71,-21.3,-15.73,-24.14
2015213,Western United v Auckland FC,1,17:14.5,17:21.8,7.3,1803,Western United,finish,low_block,11.69,28.01,29.92,25.22
2015213,Western United v Auckland FC,1,17:21.8,17:29.9,8.1,4177,Auckland FC,chaotic,chaotic,-29.8,-25.0,-4.61,-35.21
2015213,Western United v Auckland FC,1,17:37.1,17:38.8,1.7,4177,Auckland FC,create,medium_block,-13.23,-35.63,-19.88,-27.83
2015213,Western United v Auckland FC,1,17:38.8,17:47.7,8.9,4177,Auckland FC,build_up,high_block,-20.71,-26.96,-34.06,19.15
2015213,Western United v Auckland FC,1,17:47.7,17:51.6,3.9,1803,Western United,quick_break,defending_quick_break,34.72,-18.58,52.87,0.12
2015213,Western United v Auckland FC,1,19:08.5,19:14.8,6.3,4177,Auckland FC,create,medium_block,-0.19,1.22,-19.7,9.27
2015213,Western United v Auckland FC,1,19:14.8,19:18.3,3.5,4177,Auckland FC,build_up,high_block,-20.26,8.5,-20.55,-15.93
2015213,Western United v Auckland FC,1,19:18.3,19:23.5,5.2,4177,Auckland FC,create,medium_block,-19.56,-16.87,-14.49,-27.38
2015213,Western United v Auckland FC,1,19:38.1,19:40.3,2.2,4177,Auckland FC,create,medium_block,-7.66,-31.92,-19.02,-27.17
2015213,Western United v Auckland FC,1,19:40.3,19:45.6,5.3,4177,Auckland FC,build_up,high_block,-20.27,-26.55,-28.47,2.03
2015213,Western United v Auckland FC,1,19:45.6,19:49.3,3.7,4177,Auckland FC,direct,defending_direct,-27.19,1.42,12.7,-28.34
2015213,Western United v Auckland FC,1,19:49.3,20:04.4,15.1,4177,Auckland FC,create,medium_block,13.05,-28.59,23.64,30.13
2015213,Western United v Auckland FC,1,20:04.4,20:06.0,1.6,1803,Western United,chaotic,chaotic,-24.43,-29.93,-30.84,-25.86
2015213,Western United v Auckland FC,1,20:20.5,20:27.0,6.5,1803,Western United,build_up,high_block,-24.85,-21.93,-20.77,20.89
2015213,Western United v Auckland FC,1,20:27.0,20:31.6,4.6,1803,Western United,create,medium_block,-19.14,21.91,7.75,21.61
2015213,Western United v Auckland FC,1,20:31.6,20:35.8,4.2,4177,Auckland FC,create,medium_block,-7.5,-21.76,-11.71,-29.06
2015213,Western United v Auckland FC,1,20:52.8,20:55.2,2.4,4177,Auckland FC,create,medium_block,,,-19.48,-26.12
2015213,Western United v Auckland FC,1,20:55.2,21:07.1,11.9,4177,Auckland FC,build_up,high_block,-20.85,-25.76,-37.14,35.25
2015213,Western United v Auckland FC,1,21:21.6,21:26.9,5.3,1803,Western United,chaotic,chaotic,31.07,-33.89,42.15,-28.31
2015213,Western United v Auckland FC,1,21:26.9,21:30.6,3.7,4177,Auckland FC,chaotic,chaotic,-42.01,28.55,-12.02,27.73
2015213,Western United v Auckland FC,1,21:30.6,21:38.3,7.7,1803,Western United,finish,low_block,11.58,-27.52,47.3,-7.02
2015213,Western United v Auckland FC,1,22:13.9,22:16.2,2.3,1803,Western United,set_play,defending_set_play,51.49,-29.25,51.69,-4.41
2015213,Western United v Auckland FC,1,23:25.8,23:29.3,3.5,4177,Auckland FC,create,medium_block,-0.1,0.54,-19.69,-2.78
2015213,Western United v Auckland FC,1,23:29.3,23:32.7,3.4,4177,Auckland FC,build_up,high_block,-20.36,-2.81,-28.17,18.92
2015213,Western United v Auckland FC,1,23:32.7,23:36.2,3.5,4177,Auckland FC,direct,defending_direct,-27.05,19.08,11.53,25.37
2015213,Western United v Auckland FC,1,23:36.2,23:38.2,2.0,1803,Western United,chaotic,chaotic,-11.68,-25.54,0.41,-24.47
2015213,Western United v Auckland FC,1,23:38.2,23:44.4,6.2,4177,Auckland FC,chaotic,chaotic,-0.31,24.82,23.77,16.61
2015213,Western United v Auckland FC,1,23:44.4,23:47.0,2.6,1803,Western United,chaotic,chaotic,-24.09,-16.14,-26.98,-15.7
2015213,Western United v Auckland FC,1,23:47.0,23:50.5,3.5,1803,Western United,direct,defending_direct,-26.6,-15.99,15.58,-17.63
2015213,Western United v Auckland FC,1,24:17.2,24:21.2,4.0,4177,Auckland FC,create,medium_block,,,29.41,-24.35
2015213,Western United v Auckland FC,1,24:21.2,24:22.3,1.1,1803,Western United,chaotic,chaotic,-30.19,24.19,-34.79,20.14
2015213,Western United v Auckland FC,1,24:22.3,24:27.1,4.8,4177,Auckland FC,chaotic,chaotic,35.04,-19.67,32.91,-26.06
2015213,Western United v Auckland FC,1,24:48.9,24:53.6,4.7,1803,Western United,chaotic,chaotic,,,-32.57,34.51
2015213,Western United v Auckland FC,1,24:53.6,24:55.0,1.4,4177,Auckland FC,chaotic,chaotic,32.53,-34.5,31.59,-34.4
2015213,Western United v Auckland FC,1,25:04.3,25:07.9,3.6,1803,Western United,chaotic,chaotic,-25.63,31.8,-26.47,30.32
2015213,Western United v Auckland FC,1,25:16.2,25:21.6,5.4,1803,Western United,build_up,high_block,-35.52,13.6,-29.89,-20.31
2015213,Western United v Auckland FC,1,25:21.6,25:25.8,4.2,1803,Western United,direct,defending_direct,-28.99,-20.29,37.67,-14.09
2015213,Western United v Auckland FC,1,25:25.8,25:36.3,10.5,4177,Auckland FC,build_up,high_block,-38.06,13.89,-35.09,28.38
2015213,Western United v Auckland FC,1,25:36.3,25:39.2,2.9,4177,Auckland FC,direct,defending_direct,-34.39,28.42,7.28,27.23
2015213,Western United v Auckland FC,1,25:53.7,25:54.7,1.0,1803,Western United,chaotic,chaotic,-14.03,-33.45,-5.74,-30.03
2015213,Western United v Auckland FC,1,26:17.6,26:21.5,3.9,4177,Auckland FC,chaotic,chaotic,16.67,32.08,41.3,24.05
2015213,Western United v Auckland FC,1,26:21.5,26:24.8,3.3,1803,Western United,chaotic,chaotic,-41.21,-24.11,-28.85,-31.31
2015213,Western United v Auckland FC,1,26:24.8,26:30.9,6.1,4177,Auckland FC,finish,low_block,29.19,31.39,51.17,9.46
2015213,Western United v Auckland FC,1,26:44.9,26:52.6,7.7,1803,Western United,build_up,high_block,-48.09,6.69,-20.4,11.81
2015213,Western United v Auckland FC,1,26:52.6,26:56.3,3.7,1803,Western United,create,medium_block,-18.8,10.94,4.69,4.75
2015213,Western United v Auckland FC,1,26:56.3,26:57.6,1.3,4177,Auckland FC,chaotic,chaotic,-5.3,-5.12,-0.73,-9.13
2015213,Western United v Auckland FC,1,26:57.6,27:02.2,4.6,1803,Western United,chaotic,chaotic,0.91,9.5,35.52,19.04
2015213,Western United v Auckland FC,1,27:27.1,27:30.7,3.6,4177,Auckland FC,direct,defending_direct,-44.89,-9.21,-0.62,-23.87
2015213,Western United v Auckland FC,1,27:30.7,27:35.0,4.3,4177,Auckland FC,create,medium_block,0.08,-24.09,-10.77,-36.09
2015213,Western United v Auckland FC,1,27:41.9,27:44.4,2.5,4177,Auckland FC,chaotic,chaotic,-9.78,-34.18,6.6,-29.03
2015213,Western United v Auckland FC,1,27:44.4,27:44.6,0.2,1803,Western United,chaotic,chaotic,-6.85,28.73,-6.7,28.65
2015213,Western United v Auckland FC,1,27:44.6,27:50.2,5.6,4177,Auckland FC,create,medium_block,6.24,-28.74,25.34,-32.31
2015213,Western United v Auckland FC,1,27:50.2,27:56.4,6.2,4177,Auckland FC,finish,low_block,26.01,-32.1,41.92,-29.58
2015213,Western United v Auckland FC,1,27:56.4,28:06.5,10.1,1803,Western United,build_up,high_block,-41.88,29.43,-20.22,-17.52
2015213,Western United v Auckland FC,1,28:06.5,28:12.5,6.0,1803,Western United,create,medium_block,-19.43,-17.88,-19.6,-22.25
2015213,Western United v Auckland FC,1,28:12.5,28:31.1,18.6,1803,Western United,build_up,high_block,-20.93,-22.2,-20.26,30.12
2015213,Western United v Auckland FC,1,28:31.1,28:37.4,6.3,1803,Western United,create,medium_block,-19.79,30.09,21.53,29.0
2015213,Western United v Auckland FC,1,28:37.4,28:39.6,2.2,1803,Western United,finish,low_block,21.9,28.7,27.62,19.76
2015213,Western United v Auckland FC,1,28:39.6,28:46.7,7.1,4177,Auckland FC,chaotic,chaotic,-27.69,-19.86,-7.97,-2.99
2015213,Western United v Auckland FC,1,28:51.3,28:54.2,2.9,4177,Auckland FC,create,medium_block,-2.37,2.8,12.49,27.17
2015213,Western United v Auckland FC,1,28:54.2,29:00.8,6.6,4177,Auckland FC,finish,low_block,12.7,27.47,5.75,27.74
2015213,Western United v Auckland FC,1,29:00.8,29:32.0,31.2,4177,Auckland FC,create,medium_block,4.51,26.55,-25.62,31.58
2015213,Western United v Auckland FC,1,30:29.5,30:37.4,7.9,1803,Western United,set_play,defending_set_play,31.5,-26.81,19.65,-22.53
2015213,Western United v Auckland FC,1,30:37.4,30:39.3,1.9,4177,Auckland FC,chaotic,chaotic,-19.24,23.03,-15.54,33.47
2015213,Western United v Auckland FC,1,30:50.4,30:54.5,4.1,4177,Auckland FC,chaotic,chaotic,-19.7,35.03,12.77,29.51
2015213,Western United v Auckland FC,1,30:54.5,31:03.9,9.4,1803,Western United,create,medium_block,-12.38,-29.32,21.1,-3.78
2015213,Western United v Auckland FC,1,31:03.9,31:08.3,4.4,1803,Western United,finish,low_block,21.48,-3.55,33.99,9.57
2015213,Western United v Auckland FC,1,31:08.3,31:14.8,6.5,4177,Auckland FC,build_up,high_block,-34.12,-9.51,-20.57,-28.99
2015213,Western United v Auckland FC,1,31:14.8,31:15.6,0.8,4177,Auckland FC,create,medium_block,-18.53,-28.28,-7.57,-24.52
2015213,Western United v Auckland FC,1,31:15.6,31:21.2,5.6,1803,Western United,chaotic,chaotic,7.28,24.74,21.1,18.94
2015213,Western United v Auckland FC,1,32:24.4,32:35.2,10.8,1803,Western United,set_play,defending_set_play,34.33,16.95,41.57,-21.29
2015213,Western United v Auckland FC,1,32:35.2,32:41.6,6.4,4177,Auckland FC,build_up,high_block,-41.74,21.49,-24.43,25.99
2015213,Western United v Auckland FC,1,32:41.6,32:50.1,8.5,1803,Western United,create,medium_block,23.97,-26.14,-19.85,1.59
2015213,Western United v Auckland FC,1,32:50.1,32:55.2,5.1,1803,Western United,build_up,high_block,-20.59,1.35,-20.21,25.27
2015213,Western United v Auckland FC,1,32:55.2,33:18.9,23.7,1803,Western United,create,medium_block,-19.74,25.43,10.76,17.34
2015213,Western United v Auckland FC,1,33:18.9,33:22.4,3.5,4177,Auckland FC,create,medium_block,-11.24,-17.61,-19.85,-6.59
2015213,Western United v Auckland FC,1,33:22.4,33:27.9,5.5,4177,Auckland FC,build_up,high_block,-20.14,-6.29,-39.31,18.45
2015213,Western United v Auckland FC,1,33:27.9,33:30.4,2.5,4177,Auckland FC,direct,defending_direct,-38.4,18.71,-2.18,11.34
2015213,Western United v Auckland FC,1,33:30.4,33:37.4,7.0,4177,Auckland FC,create,medium_block,-1.68,10.73,14.98,-29.0
2015213,Western United v Auckland FC,1,33:37.4,33:48.2,10.8,4177,Auckland FC,finish,low_block,15.45,-29.21,5.23,-24.65
2015213,Western United v Auckland FC,1,33:48.2,34:11.0,22.8,4177,Auckland FC,create,medium_block,4.05,-24.13,-23.79,19.65
2015213,Western United v Auckland FC,1,34:11.0,34:15.0,4.0,4177,Auckland FC,direct,defending_direct,-23.64,20.03,22.57,22.27
2015213,Western United v Auckland FC,1,34:15.0,34:21.7,6.7,1803,Western United,chaotic,chaotic,-23.3,-22.42,-14.7,-29.97
2015213,Western United v Auckland FC,1,34:29.1,34:40.0,10.9,4177,Auckland FC,create,medium_block,3.02,33.97,17.74,-19.67
2015213,Western United v Auckland FC,1,34:40.0,34:42.2,2.2,4177,Auckland FC,finish,low_block,18.32,-19.41,32.96,-19.05
2015213,Western United v Auckland FC,1,34:42.2,34:46.2,4.0,1803,Western United,chaotic,chaotic,-33.14,19.33,-29.13,28.56
2015213,Western United v Auckland FC,1,34:50.8,35:11.9,21.1,1803,Western United,build_up,high_block,-29.15,25.48,-20.71,-22.95
2015213,Western United v Auckland FC,1,35:11.9,35:17.6,5.7,1803,Western United,create,medium_block,-19.68,-23.81,16.99,-22.4
2015213,Western United v Auckland FC,1,35:17.6,35:23.1,5.5,1803,Western United,finish,low_block,17.56,-22.14,49.2,-5.78
2015213,Western United v Auckland FC,1,35:23.1,35:39.1,16.0,4177,Auckland FC,build_up,high_block,-50.19,5.26,-46.35,24.93
2015213,Western United v Auckland FC,1,35:39.1,35:42.2,3.1,4177,Auckland FC,direct,defending_direct,-45.79,25.18,-14.17,29.89
2015213,Western United v Auckland FC,1,35:42.2,35:44.3,2.1,1803,Western United,chaotic,chaotic,13.74,-29.83,19.95,-18.67
2015213,Western United v Auckland FC,1,35:44.3,35:46.5,2.2,4177,Auckland FC,chaotic,chaotic,-19.72,18.37,-8.3,9.22
2015213,Western United v Auckland FC,1,35:46.5,35:50.4,3.9,1803,Western United,chaotic,chaotic,8.44,-8.71,13.87,-20.33
2015213,Western United v Auckland FC,1,35:50.4,36:22.1,31.7,4177,Auckland FC,create,medium_block,-14.67,21.04,23.38,32.3
2015213,Western United v Auckland FC,1,36:22.1,36:52.2,30.1,4177,Auckland FC,finish,low_block,24.33,32.31,43.16,2.3
2015213,Western United v Auckland FC,1,36:52.2,36:55.1,2.9,1803,Western United,chaotic,chaotic,-42.95,-2.51,-19.49,-11.5
2015213,Western United v Auckland FC,1,36:55.1,37:02.7,7.6,4177,Auckland FC,finish,low_block,19.14,11.26,5.98,26.73
2015213,Western United v Auckland FC,1,37:02.7,37:04.9,2.2,4177,Auckland FC,create,medium_block,5.29,26.33,4.83,24.2
2015213,Western United v Auckland FC,1,37:04.9,37:06.8,1.9,4177,Auckland FC,finish,low_block,5.02,24.27,5.47,23.33
2015213,Western United v Auckland FC,1,37:06.8,37:28.9,22.1,4177,Auckland FC,create,medium_block,5.12,22.16,15.0,26.88
2015213,Western United v Auckland FC,1,37:28.9,37:40.8,11.9,4177,Auckland FC,finish,low_block,16.16,26.83,48.54,-2.87
2015213,Western United v Auckland FC,1,37:40.8,37:40.9,0.1,4177,Auckland FC,create,medium_block,48.39,-2.8,48.39,-2.8
2015213,Western United v Auckland FC,1,37:40.9,38:04.5,23.6,4177,Auckland FC,build_up,high_block,,,-20.12,-24.97
2015213,Western United v Auckland FC,1,38:04.5,38:13.1,8.6,4177,Auckland FC,create,medium_block,-19.99,-24.95,-19.24,6.39
2015213,Western United v Auckland FC,1,38:13.1,38:16.7,3.6,4177,Auckland FC,direct,defending_direct,-18.27,6.19,22.81,3.58
2015213,Western United v Auckland FC,1,38:16.7,38:22.0,5.3,1803,Western United,chaotic,chaotic,-23.17,-3.75,-6.22,-0.76
2015213,Western United v Auckland FC,1,38:22.0,38:23.7,1.7,4177,Auckland FC,finish,low_block,6.63,0.67,13.21,1.23
2015213,Western United v Auckland FC,1,38:23.7,38:25.1,1.4,4177,Auckland FC,create,medium_block,13.32,1.34,12.31,6.2
2015213,Western United v Auckland FC,1,38:25.1,38:32.6,7.5,4177,Auckland FC,finish,low_block,12.05,6.58,5.59,7.47
2015213,Western United v Auckland FC,1,38:32.6,38:39.8,7.2,4177,Auckland FC,create,medium_block,5.04,6.21,13.95,-18.12
2015213,Western United v Auckland FC,1,38:39.8,38:45.7,5.9,4177,Auckland FC,finish,low_block,14.06,-17.49,40.14,-7.22
2015213,Western United v Auckland FC,1,38:45.7,38:46.9,1.2,1803,Western United,chaotic,chaotic,-39.55,7.83,-24.57,20.06
2015213,Western United v Auckland FC,1,39:22.4,39:25.8,3.4,1803,Western United,finish,low_block,21.12,27.15,5.36,23.26
2015213,Western United v Auckland FC,1,39:25.8,39:31.3,5.5,1803,Western United,create,medium_block,4.31,23.11,-19.98,-0.61
2015213,Western United v Auckland FC,1,39:31.3,39:36.4,5.1,1803,Western United,build_up,high_block,-20.84,-0.35,-20.47,21.48
2015213,Western United v Auckland FC,1,39:36.4,39:38.4,2.0,1803,Western United,create,medium_block,-19.99,22.81,-15.37,31.75
2015213,Western United v Auckland FC,1,39:38.4,39:40.6,2.2,1803,Western United,direct,defending_direct,-14.41,31.54,19.73,17.74
2015213,Western United v Auckland FC,1,39:40.6,40:00.2,19.6,4177,Auckland FC,build_up,high_block,-20.81,-17.2,-20.58,15.69
2015213,Western United v Auckland FC,1,40:00.2,40:02.0,1.8,4177,Auckland FC,create,medium_block,-19.74,16.65,-10.14,28.22
2015213,Western United v Auckland FC,1,40:02.0,40:11.2,9.2,1803,Western United,quick_break,defending_quick_break,10.03,-28.6,48.08,-27.42
2015213,Western United v Auckland FC,1,40:43.1,40:51.0,7.9,4177,Auckland FC,direct,defending_direct,,,-5.67,-13.43
2015213,Western United v Auckland FC,1,41:09.8,41:17.5,7.7,1803,Western United,create,medium_block,13.69,30.76,13.54,26.91
2015213,Western United v Auckland FC,1,41:17.5,41:19.8,2.3,4177,Auckland FC,chaotic,chaotic,-13.7,-26.82,-6.12,-28.64
2015213,Western United v Auckland FC,1,41:19.8,41:25.5,5.7,1803,Western United,create,medium_block,6.04,28.77,-5.39,29.72
2015213,Western United v Auckland FC,1,41:25.5,41:26.9,1.4,4177,Auckland FC,chaotic,chaotic,5.42,-29.31,4.49,-24.6
2015213,Western United v Auckland FC,1,41:26.9,41:47.7,20.8,1803,Western United,create,medium_block,-4.44,24.11,26.99,-26.04
2015213,Western United v Auckland FC,1,41:47.7,41:53.3,5.6,4177,Auckland FC,chaotic,chaotic,-26.98,26.17,-8.39,32.01
2015213,Western United v Auckland FC,1,41:53.3,41:54.1,0.8,1803,Western United,finish,low_block,7.94,-32.39,5.21,-31.93
2015213,Western United v Auckland FC,1,41:54.1,41:59.5,5.4,1803,Western United,create,medium_block,4.92,-31.81,-19.75,-12.54
2015213,Western United v Auckland FC,1,41:59.5,42:07.1,7.6,1803,Western United,build_up,high_block,-20.38,-12.09,-20.8,18.83
2015213,Western United v Auckland FC,1,42:07.1,42:10.2,3.1,1803,Western United,create,medium_block,-19.31,19.07,-19.9,18.08
2015213,Western United v Auckland FC,1,42:10.2,42:19.4,9.2,1803,Western United,build_up,high_block,-20.0,18.35,-21.3,-20.55
2015213,Western United v Auckland FC,1,42:19.4,42:25.0,5.6,1803,Western United,create,medium_block,-19.48,-20.4,19.07,-7.9
2015213,Western United v Auckland FC,1,42:25.0,42:33.6,8.6,4177,Auckland FC,create,medium_block,-19.66,7.73,0.43,24.55
2015213,Western United v Auckland FC,1,43:49.8,44:03.3,13.5,4177,Auckland FC,create,medium_block,1.63,28.77,-5.86,19.08
2015213,Western United v Auckland FC,1,44:03.3,44:06.3,3.0,4177,Auckland FC,direct,defending_direct,-4.87,19.06,32.26,16.78
2015213,Western United v Auckland FC,1,44:06.3,44:13.7,7.4,4177,Auckland FC,finish,low_block,32.85,16.8,23.13,21.43
2015213,Western United v Auckland FC,1,44:13.7,44:22.0,8.3,1803,Western United,chaotic,chaotic,-22.96,-21.94,-15.18,-32.92
2015213,Western United v Auckland FC,1,44:22.0,44:29.3,7.3,4177,Auckland FC,finish,low_block,15.78,32.93,42.32,34.75
2015213,Western United v Auckland FC,1,44:59.5,45:00.5,1.0,1803,Western United,chaotic,chaotic,-33.23,-34.22,-22.89,-32.56
2015213,Western United v Auckland FC,1,45:22.1,45:23.9,1.8,1803,Western United,chaotic,chaotic,-6.29,-33.18,5.35,-28.99
2015213,Western United v Auckland FC,1,45:23.9,45:26.7,2.8,4177,Auckland FC,chaotic,chaotic,-4.8,28.69,7.39,18.85
2015213,Western United v Auckland FC,1,45:26.7,45:27.6,0.9,1803,Western United,chaotic,chaotic,-6.86,-18.28,-0.29,-13.66
2015213,Western United v Auckland FC,1,45:27.6,45:28.0,0.4,4177,Auckland FC,chaotic,chaotic,0.49,13.18,3.96,12.62
2015213,Western United v Auckland FC,1,45:28.0,45:32.2,4.2,1803,Western United,chaotic,chaotic,-5.15,-12.37,-13.78,10.07
2015213,Western United v Auckland FC,1,45:42.6,45:43.2,0.6,4177,Auckland FC,create,medium_block,-16.47,-33.24,-19.45,-31.65
2015213,Western United v Auckland FC,1,45:43.2,45:57.7,14.5,4177,Auckland FC,build_up,high_block,-20.14,-31.25,-46.06,8.8
2015213,Western United v Auckland FC,1,45:57.7,46:01.0,3.3,4177,Auckland FC,direct,defending_direct,-44.92,9.21,-1.57,13.19
2015213,Western United v Auckland FC,1,46:01.0,46:07.9,6.9,1803,Western United,create,medium_block,1.18,-12.95,6.71,-20.66
2015213,Western United v Auckland FC,1,46:40.9,46:45.5,4.6,4177,Auckland FC,create,medium_block,15.93,26.01,24.99,-15.01
2015213,Western United v Auckland FC,1,46:45.5,46:57.0,11.5,1803,Western United,transition,defending_transition,-24.28,15.5,32.83,6.09
2015213,Western United v Auckland FC,1,46:57.0,46:58.6,1.6,4177,Auckland FC,chaotic,chaotic,-32.65,-5.85,-22.21,-6.43
2015213,Western United v Auckland FC,1,46:58.6,47:00.8,2.2,1803,Western United,chaotic,chaotic,22.06,6.35,32.04,3.01
2015213,Western United v Auckland FC,1,47:00.8,47:03.5,2.7,4177,Auckland FC,chaotic,chaotic,-32.4,-2.96,-16.42,-2.04
2015213,Western United v Auckland FC,1,47:26.4,47:35.1,8.7,4177,Auckland FC,create,medium_block,-9.6,8.28,44.36,13.81
2015213,Western United v Auckland FC,1,47:35.1,47:59.0,23.9,1803,Western United,build_up,high_block,-44.59,-13.62,-20.17,20.82
2015213,Western United v Auckland FC,1,47:59.0,47:59.6,0.6,1803,Western United,create,medium_block,-18.24,20.95,-6.75,21.56
2015213,Western United v Auckland FC,2,45:00.5,45:05.2,4.7,1803,Western United,create,medium_block,-7.39,0.21,-24.29,19.34
2015213,Western United v Auckland FC,2,45:05.2,45:10.1,4.9,1803,Western United,direct,defending_direct,-23.61,19.53,15.84,9.16
2015213,Western United v Auckland FC,2,45:10.1,45:18.1,8.0,4177,Auckland FC,create,medium_block,-16.15,-8.52,-2.58,15.33
2015213,Western United v Auckland FC,2,45:39.0,45:40.3,1.3,1803,Western United,create,medium_block,-12.09,-15.35,-19.6,-12.24
2015213,Western United v Auckland FC,2,45:40.3,45:46.6,6.3,1803,Western United,build_up,high_block,-20.14,-12.08,-20.85,27.26
2015213,Western United v Auckland FC,2,45:46.6,45:47.3,0.7,1803,Western United,create,medium_block,-18.86,27.94,-8.75,30.78
2015213,Western United v Auckland FC,2,45:58.7,46:01.6,2.9,4177,Auckland FC,chaotic,chaotic,8.72,-30.43,25.23,-18.75
2015213,Western United v Auckland FC,2,46:01.6,46:04.0,2.4,1803,Western United,chaotic,chaotic,-25.41,18.23,-22.11,12.16
2015213,Western United v Auckland FC,2,46:04.0,46:04.9,0.9,4177,Auckland FC,chaotic,chaotic,22.55,-12.15,28.46,-11.91
2015213,Western United v Auckland FC,2,46:04.9,46:08.2,3.3,1803,Western United,chaotic,chaotic,-28.9,11.84,-13.85,17.15
2015213,Western United v Auckland FC,2,46:08.2,46:10.2,2.0,4177,Auckland FC,finish,low_block,13.45,-17.45,12.34,-17.32
2015213,Western United v Auckland FC,2,46:10.2,46:13.1,2.9,4177,Auckland FC,create,medium_block,12.41,-17.3,25.12,-7.94
2015213,Western United v Auckland FC,2,46:13.1,46:16.2,3.1,4177,Auckland FC,finish,low_block,25.37,-7.43,49.88,-3.1
2015213,Western United v Auckland FC,2,46:35.0,46:38.7,3.7,1803,Western United,build_up,high_block,-45.99,-14.87,-29.81,-24.31
2015213,Western United v Auckland FC,2,47:02.8,47:04.6,1.8,1803,Western United,chaotic,chaotic,-17.64,-30.49,-14.79,-27.12
2015213,Western United v Auckland FC,2,47:04.6,47:07.4,2.8,4177,Auckland FC,finish,low_block,15.0,27.36,5.74,23.24
2015213,Western United v Auckland FC,2,47:07.4,47:16.5,9.1,4177,Auckland FC,create,medium_block,4.82,22.26,-14.56,22.78
2015213,Western United v Auckland FC,2,47:16.5,47:19.1,2.6,4177,Auckland FC,direct,defending_direct,-13.98,22.98,20.18,19.21
2015213,Western United v Auckland FC,2,47:19.1,47:21.0,1.9,1803,Western United,chaotic,chaotic,-20.32,-18.81,-9.33,-27.32
2015213,Western United v Auckland FC,2,47:21.0,47:22.9,1.9,4177,Auckland FC,chaotic,chaotic,9.21,27.65,15.88,31.5
2015213,Western United v Auckland FC,2,47:22.9,47:25.2,2.3,1803,Western United,chaotic,chaotic,-16.3,-31.55,-12.37,-23.41
2015213,Western United v Auckland FC,2,47:25.2,47:37.1,11.9,4177,Auckland FC,create,medium_block,12.26,23.02,10.85,-15.43
2015213,Western United v Auckland FC,2,48:04.3,48:08.8,4.5,1803,Western United,create,medium_block,-22.94,14.49,2.07,33.62
2015213,Western United v Auckland FC,2,48:29.4,48:32.8,3.4,4177,Auckland FC,create,medium_block,-2.23,-32.64,-19.83,-14.17
2015213,Western United v Auckland FC,2,48:32.8,48:45.3,12.5,4177,Auckland FC,build_up,high_block,-20.16,-13.57,-20.57,-22.57
2015213,Western United v Auckland FC,2,48:45.3,48:49.5,4.2,4177,Auckland FC,create,medium_block,-19.2,-23.41,-11.05,-17.52
2015213,Western United v Auckland FC,2,48:49.5,48:57.9,8.4,1803,Western United,quick_break,defending_quick_break,11.66,16.91,52.24,0.34
2015213,Western United v Auckland FC,2,50:03.1,50:16.2,13.1,4177,Auckland FC,create,medium_block,-5.66,-0.64,-11.78,30.76
2015213,Western United v Auckland FC,2,50:24.0,50:33.8,9.8,4177,Auckland FC,create,medium_block,-23.85,13.23,-19.45,-15.64
2015213,Western United v Auckland FC,2,50:33.8,50:39.5,5.7,4177,Auckland FC,build_up,high_block,-20.09,-15.26,-20.15,26.26
2015213,Western United v Auckland FC,2,50:39.5,50:47.0,7.5,4177,Auckland FC,create,medium_block,-19.28,26.84,19.45,13.27
2015213,Western United v Auckland FC,2,50:47.0,50:49.2,2.2,4177,Auckland FC,finish,low_block,20.05,13.09,43.02,-0.86
2015213,Western United v Auckland FC,2,51:07.3,51:10.6,3.3,1803,Western United,build_up,high_block,-48.66,5.85,-47.13,-1.14
2015213,Western United v Auckland FC,2,51:10.6,51:12.9,2.3,1803,Western United,direct,defending_direct,-46.2,-1.84,-8.03,-9.27
2015213,Western United v Auckland FC,2,51:12.9,51:13.6,0.7,4177,Auckland FC,finish,low_block,7.19,8.96,5.49,7.06
2015213,Western United v Auckland FC,2,51:13.6,51:19.0,5.4,4177,Auckland FC,create,medium_block,5.11,6.94,14.01,-22.4
2015213,Western United v Auckland FC,2,51:19.0,51:23.8,4.8,4177,Auckland FC,finish,low_block,14.51,-23.03,5.57,-21.0
2015213,Western United v Auckland FC,2,51:23.8,51:32.3,8.5,4177,Auckland FC,create,medium_block,4.66,-20.3,23.79,13.0
2015213,Western United v Auckland FC,2,51:32.3,51:37.0,4.7,1803,Western United,chaotic,chaotic,-23.59,-12.86,1.68,-15.87
2015213,Western United v Auckland FC,2,51:37.0,51:39.5,2.5,4177,Auckland FC,chaotic,chaotic,-1.4,16.43,7.01,24.43
2015213,Western United v Auckland FC,2,51:39.5,51:41.5,2.0,1803,Western United,chaotic,chaotic,-6.98,-24.12,-4.85,-12.21
2015213,Western United v Auckland FC,2,51:41.5,51:43.9,2.4,4177,Auckland FC,chaotic,chaotic,4.92,11.75,10.75,1.93
2015213,Western United v Auckland FC,2,51:43.9,51:50.0,6.1,1803,Western United,create,medium_block,-10.6,-2.01,24.21,-13.16
2015213,Western United v Auckland FC,2,51:50.0,51:54.3,4.3,1803,Western United,finish,low_block,24.79,-13.48,50.74,-1.25
2015213,Western United v Auckland FC,2,51:54.3,52:04.5,10.2,4177,Auckland FC,create,medium_block,-50.81,0.75,-5.82,28.82
2015213,Western United v Auckland FC,2,52:32.1,52:49.6,17.5,4177,Auckland FC,create,medium_block,-8.18,28.28,-19.7,-27.7
2015213,Western United v Auckland FC,2,52:49.6,52:52.7,3.1,4177,Auckland FC,build_up,high_block,-20.96,-27.22,-27.1,-27.17
2015213,Western United v Auckland FC,2,52:52.7,52:55.3,2.6,4177,Auckland FC,direct,defending_direct,-25.92,-27.07,11.76,-23.14
2015213,Western United v Auckland FC,2,52:55.3,52:59.8,4.5,1803,Western United,chaotic,chaotic,-11.89,23.06,-3.47,31.07
2015213,Western United v Auckland FC,2,52:59.8,53:02.6,2.8,1803,Western United,direct,defending_direct,-2.57,30.5,32.06,4.56
2015213,Western United v Auckland FC,2,53:02.6,53:29.6,27.0,4177,Auckland FC,build_up,high_block,-33.12,-4.0,-20.98,5.24
2015213,Western United v Auckland FC,2,53:29.6,53:37.3,7.7,4177,Auckland FC,create,medium_block,-19.77,6.36,9.38,25.77
2015213,Western United v Auckland FC,2,53:37.3,53:44.8,7.5,1803,Western United,transition,defending_transition,-9.19,-26.36,42.63,-14.02
2015213,Western United v Auckland FC,2,54:27.2,54:35.6,8.4,1803,Western United,set_play,defending_set_play,46.33,-18.2,-29.97,-32.5
2015213,Western United v Auckland FC,2,54:58.1,55:04.9,6.8,1803,Western United,finish,low_block,33.16,28.47,39.83,12.0
2015213,Western United v Auckland FC,2,55:04.9,55:13.9,9.0,4177,Auckland FC,transition,defending_transition,-39.69,-11.44,10.37,-31.99
2015213,Western United v Auckland FC,2,55:30.7,55:32.7,2.0,1803,Western United,chaotic,chaotic,-14.2,31.68,1.53,23.44
2015213,Western United v Auckland FC,2,55:32.7,55:34.0,1.3,4177,Auckland FC,chaotic,chaotic,-2.1,-23.6,2.8,-22.29
2015213,Western United v Auckland FC,2,55:34.0,55:36.4,2.4,1803,Western United,chaotic,chaotic,-2.94,22.01,-3.53,14.78
2015213,Western United v Auckland FC,2,55:36.4,55:39.8,3.4,4177,Auckland FC,chaotic,chaotic,3.78,-14.57,15.01,-14.8
2015213,Western United v Auckland FC,2,55:39.8,55:46.6,6.8,1803,Western United,chaotic,chaotic,-14.96,15.22,29.59,33.34
2015213,Western United v Auckland FC,2,56:40.6,56:45.0,4.4,4177,Auckland FC,direct,defending_direct,-13.79,-28.65,45.96,-10.06
2015213,Western United v Auckland FC,2,56:45.0,56:58.6,13.6,1803,Western United,build_up,high_block,-46.22,10.02,-20.87,-30.3
2015213,Western United v Auckland FC,2,56:58.6,57:01.4,2.8,1803,Western United,create,medium_block,-19.85,-30.73,-1.53,-33.66
2015213,Western United v Auckland FC,2,57:01.4,57:02.4,1.0,4177,Auckland FC,chaotic,chaotic,0.84,33.97,-4.09,35.85
2015213,Western United v Auckland FC,2,57:17.6,57:19.1,1.5,1803,Western United,chaotic,chaotic,14.07,-30.64,15.9,-33.6
2015213,Western United v Auckland FC,2,57:31.3,57:33.6,2.3,4177,Auckland FC,create,medium_block,-6.9,33.95,-18.86,26.41
2015213,Western United v Auckland FC,2,57:33.6,57:38.8,5.2,4177,Auckland FC,build_up,high_block,-20.11,26.08,-20.27,-7.35
2015213,Western United v Auckland FC,2,57:38.8,57:39.4,0.6,4177,Auckland FC,create,medium_block,-19.22,-6.97,-16.02,-5.62
2015213,Western United v Auckland FC,2,57:39.4,57:40.8,1.4,1803,Western United,chaotic,chaotic,16.47,5.66,26.38,7.93
2015213,Western United v Auckland FC,2,57:40.8,57:54.5,13.7,4177,Auckland FC,transition,defending_transition,-26.0,-8.24,47.03,-2.42
2015213,Western United v Auckland FC,2,58:25.0,58:30.7,5.7,1803,Western United,build_up,high_block,-47.45,-3.22,-48.59,18.95
2015213,Western United v Auckland FC,2,58:30.7,58:34.3,3.6,1803,Western United,direct,defending_direct,-48.06,19.41,-5.12,23.7
2015213,Western United v Auckland FC,2,58:34.3,58:52.6,18.3,1803,Western United,create,medium_block,-4.68,23.51,47.07,24.23
2015213,Western United v Auckland FC,2,58:52.6,58:59.1,6.5,4177,Auckland FC,build_up,high_block,-47.18,-24.62,-21.6,-26.59
2015213,Western United v Auckland FC,2,58:59.1,59:08.0,8.9,4177,Auckland FC,create,medium_block,-19.88,-26.54,18.46,-28.1
2015213,Western United v Auckland FC,2,59:08.0,59:21.3,13.3,1803,Western United,create,medium_block,-19.17,28.08,20.79,37.69
2015213,Western United v Auckland FC,2,59:53.9,59:54.9,1.0,1803,Western United,chaotic,chaotic,27.91,33.23,36.54,31.57
2015213,Western United v Auckland FC,2,60:15.0,60:20.5,5.5,4177,Auckland FC,direct,defending_direct,-47.67,-6.16,4.5,-2.74
2015213,Western United v Auckland FC,2,60:20.5,60:23.5,3.0,4177,Auckland FC,create,medium_block,4.64,-2.83,17.09,-13.35
2015213,Western United v Auckland FC,2,60:23.5,60:24.9,1.4,1803,Western United,chaotic,chaotic,-17.08,13.61,-10.09,15.0
2015213,Western United v Auckland FC,2,60:24.9,60:26.5,1.6,4177,Auckland FC,chaotic,chaotic,10.33,-15.11,28.59,-16.41
2015213,Western United v Auckland FC,2,60:58.3,61:08.4,10.1,4177,Auckland FC,set_play,defending_set_play,51.13,-35.33,-52.9,13.48
2015213,Western United v Auckland FC,2,61:37.1,61:42.3,5.2,4177,Auckland FC,set_play,defending_set_play,52.74,-31.88,53.9,0.24
2015213,Western United v Auckland FC,2,63:18.4,63:20.1,1.7,1803,Western United,chaotic,chaotic,-23.75,-18.0,-18.39,-25.65
2015213,Western United v Auckland FC,2,63:20.1,63:23.1,3.0,1803,Western United,direct,defending_direct,-16.4,-26.09,17.54,-29.42
2015213,Western United v Auckland FC,2,63:45.9,63:46.8,0.9,1803,Western United,chaotic,chaotic,28.46,-30.76,32.49,-28.04
2015213,Western United v Auckland FC,2,63:46.8,63:51.5,4.7,4177,Auckland FC,chaotic,chaotic,-32.88,27.72,-8.92,24.56
2015213,Western United v Auckland FC,2,63:51.5,63:52.8,1.3,1803,Western United,chaotic,chaotic,8.42,-24.48,6.02,-22.88
2015213,Western United v Auckland FC,2,63:52.8,64:00.5,7.7,4177,Auckland FC,create,medium_block,-5.83,22.64,12.39,29.98
2015213,Western United v Auckland FC,2,64:26.3,64:28.4,2.1,4177,Auckland FC,finish,low_block,5.52,26.07,6.01,24.96
2015213,Western United v Auckland FC,2,64:28.4,64:31.5,3.1,4177,Auckland FC,create,medium_block,6.09,25.13,28.34,30.29
2015213,Western United v Auckland FC,2,64:51.5,64:55.2,3.7,4177,Auckland FC,set_play,defending_set_play,36.42,30.08,50.71,-1.6
2015213,Western United v Auckland FC,2,65:10.3,65:27.6,17.3,1803,Western United,build_up,high_block,-49.38,4.51,-30.0,-26.63
2015213,Western United v Auckland FC,2,65:27.6,65:31.7,4.1,1803,Western United,direct,defending_direct,-28.95,-26.87,23.68,-11.84
2015213,Western United v Auckland FC,2,65:31.7,65:43.8,12.1,4177,Auckland FC,build_up,high_block,-24.16,11.82,-20.2,4.16
2015213,Western United v Auckland FC,2,65:43.8,66:02.5,18.7,4177,Auckland FC,create,medium_block,-19.46,4.8,-9.38,20.84
2015213,Western United v Auckland FC,2,66:29.5,66:30.6,1.1,1803,Western United,chaotic,chaotic,34.34,-30.08,37.02,-24.3
2015213,Western United v Auckland FC,2,66:30.6,66:34.0,3.4,4177,Auckland FC,direct,defending_direct,-36.45,24.15,-2.48,22.49
2015213,Western United v Auckland FC,2,66:34.0,66:38.1,4.1,1803,Western United,create,medium_block,2.37,-22.36,18.15,0.08
2015213,Western United v Auckland FC,2,66:38.1,66:43.1,5.0,1803,Western United,finish,low_block,17.98,1.02,6.41,29.08
2015213,Western United v Auckland FC,2,66:43.1,66:46.7,3.6,1803,Western United,create,medium_block,5.69,29.02,-19.43,15.16
2015213,Western United v Auckland FC,2,66:46.7,66:53.6,6.9,1803,Western United,build_up,high_block,-20.33,14.63,-38.72,2.0
2015213,Western United v Auckland FC,2,66:53.6,66:56.9,3.3,1803,Western United,direct,defending_direct,-37.79,1.78,3.19,11.25
2015213,Western United v Auckland FC,2,66:56.9,67:03.3,6.4,1803,Western United,create,medium_block,3.5,11.21,12.69,16.8
2015213,Western United v Auckland FC,2,67:03.3,67:22.3,19.0,1803,Western United,finish,low_block,13.03,16.72,31.14,-2.28
2015213,Western United v Auckland FC,2,67:22.3,67:26.2,3.9,4177,Auckland FC,chaotic,chaotic,-31.43,2.58,-29.21,15.06
2015213,Western United v Auckland FC,2,67:47.6,68:12.5,24.9,4177,Auckland FC,create,medium_block,-21.63,14.65,19.39,-32.66
2015213,Western United v Auckland FC,2,68:30.7,68:32.8,2.1,1803,Western United,chaotic,chaotic,-14.5,32.73,-5.66,22.04
2015213,Western United v Auckland FC,2,68:32.8,68:36.6,3.8,4177,Auckland FC,create,medium_block,5.65,-21.51,22.2,-4.28
2015213,Western United v Auckland FC,2,68:36.6,68:40.9,4.3,4177,Auckland FC,finish,low_block,22.64,-3.95,47.57,-2.67
2015213,Western United v Auckland FC,2,69:27.3,69:34.1,6.8,1803,Western United,build_up,high_block,-47.94,7.16,-25.29,-22.66
2015213,Western United v Auckland FC,2,69:34.1,69:36.0,1.9,4177,Auckland FC,chaotic,chaotic,25.43,22.78,18.67,23.53
2015213,Western United v Auckland FC,2,69:36.0,69:41.7,5.7,1803,Western United,chaotic,chaotic,-17.7,-22.94,23.81,-7.17
2015213,Western United v Auckland FC,2,69:41.7,69:44.1,2.4,4177,Auckland FC,chaotic,chaotic,-24.13,6.54,-34.79,-2.35
2015213,Western United v Auckland FC,2,69:44.1,69:52.0,7.9,4177,Auckland FC,direct,defending_direct,-34.55,-2.07,29.03,3.09
2015213,Western United v Auckland FC,2,69:52.0,69:53.8,1.8,1803,Western United,chaotic,chaotic,-29.04,-2.85,-22.07,-4.26
2015213,Western United v Auckland FC,2,69:53.8,70:03.6,9.8,4177,Auckland FC,finish,low_block,21.98,4.15,49.68,-0.91
2015213,Western United v Auckland FC,2,70:03.6,70:25.0,21.4,1803,Western United,build_up,high_block,-49.66,0.13,-21.05,9.3
2015213,Western United v Auckland FC,2,70:25.0,70:28.1,3.1,1803,Western United,create,medium_block,-19.91,8.71,-7.77,2.85
2015213,Western United v Auckland FC,2,70:28.1,70:28.7,0.6,4177,Auckland FC,finish,low_block,7.56,-2.33,6.78,0.25
2015213,Western United v Auckland FC,2,70:28.7,70:39.9,11.2,4177,Auckland FC,create,medium_block,6.61,0.68,9.23,-9.4
2015213,Western United v Auckland FC,2,72:00.1,72:00.9,0.8,4177,Auckland FC,set_play,defending_set_play,26.26,3.4,33.6,7.07
2015213,Western United v Auckland FC,2,72:00.9,72:04.1,3.2,1803,Western United,build_up,high_block,-33.5,-7.76,-20.58,-21.52
2015213,Western United v Auckland FC,2,72:04.1,72:11.5,7.4,1803,Western United,create,medium_block,-19.96,-21.78,36.91,-2.65
2015213,Western United v Auckland FC,2,72:11.5,72:17.1,5.6,4177,Auckland FC,build_up,high_block,-37.47,2.26,-21.2,4.32
2015213,Western United v Auckland FC,2,72:17.1,72:24.5,7.4,4177,Auckland FC,create,medium_block,-19.65,2.9,-7.72,-26.58
2015213,Western United v Auckland FC,2,72:37.5,72:53.0,15.5,1803,Western United,create,medium_block,-2.56,27.88,34.45,6.91
2015213,Western United v Auckland FC,2,72:53.0,72:58.0,5.0,4177,Auckland FC,build_up,high_block,-34.79,-6.91,-20.7,17.61
2015213,Western United v Auckland FC,2,72:58.0,73:14.1,16.1,4177,Auckland FC,create,medium_block,-19.83,18.72,-5.19,-3.74
2015213,Western United v Auckland FC,2,73:49.2,73:50.2,1.0,4177,Auckland FC,set_play,defending_set_play,3.99,-3.58,20.66,4.91
2015213,Western United v Auckland FC,2,74:14.3,74:19.9,5.6,1803,Western United,build_up,high_block,-40.1,-5.73,-37.86,26.79
2015213,Western United v Auckland FC,2,74:19.9,74:26.6,6.7,1803,Western United,direct,defending_direct,-36.67,27.08,11.97,21.35
2015213,Western United v Auckland FC,2,74:26.6,74:37.6,11.0,4177,Auckland FC,create,medium_block,-12.25,-20.9,14.96,-28.91
2015213,Western United v Auckland FC,2,74:37.6,74:40.2,2.6,1803,Western United,chaotic,chaotic,-14.71,29.07,11.02,23.59
2015213,Western United v Auckland FC,2,74:40.2,74:41.5,1.3,4177,Auckland FC,chaotic,chaotic,-10.93,-23.44,-0.83,-23.45
2015213,Western United v Auckland FC,2,74:41.5,74:50.9,9.4,1803,Western United,chaotic,chaotic,0.81,23.38,39.49,-5.02
2015213,Western United v Auckland FC,2,75:47.3,75:48.3,1.0,4177,Auckland FC,direct,defending_direct,-2.77,20.09,4.61,26.16
2015213,Western United v Auckland FC,2,75:57.1,76:05.8,8.7,4177,Auckland FC,create,medium_block,11.76,30.98,11.54,-30.2
2015213,Western United v Auckland FC,2,76:05.8,76:10.3,4.5,4177,Auckland FC,finish,low_block,11.85,-30.37,5.23,-20.96
2015213,Western United v Auckland FC,2,76:10.3,76:26.7,16.4,4177,Auckland FC,create,medium_block,4.7,-20.47,9.05,19.76
2015213,Western United v Auckland FC,2,76:26.7,76:28.7,2.0,1803,Western United,chaotic,chaotic,-8.85,-20.13,2.11,-24.7
2015213,Western United v Auckland FC,2,76:28.7,76:29.9,1.2,4177,Auckland FC,chaotic,chaotic,-2.13,24.71,5.66,24.81
2015213,Western United v Auckland FC,2,76:29.9,76:32.9,3.0,1803,Western United,chaotic,chaotic,-5.71,-24.72,5.35,-26.15
2015213,Western United v Auckland FC,2,76:32.9,76:38.5,5.6,4177,Auckland FC,create,medium_block,-5.28,26.23,18.65,33.44
2015213,Western United v Auckland FC,2,76:38.5,76:39.5,1.0,4177,Auckland FC,finish,low_block,19.39,33.56,24.61,34.35
2015213,Western United v Auckland FC,2,76:58.9,77:01.0,2.1,1803,Western United,chaotic,chaotic,-12.54,-31.07,-0.0,-29.35
2015213,Western United v Auckland FC,2,77:01.0,77:03.6,2.6,4177,Auckland FC,chaotic,chaotic,-0.19,29.71,7.67,30.0
2015213,Western United v Auckland FC,2,77:03.6,77:08.3,4.7,1803,Western United,chaotic,chaotic,-7.54,-30.09,12.96,-28.48
2015213,Western United v Auckland FC,2,77:08.3,77:12.0,3.7,4177,Auckland FC,chaotic,chaotic,-13.42,28.47,-23.54,35.33
2015213,Western United v Auckland FC,2,77:32.9,77:33.9,1.0,1803,Western United,chaotic,chaotic,29.12,-34.1,30.99,-31.62
2015213,Western United v Auckland FC,2,78:22.1,78:31.4,9.3,4177,Auckland FC,set_play,defending_set_play,,,-5.19,-14.26
2015213,Western United v Auckland FC,2,78:31.4,78:32.0,0.6,1803,Western United,direct,defending_direct,-4.72,-14.19,-2.66,-14.39
2015213,Western United v Auckland FC,2,78:32.0,78:36.7,4.7,4177,Auckland FC,create,medium_block,2.67,14.62,12.69,26.85
2015213,Western United v Auckland FC,2,78:36.7,78:39.6,2.9,4177,Auckland FC,finish,low_block,12.74,26.85,25.53,28.97
2015213,Western United v Auckland FC,2,78:39.6,78:41.1,1.5,1803,Western United,chaotic,chaotic,-25.87,-29.02,-23.68,-31.77
2015213,Western United v Auckland FC,2,78:59.2,79:00.2,1.0,1803,Western United,chaotic,chaotic,-11.82,-28.65,-5.11,-23.82
2015213,Western United v Auckland FC,2,79:18.5,79:25.3,6.8,4177,Auckland FC,build_up,high_block,-33.44,26.43,-24.26,-26.11
2015213,Western United v Auckland FC,2,79:25.3,79:28.2,2.9,4177,Auckland FC,direct,defending_direct,-23.28,-26.25,20.88,-30.24
2015213,Western United v Auckland FC,2,79:28.2,79:29.5,1.3,1803,Western United,chaotic,chaotic,-22.14,30.53,-35.73,33.44
2015213,Western United v Auckland FC,2,79:36.6,79:55.5,18.9,4177,Auckland FC,finish,low_block,32.04,-30.41,38.34,6.23
2015213,Western United v Auckland FC,2,79:55.5,79:56.4,0.9,1803,Western United,chaotic,chaotic,-38.17,-5.99,-26.14,-10.01
2015213,Western United v Auckland FC,2,81:40.7,81:45.2,4.5,1803,Western United,direct,defending_direct,-5.57,-26.49,29.0,-22.41
2015213,Western United v Auckland FC,2,81:45.2,82:05.2,20.0,4177,Auckland FC,transition,defending_transition,-29.18,21.88,43.81,-3.06
2015213,Western United v Auckland FC,2,82:05.2,82:08.7,3.5,1803,Western United,chaotic,chaotic,-43.16,3.46,-18.09,20.98
2015213,Western United v Auckland FC,2,82:08.7,82:13.2,4.5,4177,Auckland FC,chaotic,chaotic,17.72,-21.41,-4.97,-34.02
2015213,Western United v Auckland FC,2,83:05.5,83:07.3,1.8,1803,Western United,chaotic,chaotic,16.01,26.61,20.64,13.68
2015213,Western United v Auckland FC,2,83:07.3,83:21.9,14.6,4177,Auckland FC,create,medium_block,-20.69,-13.05,11.36,24.82
2015213,Western United v Auckland FC,2,83:21.9,83:30.5,8.6,4177,Auckland FC,finish,low_block,11.78,24.75,5.5,20.28
2015213,Western United v Auckland FC,2,83:30.5,83:40.7,10.2,4177,Auckland FC,create,medium_block,4.68,19.45,-19.58,-21.83
2015213,Western United v Auckland FC,2,83:40.7,83:45.7,5.0,4177,Auckland FC,build_up,high_block,-20.0,-21.61,-20.65,-14.96
2015213,Western United v Auckland FC,2,83:45.7,83:47.7,2.0,4177,Auckland FC,create,medium_block,-19.4,-14.69,-12.52,-28.12
2015213,Western United v Auckland FC,2,83:47.7,83:50.5,2.8,1803,Western United,chaotic,chaotic,12.42,28.02,7.23,28.41
2015213,Western United v Auckland FC,2,84:07.3,84:18.5,11.2,4177,Auckland FC,create,medium_block,,,-15.29,-19.44
2015213,Western United v Auckland FC,2,84:18.5,84:21.0,2.5,4177,Auckland FC,direct,defending_direct,-14.72,-19.77,18.14,-30.83
2015213,Western United v Auckland FC,2,84:21.0,84:21.7,0.7,4177,Auckland FC,create,medium_block,18.65,-30.81,18.42,-29.1
2015213,Western United v Auckland FC,2,84:21.7,84:25.8,4.1,4177,Auckland FC,finish,low_block,18.27,-28.92,26.76,-30.97
2015213,Western United v Auckland FC,2,84:30.5,84:32.9,2.4,4177,Auckland FC,chaotic,chaotic,34.48,-28.26,42.52,-9.71
2015213,Western United v Auckland FC,2,84:32.9,84:37.4,4.5,1803,Western United,chaotic,chaotic,-42.67,9.31,-21.55,30.14
2015213,Western United v Auckland FC,2,85:14.8,85:15.8,1.0,4177,Auckland FC,finish,low_block,10.64,-26.79,5.58,-21.59
2015213,Western United v Auckland FC,2,85:15.8,85:25.5,9.7,4177,Auckland FC,create,medium_block,5.03,-19.87,25.73,-30.99
2015213,Western United v Auckland FC,2,85:25.5,85:27.9,2.4,4177,Auckland FC,finish,low_block,26.71,-31.1,47.15,-15.82
2015213,Western United v Auckland FC,2,85:45.8,85:50.9,5.1,1803,Western United,build_up,high_block,-47.3,4.69,-44.68,-25.57
2015213,Western United v Auckland FC,2,85:50.9,85:53.4,2.5,1803,Western United,direct,defending_direct,-43.56,-26.06,-8.73,-6.52
2015213,Western United v Auckland FC,2,85:53.4,85:57.1,3.7,1803,Western United,create,medium_block,-8.24,-5.74,-1.86,15.92
2015213,Western United v Auckland FC,2,86:04.1,86:05.5,1.4,4177,Auckland FC,create,medium_block,-13.07,-34.51,-19.76,-29.99
2015213,Western United v Auckland FC,2,86:05.5,86:10.5,5.0,4177,Auckland FC,build_up,high_block,-20.44,-29.37,-40.1,-10.71
2015213,Western United v Auckland FC,2,86:10.5,86:14.1,3.6,4177,Auckland FC,direct,defending_direct,-38.84,-11.17,7.52,-26.78
2015213,Western United v Auckland FC,2,86:14.1,86:15.7,1.6,1803,Western United,chaotic,chaotic,-8.16,27.13,-4.02,35.11
2015213,Western United v Auckland FC,2,86:18.1,86:32.4,14.3,4177,Auckland FC,create,medium_block,4.34,-36.5,-3.94,4.89
2015213,Western United v Auckland FC,2,86:32.4,86:36.6,4.2,1803,Western United,quick_break,defending_quick_break,4.22,-5.25,27.98,-5.36
2015213,Western United v Auckland FC,2,86:36.6,86:38.1,1.5,4177,Auckland FC,chaotic,chaotic,-28.5,4.7,-24.63,2.55
2015213,Western United v Auckland FC,2,86:38.1,86:43.3,5.2,1803,Western United,quick_break,defending_quick_break,24.56,-2.52,50.06,7.7
2015213,Western United v Auckland FC,2,87:22.3,87:26.9,4.6,1803,Western United,set_play,defending_set_play,50.74,28.04,45.23,6.05
2015213,Western United v Auckland FC,2,87:42.4,87:45.7,3.3,4177,Auckland FC,direct,defending_direct,,,1.0,-14.97
2015213,Western United v Auckland FC,2,87:45.7,87:49.9,4.2,1803,Western United,chaotic,chaotic,-0.72,14.78,6.89,25.18
2015213,Western United v Auckland FC,2,87:49.9,87:54.0,4.1,4177,Auckland FC,create,medium_block,-7.45,-25.73,-19.69,-24.82
2015213,Western United v Auckland FC,2,87:54.0,88:01.2,7.2,4177,Auckland FC,build_up,high_block,-20.34,-24.29,-20.11,26.32
2015213,Western United v Auckland FC,2,88:01.2,88:06.9,5.7,4177,Auckland FC,create,medium_block,-19.62,26.63,-0.33,12.76
2015213,Western United v Auckland FC,2,88:06.9,88:17.4,10.5,1803,Western United,create,medium_block,0.04,-12.79,19.77,26.64
2015213,Western United v Auckland FC,2,88:17.4,88:24.5,7.1,1803,Western United,finish,low_block,19.91,27.09,5.23,11.87
2015213,Western United v Auckland FC,2,88:24.5,88:25.4,0.9,1803,Western United,create,medium_block,4.84,11.67,3.48,10.28
2015213,Western United v Auckland FC,2,88:25.4,88:27.6,2.2,4177,Auckland FC,chaotic,chaotic,-3.86,-9.56,-10.81,3.52
2015213,Western United v Auckland FC,2,89:14.7,89:15.7,1.0,1803,Western United,set_play,defending_set_play,11.76,1.41,21.87,11.65
2015213,Western United v Auckland FC,2,89:33.0,89:39.1,6.1,1803,Western United,finish,low_block,21.32,30.89,-0.35,-15.94
2015213,Western United v Auckland FC,2,89:39.1,89:40.1,1.0,1803,Western United,chaotic,chaotic,0.95,15.59,20.34,16.85
2015213,Western United v Auckland FC,2,89:52.2,89:53.5,1.3,4177,Auckland FC,create,medium_block,-16.32,-6.71,-0.43,-3.51
2015213,Western United v Auckland FC,2,89:53.5,89:56.0,2.5,1803,Western United,chaotic,chaotic,-0.02,2.6,-4.25,-16.02
2015213,Western United v Auckland FC,2,89:56.0,89:59.0,3.0,4177,Auckland FC,chaotic,chaotic,4.3,16.12,13.52,24.01
2015213,Western United v Auckland FC,2,89:59.0,89:59.7,0.7,1803,Western United,create,medium_block,-14.55,-24.58,-19.57,-26.11
2015213,Western United v Auckland FC,2,89:59.7,90:05.4,5.7,1803,Western United,build_up,high_block,-20.31,-26.28,-20.26,-16.72
2015213,Western United v Auckland FC,2,90:05.4,90:14.9,9.5,1803,Western United,create,medium_block,-19.7,-16.96,24.45,25.91
2015213,Western United v Auckland FC,2,90:14.9,90:28.7,13.8,1803,Western United,finish,low_block,24.84,26.26,-30.91,-19.65
2015213,Western United v Auckland FC,2,90:28.7,90:31.9,3.2,1803,Western United,chaotic,chaotic,30.8,19.61,25.19,12.55
2015213,Western United v Auckland FC,2,90:53.2,90:55.3,2.1,4177,Auckland FC,create,medium_block,-2.77,-9.06,28.58,-11.31
2015213,Western United v Auckland FC,2,90:55.3,90:56.3,1.0,1803,Western United,chaotic,chaotic,-28.78,11.47,-21.59,12.44
2015213,Western United v Auckland FC,2,90:56.3,90:59.2,2.9,4177,Auckland FC,chaotic,chaotic,21.13,-12.24,34.36,-11.94
2015213,Western United v Auckland FC,2,90:59.2,91:17.8,18.6,1803,Western United,build_up,high_block,-35.1,12.09,-33.4,13.33
2015213,Western United v Auckland FC,2,91:17.8,91:22.9,5.1,1803,Western United,direct,defending_direct,-32.59,13.36,-0.15,35.93
2015213,Western United v Auckland FC,2,91:24.6,91:26.4,1.8,4177,Auckland FC,chaotic,chaotic,3.8,-34.9,25.73,-27.4
2015213,Western United v Auckland FC,2,91:26.4,91:27.5,1.1,1803,Western United,chaotic,chaotic,-26.34,26.97,-26.91,21.64
2015213,Western United v Auckland FC,2,91:27.5,91:30.2,2.7,4177,Auckland FC,chaotic,chaotic,27.03,-21.36,39.21,-25.96
2015213,Western United v Auckland FC,2,92:11.0,92:12.0,1.0,1803,Western United,create,medium_block,,,-22.62,20.29
2015213,Western United v Auckland FC,2,92:19.8,92:22.4,2.6,4177,Auckland FC,chaotic,chaotic,25.11,-28.33,34.37,-22.76
2015213,Western United v Auckland FC,2,92:22.4,92:26.9,4.5,1803,Western United,chaotic,chaotic,-34.46,22.54,-9.56,22.32
2015213,Western United v Auckland FC,2,92:26.9,92:28.8,1.9,4177,Auckland FC,finish,low_block,8.98,-22.52,6.28,-18.55
2015213,Western United v Auckland FC,2,92:28.8,92:39.1,10.3,4177,Auckland FC,create,medium_block,5.5,-17.44,19.78,23.99
2015213,Western United v Auckland FC,2,92:39.1,92:44.8,5.7,4177,Auckland FC,finish,low_block,20.33,23.34,46.46,-5.64
2015213,Western United v Auckland FC,2,92:44.8,92:47.3,2.5,1803,Western United,chaotic,chaotic,-46.36,6.09,-37.56,18.62
2015213,Western United v Auckland FC,2,92:54.8,92:56.4,1.6,4177,Auckland FC,chaotic,chaotic,16.86,-29.89,18.94,-30.04
2015213,Western United v Auckland FC,2,92:56.4,92:56.6,0.2,1803,Western United,create,medium_block,-19.39,30.14,-19.83,30.22
2015213,Western United v Auckland FC,2,92:56.6,93:00.3,3.7,1803,Western United,build_up,high_block,-20.24,30.24,-20.11,32.38
2015213,Western United v Auckland FC,2,93:00.3,93:01.1,0.8,1803,Western United,create,medium_block,-19.64,32.26,-17.16,31.18
2015213,Western United v Auckland FC,2,93:01.1,93:06.3,5.2,4177,Auckland FC,quick_break,defending_quick_break,17.45,-31.23,42.24,-17.75
2015213,Western United v Auckland FC,2,93:36.7,93:37.6,0.9,1803,Western United,build_up,high_block,-35.33,13.86,-20.57,19.11
2015213,Western United v Auckland FC,2,93:37.6,93:45.5,7.9,1803,Western United,create,medium_block,-19.05,19.71,15.92,16.78
2015213,Western United v Auckland FC,2,93:45.5,93:53.9,8.4,4177,Auckland FC,transition,defending_transition,-15.93,-16.41,52.55,-1.56
2015213,Western United v Auckland FC,2,94:52.3,95:01.1,8.8,1803,Western United,create,medium_block,-0.7,1.14,30.9,31.58
2015213,Western United v Auckland FC,2,95:22.7,95:33.8,11.1,1803,Western United,finish,low_block,35.16,33.11,52.57,0.28
2013725,Western United v Sydney FC,1,00:00.0,00:34.2,34.2,1803,Western United,create,medium_block,-9.76,0.48,-19.29,15.96
2013725,Western United v Sydney FC,1,00:34.2,00:36.9,2.7,1803,Western United,build_up,high_block,-20.21,14.93,-27.75,1.65
2013725,Western United v Sydney FC,1,00:36.9,00:39.7,2.8,1803,Western United,direct,defending_direct,-27.23,0.89,15.61,-21.82
2013725,Western United v Sydney FC,1,00:39.7,00:43.7,4.0,869,Sydney FC,chaotic,chaotic,-16.7,22.07,-40.19,14.4
2013725,Western United v Sydney FC,1,00:43.7,00:46.2,2.5,869,Sydney FC,direct,defending_direct,-38.66,14.85,1.76,12.94
2013725,Western United v Sydney FC,1,00:46.2,00:50.5,4.3,1803,Western United,chaotic,chaotic,-1.43,-12.4,17.86,-4.28
2013725,Western United v Sydney FC,1,01:05.9,01:12.7,6.8,1803,Western United,finish,low_block,19.84,-3.38,5.16,-4.31
2013725,Western United v Sydney FC,1,01:12.7,01:37.8,25.1,1803,Western United,create,medium_block,5.07,-3.65,16.74,26.06
2013725,Western United v Sydney FC,1,01:37.8,01:47.1,9.3,1803,Western United,finish,low_block,18.57,25.84,55.3,30.07
2013725,Western United v Sydney FC,1,02:20.0,02:23.4,3.4,869,Sydney FC,direct,defending_direct,-45.63,13.62,7.47,28.15
2013725,Western United v Sydney FC,1,02:23.4,02:25.0,1.6,1803,Western United,chaotic,chaotic,-7.43,-28.33,9.71,-25.33
2013725,Western United v Sydney FC,1,02:25.0,02:30.1,5.1,869,Sydney FC,create,medium_block,-10.08,25.13,27.63,22.22
2013725,Western United v Sydney FC,1,02:30.1,02:40.1,10.0,869,Sydney FC,finish,low_block,28.13,21.78,6.94,24.59
2013725,Western United v Sydney FC,1,02:40.1,02:52.3,12.2,869,Sydney FC,create,medium_block,5.88,23.61,-2.47,33.35
2013725,Western United v Sydney FC,1,02:52.3,02:56.4,4.1,869,Sydney FC,direct,defending_direct,-1.63,33.36,42.94,19.13
2013725,Western United v Sydney FC,1,02:56.4,02:57.4,1.0,1803,Western United,chaotic,chaotic,-43.72,-18.87,-49.63,-21.35
2013725,Western United v Sydney FC,1,03:29.8,03:37.4,7.6,869,Sydney FC,set_play,defending_set_play,52.37,31.3,-46.01,1.39
2013725,Western United v Sydney FC,1,03:37.4,03:55.0,17.6,1803,Western United,transition,defending_transition,-45.38,0.97,51.67,-2.36
2013725,Western United v Sydney FC,1,05:53.6,05:58.4,4.8,869,Sydney FC,create,medium_block,-1.06,0.65,-19.91,22.31
2013725,Western United v Sydney FC,1,05:58.4,06:05.3,6.9,869,Sydney FC,build_up,high_block,-20.01,22.23,-20.28,-26.09
2013725,Western United v Sydney FC,1,06:05.3,06:05.5,0.2,869,Sydney FC,create,medium_block,-19.39,-26.45,-18.88,-26.78
2013725,Western United v Sydney FC,1,06:05.5,06:12.9,7.4,1803,Western United,quick_break,defending_quick_break,18.9,27.04,53.91,29.74
2013725,Western United v Sydney FC,1,06:43.1,06:50.1,7.0,869,Sydney FC,direct,defending_direct,,,47.18,24.59
2013725,Western United v Sydney FC,1,06:50.1,07:15.9,25.8,869,Sydney FC,finish,low_block,47.61,24.59,5.74,-30.34
2013725,Western United v Sydney FC,1,07:15.9,07:25.2,9.3,869,Sydney FC,create,medium_block,5.69,-30.28,18.96,-25.1
2013725,Western United v Sydney FC,1,07:25.2,07:25.4,0.2,1803,Western United,create,medium_block,-19.51,25.46,-19.87,25.94
2013725,Western United v Sydney FC,1,07:25.4,07:36.0,10.6,1803,Western United,build_up,high_block,-20.15,26.48,-20.16,4.48
2013725,Western United v Sydney FC,1,07:36.0,07:36.1,0.1,1803,Western United,create,medium_block,-19.67,4.41,-19.67,4.41
2013725,Western United v Sydney FC,1,07:36.1,07:53.6,17.5,869,Sydney FC,quick_break,defending_quick_break,19.49,-4.34,48.89,-7.11
2013725,Western United v Sydney FC,1,07:53.6,07:58.1,4.5,1803,Western United,chaotic,chaotic,-48.98,7.3,-26.7,18.92
2013725,Western United v Sydney FC,1,07:58.1,08:04.7,6.6,869,Sydney FC,finish,low_block,26.15,-18.79,5.14,13.99
2013725,Western United v Sydney FC,1,08:04.7,08:08.3,3.6,869,Sydney FC,create,medium_block,5.03,14.71,11.81,21.93
2013725,Western United v Sydney FC,1,08:08.3,08:10.5,2.2,1803,Western United,create,medium_block,-11.67,-21.73,-19.73,-17.27
2013725,Western United v Sydney FC,1,08:10.5,08:30.6,20.1,1803,Western United,build_up,high_block,-20.84,-17.35,-20.42,-23.85
2013725,Western United v Sydney FC,1,08:30.6,08:32.5,1.9,1803,Western United,create,medium_block,-19.76,-24.67,-13.15,-31.59
2013725,Western United v Sydney FC,1,08:32.5,08:35.1,2.6,1803,Western United,direct,defending_direct,-12.38,-31.4,23.0,-15.02
2013725,Western United v Sydney FC,1,08:35.1,08:46.8,11.7,869,Sydney FC,build_up,high_block,-23.72,14.4,-39.83,31.34
2013725,Western United v Sydney FC,1,09:06.1,09:09.3,3.2,869,Sydney FC,chaotic,chaotic,,,-9.36,28.93
2013725,Western United v Sydney FC,1,09:09.3,09:20.0,10.7,1803,Western United,create,medium_block,9.87,-28.52,-19.76,-16.62
2013725,Western United v Sydney FC,1,09:20.0,09:24.9,4.9,1803,Western United,build_up,high_block,-20.32,-16.91,-40.54,-10.5
2013725,Western United v Sydney FC,1,09:24.9,09:28.3,3.4,1803,Western United,direct,defending_direct,-39.71,-10.86,4.17,-22.72
2013725,Western United v Sydney FC,1,09:28.3,09:33.1,4.8,1803,Western United,create,medium_block,4.75,-22.97,-2.89,-32.32
2013725,Western United v Sydney FC,1,09:45.3,09:56.1,10.8,1803,Western United,create,medium_block,,,13.92,30.44
2013725,Western United v Sydney FC,1,09:56.1,09:58.1,2.0,1803,Western United,finish,low_block,14.43,30.75,26.95,18.08
2013725,Western United v Sydney FC,1,09:58.1,10:09.8,11.7,869,Sydney FC,chaotic,chaotic,-27.25,-17.83,5.89,-11.57
2013725,Western United v Sydney FC,1,10:09.8,10:12.0,2.2,1803,Western United,chaotic,chaotic,-5.85,11.56,-0.35,12.19
2013725,Western United v Sydney FC,1,10:12.0,10:18.1,6.1,869,Sydney FC,create,medium_block,0.33,-12.31,23.09,5.06
2013725,Western United v Sydney FC,1,10:18.1,10:24.3,6.2,869,Sydney FC,finish,low_block,23.48,5.39,50.5,-6.2
2013725,Western United v Sydney FC,1,10:58.3,11:16.4,18.1,869,Sydney FC,set_play,defending_set_play,50.67,27.52,5.43,-19.1
2013725,Western United v Sydney FC,1,11:16.4,11:20.9,4.5,869,Sydney FC,create,medium_block,3.79,-18.69,-22.15,-10.08
2013725,Western United v Sydney FC,1,11:20.9,11:24.7,3.8,869,Sydney FC,direct,defending_direct,-21.53,-10.45,19.96,-19.69
2013725,Western United v Sydney FC,1,11:24.7,11:30.9,6.2,1803,Western United,chaotic,chaotic,-20.26,19.08,-47.44,17.12
2013725,Western United v Sydney FC,1,11:30.9,11:32.0,1.1,869,Sydney FC,chaotic,chaotic,47.59,-16.52,51.48,-4.22
2013725,Western United v Sydney FC,1,11:32.0,12:08.5,36.5,1803,Western United,create,medium_block,-51.51,4.68,19.62,28.38
2013725,Western United v Sydney FC,1,12:08.5,12:17.0,8.5,1803,Western United,finish,low_block,20.88,28.41,48.81,35.54
2013725,Western United v Sydney FC,1,12:20.3,12:26.3,6.0,1803,Western United,finish,low_block,44.32,35.39,41.37,8.72
2013725,Western United v Sydney FC,1,12:26.3,12:34.0,7.7,869,Sydney FC,transition,defending_transition,-40.67,-8.47,3.36,-9.89
2013725,Western United v Sydney FC,1,12:34.0,12:58.7,24.7,1803,Western United,create,medium_block,-4.06,9.44,11.16,31.53
2013725,Western United v Sydney FC,1,12:58.7,13:02.1,3.4,1803,Western United,finish,low_block,11.25,31.4,5.33,11.93
2013725,Western United v Sydney FC,1,13:02.1,13:07.3,5.2,1803,Western United,create,medium_block,4.91,11.13,13.48,-6.48
2013725,Western United v Sydney FC,1,13:07.3,13:16.9,9.6,869,Sydney FC,transition,defending_transition,-13.54,6.52,46.95,0.82
2013725,Western United v Sydney FC,1,13:47.5,14:14.5,27.0,1803,Western United,create,medium_block,,,24.27,-1.62
2013725,Western United v Sydney FC,1,14:48.3,14:50.8,2.5,869,Sydney FC,direct,defending_direct,,,12.07,-24.64
2013725,Western United v Sydney FC,1,14:50.8,14:56.7,5.9,1803,Western United,chaotic,chaotic,-11.61,24.34,1.44,-11.26
2013725,Western United v Sydney FC,1,14:56.7,15:00.0,3.3,869,Sydney FC,chaotic,chaotic,-1.68,11.54,-12.49,10.55
2013725,Western United v Sydney FC,1,15:00.0,15:02.5,2.5,869,Sydney FC,direct,defending_direct,-11.53,9.77,20.66,-17.32
2013725,Western United v Sydney FC,1,15:02.5,15:05.8,3.3,1803,Western United,create,medium_block,-20.93,17.8,-18.81,9.95
2013725,Western United v Sydney FC,1,15:05.8,15:16.9,11.1,1803,Western United,build_up,high_block,-20.4,9.75,-20.01,6.86
2013725,Western United v Sydney FC,1,15:16.9,15:23.1,6.2,1803,Western United,create,medium_block,-18.26,6.55,16.61,-25.88
2013725,Western United v Sydney FC,1,15:23.1,15:34.7,11.6,1803,Western United,finish,low_block,17.38,-26.08,45.29,23.5
2013725,Western United v Sydney FC,1,16:07.1,16:09.9,2.8,1803,Western United,set_play,defending_set_play,48.3,31.23,51.93,-4.0
2013725,Western United v Sydney FC,1,16:43.1,16:46.4,3.3,869,Sydney FC,create,medium_block,-9.52,19.99,0.19,23.29
2013725,Western United v Sydney FC,1,16:46.4,16:51.0,4.6,1803,Western United,chaotic,chaotic,0.22,-23.01,11.07,-5.79
2013725,Western United v Sydney FC,1,16:51.0,16:59.3,8.3,869,Sydney FC,create,medium_block,-10.67,6.13,24.3,9.85
2013725,Western United v Sydney FC,1,16:59.3,17:00.4,1.1,869,Sydney FC,finish,low_block,24.76,10.17,44.03,8.47
2013725,Western United v Sydney FC,1,17:31.2,17:50.3,19.1,869,Sydney FC,set_play,defending_set_play,43.9,27.91,38.03,36.66
2013725,Western United v Sydney FC,1,18:09.4,18:13.7,4.3,1803,Western United,chaotic,chaotic,-31.21,-30.84,1.41,-17.7
2013725,Western United v Sydney FC,1,18:13.7,18:20.5,6.8,869,Sydney FC,create,medium_block,-2.02,17.59,-9.22,-6.86
2013725,Western United v Sydney FC,1,18:20.5,18:24.7,4.2,869,Sydney FC,direct,defending_direct,-8.36,-6.98,45.55,0.56
2013725,Western United v Sydney FC,1,18:24.7,18:55.9,31.2,1803,Western United,create,medium_block,-45.81,-0.77,25.49,16.67
2013725,Western United v Sydney FC,1,19:23.6,19:28.6,5.0,869,Sydney FC,set_play,defending_set_play,,,51.63,10.97
2013725,Western United v Sydney FC,1,19:52.9,20:04.1,11.2,869,Sydney FC,set_play,defending_set_play,48.64,34.01,51.37,-5.08
2013725,Western United v Sydney FC,1,20:04.1,20:25.5,21.4,1803,Western United,build_up,high_block,-51.71,4.9,-20.11,-15.93
2013725,Western United v Sydney FC,1,20:25.5,20:44.5,19.0,1803,Western United,create,medium_block,-19.85,-16.02,-19.94,-27.2
2013725,Western United v Sydney FC,1,20:44.5,20:54.9,10.4,1803,Western United,build_up,high_block,-20.55,-27.17,-20.66,32.56
2013725,Western United v Sydney FC,1,20:54.9,20:56.5,1.6,1803,Western United,create,medium_block,-19.35,32.47,-4.81,30.19
2013725,Western United v Sydney FC,1,21:01.4,21:26.2,24.8,869,Sydney FC,create,medium_block,2.14,-27.39,26.18,-13.87
2013725,Western United v Sydney FC,1,21:26.2,21:32.2,6.0,869,Sydney FC,finish,low_block,26.23,-13.43,42.46,15.68
2013725,Western United v Sydney FC,1,22:02.2,22:22.2,20.0,869,Sydney FC,set_play,defending_set_play,46.67,33.02,-48.89,-14.61
2013725,Western United v Sydney FC,1,22:22.2,22:51.3,29.1,1803,Western United,build_up,high_block,-48.77,-14.59,-20.27,-31.45
2013725,Western United v Sydney FC,1,22:51.3,22:52.4,1.1,1803,Western United,create,medium_block,-19.68,-31.47,-16.56,-31.71
2013725,Western United v Sydney FC,1,22:52.4,23:02.4,10.0,869,Sydney FC,quick_break,defending_quick_break,16.31,31.86,52.02,33.49
2013725,Western United v Sydney FC,1,23:19.1,23:23.1,4.0,869,Sydney FC,chaotic,chaotic,,,14.58,11.77
2013725,Western United v Sydney FC,1,23:23.1,23:28.4,5.3,1803,Western United,chaotic,chaotic,-14.92,-12.09,5.26,12.26
2013725,Western United v Sydney FC,1,23:34.8,23:58.6,23.8,1803,Western United,create,medium_block,-19.29,29.12,-11.74,-17.79
2013725,Western United v Sydney FC,1,23:58.6,24:01.9,3.3,1803,Western United,direct,defending_direct,-11.26,-17.97,27.9,-9.49
2013725,Western United v Sydney FC,1,24:01.9,24:14.0,12.1,869,Sydney FC,create,medium_block,-27.89,9.33,19.18,26.14
2013725,Western United v Sydney FC,1,24:40.3,25:01.3,21.0,1803,Western United,create,medium_block,,,28.46,-26.8
2013725,Western United v Sydney FC,1,25:01.3,25:39.9,38.6,869,Sydney FC,create,medium_block,-28.67,27.54,-8.73,-32.13
2013725,Western United v Sydney FC,1,25:39.9,25:46.8,6.9,1803,Western United,quick_break,defending_quick_break,9.06,32.09,51.65,17.11
2013725,Western United v Sydney FC,1,25:46.8,25:47.8,1.0,869,Sydney FC,chaotic,chaotic,-51.41,-18.29,-46.22,-28.36
2013725,Western United v Sydney FC,1,26:09.9,26:14.0,4.1,1803,Western United,chaotic,chaotic,27.32,25.81,45.36,-1.38
2013725,Western United v Sydney FC,1,26:14.0,26:28.6,14.6,869,Sydney FC,build_up,high_block,-45.62,1.47,-34.83,-20.69
2013725,Western United v Sydney FC,1,26:28.6,26:37.5,8.9,1803,Western United,quick_break,defending_quick_break,34.61,21.33,45.75,30.08
2013725,Western United v Sydney FC,1,26:37.5,26:40.1,2.6,869,Sydney FC,chaotic,chaotic,-44.41,-30.19,-30.32,-25.76
2013725,Western United v Sydney FC,1,26:52.5,27:04.4,11.9,869,Sydney FC,build_up,high_block,-34.12,-17.9,-20.28,2.01
2013725,Western United v Sydney FC,1,27:04.4,27:07.1,2.7,869,Sydney FC,create,medium_block,-19.95,1.62,-15.46,-5.71
2013725,Western United v Sydney FC,1,27:37.9,27:50.9,13.0,869,Sydney FC,create,medium_block,-14.65,6.02,-19.76,-1.27
2013725,Western United v Sydney FC,1,27:50.9,27:53.3,2.4,869,Sydney FC,build_up,high_block,-20.72,-0.3,-20.06,9.54
2013725,Western United v Sydney FC,1,27:53.3,27:53.7,0.4,869,Sydney FC,create,medium_block,-19.42,9.86,-19.86,11.87
2013725,Western United v Sydney FC,1,27:53.7,27:55.9,2.2,869,Sydney FC,build_up,high_block,-20.55,12.89,-21.13,24.4
2013725,Western United v Sydney FC,1,27:55.9,27:56.8,0.9,869,Sydney FC,create,medium_block,-18.71,24.28,-4.89,22.1
2013725,Western United v Sydney FC,1,27:56.8,28:03.3,6.5,1803,Western United,quick_break,defending_quick_break,5.19,-22.06,28.89,-28.76
2013725,Western United v Sydney FC,1,28:03.3,28:03.9,0.6,869,Sydney FC,chaotic,chaotic,-29.09,28.85,-29.02,29.41
2013725,Western United v Sydney FC,1,28:44.7,28:47.2,2.5,869,Sydney FC,chaotic,chaotic,-17.49,33.07,6.02,27.64
2013725,Western United v Sydney FC,1,28:47.2,28:48.2,1.0,1803,Western United,chaotic,chaotic,-6.01,-27.58,3.65,-30.0
2013725,Western United v Sydney FC,1,29:13.1,29:14.1,1.0,869,Sydney FC,chaotic,chaotic,,,,
2013725,Western United v Sydney FC,1,29:18.9,29:31.9,13.0,1803,Western United,finish,low_block,30.03,-33.34,5.53,4.5
2013725,Western United v Sydney FC,1,29:31.9,29:35.6,3.7,1803,Western United,create,medium_block,4.89,3.96,-19.76,-1.72
2013725,Western United v Sydney FC,1,29:35.6,29:44.9,9.3,1803,Western United,build_up,high_block,-20.42,-1.57,-22.43,-31.84
2013725,Western United v Sydney FC,1,29:49.4,29:56.4,7.0,869,Sydney FC,finish,low_block,24.48,32.56,5.81,31.93
2013725,Western United v Sydney FC,1,29:56.4,30:05.0,8.6,869,Sydney FC,create,medium_block,5.58,31.9,15.86,38.22
2013725,Western United v Sydney FC,1,30:08.4,30:25.2,16.8,869,Sydney FC,create,medium_block,5.99,33.82,-19.71,30.02
2013725,Western United v Sydney FC,1,30:25.2,30:28.8,3.6,869,Sydney FC,build_up,high_block,-20.61,30.37,-29.07,29.98
2013725,Western United v Sydney FC,1,30:29.3,30:30.8,1.5,1803,Western United,chaotic,chaotic,28.3,-23.26,32.33,-26.42
2013725,Western United v Sydney FC,1,30:30.8,30:33.3,2.5,869,Sydney FC,build_up,high_block,-32.22,26.28,-20.48,15.35
2013725,Western United v Sydney FC,1,30:33.3,30:36.8,3.5,869,Sydney FC,create,medium_block,-18.79,13.96,-4.51,3.19
2013725,Western United v Sydney FC,1,30:36.8,30:44.7,7.9,1803,Western United,quick_break,defending_quick_break,4.36,-2.97,47.29,-2.24
2013725,Western United v Sydney FC,1,30:44.7,30:45.6,0.9,869,Sydney FC,chaotic,chaotic,-47.45,3.56,-48.24,12.08
2013725,Western United v Sydney FC,1,30:45.6,30:48.5,2.9,1803,Western United,finish,low_block,48.22,-12.2,52.91,-0.13
2013725,Western United v Sydney FC,1,31:28.2,31:29.2,1.0,869,Sydney FC,direct,defending_direct,-26.65,17.85,-12.91,21.55
2013725,Western United v Sydney FC,1,31:50.5,31:52.4,1.9,1803,Western United,chaotic,chaotic,-7.71,-33.59,10.02,-29.13
2013725,Western United v Sydney FC,1,31:52.4,31:55.6,3.2,869,Sydney FC,create,medium_block,-10.24,28.94,-19.95,24.02
2013725,Western United v Sydney FC,1,31:55.6,31:59.9,4.3,869,Sydney FC,build_up,high_block,-21.04,23.57,-48.02,7.93
2013725,Western United v Sydney FC,1,31:59.9,32:02.2,2.3,869,Sydney FC,direct,defending_direct,-47.1,7.37,-7.14,-1.54
2013725,Western United v Sydney FC,1,32:02.2,32:10.1,7.9,869,Sydney FC,create,medium_block,-6.68,-1.88,27.93,30.31
2013725,Western United v Sydney FC,1,32:10.1,32:29.4,19.3,869,Sydney FC,finish,low_block,28.61,30.36,36.52,-4.78
2013725,Western United v Sydney FC,1,32:45.2,33:01.6,16.4,1803,Western United,create,medium_block,,,-6.43,32.41
2013725,Western United v Sydney FC,1,33:01.6,33:04.4,2.8,1803,Western United,direct,defending_direct,-5.57,32.17,32.92,15.18
2013725,Western United v Sydney FC,1,33:04.4,33:07.7,3.3,1803,Western United,finish,low_block,33.77,14.85,52.81,6.11
2013725,Western United v Sydney FC,1,33:42.8,33:43.8,1.0,869,Sydney FC,create,medium_block,,,9.49,-22.19
2013725,Western United v Sydney FC,1,33:58.8,33:59.5,0.7,1803,Western United,create,medium_block,-12.59,31.78,-19.57,28.16
2013725,Western United v Sydney FC,1,33:59.5,34:04.7,5.2,1803,Western United,build_up,high_block,-20.75,27.72,-46.16,4.27
2013725,Western United v Sydney FC,1,34:04.7,34:09.7,5.0,1803,Western United,direct,defending_direct,-45.68,3.7,7.97,11.08
2013725,Western United v Sydney FC,1,34:09.7,34:43.2,33.5,869,Sydney FC,create,medium_block,-8.2,-11.13,29.53,-29.68
2013725,Western United v Sydney FC,1,34:43.2,34:47.9,4.7,869,Sydney FC,finish,low_block,30.41,-29.83,42.62,-25.82
2013725,Western United v Sydney FC,1,34:54.9,34:56.4,1.5,869,Sydney FC,chaotic,chaotic,39.57,-33.45,48.02,-30.83
2013725,Western United v Sydney FC,1,34:56.4,34:57.4,1.0,1803,Western United,chaotic,chaotic,-47.68,31.0,-44.57,33.56
2013725,Western United v Sydney FC,1,35:04.8,35:19.5,14.7,869,Sydney FC,finish,low_block,35.64,-35.06,49.34,-15.62
2013725,Western United v Sydney FC,1,35:19.5,35:46.5,27.0,1803,Western United,build_up,high_block,-49.45,15.49,-20.03,21.82
2013725,Western United v Sydney FC,1,35:46.5,35:49.0,2.5,1803,Western United,create,medium_block,-19.52,22.79,-10.38,15.72
2013725,Western United v Sydney FC,1,35:49.0,35:58.5,9.5,869,Sydney FC,create,medium_block,10.42,-16.07,44.74,-10.93
2013725,Western United v Sydney FC,1,35:58.5,36:33.6,35.1,1803,Western United,build_up,high_block,-44.84,10.8,-22.85,-18.51
2013725,Western United v Sydney FC,1,36:33.6,36:38.5,4.9,869,Sydney FC,finish,low_block,22.46,19.1,5.2,30.12
2013725,Western United v Sydney FC,1,36:38.5,36:58.0,19.5,869,Sydney FC,create,medium_block,4.71,30.17,-5.34,30.49
2013725,Western United v Sydney FC,1,36:58.0,37:08.6,10.6,1803,Western United,quick_break,defending_quick_break,5.82,-30.38,47.23,3.06
2013725,Western United v Sydney FC,1,37:43.5,37:48.1,4.6,869,Sydney FC,direct,defending_direct,-41.89,-11.19,17.71,-25.36
2013725,Western United v Sydney FC,1,37:48.1,37:51.2,3.1,1803,Western United,chaotic,chaotic,-18.03,25.4,7.95,14.58
2013725,Western United v Sydney FC,1,37:51.2,37:56.2,5.0,869,Sydney FC,chaotic,chaotic,-8.32,-13.71,15.5,-0.21
2013725,Western United v Sydney FC,1,37:56.2,37:58.9,2.7,1803,Western United,chaotic,chaotic,-15.67,-0.02,7.76,-10.64
2013725,Western United v Sydney FC,1,37:58.9,38:04.3,5.4,869,Sydney FC,create,medium_block,-7.92,10.97,-19.3,23.44
2013725,Western United v Sydney FC,1,38:04.3,38:09.2,4.9,869,Sydney FC,build_up,high_block,-20.05,22.53,-20.63,9.57
2013725,Western United v Sydney FC,1,38:09.2,38:11.2,2.0,869,Sydney FC,create,medium_block,-19.14,7.87,-4.22,-18.28
2013725,Western United v Sydney FC,1,38:11.2,38:20.1,8.9,1803,Western United,quick_break,defending_quick_break,4.8,19.01,23.71,19.36
2013725,Western United v Sydney FC,1,38:20.1,38:28.8,8.7,869,Sydney FC,transition,defending_transition,-23.4,-19.34,36.49,3.51
2013725,Western United v Sydney FC,1,38:28.8,38:35.9,7.1,1803,Western United,build_up,high_block,-35.91,-3.38,-47.27,11.0
2013725,Western United v Sydney FC,1,38:35.9,38:39.3,3.4,1803,Western United,direct,defending_direct,-46.66,11.39,-5.85,18.55
2013725,Western United v Sydney FC,1,38:39.3,38:44.1,4.8,869,Sydney FC,chaotic,chaotic,5.57,-18.66,9.42,-7.95
2013725,Western United v Sydney FC,1,38:44.1,38:51.6,7.5,1803,Western United,create,medium_block,-9.16,7.32,14.1,-12.29
2013725,Western United v Sydney FC,1,38:51.6,38:57.8,6.2,869,Sydney FC,chaotic,chaotic,-13.7,12.77,31.12,-9.05
2013725,Western United v Sydney FC,1,40:16.0,40:36.0,20.0,869,Sydney FC,set_play,defending_set_play,34.84,-11.46,-41.53,16.23
2013725,Western United v Sydney FC,1,40:36.0,40:38.0,2.0,1803,Western United,build_up,high_block,-41.59,16.5,-20.12,22.2
2013725,Western United v Sydney FC,1,40:38.0,40:45.5,7.5,1803,Western United,create,medium_block,-18.81,22.31,-15.36,-6.23
2013725,Western United v Sydney FC,1,40:45.5,40:49.3,3.8,869,Sydney FC,quick_break,defending_quick_break,15.72,6.67,41.49,1.98
2013725,Western United v Sydney FC,1,40:49.3,41:12.9,23.6,1803,Western United,create,medium_block,-42.53,-1.15,-8.19,30.56
2013725,Western United v Sydney FC,1,41:27.0,41:32.7,5.7,1803,Western United,create,medium_block,,,-4.08,-26.82
2013725,Western United v Sydney FC,1,41:38.7,41:39.5,0.8,869,Sydney FC,create,medium_block,-12.26,34.94,-19.1,32.65
2013725,Western United v Sydney FC,1,41:39.5,41:44.3,4.8,869,Sydney FC,build_up,high_block,-20.1,32.12,-20.86,21.08
2013725,Western United v Sydney FC,1,41:44.3,41:45.3,1.0,869,Sydney FC,create,medium_block,-19.7,21.61,-5.37,21.03
2013725,Western United v Sydney FC,1,41:45.3,41:48.7,3.4,1803,Western United,quick_break,defending_quick_break,4.91,-20.72,22.01,-10.29
2013725,Western United v Sydney FC,1,41:48.7,41:53.3,4.6,1803,Western United,chaotic,chaotic,21.29,-10.11,25.8,-24.87
2013725,Western United v Sydney FC,1,41:53.3,42:02.0,8.7,869,Sydney FC,build_up,high_block,-26.25,24.55,-21.22,30.25
2013725,Western United v Sydney FC,1,42:02.0,42:02.5,0.5,869,Sydney FC,create,medium_block,-18.66,30.6,-11.79,32.95
2013725,Western United v Sydney FC,1,42:32.1,42:33.5,1.4,1803,Western United,chaotic,chaotic,10.01,-33.7,19.06,-26.41
2013725,Western United v Sydney FC,1,42:33.5,42:36.4,2.9,869,Sydney FC,chaotic,chaotic,-18.69,26.18,-11.18,31.01
2013725,Western United v Sydney FC,1,42:50.0,42:52.7,2.7,1803,Western United,chaotic,chaotic,,,38.73,-25.41
2013725,Western United v Sydney FC,1,42:52.7,42:58.3,5.6,869,Sydney FC,build_up,high_block,-39.18,25.04,-48.29,31.12
2013725,Western United v Sydney FC,1,42:58.3,43:01.5,3.2,869,Sydney FC,direct,defending_direct,-48.11,31.27,-6.37,27.22
2013725,Western United v Sydney FC,1,43:01.5,43:05.5,4.0,1803,Western United,chaotic,chaotic,5.68,-27.1,31.16,-35.72
2013725,Western United v Sydney FC,1,43:19.7,43:21.8,2.1,869,Sydney FC,chaotic,chaotic,-21.42,34.32,1.24,31.87
2013725,Western United v Sydney FC,1,43:21.8,43:22.8,1.0,1803,Western United,chaotic,chaotic,-0.43,-31.88,3.04,-35.6
2013725,Western United v Sydney FC,1,43:32.1,43:32.8,0.7,869,Sydney FC,create,medium_block,-11.78,33.63,-19.94,32.04
2013725,Western United v Sydney FC,1,43:32.8,43:41.5,8.7,869,Sydney FC,build_up,high_block,-21.24,31.98,-42.73,26.23
2013725,Western United v Sydney FC,1,43:59.0,44:01.9,2.9,1803,Western United,chaotic,chaotic,42.43,-35.25,42.06,-28.98
2013725,Western United v Sydney FC,1,44:01.9,44:06.0,4.1,869,Sydney FC,chaotic,chaotic,-42.05,29.12,-22.61,33.36
2013725,Western United v Sydney FC,1,44:15.6,44:18.2,2.6,869,Sydney FC,create,medium_block,-16.73,33.7,-19.26,32.18
2013725,Western United v Sydney FC,1,44:18.2,44:25.3,7.1,869,Sydney FC,build_up,high_block,-20.37,32.14,-45.82,-7.15
2013725,Western United v Sydney FC,1,44:25.3,44:28.4,3.1,869,Sydney FC,direct,defending_direct,-45.12,-7.92,4.54,-27.31
2013725,Western United v Sydney FC,1,44:28.4,44:30.2,1.8,1803,Western United,create,medium_block,-5.61,27.02,-19.59,19.14
2013725,Western United v Sydney FC,1,44:30.2,44:39.1,8.9,1803,Western United,build_up,high_block,-20.16,18.95,-20.4,23.45
2013725,Western United v Sydney FC,1,44:39.1,44:42.1,3.0,1803,Western United,create,medium_block,-19.89,23.11,-16.48,10.59
2013725,Western United v Sydney FC,1,44:42.1,44:43.2,1.1,869,Sydney FC,chaotic,chaotic,16.73,-10.62,20.83,-14.01
2013725,Western United v Sydney FC,1,44:43.2,44:52.0,8.8,1803,Western United,build_up,high_block,-21.23,14.26,-20.59,22.25
2013725,Western United v Sydney FC,1,44:52.0,44:52.4,0.4,1803,Western United,create,medium_block,-19.33,22.13,-16.38,22.15
2013725,Western United v Sydney FC,1,44:52.4,44:58.0,5.6,869,Sydney FC,quick_break,defending_quick_break,16.0,-22.13,29.1,-31.24
2013725,Western United v Sydney FC,1,44:58.0,45:01.4,3.4,869,Sydney FC,finish,low_block,27.63,-30.93,5.78,-19.05
2013725,Western United v Sydney FC,1,45:01.4,45:06.3,4.9,869,Sydney FC,create,medium_block,5.21,-18.56,3.99,20.23
2013725,Western United v Sydney FC,1,45:06.3,45:10.3,4.0,869,Sydney FC,finish,low_block,5.14,21.46,5.36,18.98
2013725,Western United v Sydney FC,1,45:10.3,45:12.2,1.9,869,Sydney FC,create,medium_block,5.01,18.69,4.53,14.23
2013725,Western United v Sydney FC,1,45:12.2,45:20.6,8.4,869,Sydney FC,finish,low_block,5.62,12.46,21.59,-7.87
2013725,Western United v Sydney FC,1,45:20.6,45:24.7,4.1,1803,Western United,create,medium_block,-21.79,7.77,-11.59,24.05
2013725,Western United v Sydney FC,1,45:24.7,45:29.9,5.2,869,Sydney FC,chaotic,chaotic,11.49,-25.06,25.51,-9.94
2013725,Western United v Sydney FC,1,45:29.9,45:32.3,2.4,1803,Western United,chaotic,chaotic,-25.18,9.72,5.66,1.22
2013725,Western United v Sydney FC,1,45:32.3,45:35.1,2.8,869,Sydney FC,create,medium_block,-6.33,-0.79,-19.11,10.11
2013725,Western United v Sydney FC,1,45:35.1,45:45.7,10.6,869,Sydney FC,build_up,high_block,-20.26,10.02,-20.61,-6.31
2013725,Western United v Sydney FC,1,45:45.7,45:46.1,0.4,869,Sydney FC,create,medium_block,-19.39,-6.86,-17.02,-7.93
2013725,Western United v Sydney FC,1,46:19.1,46:22.4,3.3,869,Sydney FC,create,medium_block,-14.07,-2.72,-6.53,9.03
2013725,Western United v Sydney FC,2,45:00.4,45:14.4,14.0,869,Sydney FC,create,medium_block,1.2,-0.95,-19.68,-16.18
2013725,Western United v Sydney FC,2,45:14.4,45:17.8,3.4,869,Sydney FC,direct,defending_direct,-18.84,-15.29,20.77,17.93
2013725,Western United v Sydney FC,2,45:17.8,45:19.9,2.1,1803,Western United,chaotic,chaotic,-21.53,-17.84,-18.8,-22.93
2013725,Western United v Sydney FC,2,45:26.9,45:27.9,1.0,869,Sydney FC,chaotic,chaotic,6.45,32.99,18.8,29.34
2013725,Western United v Sydney FC,2,45:42.2,45:45.0,2.8,1803,Western United,chaotic,chaotic,-17.1,-29.19,-7.64,-19.39
2013725,Western United v Sydney FC,2,45:45.0,45:50.4,5.4,869,Sydney FC,chaotic,chaotic,7.56,18.87,43.12,-0.5
2013725,Western United v Sydney FC,2,45:59.2,46:10.2,11.0,1803,Western United,build_up,high_block,-45.98,5.99,-47.55,7.17
2013725,Western United v Sydney FC,2,46:28.1,46:29.5,1.4,1803,Western United,build_up,high_block,-30.27,25.71,-23.77,28.88
2013725,Western United v Sydney FC,2,46:29.5,46:30.2,0.7,869,Sydney FC,chaotic,chaotic,23.32,-29.21,22.37,-30.95
2013725,Western United v Sydney FC,2,46:44.7,46:46.1,1.4,869,Sydney FC,chaotic,chaotic,36.57,-33.74,37.47,-30.33
2013725,Western United v Sydney FC,2,46:46.1,46:50.9,4.8,1803,Western United,chaotic,chaotic,-37.27,30.04,-14.57,19.7
2013725,Western United v Sydney FC,2,46:50.9,46:53.6,2.7,869,Sydney FC,chaotic,chaotic,14.23,-19.33,34.59,-15.74
2013725,Western United v Sydney FC,2,46:53.6,46:55.3,1.7,1803,Western United,chaotic,chaotic,-34.28,16.07,-20.45,20.59
2013725,Western United v Sydney FC,2,46:55.3,47:03.3,8.0,869,Sydney FC,finish,low_block,20.34,-20.81,33.12,-30.43
2013725,Western United v Sydney FC,2,47:03.3,47:14.4,11.1,1803,Western United,transition,defending_transition,-32.84,30.23,36.94,-16.74
2013725,Western United v Sydney FC,2,47:51.6,48:00.1,8.5,1803,Western United,set_play,defending_set_play,50.47,-29.38,42.47,-0.46
2013725,Western United v Sydney FC,2,48:00.1,48:03.5,3.4,869,Sydney FC,chaotic,chaotic,-42.81,0.58,-17.83,12.4
2013725,Western United v Sydney FC,2,48:24.0,48:33.8,9.8,1803,Western United,create,medium_block,-18.65,-32.33,30.25,21.19
2013725,Western United v Sydney FC,2,48:33.8,48:42.9,9.1,869,Sydney FC,transition,defending_transition,-30.9,-21.22,7.09,-32.72
2013725,Western United v Sydney FC,2,49:04.2,49:05.5,1.3,1803,Western United,chaotic,chaotic,-4.85,33.0,1.0,28.76
2013725,Western United v Sydney FC,2,49:05.5,49:06.9,1.4,869,Sydney FC,chaotic,chaotic,-0.76,-28.58,9.39,-23.42
2013725,Western United v Sydney FC,2,49:06.9,49:08.4,1.5,1803,Western United,chaotic,chaotic,-8.93,23.45,9.03,22.89
2013725,Western United v Sydney FC,2,49:08.4,49:15.4,7.0,869,Sydney FC,chaotic,chaotic,-9.11,-22.49,34.15,20.45
2013725,Western United v Sydney FC,2,49:15.4,49:15.8,0.4,1803,Western United,chaotic,chaotic,-34.33,-20.79,-34.07,-21.76
2013725,Western United v Sydney FC,2,49:15.8,49:20.2,4.4,1803,Western United,direct,defending_direct,-32.98,-22.36,19.82,-30.66
2013725,Western United v Sydney FC,2,49:20.2,49:24.2,4.0,869,Sydney FC,chaotic,chaotic,-20.39,30.18,-11.21,30.79
2013725,Western United v Sydney FC,2,49:38.7,49:39.3,0.6,869,Sydney FC,create,medium_block,-11.6,32.73,-19.11,29.83
2013725,Western United v Sydney FC,2,49:39.3,49:48.9,9.6,869,Sydney FC,build_up,high_block,-20.54,29.15,-22.55,-28.25
2013725,Western United v Sydney FC,2,49:48.9,49:59.4,10.5,1803,Western United,quick_break,defending_quick_break,22.23,28.31,48.99,-8.52
2013725,Western United v Sydney FC,2,50:29.8,50:29.9,0.1,869,Sydney FC,direct,defending_direct,-25.2,-14.75,-25.2,-14.75
2013725,Western United v Sydney FC,2,50:29.9,50:39.9,10.0,869,Sydney FC,create,medium_block,-22.51,-14.79,-28.87,-35.06
2013725,Western United v Sydney FC,2,50:51.4,50:53.3,1.9,869,Sydney FC,chaotic,chaotic,,,-13.35,-24.89
2013725,Western United v Sydney FC,2,50:53.3,50:55.8,2.5,1803,Western United,create,medium_block,12.27,23.99,18.49,8.49
2013725,Western United v Sydney FC,2,50:55.8,51:01.2,5.4,1803,Western United,finish,low_block,18.54,8.91,35.72,22.06
2013725,Western United v Sydney FC,2,51:01.2,51:13.9,12.7,869,Sydney FC,transition,defending_transition,-35.56,-21.68,47.82,1.02
2013725,Western United v Sydney FC,2,51:34.2,51:39.1,4.9,1803,Western United,create,medium_block,,,2.26,-4.48
2013725,Western United v Sydney FC,2,51:39.1,51:41.2,2.1,869,Sydney FC,chaotic,chaotic,-2.92,3.9,1.54,2.05
2013725,Western United v Sydney FC,2,52:02.2,52:03.2,1.0,869,Sydney FC,set_play,defending_set_play,4.94,-7.29,3.86,-9.58
2013725,Western United v Sydney FC,2,52:03.2,52:17.7,14.5,869,Sydney FC,create,medium_block,3.84,-9.55,36.87,7.42
2013725,Western United v Sydney FC,2,52:17.7,52:28.2,10.5,1803,Western United,build_up,high_block,-37.44,-7.13,-20.04,-25.82
2013725,Western United v Sydney FC,2,52:28.2,52:29.7,1.5,1803,Western United,create,medium_block,-18.6,-26.61,-20.26,-29.55
2013725,Western United v Sydney FC,2,52:29.7,52:36.4,6.7,869,Sydney FC,finish,low_block,20.35,29.36,-29.74,-31.15
2013725,Western United v Sydney FC,2,52:36.4,52:39.4,3.0,869,Sydney FC,chaotic,chaotic,29.83,31.42,40.82,11.04
2013725,Western United v Sydney FC,2,52:39.4,52:40.4,1.0,1803,Western United,chaotic,chaotic,-40.64,-11.11,-34.1,-18.82
2013725,Western United v Sydney FC,2,52:44.4,52:47.7,3.3,869,Sydney FC,finish,low_block,20.85,32.61,6.14,26.78
2013725,Western United v Sydney FC,2,52:47.7,53:25.6,37.9,869,Sydney FC,create,medium_block,5.13,25.91,-19.99,-15.17
2013725,Western United v Sydney FC,2,53:25.6,53:29.5,3.9,869,Sydney FC,direct,defending_direct,-18.71,-15.28,36.49,-23.29
2013725,Western United v Sydney FC,2,53:29.5,53:52.0,22.5,1803,Western United,build_up,high_block,-37.11,23.47,-39.23,28.93
2013725,Western United v Sydney FC,2,54:36.2,54:37.2,1.0,869,Sydney FC,set_play,defending_set_play,47.52,-31.03,49.91,-11.68
2013725,Western United v Sydney FC,2,54:49.7,55:00.4,10.7,1803,Western United,build_up,high_block,,,-20.43,22.63
2013725,Western United v Sydney FC,2,55:00.4,55:02.6,2.2,1803,Western United,create,medium_block,-19.28,23.39,-16.66,19.62
2013725,Western United v Sydney FC,2,55:02.6,55:06.9,4.3,1803,Western United,direct,defending_direct,-16.29,18.86,29.52,-5.01
2013725,Western United v Sydney FC,2,55:06.9,55:09.5,2.6,869,Sydney FC,chaotic,chaotic,-29.65,5.41,-12.5,21.22
2013725,Western United v Sydney FC,2,55:09.5,55:11.0,1.5,1803,Western United,chaotic,chaotic,12.23,-21.79,8.57,-30.91
2013725,Western United v Sydney FC,2,55:16.4,55:37.9,21.5,869,Sydney FC,create,medium_block,-8.0,34.92,11.37,-35.19
2013725,Western United v Sydney FC,2,55:52.4,55:57.0,4.6,1803,Western United,create,medium_block,,,27.67,-0.83
2013725,Western United v Sydney FC,2,55:57.0,55:59.7,2.7,869,Sydney FC,chaotic,chaotic,-27.82,0.84,-18.67,1.2
2013725,Western United v Sydney FC,2,55:59.7,56:02.4,2.7,1803,Western United,finish,low_block,18.06,-1.37,5.88,0.94
2013725,Western United v Sydney FC,2,56:02.4,56:09.3,6.9,1803,Western United,create,medium_block,5.07,1.54,-24.95,-1.19
2013725,Western United v Sydney FC,2,56:09.3,56:11.7,2.4,1803,Western United,direct,defending_direct,-24.47,-2.15,10.37,-19.55
2013725,Western United v Sydney FC,2,56:11.7,56:26.4,14.7,1803,Western United,create,medium_block,10.69,-19.69,26.09,25.32
2013725,Western United v Sydney FC,2,56:26.4,56:27.4,1.0,869,Sydney FC,chaotic,chaotic,-25.89,-25.72,-19.46,-27.63
2013725,Western United v Sydney FC,2,56:36.6,56:51.9,15.3,869,Sydney FC,build_up,high_block,-26.46,-32.84,-20.96,26.2
2013725,Western United v Sydney FC,2,56:51.9,56:58.3,6.4,869,Sydney FC,create,medium_block,-19.97,25.86,1.34,30.96
2013725,Western United v Sydney FC,2,56:58.3,57:02.7,4.4,1803,Western United,direct,defending_direct,-0.47,-31.04,43.54,-21.37
2013725,Western United v Sydney FC,2,57:02.7,57:06.3,3.6,869,Sydney FC,chaotic,chaotic,-43.67,21.36,-17.98,23.71
2013725,Western United v Sydney FC,2,57:06.3,57:10.9,4.6,1803,Western United,chaotic,chaotic,17.96,-23.4,25.85,-20.78
2013725,Western United v Sydney FC,2,58:12.5,58:13.5,1.0,1803,Western United,set_play,defending_set_play,21.62,-4.17,28.87,-4.54
2013725,Western United v Sydney FC,2,58:41.5,58:46.5,5.0,869,Sydney FC,direct,defending_direct,,,15.73,-3.81
2013725,Western United v Sydney FC,2,58:46.5,58:51.2,4.7,1803,Western United,chaotic,chaotic,-15.69,4.1,16.86,12.92
2013725,Western United v Sydney FC,2,58:51.2,58:55.3,4.1,869,Sydney FC,chaotic,chaotic,-17.64,-12.6,-23.07,-8.62
2013725,Western United v Sydney FC,2,59:13.2,59:25.6,12.4,1803,Western United,create,medium_block,,,15.11,-32.36
2013725,Western United v Sydney FC,2,59:25.6,59:28.8,3.2,869,Sydney FC,create,medium_block,-15.0,32.4,-19.44,29.24
2013725,Western United v Sydney FC,2,59:28.8,59:35.0,6.2,869,Sydney FC,build_up,high_block,-20.29,28.49,-20.22,31.15
2013725,Western United v Sydney FC,2,59:35.0,59:39.8,4.8,869,Sydney FC,create,medium_block,-19.84,30.96,13.97,25.07
2013725,Western United v Sydney FC,2,59:39.8,59:41.1,1.3,1803,Western United,create,medium_block,-14.45,-24.8,-19.32,-20.49
2013725,Western United v Sydney FC,2,59:41.1,59:49.2,8.1,1803,Western United,build_up,high_block,-20.98,-19.55,-20.04,28.58
2013725,Western United v Sydney FC,2,59:49.2,59:52.8,3.6,1803,Western United,create,medium_block,-19.2,29.05,8.02,20.66
2013725,Western United v Sydney FC,2,59:52.8,59:56.0,3.2,869,Sydney FC,chaotic,chaotic,-8.82,-20.65,-7.43,-7.6
2013725,Western United v Sydney FC,2,59:56.0,59:58.1,2.1,1803,Western United,chaotic,chaotic,7.66,7.49,22.25,6.31
2013725,Western United v Sydney FC,2,59:58.1,60:06.9,8.8,869,Sydney FC,create,medium_block,-22.7,-6.4,21.19,-24.86
2013725,Western United v Sydney FC,2,60:06.9,60:09.7,2.8,869,Sydney FC,finish,low_block,21.16,-24.73,21.47,-15.46
2013725,Western United v Sydney FC,2,61:01.0,61:05.6,4.6,869,Sydney FC,set_play,defending_set_play,23.57,-18.46,45.6,1.78
2013725,Western United v Sydney FC,2,61:27.8,61:37.8,10.0,869,Sydney FC,chaotic,chaotic,18.15,32.13,50.43,28.54
2013725,Western United v Sydney FC,2,61:37.8,61:40.3,2.5,1803,Western United,chaotic,chaotic,-50.41,-28.69,-52.87,-32.1
2013725,Western United v Sydney FC,2,61:54.3,62:01.7,7.4,869,Sydney FC,set_play,defending_set_play,51.59,30.93,5.13,32.59
2013725,Western United v Sydney FC,2,62:01.7,62:08.0,6.3,869,Sydney FC,create,medium_block,4.89,32.77,-19.56,6.97
2013725,Western United v Sydney FC,2,62:08.0,62:10.9,2.9,869,Sydney FC,direct,defending_direct,-17.4,7.63,17.91,21.97
2013725,Western United v Sydney FC,2,62:10.9,62:12.5,1.6,869,Sydney FC,create,medium_block,18.42,22.14,19.64,16.68
2013725,Western United v Sydney FC,2,62:12.5,62:22.0,9.5,869,Sydney FC,finish,low_block,19.55,16.04,42.96,-8.05
2013725,Western United v Sydney FC,2,62:22.0,62:38.4,16.4,1803,Western United,build_up,high_block,-42.48,6.8,-20.14,23.73
2013725,Western United v Sydney FC,2,62:38.4,62:50.4,12.0,1803,Western United,create,medium_block,-19.65,22.91,23.85,-29.92
2013725,Western United v Sydney FC,2,62:50.4,62:53.3,2.9,1803,Western United,finish,low_block,24.44,-29.88,40.5,-33.98
2013725,Western United v Sydney FC,2,63:05.2,63:13.1,7.9,869,Sydney FC,build_up,high_block,-36.66,34.56,-23.41,6.02
2013725,Western United v Sydney FC,2,63:13.1,63:17.5,4.4,1803,Western United,quick_break,defending_quick_break,23.17,-5.15,45.03,8.4
2013725,Western United v Sydney FC,2,64:00.8,64:03.7,2.9,1803,Western United,set_play,defending_set_play,52.69,33.76,52.91,1.11
2013725,Western United v Sydney FC,2,64:31.3,64:40.0,8.7,1803,Western United,set_play,defending_set_play,52.37,-33.03,5.92,21.78
2013725,Western United v Sydney FC,2,64:40.0,64:43.2,3.2,1803,Western United,create,medium_block,4.78,21.7,-19.76,4.86
2013725,Western United v Sydney FC,2,64:43.2,64:46.4,3.2,1803,Western United,build_up,high_block,-20.48,3.68,-26.46,-12.26
2013725,Western United v Sydney FC,2,64:46.4,64:49.3,2.9,1803,Western United,direct,defending_direct,-25.9,-12.59,13.63,-19.81
2013725,Western United v Sydney FC,2,64:49.3,64:55.0,5.7,1803,Western United,create,medium_block,13.81,-19.6,13.11,16.38
2013725,Western United v Sydney FC,2,64:55.0,65:02.2,7.2,869,Sydney FC,transition,defending_transition,-13.28,-16.91,23.73,-13.9
2013725,Western United v Sydney FC,2,65:02.2,65:08.3,6.1,1803,Western United,chaotic,chaotic,-23.62,13.9,-40.36,33.08
2013725,Western United v Sydney FC,2,65:08.3,65:27.7,19.4,869,Sydney FC,finish,low_block,40.59,-33.31,18.94,-34.95
2013725,Western United v Sydney FC,2,65:47.5,65:53.5,6.0,1803,Western United,chaotic,chaotic,-18.21,34.17,3.71,14.71
2013725,Western United v Sydney FC,2,65:53.5,65:58.6,5.1,869,Sydney FC,chaotic,chaotic,-3.64,-14.86,26.86,-21.74
2013725,Western United v Sydney FC,2,65:58.6,65:58.7,0.1,1803,Western United,chaotic,chaotic,-27.49,21.5,-27.49,21.5
2013725,Western United v Sydney FC,2,65:58.7,66:05.7,7.0,869,Sydney FC,chaotic,chaotic,28.01,-21.34,38.61,-9.23
2013725,Western United v Sydney FC,2,66:05.7,66:11.9,6.2,1803,Western United,build_up,high_block,-39.34,9.58,-21.78,16.93
2013725,Western United v Sydney FC,2,66:11.9,66:13.6,1.7,869,Sydney FC,chaotic,chaotic,21.81,-16.98,30.07,-23.53
2013725,Western United v Sydney FC,2,66:13.6,66:14.5,0.9,1803,Western United,chaotic,chaotic,-30.3,23.44,-29.34,20.52
2013725,Western United v Sydney FC,2,66:14.5,66:17.5,3.0,869,Sydney FC,chaotic,chaotic,29.12,-20.26,31.83,-25.82
2013725,Western United v Sydney FC,2,66:17.5,66:21.2,3.7,1803,Western United,create,medium_block,-31.68,26.06,-17.33,23.1
2013725,Western United v Sydney FC,2,66:21.2,66:23.6,2.4,869,Sydney FC,chaotic,chaotic,16.9,-22.94,17.96,-17.88
2013725,Western United v Sydney FC,2,66:23.6,66:33.6,10.0,1803,Western United,create,medium_block,-18.4,17.31,-19.87,-1.42
2013725,Western United v Sydney FC,2,66:33.6,66:39.2,5.6,1803,Western United,build_up,high_block,-21.09,-0.86,-20.35,-23.28
2013725,Western United v Sydney FC,2,66:39.2,66:43.3,4.1,1803,Western United,create,medium_block,-19.77,-24.1,6.78,-5.5
2013725,Western United v Sydney FC,2,66:43.3,66:47.9,4.6,869,Sydney FC,chaotic,chaotic,-7.07,4.51,10.84,0.66
2013725,Western United v Sydney FC,2,66:47.9,66:51.1,3.2,1803,Western United,chaotic,chaotic,-10.95,-0.32,-12.55,-0.48
2013725,Western United v Sydney FC,2,66:51.1,66:52.1,1.0,869,Sydney FC,chaotic,chaotic,13.15,0.71,16.83,1.57
2013725,Western United v Sydney FC,2,67:07.4,67:09.3,1.9,1803,Western United,create,medium_block,,,-19.97,-2.69
2013725,Western United v Sydney FC,2,67:09.3,67:16.3,7.0,1803,Western United,build_up,high_block,-20.11,-2.79,-39.83,2.61
2013725,Western United v Sydney FC,2,67:16.3,67:19.0,2.7,1803,Western United,direct,defending_direct,-39.05,2.97,-4.4,27.29
2013725,Western United v Sydney FC,2,67:19.0,67:22.3,3.3,869,Sydney FC,chaotic,chaotic,4.04,-27.68,15.44,-33.21
2013725,Western United v Sydney FC,2,67:39.2,67:46.9,7.7,869,Sydney FC,create,medium_block,0.52,-28.19,18.04,23.24
2013725,Western United v Sydney FC,2,67:46.9,67:51.6,4.7,869,Sydney FC,finish,low_block,18.61,24.37,5.16,28.4
2013725,Western United v Sydney FC,2,67:51.6,68:11.7,20.1,869,Sydney FC,create,medium_block,5.02,28.45,19.05,16.88
2013725,Western United v Sydney FC,2,68:11.7,68:19.1,7.4,869,Sydney FC,finish,low_block,19.58,16.85,38.92,-9.98
2013725,Western United v Sydney FC,2,68:19.1,68:23.2,4.1,1803,Western United,chaotic,chaotic,-39.08,10.08,-16.6,10.34
2013725,Western United v Sydney FC,2,68:23.2,68:38.4,15.2,869,Sydney FC,finish,low_block,16.47,-9.9,5.05,12.76
2013725,Western United v Sydney FC,2,68:38.4,69:03.7,25.3,869,Sydney FC,create,medium_block,4.64,11.8,15.57,-27.81
2013725,Western United v Sydney FC,2,69:03.7,69:09.9,6.2,1803,Western United,chaotic,chaotic,-15.67,28.49,-13.83,22.08
2013725,Western United v Sydney FC,2,69:09.9,69:13.5,3.6,869,Sydney FC,chaotic,chaotic,14.0,-22.14,19.7,4.94
2013725,Western United v Sydney FC,2,69:13.5,69:15.6,2.1,1803,Western United,chaotic,chaotic,-19.28,-4.93,4.81,0.12
2013725,Western United v Sydney FC,2,69:15.6,69:20.6,5.0,869,Sydney FC,chaotic,chaotic,-5.17,-0.21,14.47,5.27
2013725,Western United v Sydney FC,2,69:20.6,69:29.3,8.7,1803,Western United,create,medium_block,-14.62,-5.56,16.19,36.0
2013725,Western United v Sydney FC,2,70:08.9,70:41.8,32.9,1803,Western United,finish,low_block,15.35,32.07,32.02,-1.91
2013725,Western United v Sydney FC,2,70:41.8,70:48.1,6.3,869,Sydney FC,transition,defending_transition,-32.04,2.43,16.54,21.91
2013725,Western United v Sydney FC,2,70:48.1,70:48.6,0.5,1803,Western United,create,medium_block,-17.17,-21.96,-19.63,-22.13
2013725,Western United v Sydney FC,2,70:48.6,71:00.9,12.3,1803,Western United,build_up,high_block,-20.22,-22.19,-21.11,29.58
2013725,Western United v Sydney FC,2,71:00.9,71:11.0,10.1,1803,Western United,create,medium_block,-19.89,28.75,12.89,-16.62
2013725,Western United v Sydney FC,2,71:11.0,71:20.4,9.4,1803,Western United,finish,low_block,13.41,-16.64,47.53,-5.24
2013725,Western United v Sydney FC,2,71:20.4,71:33.0,12.6,869,Sydney FC,build_up,high_block,-47.88,5.55,-20.08,-17.14
2013725,Western United v Sydney FC,2,71:33.0,71:38.7,5.7,869,Sydney FC,create,medium_block,-18.41,-17.32,11.5,-3.9
2013725,Western United v Sydney FC,2,71:38.7,71:50.4,11.7,1803,Western United,create,medium_block,-12.01,3.44,-19.25,-10.64
2013725,Western United v Sydney FC,2,71:50.4,71:56.1,5.7,1803,Western United,build_up,high_block,-20.49,-9.7,-20.85,9.53
2013725,Western United v Sydney FC,2,71:56.1,71:57.0,0.9,1803,Western United,create,medium_block,-19.56,10.46,-10.67,16.82
2013725,Western United v Sydney FC,2,72:11.1,72:27.6,16.5,1803,Western United,build_up,high_block,-24.66,8.72,-32.93,-12.68
2013725,Western United v Sydney FC,2,72:27.6,72:29.7,2.1,869,Sydney FC,finish,low_block,33.0,12.16,51.3,8.46
2013725,Western United v Sydney FC,2,72:56.6,73:01.9,5.3,1803,Western United,build_up,high_block,,,-42.92,31.81
2013725,Western United v Sydney FC,2,73:01.9,73:05.9,4.0,1803,Western United,direct,defending_direct,-42.48,32.5,10.01,24.09
2013725,Western United v Sydney FC,2,73:05.9,73:06.9,1.0,869,Sydney FC,chaotic,chaotic,-10.64,-24.44,-14.56,-31.13
2013725,Western United v Sydney FC,2,73:23.4,73:24.3,0.9,1803,Western United,create,medium_block,,,,
2013725,Western United v Sydney FC,2,73:24.3,73:26.6,2.3,1803,Western United,finish,low_block,7.94,30.64,6.76,28.43
2013725,Western United v Sydney FC,2,73:26.6,73:27.2,0.6,1803,Western United,create,medium_block,6.02,28.01,4.22,26.46
2013725,Western United v Sydney FC,2,73:27.2,73:34.4,7.2,869,Sydney FC,chaotic,chaotic,-4.39,-26.47,40.08,-18.84
2013725,Western United v Sydney FC,2,73:34.4,73:38.8,4.4,1803,Western United,build_up,high_block,-40.47,18.76,-42.28,30.24
2013725,Western United v Sydney FC,2,73:38.8,73:41.5,2.7,1803,Western United,direct,defending_direct,-41.68,30.62,-2.18,25.82
2013725,Western United v Sydney FC,2,73:41.5,73:44.2,2.7,869,Sydney FC,chaotic,chaotic,2.36,-25.27,21.54,-5.45
2013725,Western United v Sydney FC,2,73:44.2,73:56.8,12.6,1803,Western United,create,medium_block,-21.88,4.95,0.0,-5.8
2013725,Western United v Sydney FC,2,73:56.8,73:58.9,2.1,869,Sydney FC,chaotic,chaotic,0.51,5.92,2.85,7.35
2013725,Western United v Sydney FC,2,73:58.9,74:00.9,2.0,1803,Western United,chaotic,chaotic,-2.54,-7.41,-1.82,-2.61
2013725,Western United v Sydney FC,2,74:00.9,74:04.6,3.7,869,Sydney FC,create,medium_block,2.13,1.8,21.46,-4.98
2013725,Western United v Sydney FC,2,74:04.6,74:07.8,3.2,869,Sydney FC,finish,low_block,22.06,-5.01,27.6,-10.98
2013725,Western United v Sydney FC,2,74:07.8,74:13.3,5.5,1803,Western United,chaotic,chaotic,-27.29,11.37,-11.65,33.67
2013725,Western United v Sydney FC,2,75:10.8,75:11.9,1.1,1803,Western United,chaotic,chaotic,-2.93,30.47,5.82,23.85
2013725,Western United v Sydney FC,2,75:11.9,75:15.6,3.7,869,Sydney FC,chaotic,chaotic,-6.39,-23.45,0.15,-23.88
2013725,Western United v Sydney FC,2,75:15.6,75:17.2,1.6,1803,Western United,chaotic,chaotic,0.02,24.06,8.41,20.31
2013725,Western United v Sydney FC,2,75:17.2,75:18.7,1.5,869,Sydney FC,chaotic,chaotic,-8.54,-20.05,-0.13,-17.27
2013725,Western United v Sydney FC,2,75:18.7,75:20.7,2.0,1803,Western United,chaotic,chaotic,0.28,17.32,23.7,21.32
2013725,Western United v Sydney FC,2,75:20.7,75:25.7,5.0,869,Sydney FC,chaotic,chaotic,-24.63,-21.33,-45.87,-13.04
2013725,Western United v Sydney FC,2,75:44.3,75:49.2,4.9,1803,Western United,chaotic,chaotic,22.59,34.34,33.46,24.55
2013725,Western United v Sydney FC,2,75:49.2,75:53.5,4.3,869,Sydney FC,transition,defending_transition,-33.35,-24.37,13.81,-19.38
2013725,Western United v Sydney FC,2,75:53.5,76:00.9,7.4,1803,Western United,create,medium_block,-14.45,19.19,16.71,17.52
2013725,Western United v Sydney FC,2,76:00.9,76:07.5,6.6,869,Sydney FC,create,medium_block,-16.58,-17.68,6.98,-33.45
2013725,Western United v Sydney FC,2,76:21.7,76:24.1,2.4,869,Sydney FC,create,medium_block,11.74,-35.03,19.87,-31.02
2013725,Western United v Sydney FC,2,76:24.1,76:27.5,3.4,869,Sydney FC,finish,low_block,20.39,-31.13,30.34,-31.12
2013725,Western United v Sydney FC,2,76:27.5,76:28.7,1.2,1803,Western United,build_up,high_block,-30.27,31.09,-20.09,25.26
2013725,Western United v Sydney FC,2,76:28.7,76:30.7,2.0,1803,Western United,create,medium_block,-19.18,24.59,-22.92,19.44
2013725,Western United v Sydney FC,2,76:30.7,76:49.4,18.7,869,Sydney FC,finish,low_block,22.73,-19.19,-30.31,16.53
2013725,Western United v Sydney FC,2,76:49.4,76:50.9,1.5,869,Sydney FC,chaotic,chaotic,30.46,-16.62,33.89,-10.96
2013725,Western United v Sydney FC,2,76:50.9,76:54.5,3.6,1803,Western United,chaotic,chaotic,-34.08,10.79,-13.85,16.54
2013725,Western United v Sydney FC,2,77:22.1,77:29.3,7.2,1803,Western United,create,medium_block,-7.4,20.07,23.44,30.82
2013725,Western United v Sydney FC,2,77:29.3,77:32.7,3.4,869,Sydney FC,direct,defending_direct,-22.97,-30.74,8.59,-23.94
2013725,Western United v Sydney FC,2,77:32.7,77:36.4,3.7,1803,Western United,chaotic,chaotic,-9.14,24.42,13.3,24.81
2013725,Western United v Sydney FC,2,77:36.4,77:42.3,5.9,869,Sydney FC,chaotic,chaotic,-13.12,-25.38,1.02,-32.6
2013725,Western United v Sydney FC,2,77:42.3,77:44.5,2.2,1803,Western United,chaotic,chaotic,-0.8,32.41,17.77,26.4
2013725,Western United v Sydney FC,2,77:44.5,77:48.3,3.8,869,Sydney FC,chaotic,chaotic,-17.76,-26.39,4.19,-21.59
2013725,Western United v Sydney FC,2,77:48.3,77:49.9,1.6,1803,Western United,chaotic,chaotic,-4.15,21.47,11.42,17.66
2013725,Western United v Sydney FC,2,77:49.9,77:53.4,3.5,869,Sydney FC,chaotic,chaotic,-11.42,-17.92,8.24,-23.29
2013725,Western United v Sydney FC,2,78:03.7,78:13.4,9.7,1803,Western United,create,medium_block,-7.9,14.08,45.38,-15.72
2013725,Western United v Sydney FC,2,78:13.4,78:30.1,16.7,869,Sydney FC,create,medium_block,-45.61,15.68,-19.87,30.33
2013725,Western United v Sydney FC,2,78:30.1,78:34.0,3.9,869,Sydney FC,build_up,high_block,-20.07,29.98,-20.41,29.49
2013725,Western United v Sydney FC,2,78:34.0,78:44.5,10.5,869,Sydney FC,create,medium_block,-19.33,29.96,23.78,20.3
2013725,Western United v Sydney FC,2,78:44.5,78:49.0,4.5,869,Sydney FC,finish,low_block,24.47,20.22,42.61,13.45
2013725,Western United v Sydney FC,2,78:49.0,78:50.3,1.3,1803,Western United,chaotic,chaotic,-42.76,-13.65,-45.74,-25.98
2013725,Western United v Sydney FC,2,79:03.3,79:04.3,1.0,869,Sydney FC,chaotic,chaotic,,,,
2013725,Western United v Sydney FC,2,79:34.0,79:37.2,3.2,869,Sydney FC,set_play,defending_set_play,52.86,-26.7,50.59,2.08
2013725,Western United v Sydney FC,2,79:37.2,80:00.3,23.1,1803,Western United,create,medium_block,-50.7,-2.11,-11.35,20.11
2013725,Western United v Sydney FC,2,80:00.3,80:06.7,6.4,869,Sydney FC,quick_break,defending_quick_break,11.11,-19.8,36.86,-25.85
2013725,Western United v Sydney FC,2,80:06.7,80:10.8,4.1,1803,Western United,chaotic,chaotic,-37.44,25.76,-40.59,33.95
2013725,Western United v Sydney FC,2,80:23.1,80:37.0,13.9,869,Sydney FC,finish,low_block,30.08,-33.29,39.66,-4.44
2013725,Western United v Sydney FC,2,80:37.0,80:50.6,13.6,1803,Western United,transition,defending_transition,-39.13,4.63,48.76,-1.21
2013725,Western United v Sydney FC,2,80:50.6,80:56.6,6.0,869,Sydney FC,chaotic,chaotic,-48.72,1.15,-18.75,15.07
2013725,Western United v Sydney FC,2,80:56.6,81:00.2,3.6,1803,Western United,quick_break,defending_quick_break,18.65,-15.08,48.95,-3.42
2013725,Western United v Sydney FC,2,81:38.1,81:41.8,3.7,869,Sydney FC,direct,defending_direct,-43.39,-11.1,8.68,-22.42
2013725,Western United v Sydney FC,2,81:41.8,81:51.4,9.6,869,Sydney FC,create,medium_block,9.14,-22.68,14.9,-10.77
2013725,Western United v Sydney FC,2,81:51.4,81:56.2,4.8,869,Sydney FC,finish,low_block,15.24,-11.24,50.52,-3.85
2013725,Western United v Sydney FC,2,82:16.8,82:27.3,10.5,1803,Western United,build_up,high_block,,,-21.78,-26.65
2013725,Western United v Sydney FC,2,82:27.3,82:31.6,4.3,869,Sydney FC,finish,low_block,21.6,26.6,6.31,27.95
2013725,Western United v Sydney FC,2,82:31.6,82:40.6,9.0,869,Sydney FC,create,medium_block,5.4,27.76,17.71,31.74
2013725,Western United v Sydney FC,2,82:40.6,82:55.2,14.6,869,Sydney FC,finish,low_block,17.55,31.64,28.23,21.68
2013725,Western United v Sydney FC,2,82:55.2,82:57.8,2.6,1803,Western United,direct,defending_direct,-27.38,-22.08,5.89,-6.97
2013725,Western United v Sydney FC,2,82:57.8,83:09.0,11.2,869,Sydney FC,create,medium_block,-6.53,6.7,12.41,-32.12
2013725,Western United v Sydney FC,2,83:09.0,83:11.4,2.4,869,Sydney FC,finish,low_block,12.17,-31.84,25.02,-17.86
2013725,Western United v Sydney FC,2,83:11.4,83:14.4,3.0,1803,Western United,direct,defending_direct,-25.02,17.4,10.74,2.61
2013725,Western United v Sydney FC,2,83:14.4,83:15.8,1.4,869,Sydney FC,create,medium_block,-11.78,-2.09,-19.48,3.61
2013725,Western United v Sydney FC,2,83:15.8,83:28.5,12.7,869,Sydney FC,build_up,high_block,-20.0,4.1,-21.25,-33.34
2013725,Western United v Sydney FC,2,83:28.5,83:33.9,5.4,1803,Western United,chaotic,chaotic,21.16,33.48,24.63,37.21
2013725,Western United v Sydney FC,2,83:51.8,83:54.3,2.5,1803,Western United,chaotic,chaotic,24.77,34.26,37.15,22.51
2013725,Western United v Sydney FC,2,84:48.7,84:51.4,2.7,1803,Western United,set_play,defending_set_play,28.81,20.12,-47.64,12.11
2013725,Western United v Sydney FC,2,85:17.1,85:19.0,1.9,1803,Western United,chaotic,chaotic,46.83,-33.03,45.51,-33.04
2013725,Western United v Sydney FC,2,85:19.0,85:25.6,6.6,869,Sydney FC,build_up,high_block,-45.77,33.19,-25.18,7.55
2013725,Western United v Sydney FC,2,85:25.6,85:31.8,6.2,1803,Western United,finish,low_block,24.26,-7.02,5.03,-16.73
2013725,Western United v Sydney FC,2,85:31.8,85:35.8,4.0,1803,Western United,create,medium_block,4.41,-16.37,-19.54,6.72
2013725,Western United v Sydney FC,2,85:35.8,85:44.5,8.7,1803,Western United,build_up,high_block,-20.49,6.59,-20.48,22.72
2013725,Western United v Sydney FC,2,85:44.5,85:50.8,6.3,1803,Western United,create,medium_block,-19.06,21.95,-0.09,4.23
2013725,Western United v Sydney FC,2,86:39.2,86:40.1,0.9,1803,Western United,create,medium_block,1.67,3.15,4.97,-9.76
2013725,Western United v Sydney FC,2,86:40.1,86:47.5,7.4,1803,Western United,finish,low_block,5.26,-11.18,49.29,-25.59
2013725,Western United v Sydney FC,2,86:47.5,86:50.3,2.8,869,Sydney FC,chaotic,chaotic,-49.43,25.54,-48.44,19.67
2013725,Western United v Sydney FC,2,87:42.6,87:51.8,9.2,1803,Western United,set_play,defending_set_play,47.64,-20.53,50.3,2.43
2013725,Western United v Sydney FC,2,87:51.8,87:57.5,5.7,869,Sydney FC,build_up,high_block,-49.76,-2.4,-20.02,24.11
2013725,Western United v Sydney FC,2,87:57.5,87:58.4,0.9,869,Sydney FC,create,medium_block,-18.82,24.85,-11.23,28.24
2013725,Western United v Sydney FC,2,87:58.4,88:02.8,4.4,1803,Western United,chaotic,chaotic,10.47,-28.37,-18.13,-28.97
2013725,Western United v Sydney FC,2,88:02.8,88:05.6,2.8,1803,Western United,direct,defending_direct,-17.55,-29.44,25.02,-22.03
2013725,Western United v Sydney FC,2,88:05.6,88:11.4,5.8,869,Sydney FC,chaotic,chaotic,-25.96,21.65,-4.11,24.34
2013725,Western United v Sydney FC,2,88:11.4,88:21.4,10.0,1803,Western United,create,medium_block,3.71,-24.4,-17.39,-27.05
2013725,Western United v Sydney FC,2,88:21.4,88:23.6,2.2,1803,Western United,direct,defending_direct,-16.93,-27.61,16.06,-27.36
2013725,Western United v Sydney FC,2,88:23.6,88:27.2,3.6,1803,Western United,create,medium_block,16.86,-27.28,24.93,-34.54
2013725,Western United v Sydney FC,2,88:43.4,88:54.3,10.9,1803,Western United,finish,low_block,24.36,-31.67,44.5,9.3
2013725,Western United v Sydney FC,2,89:16.1,89:24.5,8.4,869,Sydney FC,direct,defending_direct,-28.3,-12.21,6.91,5.65
2013725,Western United v Sydney FC,2,89:24.5,89:30.9,6.4,1803,Western United,transition,defending_transition,-7.34,-5.91,24.19,-17.36
2013725,Western United v Sydney FC,2,89:48.8,90:04.2,15.4,869,Sydney FC,create,medium_block,-30.93,2.24,11.11,-27.8
2013725,Western United v Sydney FC,2,90:04.2,90:05.2,1.0,1803,Western United,chaotic,chaotic,-10.86,27.89,-8.46,36.16
2013725,Western United v Sydney FC,2,90:10.8,90:19.5,8.7,869,Sydney FC,create,medium_block,3.87,-31.38,10.85,2.34
2013725,Western United v Sydney FC,2,90:41.8,90:45.0,3.2,1803,Western United,chaotic,chaotic,-16.02,-31.37,-11.84,-19.64
2013725,Western United v Sydney FC,2,90:45.0,90:49.1,4.1,869,Sydney FC,create,medium_block,11.58,18.66,25.64,-5.16
2013725,Western United v Sydney FC,2,90:49.1,90:52.2,3.1,869,Sydney FC,finish,low_block,26.61,-5.19,46.38,-17.75
2013725,Western United v Sydney FC,2,90:52.2,90:53.2,1.0,1803,Western United,chaotic,chaotic,-47.02,18.46,-49.0,27.43
2013725,Western United v Sydney FC,2,90:59.5,91:18.0,18.5,869,Sydney FC,finish,low_block,40.78,-32.06,31.98,-20.13
2013725,Western United v Sydney FC,2,91:18.0,91:20.4,2.4,1803,Western United,chaotic,chaotic,-31.95,19.56,-20.34,23.01
2013725,Western United v Sydney FC,2,91:43.0,91:45.0,2.0,869,Sydney FC,finish,low_block,11.88,-24.66,8.76,-30.83
2013725,Western United v Sydney FC,2,91:45.0,91:45.5,0.5,869,Sydney FC,create,medium_block,9.3,-31.33,10.97,-32.62
2013725,Western United v Sydney FC,2,91:45.5,91:48.3,2.8,869,Sydney FC,finish,low_block,11.27,-32.73,5.57,-25.23
2013725,Western United v Sydney FC,2,91:48.3,91:49.1,0.8,869,Sydney FC,create,medium_block,5.17,-24.93,4.97,-26.48
2013725,Western United v Sydney FC,2,91:49.1,91:51.8,2.7,869,Sydney FC,finish,low_block,5.04,-26.9,24.82,-28.22
2013725,Western United v Sydney FC,2,91:51.8,91:52.8,1.0,1803,Western United,chaotic,chaotic,-25.78,28.26,-18.06,31.31
2013725,Western United v Sydney FC,2,91:59.0,92:03.9,4.9,869,Sydney FC,create,medium_block,8.92,-36.42,11.11,-29.06
2013725,Western United v Sydney FC,2,92:03.9,92:17.1,13.2,869,Sydney FC,finish,low_block,11.98,-28.58,40.31,-1.71
2013725,Western United v Sydney FC,2,92:17.1,92:26.0,8.9,1803,Western United,transition,defending_transition,-40.11,0.34,8.11,-19.74
2013725,Western United v Sydney FC,2,92:26.0,92:27.1,1.1,869,Sydney FC,chaotic,chaotic,-8.7,19.85,-7.04,21.12
2013725,Western United v Sydney FC,2,92:27.1,92:30.9,3.8,1803,Western United,create,medium_block,7.19,-21.21,27.76,-11.37
2013725,Western United v Sydney FC,2,92:30.9,92:35.4,4.5,1803,Western United,finish,low_block,28.45,-11.22,30.85,-0.76
2013725,Western United v Sydney FC,2,92:35.4,92:39.7,4.3,869,Sydney FC,chaotic,chaotic,-31.27,0.53,-7.62,6.59
2013725,Western United v Sydney FC,2,92:43.0,92:46.4,3.4,869,Sydney FC,create,medium_block,-3.62,-0.67,28.42,-7.2
2013725,Western United v Sydney FC,2,92:46.4,92:50.1,3.7,869,Sydney FC,finish,low_block,29.44,-7.24,33.89,-9.94
2013725,Western United v Sydney FC,2,92:50.1,92:53.2,3.1,1803,Western United,build_up,high_block,-34.03,10.16,-21.27,14.18
2013725,Western United v Sydney FC,2,92:53.2,92:55.0,1.8,1803,Western United,create,medium_block,-19.42,14.2,-8.39,16.44
2013725,Western United v Sydney FC,2,92:55.0,93:03.1,8.1,869,Sydney FC,chaotic,chaotic,7.64,-16.73,-1.16,-12.4
2011166,Wellington P FC v Melbourne V FC,1,00:00.3,00:19.9,19.6,868,Melbourne V FC,create,medium_block,-7.97,-0.97,-19.73,23.96
2011166,Wellington P FC v Melbourne V FC,1,00:19.9,00:22.1,2.2,868,Melbourne V FC,build_up,high_block,-21.3,23.49,-30.0,24.75
2011166,Wellington P FC v Melbourne V FC,1,00:22.1,00:25.0,2.9,868,Melbourne V FC,direct,defending_direct,-29.02,24.99,7.53,11.27
2011166,Wellington P FC v Melbourne V FC,1,00:25.0,00:32.3,7.3,868,Melbourne V FC,create,medium_block,7.54,10.96,17.66,-25.65
2011166,Wellington P FC v Melbourne V FC,1,00:32.3,00:42.2,9.9,868,Melbourne V FC,finish,low_block,18.15,-25.76,46.29,-16.85
2011166,Wellington P FC v Melbourne V FC,1,01:10.9,01:18.9,8.0,868,Melbourne V FC,set_play,defending_set_play,54.35,-27.79,6.02,-11.36
2011166,Wellington P FC v Melbourne V FC,1,01:18.9,01:43.6,24.7,868,Melbourne V FC,create,medium_block,4.93,-11.07,13.21,-28.08
2011166,Wellington P FC v Melbourne V FC,1,01:43.6,01:47.7,4.1,867,Wellington P FC,create,medium_block,-13.25,28.25,7.63,32.11
2011166,Wellington P FC v Melbourne V FC,1,01:47.7,01:49.9,2.2,868,Melbourne V FC,create,medium_block,-8.14,-32.25,-19.75,-33.16
2011166,Wellington P FC v Melbourne V FC,1,01:49.9,01:59.4,9.5,868,Melbourne V FC,build_up,high_block,-20.16,-33.2,-20.69,-17.87
2011166,Wellington P FC v Melbourne V FC,1,01:59.4,02:03.3,3.9,867,Wellington P FC,finish,low_block,20.56,17.98,10.46,18.65
2011166,Wellington P FC v Melbourne V FC,1,02:03.3,02:07.6,4.3,867,Wellington P FC,create,medium_block,10.34,18.98,17.19,26.99
2011166,Wellington P FC v Melbourne V FC,1,02:07.6,02:08.7,1.1,867,Wellington P FC,finish,low_block,17.49,27.46,19.39,34.1
2011166,Wellington P FC v Melbourne V FC,1,02:21.7,02:30.8,9.1,868,Melbourne V FC,create,medium_block,-11.49,-33.41,25.51,-16.27
2011166,Wellington P FC v Melbourne V FC,1,02:30.8,02:35.6,4.8,867,Wellington P FC,chaotic,chaotic,-26.18,15.86,-31.74,-13.89
2011166,Wellington P FC v Melbourne V FC,1,02:35.6,02:40.3,4.7,867,Wellington P FC,direct,defending_direct,-31.26,-14.31,6.32,-13.86
2011166,Wellington P FC v Melbourne V FC,1,02:40.3,03:01.3,21.0,868,Melbourne V FC,transition,defending_transition,-6.52,13.97,35.37,25.03
2011166,Wellington P FC v Melbourne V FC,1,03:01.3,03:06.7,5.4,868,Melbourne V FC,finish,low_block,34.99,24.78,50.57,5.89
2011166,Wellington P FC v Melbourne V FC,1,04:10.1,04:20.2,10.1,867,Wellington P FC,create,medium_block,-8.86,-0.63,10.46,-28.96
2011166,Wellington P FC v Melbourne V FC,1,04:20.2,04:21.7,1.5,868,Melbourne V FC,create,medium_block,-11.19,29.25,-19.78,31.91
2011166,Wellington P FC v Melbourne V FC,1,04:21.7,04:35.7,14.0,868,Melbourne V FC,build_up,high_block,-20.28,32.12,-20.8,28.03
2011166,Wellington P FC v Melbourne V FC,1,04:35.7,04:42.5,6.8,867,Wellington P FC,quick_break,defending_quick_break,20.02,-27.59,46.65,-9.03
2011166,Wellington P FC v Melbourne V FC,1,04:42.5,04:46.1,3.6,867,Wellington P FC,finish,low_block,45.85,-8.79,24.46,-10.15
2011166,Wellington P FC v Melbourne V FC,1,04:46.1,04:58.6,12.5,868,Melbourne V FC,transition,defending_transition,-23.8,10.26,43.67,-6.66
2011166,Wellington P FC v Melbourne V FC,1,04:58.6,05:13.9,15.3,868,Melbourne V FC,finish,low_block,42.45,-6.99,50.76,2.39
2011166,Wellington P FC v Melbourne V FC,1,05:46.6,05:50.5,3.9,867,Wellington P FC,direct,defending_direct,,,0.93,18.41
2011166,Wellington P FC v Melbourne V FC,1,05:50.5,05:57.9,7.4,868,Melbourne V FC,chaotic,chaotic,-1.16,-18.82,16.29,-23.23
2011166,Wellington P FC v Melbourne V FC,1,05:57.9,05:59.4,1.5,867,Wellington P FC,chaotic,chaotic,-16.23,23.66,-8.36,31.56
2011166,Wellington P FC v Melbourne V FC,1,06:11.3,06:16.2,4.9,868,Melbourne V FC,chaotic,chaotic,6.51,-33.8,41.18,-31.89
2011166,Wellington P FC v Melbourne V FC,1,06:27.6,06:40.3,12.7,867,Wellington P FC,build_up,high_block,,,-20.01,-15.5
2011166,Wellington P FC v Melbourne V FC,1,06:40.3,06:40.7,0.4,867,Wellington P FC,create,medium_block,-19.91,-15.56,-19.93,-15.29
2011166,Wellington P FC v Melbourne V FC,1,06:40.7,06:55.2,14.5,867,Wellington P FC,build_up,high_block,-20.39,-14.75,-20.63,23.01
2011166,Wellington P FC v Melbourne V FC,1,06:55.2,06:58.4,3.2,867,Wellington P FC,create,medium_block,-19.37,23.52,6.23,30.7
2011166,Wellington P FC v Melbourne V FC,1,06:58.4,07:09.3,10.9,868,Melbourne V FC,create,medium_block,-6.46,-30.84,24.91,-30.21
2011166,Wellington P FC v Melbourne V FC,1,07:09.3,07:13.4,4.1,868,Melbourne V FC,finish,low_block,25.49,-30.24,40.27,-7.98
2011166,Wellington P FC v Melbourne V FC,1,07:51.0,07:54.5,3.5,868,Melbourne V FC,set_play,defending_set_play,53.29,-26.61,40.9,-16.24
2011166,Wellington P FC v Melbourne V FC,1,07:54.5,07:58.6,4.1,867,Wellington P FC,chaotic,chaotic,-40.35,16.87,-13.87,23.9
2011166,Wellington P FC v Melbourne V FC,1,07:58.6,07:59.7,1.1,868,Melbourne V FC,finish,low_block,13.18,-24.05,6.15,-24.83
2011166,Wellington P FC v Melbourne V FC,1,07:59.7,08:12.2,12.5,868,Melbourne V FC,create,medium_block,5.04,-24.6,12.75,-31.88
2011166,Wellington P FC v Melbourne V FC,1,08:12.2,08:15.4,3.2,868,Melbourne V FC,finish,low_block,12.48,-31.32,7.01,-22.84
2011166,Wellington P FC v Melbourne V FC,1,08:15.4,08:22.9,7.5,868,Melbourne V FC,create,medium_block,6.6,-22.68,13.49,29.51
2011166,Wellington P FC v Melbourne V FC,1,08:22.9,08:28.3,5.4,868,Melbourne V FC,finish,low_block,13.96,29.7,6.48,27.33
2011166,Wellington P FC v Melbourne V FC,1,08:28.3,08:36.5,8.2,868,Melbourne V FC,create,medium_block,5.59,26.79,12.97,-25.36
2011166,Wellington P FC v Melbourne V FC,1,08:36.5,08:58.0,21.5,868,Melbourne V FC,finish,low_block,13.67,-25.54,34.66,-13.5
2011166,Wellington P FC v Melbourne V FC,1,08:58.0,09:03.6,5.6,867,Wellington P FC,chaotic,chaotic,-35.48,12.58,-21.31,33.35
2011166,Wellington P FC v Melbourne V FC,1,09:22.2,09:24.2,2.0,868,Melbourne V FC,chaotic,chaotic,25.77,-33.05,27.94,-30.89
2011166,Wellington P FC v Melbourne V FC,1,09:24.2,09:43.5,19.3,867,Wellington P FC,build_up,high_block,-28.31,30.71,-20.21,4.4
2011166,Wellington P FC v Melbourne V FC,1,09:43.5,09:49.2,5.7,867,Wellington P FC,create,medium_block,-19.26,4.59,22.49,18.09
2011166,Wellington P FC v Melbourne V FC,1,09:49.2,09:54.1,4.9,867,Wellington P FC,finish,low_block,23.11,17.92,53.17,2.45
2011166,Wellington P FC v Melbourne V FC,1,10:57.4,11:36.3,38.9,868,Melbourne V FC,create,medium_block,-6.34,-8.36,11.85,31.99
2011166,Wellington P FC v Melbourne V FC,1,11:36.3,11:38.1,1.8,868,Melbourne V FC,finish,low_block,11.81,32.04,6.02,31.04
2011166,Wellington P FC v Melbourne V FC,1,11:38.1,11:56.7,18.6,868,Melbourne V FC,create,medium_block,5.37,30.95,16.26,-8.55
2011166,Wellington P FC v Melbourne V FC,1,11:56.7,12:00.1,3.4,868,Melbourne V FC,finish,low_block,16.73,-8.74,35.58,-21.19
2011166,Wellington P FC v Melbourne V FC,1,12:00.1,12:05.9,5.8,867,Wellington P FC,build_up,high_block,-36.4,21.58,-20.46,26.19
2011166,Wellington P FC v Melbourne V FC,1,12:05.9,12:08.0,2.1,867,Wellington P FC,create,medium_block,-19.95,26.17,-11.2,21.1
2011166,Wellington P FC v Melbourne V FC,1,12:28.3,12:30.6,2.3,867,Wellington P FC,create,medium_block,,,2.48,15.0
2011166,Wellington P FC v Melbourne V FC,1,12:50.2,12:51.7,1.5,868,Melbourne V FC,chaotic,chaotic,3.22,-29.27,14.07,-29.19
2011166,Wellington P FC v Melbourne V FC,1,12:51.7,13:08.7,17.0,867,Wellington P FC,create,medium_block,-13.88,29.14,16.62,-25.76
2011166,Wellington P FC v Melbourne V FC,1,13:08.7,13:13.5,4.8,868,Melbourne V FC,create,medium_block,-16.65,25.76,-19.92,12.65
2011166,Wellington P FC v Melbourne V FC,1,13:13.5,13:20.8,7.3,868,Melbourne V FC,build_up,high_block,-20.69,13.56,-20.07,13.84
2011166,Wellington P FC v Melbourne V FC,1,13:20.8,13:30.6,9.8,868,Melbourne V FC,create,medium_block,-19.86,14.07,16.89,17.58
2011166,Wellington P FC v Melbourne V FC,1,13:30.6,13:38.3,7.7,868,Melbourne V FC,finish,low_block,17.16,17.13,27.71,-10.42
2011166,Wellington P FC v Melbourne V FC,1,13:38.3,13:40.1,1.8,867,Wellington P FC,build_up,high_block,-27.38,10.38,-20.34,6.01
2011166,Wellington P FC v Melbourne V FC,1,13:40.1,13:43.8,3.7,867,Wellington P FC,create,medium_block,-19.79,5.7,-19.83,-2.2
2011166,Wellington P FC v Melbourne V FC,1,13:43.8,13:48.3,4.5,867,Wellington P FC,build_up,high_block,-20.27,-2.15,-20.33,10.07
2011166,Wellington P FC v Melbourne V FC,1,13:48.3,13:50.6,2.3,867,Wellington P FC,create,medium_block,-19.97,10.32,-19.75,21.14
2011166,Wellington P FC v Melbourne V FC,1,13:50.6,13:59.0,8.4,867,Wellington P FC,build_up,high_block,-20.19,21.68,-20.5,-21.88
2011166,Wellington P FC v Melbourne V FC,1,13:59.0,13:59.9,0.9,867,Wellington P FC,create,medium_block,-19.02,-22.94,-11.56,-28.47
2011166,Wellington P FC v Melbourne V FC,1,14:29.9,14:40.9,11.0,867,Wellington P FC,build_up,high_block,,,-49.29,36.17
2011166,Wellington P FC v Melbourne V FC,1,14:57.5,15:03.8,6.3,867,Wellington P FC,build_up,high_block,-43.46,34.68,-20.27,29.74
2011166,Wellington P FC v Melbourne V FC,1,15:03.8,15:06.7,2.9,867,Wellington P FC,create,medium_block,-19.44,29.9,-10.42,20.43
2011166,Wellington P FC v Melbourne V FC,1,15:06.7,15:12.7,6.0,868,Melbourne V FC,quick_break,defending_quick_break,10.41,-20.03,46.02,-27.56
2011166,Wellington P FC v Melbourne V FC,1,15:12.7,15:13.1,0.4,867,Wellington P FC,chaotic,chaotic,-46.43,27.68,-47.81,29.11
2011166,Wellington P FC v Melbourne V FC,1,15:33.6,15:37.9,4.3,867,Wellington P FC,chaotic,chaotic,-36.32,33.93,-45.52,32.95
2011166,Wellington P FC v Melbourne V FC,1,15:37.9,15:49.8,11.9,868,Melbourne V FC,finish,low_block,45.81,-32.95,43.25,-34.5
2011166,Wellington P FC v Melbourne V FC,1,15:59.3,16:01.1,1.8,867,Wellington P FC,chaotic,chaotic,-34.4,34.26,-27.92,32.41
2011166,Wellington P FC v Melbourne V FC,1,16:01.1,16:07.3,6.2,868,Melbourne V FC,finish,low_block,27.75,-32.18,39.51,-19.76
2011166,Wellington P FC v Melbourne V FC,1,16:40.4,16:43.7,3.3,867,Wellington P FC,direct,defending_direct,,,8.35,-2.8
2011166,Wellington P FC v Melbourne V FC,1,16:43.7,16:45.3,1.6,868,Melbourne V FC,chaotic,chaotic,-8.7,2.3,5.05,-5.11
2011166,Wellington P FC v Melbourne V FC,1,16:45.3,16:49.5,4.2,867,Wellington P FC,chaotic,chaotic,-5.31,5.6,-20.27,27.05
2011166,Wellington P FC v Melbourne V FC,1,16:49.5,16:54.8,5.3,868,Melbourne V FC,finish,low_block,21.22,-27.08,42.62,-14.35
2011166,Wellington P FC v Melbourne V FC,1,16:54.8,17:00.0,5.2,867,Wellington P FC,chaotic,chaotic,-42.71,13.79,-31.36,16.5
2011166,Wellington P FC v Melbourne V FC,1,17:00.0,17:00.9,0.9,868,Melbourne V FC,chaotic,chaotic,31.59,-16.62,35.84,-15.16
2011166,Wellington P FC v Melbourne V FC,1,17:00.9,17:04.4,3.5,867,Wellington P FC,chaotic,chaotic,-36.32,14.57,-15.62,6.92
2011166,Wellington P FC v Melbourne V FC,1,17:04.4,17:12.9,8.5,868,Melbourne V FC,create,medium_block,15.01,-6.54,13.45,29.76
2011166,Wellington P FC v Melbourne V FC,1,17:12.9,17:15.0,2.1,868,Melbourne V FC,finish,low_block,13.6,30.05,11.17,29.73
2011166,Wellington P FC v Melbourne V FC,1,17:15.0,17:27.5,12.5,868,Melbourne V FC,create,medium_block,10.94,29.66,17.25,-28.43
2011166,Wellington P FC v Melbourne V FC,1,17:32.9,17:34.3,1.4,868,Melbourne V FC,finish,low_block,18.15,-30.74,6.92,-26.39
2011166,Wellington P FC v Melbourne V FC,1,17:34.3,17:52.1,17.8,868,Melbourne V FC,create,medium_block,5.07,-26.41,37.65,28.74
2011166,Wellington P FC v Melbourne V FC,1,17:52.1,17:56.9,4.8,867,Wellington P FC,chaotic,chaotic,-38.4,-28.77,-13.53,-30.53
2011166,Wellington P FC v Melbourne V FC,1,17:56.9,18:11.9,15.0,868,Melbourne V FC,finish,low_block,13.69,30.31,6.6,26.79
2011166,Wellington P FC v Melbourne V FC,1,18:11.9,18:21.9,10.0,868,Melbourne V FC,create,medium_block,5.21,26.74,14.19,27.52
2011166,Wellington P FC v Melbourne V FC,1,18:21.9,18:25.2,3.3,868,Melbourne V FC,finish,low_block,14.77,28.29,31.54,20.63
2011166,Wellington P FC v Melbourne V FC,1,18:25.2,18:26.8,1.6,867,Wellington P FC,chaotic,chaotic,-32.06,-20.15,-31.86,-22.42
2011166,Wellington P FC v Melbourne V FC,1,18:50.7,18:51.7,1.0,867,Wellington P FC,set_play,defending_set_play,,,-2.63,-34.74
2011166,Wellington P FC v Melbourne V FC,1,19:01.9,19:06.6,4.7,868,Melbourne V FC,create,medium_block,6.75,31.36,-18.76,20.32
2011166,Wellington P FC v Melbourne V FC,1,19:06.6,19:13.5,6.9,868,Melbourne V FC,build_up,high_block,-20.02,19.36,-20.58,27.22
2011166,Wellington P FC v Melbourne V FC,1,19:13.5,19:19.9,6.4,868,Melbourne V FC,create,medium_block,-19.34,27.77,-16.57,29.25
2011166,Wellington P FC v Melbourne V FC,1,19:24.9,19:33.1,8.2,868,Melbourne V FC,create,medium_block,-23.07,24.24,4.34,0.58
2011166,Wellington P FC v Melbourne V FC,1,19:33.1,19:37.6,4.5,867,Wellington P FC,chaotic,chaotic,-4.81,-0.92,-13.68,24.69
2011166,Wellington P FC v Melbourne V FC,1,19:37.6,19:38.6,1.0,868,Melbourne V FC,chaotic,chaotic,14.13,-25.23,22.8,-28.86
2011166,Wellington P FC v Melbourne V FC,1,20:00.9,20:03.7,2.8,867,Wellington P FC,build_up,high_block,-38.42,34.43,-21.11,23.74
2011166,Wellington P FC v Melbourne V FC,1,20:03.7,20:08.2,4.5,867,Wellington P FC,create,medium_block,-19.73,22.25,18.57,-12.23
2011166,Wellington P FC v Melbourne V FC,1,20:08.2,20:08.5,0.3,868,Melbourne V FC,create,medium_block,-19.0,12.52,-19.88,13.36
2011166,Wellington P FC v Melbourne V FC,1,20:08.5,20:12.6,4.1,868,Melbourne V FC,build_up,high_block,-20.42,13.82,-29.83,16.4
2011166,Wellington P FC v Melbourne V FC,1,20:12.6,20:15.5,2.9,868,Melbourne V FC,direct,defending_direct,-29.53,16.14,7.33,0.94
2011166,Wellington P FC v Melbourne V FC,1,20:15.5,20:16.4,0.9,867,Wellington P FC,chaotic,chaotic,-7.07,-0.88,1.09,-2.48
2011166,Wellington P FC v Melbourne V FC,1,20:16.4,20:39.5,23.1,868,Melbourne V FC,create,medium_block,-1.38,2.88,13.57,23.82
2011166,Wellington P FC v Melbourne V FC,1,20:39.5,20:41.0,1.5,868,Melbourne V FC,finish,low_block,13.56,23.49,7.59,21.03
2011166,Wellington P FC v Melbourne V FC,1,20:41.0,20:45.6,4.6,868,Melbourne V FC,create,medium_block,5.99,21.12,16.43,27.95
2011166,Wellington P FC v Melbourne V FC,1,20:45.6,21:01.8,16.2,868,Melbourne V FC,finish,low_block,17.09,28.33,51.94,-12.14
2011166,Wellington P FC v Melbourne V FC,1,21:01.8,21:02.8,1.0,867,Wellington P FC,chaotic,chaotic,-52.06,12.32,-52.6,18.45
2011166,Wellington P FC v Melbourne V FC,1,21:33.1,21:53.1,20.0,868,Melbourne V FC,set_play,defending_set_play,50.67,-34.11,22.68,-4.97
2011166,Wellington P FC v Melbourne V FC,1,21:53.1,21:54.5,1.4,868,Melbourne V FC,finish,low_block,23.02,-4.64,36.54,5.2
2011166,Wellington P FC v Melbourne V FC,1,21:54.5,21:56.7,2.2,867,Wellington P FC,chaotic,chaotic,-37.39,-5.49,-48.03,-15.08
2011166,Wellington P FC v Melbourne V FC,1,22:27.8,22:28.8,1.0,868,Melbourne V FC,set_play,defending_set_play,51.83,32.68,48.33,18.06
2011166,Wellington P FC v Melbourne V FC,1,22:52.1,22:52.6,0.5,868,Melbourne V FC,create,medium_block,,,,
2011166,Wellington P FC v Melbourne V FC,1,22:52.6,22:55.5,2.9,868,Melbourne V FC,finish,low_block,32.46,-30.83,30.24,-29.55
2011166,Wellington P FC v Melbourne V FC,1,22:55.5,23:01.3,5.8,867,Wellington P FC,build_up,high_block,-30.33,29.57,-40.63,35.6
2011166,Wellington P FC v Melbourne V FC,1,23:04.5,23:07.5,3.0,868,Melbourne V FC,finish,low_block,41.2,-32.2,38.28,-26.52
2011166,Wellington P FC v Melbourne V FC,1,23:51.3,23:57.2,5.9,868,Melbourne V FC,set_play,defending_set_play,42.16,-31.94,44.87,-8.82
2011166,Wellington P FC v Melbourne V FC,1,24:21.9,24:33.5,11.6,868,Melbourne V FC,set_play,defending_set_play,51.23,-33.43,50.74,2.24
2011166,Wellington P FC v Melbourne V FC,1,25:09.1,25:16.0,6.9,867,Wellington P FC,direct,defending_direct,,,13.98,10.27
2011166,Wellington P FC v Melbourne V FC,1,25:47.8,25:51.9,4.1,868,Melbourne V FC,build_up,high_block,,,-20.6,-9.76
2011166,Wellington P FC v Melbourne V FC,1,25:51.9,25:55.9,4.0,868,Melbourne V FC,create,medium_block,-18.07,-8.17,11.97,23.98
2011166,Wellington P FC v Melbourne V FC,1,25:55.9,25:57.8,1.9,868,Melbourne V FC,finish,low_block,11.86,23.84,6.79,19.79
2011166,Wellington P FC v Melbourne V FC,1,25:57.8,26:02.3,4.5,868,Melbourne V FC,create,medium_block,5.48,19.07,17.3,-14.97
2011166,Wellington P FC v Melbourne V FC,1,26:02.3,26:09.2,6.9,868,Melbourne V FC,finish,low_block,17.94,-16.1,37.64,-15.7
2011166,Wellington P FC v Melbourne V FC,1,26:09.2,26:14.1,4.9,867,Wellington P FC,build_up,high_block,-38.08,14.76,-20.3,29.09
2011166,Wellington P FC v Melbourne V FC,1,26:14.1,26:16.6,2.5,867,Wellington P FC,create,medium_block,-19.72,29.4,-3.46,24.94
2011166,Wellington P FC v Melbourne V FC,1,26:38.4,26:43.4,5.0,868,Melbourne V FC,chaotic,chaotic,20.55,-33.0,24.46,-6.97
2011166,Wellington P FC v Melbourne V FC,1,27:16.2,27:22.5,6.3,867,Wellington P FC,build_up,high_block,-22.87,5.31,-20.38,26.18
2011166,Wellington P FC v Melbourne V FC,1,27:22.5,27:34.5,12.0,867,Wellington P FC,create,medium_block,-19.76,26.55,11.45,34.19
2011166,Wellington P FC v Melbourne V FC,1,27:36.2,27:39.7,3.5,867,Wellington P FC,chaotic,chaotic,14.34,29.68,12.33,21.57
2011166,Wellington P FC v Melbourne V FC,1,27:39.7,27:50.6,10.9,868,Melbourne V FC,create,medium_block,-12.39,-21.51,-16.49,-35.29
2011166,Wellington P FC v Melbourne V FC,1,28:11.4,28:13.9,2.5,867,Wellington P FC,chaotic,chaotic,10.79,32.14,16.13,16.68
2011166,Wellington P FC v Melbourne V FC,1,28:13.9,28:14.2,0.3,868,Melbourne V FC,chaotic,chaotic,-15.94,-16.37,-15.03,-15.76
2011166,Wellington P FC v Melbourne V FC,1,28:14.2,28:18.2,4.0,867,Wellington P FC,chaotic,chaotic,14.48,15.53,2.4,-3.77
2011166,Wellington P FC v Melbourne V FC,1,28:18.2,28:27.0,8.8,868,Melbourne V FC,chaotic,chaotic,-2.23,4.07,14.35,32.99
2011166,Wellington P FC v Melbourne V FC,1,28:27.0,28:28.0,1.0,867,Wellington P FC,chaotic,chaotic,-13.41,-32.88,-1.66,-32.32
2011166,Wellington P FC v Melbourne V FC,1,28:44.9,28:52.8,7.9,868,Melbourne V FC,create,medium_block,-0.03,32.29,8.03,-20.69
2011166,Wellington P FC v Melbourne V FC,1,28:52.8,29:02.7,9.9,868,Melbourne V FC,finish,low_block,8.45,-21.06,5.67,-6.79
2011166,Wellington P FC v Melbourne V FC,1,29:02.7,29:05.5,2.8,868,Melbourne V FC,create,medium_block,5.19,-5.23,4.91,17.23
2011166,Wellington P FC v Melbourne V FC,1,29:05.5,29:18.6,13.1,868,Melbourne V FC,finish,low_block,5.94,17.99,6.14,25.15
2011166,Wellington P FC v Melbourne V FC,1,29:18.6,29:20.9,2.3,868,Melbourne V FC,create,medium_block,5.26,24.9,4.66,24.83
2011166,Wellington P FC v Melbourne V FC,1,29:20.9,29:31.6,10.7,868,Melbourne V FC,finish,low_block,5.13,25.28,38.56,12.85
2011166,Wellington P FC v Melbourne V FC,1,29:31.6,29:33.1,1.5,867,Wellington P FC,chaotic,chaotic,-39.16,-12.78,-49.29,-16.79
2011166,Wellington P FC v Melbourne V FC,1,30:03.5,30:04.5,1.0,868,Melbourne V FC,set_play,defending_set_play,48.41,21.33,46.8,1.32
2011166,Wellington P FC v Melbourne V FC,1,31:25.3,31:27.1,1.8,868,Melbourne V FC,chaotic,chaotic,47.37,-33.33,42.93,-28.62
2011166,Wellington P FC v Melbourne V FC,1,31:27.1,31:28.2,1.1,867,Wellington P FC,chaotic,chaotic,-42.22,28.35,-33.69,26.26
2011166,Wellington P FC v Melbourne V FC,1,31:28.2,31:33.3,5.1,868,Melbourne V FC,chaotic,chaotic,33.38,-26.32,37.88,-25.51
2011166,Wellington P FC v Melbourne V FC,1,31:33.3,31:36.5,3.2,867,Wellington P FC,chaotic,chaotic,-38.18,25.05,-32.87,20.2
2011166,Wellington P FC v Melbourne V FC,1,31:36.5,31:40.0,3.5,868,Melbourne V FC,quick_break,defending_quick_break,32.93,-20.45,49.62,-5.22
2011166,Wellington P FC v Melbourne V FC,1,31:40.0,31:46.3,6.3,868,Melbourne V FC,finish,low_block,49.81,-5.46,50.19,-9.53
2011166,Wellington P FC v Melbourne V FC,1,31:46.3,32:06.8,20.5,868,Melbourne V FC,create,medium_block,,,9.43,3.77
2011166,Wellington P FC v Melbourne V FC,1,32:06.8,32:25.0,18.2,867,Wellington P FC,transition,defending_transition,-9.05,-3.74,37.51,35.49
2011166,Wellington P FC v Melbourne V FC,1,32:43.1,32:46.5,3.4,867,Wellington P FC,chaotic,chaotic,32.69,32.18,20.62,30.65
2011166,Wellington P FC v Melbourne V FC,1,32:46.5,32:53.6,7.1,868,Melbourne V FC,create,medium_block,-20.05,-30.66,26.26,-0.6
2011166,Wellington P FC v Melbourne V FC,1,32:53.6,32:56.4,2.8,868,Melbourne V FC,finish,low_block,26.67,0.1,50.79,-4.41
2011166,Wellington P FC v Melbourne V FC,1,33:32.8,33:52.8,20.0,868,Melbourne V FC,set_play,defending_set_play,53.97,-25.2,,
2011166,Wellington P FC v Melbourne V FC,1,33:52.8,33:54.8,2.0,867,Wellington P FC,chaotic,chaotic,,,-20.57,-11.68
2011166,Wellington P FC v Melbourne V FC,1,33:54.8,34:13.0,18.2,868,Melbourne V FC,finish,low_block,20.58,11.19,42.81,-20.37
2011166,Wellington P FC v Melbourne V FC,1,34:46.1,34:52.6,6.5,867,Wellington P FC,direct,defending_direct,,,10.19,7.4
2011166,Wellington P FC v Melbourne V FC,1,34:52.6,34:54.6,2.0,868,Melbourne V FC,chaotic,chaotic,-9.46,-7.19,0.44,0.01
2011166,Wellington P FC v Melbourne V FC,1,34:54.6,34:55.9,1.3,867,Wellington P FC,chaotic,chaotic,0.09,-0.62,15.03,-9.37
2011166,Wellington P FC v Melbourne V FC,1,34:55.9,34:56.3,0.4,868,Melbourne V FC,create,medium_block,-16.23,10.01,-19.74,11.88
2011166,Wellington P FC v Melbourne V FC,1,34:56.3,35:03.1,6.8,868,Melbourne V FC,build_up,high_block,-20.85,12.45,-27.75,30.96
2011166,Wellington P FC v Melbourne V FC,1,35:03.1,35:05.5,2.4,868,Melbourne V FC,direct,defending_direct,-26.35,31.11,14.24,18.6
2011166,Wellington P FC v Melbourne V FC,1,35:05.5,35:07.8,2.3,868,Melbourne V FC,create,medium_block,15.35,18.11,30.25,6.96
2011166,Wellington P FC v Melbourne V FC,1,35:07.8,35:16.1,8.3,868,Melbourne V FC,finish,low_block,30.76,6.36,53.49,11.33
2011166,Wellington P FC v Melbourne V FC,1,35:50.4,36:10.4,20.0,868,Melbourne V FC,set_play,defending_set_play,51.59,33.12,26.09,0.84
2011166,Wellington P FC v Melbourne V FC,1,36:10.4,36:31.8,21.4,868,Melbourne V FC,finish,low_block,25.77,0.65,46.28,0.59
2011166,Wellington P FC v Melbourne V FC,1,37:05.1,37:11.5,6.4,867,Wellington P FC,direct,defending_direct,,,14.33,-25.84
2011166,Wellington P FC v Melbourne V FC,1,37:11.5,37:12.0,0.5,868,Melbourne V FC,chaotic,chaotic,-13.86,25.84,-11.09,25.07
2011166,Wellington P FC v Melbourne V FC,1,37:12.0,37:15.6,3.6,867,Wellington P FC,create,medium_block,10.64,-24.77,21.49,-12.32
2011166,Wellington P FC v Melbourne V FC,1,37:15.6,37:24.1,8.5,867,Wellington P FC,finish,low_block,21.87,-11.81,41.83,-6.7
2011166,Wellington P FC v Melbourne V FC,1,37:24.1,37:31.2,7.1,868,Melbourne V FC,transition,defending_transition,-41.66,6.25,2.0,32.19
2011166,Wellington P FC v Melbourne V FC,1,37:31.2,37:37.7,6.5,867,Wellington P FC,chaotic,chaotic,-2.97,-31.93,-23.25,-33.43
2011166,Wellington P FC v Melbourne V FC,1,37:44.6,37:56.7,12.1,867,Wellington P FC,create,medium_block,-21.4,-33.83,-19.44,-27.85
2011166,Wellington P FC v Melbourne V FC,1,37:56.7,38:08.7,12.0,867,Wellington P FC,build_up,high_block,-20.76,-27.35,-20.71,28.81
2011166,Wellington P FC v Melbourne V FC,1,38:08.7,38:18.6,9.9,867,Wellington P FC,create,medium_block,-19.81,28.22,25.4,31.43
2011166,Wellington P FC v Melbourne V FC,1,38:18.6,38:28.2,9.6,867,Wellington P FC,finish,low_block,26.31,31.46,45.3,-6.19
2011166,Wellington P FC v Melbourne V FC,1,41:18.7,41:23.7,5.0,868,Melbourne V FC,build_up,high_block,-37.71,-4.6,-20.21,24.8
2011166,Wellington P FC v Melbourne V FC,1,41:23.7,41:33.2,9.5,868,Melbourne V FC,create,medium_block,-19.68,25.2,-19.98,17.96
2011166,Wellington P FC v Melbourne V FC,1,41:33.2,41:38.2,5.0,868,Melbourne V FC,build_up,high_block,-21.18,17.89,-36.55,-2.12
2011166,Wellington P FC v Melbourne V FC,1,42:19.5,42:21.4,1.9,867,Wellington P FC,set_play,defending_set_play,44.44,18.79,51.73,-5.12
2011166,Wellington P FC v Melbourne V FC,1,42:21.4,42:36.8,15.4,868,Melbourne V FC,build_up,high_block,-51.68,5.48,-20.44,-11.82
2011166,Wellington P FC v Melbourne V FC,1,42:36.8,42:46.2,9.4,868,Melbourne V FC,create,medium_block,-19.71,-11.81,-11.27,-33.96
2011166,Wellington P FC v Melbourne V FC,1,42:58.7,43:01.8,3.1,868,Melbourne V FC,chaotic,chaotic,-2.77,-33.96,22.22,-29.54
2011166,Wellington P FC v Melbourne V FC,1,43:01.8,43:09.2,7.4,867,Wellington P FC,build_up,high_block,-22.7,29.5,-46.56,-2.44
2011166,Wellington P FC v Melbourne V FC,1,43:09.2,43:12.4,3.2,867,Wellington P FC,direct,defending_direct,-45.53,-2.72,-0.74,-12.94
2011166,Wellington P FC v Melbourne V FC,1,43:29.4,43:30.0,0.6,867,Wellington P FC,direct,defending_direct,,,,
2011166,Wellington P FC v Melbourne V FC,1,43:30.0,43:47.4,17.4,867,Wellington P FC,create,medium_block,-0.38,9.68,-2.2,17.99
2011166,Wellington P FC v Melbourne V FC,1,44:21.8,44:32.8,11.0,868,Melbourne V FC,set_play,defending_set_play,,,,
2011166,Wellington P FC v Melbourne V FC,1,44:32.8,44:38.5,5.7,868,Melbourne V FC,create,medium_block,-4.1,30.66,6.77,27.89
2011166,Wellington P FC v Melbourne V FC,1,44:38.5,44:51.8,13.3,867,Wellington P FC,transition,defending_transition,-6.84,-27.77,38.88,28.45
2011166,Wellington P FC v Melbourne V FC,1,44:51.8,45:00.9,9.1,867,Wellington P FC,finish,low_block,38.21,27.91,18.68,13.13
2011166,Wellington P FC v Melbourne V FC,1,45:00.9,45:20.8,19.9,868,Melbourne V FC,transition,defending_transition,-18.5,-13.26,45.99,3.45
2011166,Wellington P FC v Melbourne V FC,1,45:20.8,45:21.9,1.1,867,Wellington P FC,chaotic,chaotic,-45.92,-4.99,-46.49,-15.32
2011166,Wellington P FC v Melbourne V FC,1,45:54.1,45:56.2,2.1,868,Melbourne V FC,set_play,defending_set_play,,,57.22,30.36
2011166,Wellington P FC v Melbourne V FC,1,47:03.7,47:09.9,6.2,867,Wellington P FC,create,medium_block,-6.56,0.65,-7.39,-24.8
2011166,Wellington P FC v Melbourne V FC,1,47:09.9,47:12.2,2.3,867,Wellington P FC,direct,defending_direct,-6.36,-25.26,25.15,-29.34
2011166,Wellington P FC v Melbourne V FC,1,47:12.2,47:13.2,1.0,868,Melbourne V FC,chaotic,chaotic,-25.72,29.36,-25.75,32.71
2011166,Wellington P FC v Melbourne V FC,1,47:20.7,47:29.7,9.0,867,Wellington P FC,finish,low_block,24.3,-32.0,47.77,-8.15
2011166,Wellington P FC v Melbourne V FC,1,47:57.2,48:10.9,13.7,867,Wellington P FC,set_play,defending_set_play,41.53,-35.03,49.82,-4.76
2011166,Wellington P FC v Melbourne V FC,1,48:15.2,48:16.2,1.0,868,Melbourne V FC,build_up,high_block,-47.83,-2.23,-46.19,-3.21
2011166,Wellington P FC v Melbourne V FC,2,45:02.8,45:09.2,6.4,867,Wellington P FC,create,medium_block,-8.08,-1.12,-19.76,-2.18
2011166,Wellington P FC v Melbourne V FC,2,45:09.2,45:33.3,24.1,867,Wellington P FC,build_up,high_block,-20.09,-1.63,-21.15,-28.83
2011166,Wellington P FC v Melbourne V FC,2,45:33.3,45:34.3,1.0,867,Wellington P FC,create,medium_block,-19.91,-28.51,-8.79,-21.68
2011166,Wellington P FC v Melbourne V FC,2,45:34.3,45:38.4,4.1,868,Melbourne V FC,chaotic,chaotic,8.03,21.29,8.75,31.59
2011166,Wellington P FC v Melbourne V FC,2,46:12.2,46:13.2,1.0,868,Melbourne V FC,set_play,defending_set_play,9.56,31.82,-1.47,27.73
2011166,Wellington P FC v Melbourne V FC,2,46:13.2,46:19.2,6.0,868,Melbourne V FC,create,medium_block,-2.76,27.35,25.48,28.45
2011166,Wellington P FC v Melbourne V FC,2,46:19.2,46:32.6,13.4,868,Melbourne V FC,finish,low_block,25.76,28.55,-4.9,18.4
2011166,Wellington P FC v Melbourne V FC,2,46:32.6,46:38.0,5.4,868,Melbourne V FC,chaotic,chaotic,4.65,-18.65,26.07,-25.08
2011166,Wellington P FC v Melbourne V FC,2,46:38.0,46:39.0,1.0,867,Wellington P FC,build_up,high_block,-26.09,25.18,-20.1,24.68
2011166,Wellington P FC v Melbourne V FC,2,46:39.0,46:44.5,5.5,867,Wellington P FC,create,medium_block,-19.79,24.83,-8.65,-4.44
2011166,Wellington P FC v Melbourne V FC,2,46:44.5,46:49.0,4.5,868,Melbourne V FC,quick_break,defending_quick_break,8.8,4.36,35.24,1.05
2011166,Wellington P FC v Melbourne V FC,2,46:49.0,46:55.0,6.0,867,Wellington P FC,chaotic,chaotic,-34.68,-1.38,-19.23,-26.03
2011166,Wellington P FC v Melbourne V FC,2,46:55.0,47:00.8,5.8,868,Melbourne V FC,quick_break,defending_quick_break,19.77,26.3,48.06,2.98
2011166,Wellington P FC v Melbourne V FC,2,47:00.8,47:03.8,3.0,867,Wellington P FC,chaotic,chaotic,-47.85,-3.0,-37.0,-7.83
2011166,Wellington P FC v Melbourne V FC,2,47:03.8,47:18.3,14.5,868,Melbourne V FC,finish,low_block,36.7,8.12,7.31,28.42
2011166,Wellington P FC v Melbourne V FC,2,47:18.3,47:29.9,11.6,868,Melbourne V FC,create,medium_block,6.06,28.32,38.32,15.49
2011166,Wellington P FC v Melbourne V FC,2,47:29.9,47:33.2,3.3,867,Wellington P FC,chaotic,chaotic,-38.97,-15.8,-43.15,-18.5
2011166,Wellington P FC v Melbourne V FC,2,47:54.5,47:55.3,0.8,868,Melbourne V FC,create,medium_block,,,,
2011166,Wellington P FC v Melbourne V FC,2,47:55.3,48:02.9,7.6,868,Melbourne V FC,finish,low_block,32.74,30.99,48.56,35.79
2011166,Wellington P FC v Melbourne V FC,2,48:09.1,48:10.6,1.5,867,Wellington P FC,chaotic,chaotic,-42.09,-34.81,-25.38,-29.41
2011166,Wellington P FC v Melbourne V FC,2,48:10.6,48:11.5,0.9,868,Melbourne V FC,chaotic,chaotic,24.37,29.04,18.86,24.96
2011166,Wellington P FC v Melbourne V FC,2,48:11.5,48:12.2,0.7,867,Wellington P FC,chaotic,chaotic,-18.47,-24.34,-17.5,-21.55
2011166,Wellington P FC v Melbourne V FC,2,48:12.2,48:18.9,6.7,868,Melbourne V FC,chaotic,chaotic,17.51,21.39,20.22,4.02
2011166,Wellington P FC v Melbourne V FC,2,48:18.9,48:35.0,16.1,867,Wellington P FC,create,medium_block,-20.23,-3.9,14.8,-18.44
2011166,Wellington P FC v Melbourne V FC,2,48:35.0,48:37.8,2.8,867,Wellington P FC,finish,low_block,14.8,-19.06,36.6,-7.96
2011166,Wellington P FC v Melbourne V FC,2,48:48.3,48:52.5,4.2,868,Melbourne V FC,build_up,high_block,-45.72,-6.44,-27.46,-29.81
2011166,Wellington P FC v Melbourne V FC,2,48:52.5,49:01.2,8.7,867,Wellington P FC,chaotic,chaotic,26.8,29.71,48.95,5.7
2011166,Wellington P FC v Melbourne V FC,2,49:01.2,49:06.0,4.8,868,Melbourne V FC,chaotic,chaotic,-48.98,-5.76,-50.5,-33.25
2011166,Wellington P FC v Melbourne V FC,2,49:13.7,49:24.0,10.3,867,Wellington P FC,finish,low_block,46.83,33.14,30.4,19.29
2011166,Wellington P FC v Melbourne V FC,2,49:24.0,49:35.7,11.7,868,Melbourne V FC,transition,defending_transition,-30.15,-18.93,51.57,2.07
2011166,Wellington P FC v Melbourne V FC,2,50:42.1,50:48.4,6.3,867,Wellington P FC,create,medium_block,0.01,-0.3,-19.46,-10.87
2011166,Wellington P FC v Melbourne V FC,2,50:48.4,50:51.7,3.3,867,Wellington P FC,build_up,high_block,-20.49,-9.58,-30.1,-7.23
2011166,Wellington P FC v Melbourne V FC,2,50:51.7,50:54.3,2.6,867,Wellington P FC,direct,defending_direct,-29.11,-7.67,4.79,-23.95
2011166,Wellington P FC v Melbourne V FC,2,50:54.3,51:00.6,6.3,867,Wellington P FC,create,medium_block,5.48,-23.84,15.4,13.49
2011166,Wellington P FC v Melbourne V FC,2,51:24.1,51:25.6,1.5,868,Melbourne V FC,chaotic,chaotic,,,-15.41,-30.32
2011166,Wellington P FC v Melbourne V FC,2,51:25.6,51:30.3,4.7,867,Wellington P FC,finish,low_block,14.5,29.73,13.42,22.71
2011166,Wellington P FC v Melbourne V FC,2,51:30.3,51:32.1,1.8,867,Wellington P FC,create,medium_block,13.9,21.52,8.14,20.4
2011166,Wellington P FC v Melbourne V FC,2,51:57.9,51:59.5,1.6,868,Melbourne V FC,finish,low_block,10.43,-33.27,6.55,-32.24
2011166,Wellington P FC v Melbourne V FC,2,51:59.5,52:08.2,8.7,868,Melbourne V FC,create,medium_block,6.18,-32.34,13.07,24.09
2011166,Wellington P FC v Melbourne V FC,2,52:08.2,52:20.0,11.8,868,Melbourne V FC,finish,low_block,13.67,25.0,48.47,4.67
2011166,Wellington P FC v Melbourne V FC,2,52:49.7,52:50.7,1.0,867,Wellington P FC,direct,defending_direct,,,-37.17,-10.71
2011166,Wellington P FC v Melbourne V FC,2,53:07.0,53:25.0,18.0,868,Melbourne V FC,create,medium_block,0.53,31.78,-15.57,30.87
2011166,Wellington P FC v Melbourne V FC,2,53:38.4,53:40.4,2.0,868,Melbourne V FC,create,medium_block,-10.95,17.78,-19.42,11.05
2011166,Wellington P FC v Melbourne V FC,2,53:40.4,53:46.5,6.1,868,Melbourne V FC,build_up,high_block,-20.02,11.69,-20.2,31.9
2011166,Wellington P FC v Melbourne V FC,2,53:46.5,53:50.9,4.4,868,Melbourne V FC,create,medium_block,-19.86,31.89,-5.22,23.42
2011166,Wellington P FC v Melbourne V FC,2,53:50.9,53:56.4,5.5,867,Wellington P FC,create,medium_block,5.25,-23.43,20.91,15.49
2011166,Wellington P FC v Melbourne V FC,2,53:56.4,54:00.6,4.2,868,Melbourne V FC,chaotic,chaotic,-21.2,-16.01,-47.62,-10.55
2011166,Wellington P FC v Melbourne V FC,2,54:00.6,54:04.0,3.4,868,Melbourne V FC,direct,defending_direct,-46.67,-10.84,0.23,-11.63
2011166,Wellington P FC v Melbourne V FC,2,54:15.2,54:18.4,3.2,867,Wellington P FC,create,medium_block,-2.95,34.36,-19.36,29.98
2011166,Wellington P FC v Melbourne V FC,2,54:18.4,54:39.3,20.9,867,Wellington P FC,build_up,high_block,-20.28,30.05,-20.2,-18.27
2011166,Wellington P FC v Melbourne V FC,2,54:39.3,54:40.5,1.2,867,Wellington P FC,create,medium_block,-19.44,-18.51,-15.51,-28.08
2011166,Wellington P FC v Melbourne V FC,2,56:03.1,56:05.5,2.4,867,Wellington P FC,chaotic,chaotic,-2.98,-31.39,21.53,-29.21
2011166,Wellington P FC v Melbourne V FC,2,58:08.4,58:12.7,4.3,867,Wellington P FC,set_play,defending_set_play,21.8,-30.89,47.34,1.43
2011166,Wellington P FC v Melbourne V FC,2,58:12.7,58:15.6,2.9,868,Melbourne V FC,chaotic,chaotic,-47.18,-2.36,-31.22,-4.15
2011166,Wellington P FC v Melbourne V FC,2,58:15.6,58:29.3,13.7,867,Wellington P FC,create,medium_block,29.84,3.6,42.36,-6.06
2011166,Wellington P FC v Melbourne V FC,2,58:29.3,58:44.1,14.8,868,Melbourne V FC,create,medium_block,-42.7,5.85,-9.29,27.07
2011166,Wellington P FC v Melbourne V FC,2,58:53.4,58:56.7,3.3,867,Wellington P FC,chaotic,chaotic,-21.27,-29.8,-21.79,-13.42
2011166,Wellington P FC v Melbourne V FC,2,58:56.7,59:23.7,27.0,868,Melbourne V FC,finish,low_block,21.96,12.87,44.48,2.66
2011166,Wellington P FC v Melbourne V FC,2,59:23.7,59:26.2,2.5,867,Wellington P FC,direct,defending_direct,-44.57,-2.76,-10.36,-4.47
2011166,Wellington P FC v Melbourne V FC,2,59:26.2,59:33.6,7.4,868,Melbourne V FC,finish,low_block,9.85,4.36,33.96,-22.38
2011166,Wellington P FC v Melbourne V FC,2,59:33.6,59:42.5,8.9,867,Wellington P FC,build_up,high_block,-33.76,22.13,-21.23,33.9
2011166,Wellington P FC v Melbourne V FC,2,59:54.9,59:56.4,1.5,867,Wellington P FC,chaotic,chaotic,-15.07,32.45,-3.14,30.13
2011166,Wellington P FC v Melbourne V FC,2,59:56.4,59:58.7,2.3,868,Melbourne V FC,chaotic,chaotic,3.03,-29.81,14.2,-25.38
2011166,Wellington P FC v Melbourne V FC,2,59:58.7,60:04.4,5.7,867,Wellington P FC,chaotic,chaotic,-14.33,25.35,18.02,27.75
2011166,Wellington P FC v Melbourne V FC,2,60:04.4,60:08.5,4.1,868,Melbourne V FC,chaotic,chaotic,-19.05,-27.57,-46.69,-6.21
2011166,Wellington P FC v Melbourne V FC,2,60:08.5,60:11.0,2.5,868,Melbourne V FC,direct,defending_direct,-45.87,-6.22,-8.65,-3.64
2011166,Wellington P FC v Melbourne V FC,2,60:11.0,60:21.1,10.1,867,Wellington P FC,quick_break,defending_quick_break,8.72,3.04,38.74,-10.91
2011166,Wellington P FC v Melbourne V FC,2,60:42.1,60:48.8,6.7,867,Wellington P FC,chaotic,chaotic,-3.93,-33.39,26.23,-10.85
2011166,Wellington P FC v Melbourne V FC,2,60:48.8,60:57.6,8.8,868,Melbourne V FC,build_up,high_block,-26.72,10.92,-31.16,30.98
2011166,Wellington P FC v Melbourne V FC,2,60:57.6,61:14.3,16.7,867,Wellington P FC,finish,low_block,30.49,-30.84,42.33,-31.92
2011166,Wellington P FC v Melbourne V FC,2,62:04.4,62:09.1,4.7,867,Wellington P FC,set_play,defending_set_play,42.13,-29.5,50.78,10.86
2011166,Wellington P FC v Melbourne V FC,2,62:28.3,62:29.7,1.4,868,Melbourne V FC,build_up,high_block,,,-34.74,23.68
2011166,Wellington P FC v Melbourne V FC,2,62:29.7,62:32.7,3.0,868,Melbourne V FC,direct,defending_direct,-34.01,23.47,5.35,18.48
2011166,Wellington P FC v Melbourne V FC,2,62:32.7,62:39.5,6.8,867,Wellington P FC,chaotic,chaotic,-5.45,-18.37,20.96,-13.37
2011166,Wellington P FC v Melbourne V FC,2,62:39.5,62:41.9,2.4,868,Melbourne V FC,chaotic,chaotic,-20.93,13.5,-5.99,12.32
2011166,Wellington P FC v Melbourne V FC,2,62:41.9,62:53.2,11.3,867,Wellington P FC,create,medium_block,5.89,-12.29,22.39,24.86
2011166,Wellington P FC v Melbourne V FC,2,62:53.2,63:13.5,20.3,867,Wellington P FC,finish,low_block,23.73,24.54,44.06,-8.0
2011166,Wellington P FC v Melbourne V FC,2,65:35.9,65:39.5,3.6,868,Melbourne V FC,direct,defending_direct,-45.9,5.47,5.47,11.27
2011166,Wellington P FC v Melbourne V FC,2,65:39.5,65:41.6,2.1,867,Wellington P FC,chaotic,chaotic,-5.55,-11.38,12.91,-4.14
2011166,Wellington P FC v Melbourne V FC,2,65:41.6,65:43.7,2.1,868,Melbourne V FC,chaotic,chaotic,-13.38,4.09,-3.23,10.38
2011166,Wellington P FC v Melbourne V FC,2,65:43.7,65:45.0,1.3,867,Wellington P FC,chaotic,chaotic,3.47,-10.51,13.35,-5.89
2011166,Wellington P FC v Melbourne V FC,2,65:45.0,66:05.0,20.0,868,Melbourne V FC,create,medium_block,-13.04,5.57,24.22,-14.73
2011166,Wellington P FC v Melbourne V FC,2,66:05.0,66:18.0,13.0,867,Wellington P FC,build_up,high_block,-24.53,14.68,-33.82,20.43
2011166,Wellington P FC v Melbourne V FC,2,66:18.0,66:21.1,3.1,868,Melbourne V FC,chaotic,chaotic,33.26,-20.92,41.4,-15.72
2011166,Wellington P FC v Melbourne V FC,2,66:21.1,66:28.2,7.1,867,Wellington P FC,build_up,high_block,-41.47,15.98,-21.04,10.16
2011166,Wellington P FC v Melbourne V FC,2,66:28.2,66:29.3,1.1,867,Wellington P FC,create,medium_block,-19.66,9.6,-18.93,1.82
2011166,Wellington P FC v Melbourne V FC,2,66:29.3,66:30.3,1.0,868,Melbourne V FC,chaotic,chaotic,19.28,-1.75,23.25,-3.44
2011166,Wellington P FC v Melbourne V FC,2,66:30.3,66:37.0,6.7,867,Wellington P FC,create,medium_block,-23.26,3.09,31.73,-25.15
2011166,Wellington P FC v Melbourne V FC,2,66:37.0,66:38.4,1.4,867,Wellington P FC,finish,low_block,32.37,-25.21,41.74,-22.19
2011166,Wellington P FC v Melbourne V FC,2,66:38.4,66:41.1,2.7,868,Melbourne V FC,chaotic,chaotic,-42.39,21.91,-47.95,29.13
2011166,Wellington P FC v Melbourne V FC,2,66:45.7,66:49.3,3.6,867,Wellington P FC,chaotic,chaotic,44.38,-33.46,50.11,-34.75
2011166,Wellington P FC v Melbourne V FC,2,67:10.5,67:11.5,1.0,868,Melbourne V FC,chaotic,chaotic,-40.31,33.8,-32.53,30.79
2011166,Wellington P FC v Melbourne V FC,2,67:29.5,67:42.1,12.6,868,Melbourne V FC,create,medium_block,-11.97,33.36,20.6,-13.54
2011166,Wellington P FC v Melbourne V FC,2,67:42.1,68:05.9,23.8,868,Melbourne V FC,finish,low_block,21.76,-14.52,49.19,0.1
2011166,Wellington P FC v Melbourne V FC,2,68:41.9,68:42.9,1.0,867,Wellington P FC,direct,defending_direct,-45.88,-7.6,-24.14,-15.34
2011166,Wellington P FC v Melbourne V FC,2,68:55.7,68:56.4,0.7,867,Wellington P FC,create,medium_block,-16.01,-29.63,-19.88,-26.61
2011166,Wellington P FC v Melbourne V FC,2,68:56.4,69:07.5,11.1,867,Wellington P FC,build_up,high_block,-20.45,-26.1,-20.54,-2.22
2011166,Wellington P FC v Melbourne V FC,2,69:07.5,69:07.6,0.1,867,Wellington P FC,create,medium_block,-19.93,-2.58,-19.93,-2.58
2011166,Wellington P FC v Melbourne V FC,2,69:07.6,69:10.8,3.2,867,Wellington P FC,direct,defending_direct,-18.58,-3.08,25.89,-19.02
2011166,Wellington P FC v Melbourne V FC,2,70:01.3,70:03.6,2.3,868,Melbourne V FC,direct,defending_direct,-10.68,11.35,23.88,14.6
2011166,Wellington P FC v Melbourne V FC,2,70:03.6,70:08.0,4.4,867,Wellington P FC,chaotic,chaotic,-24.01,-14.59,9.39,-5.87
2011166,Wellington P FC v Melbourne V FC,2,70:08.0,70:10.6,2.6,868,Melbourne V FC,create,medium_block,-9.53,5.57,-19.63,0.74
2011166,Wellington P FC v Melbourne V FC,2,70:10.6,70:19.6,9.0,868,Melbourne V FC,build_up,high_block,-20.58,1.23,-20.36,-23.45
2011166,Wellington P FC v Melbourne V FC,2,70:19.6,70:25.1,5.5,868,Melbourne V FC,create,medium_block,-19.08,-24.38,-19.77,-5.34
2011166,Wellington P FC v Melbourne V FC,2,70:25.1,70:30.9,5.8,868,Melbourne V FC,build_up,high_block,-20.46,-5.0,-20.83,-13.97
2011166,Wellington P FC v Melbourne V FC,2,70:30.9,70:36.5,5.6,868,Melbourne V FC,create,medium_block,-19.62,-12.11,19.24,14.65
2011166,Wellington P FC v Melbourne V FC,2,70:36.5,70:52.9,16.4,868,Melbourne V FC,finish,low_block,19.71,14.25,27.8,27.38
2011166,Wellington P FC v Melbourne V FC,2,71:22.4,71:42.4,20.0,868,Melbourne V FC,set_play,defending_set_play,30.17,26.63,6.71,-5.35
2011166,Wellington P FC v Melbourne V FC,2,71:42.4,71:45.8,3.4,868,Melbourne V FC,create,medium_block,5.97,-4.92,-19.93,1.33
2011166,Wellington P FC v Melbourne V FC,2,71:45.8,71:47.7,1.9,868,Melbourne V FC,build_up,high_block,-20.73,1.39,-26.01,0.92
2011166,Wellington P FC v Melbourne V FC,2,71:47.7,71:51.0,3.3,868,Melbourne V FC,direct,defending_direct,-23.85,0.61,17.37,-6.65
2011166,Wellington P FC v Melbourne V FC,2,71:51.0,71:57.1,6.1,868,Melbourne V FC,create,medium_block,17.37,-6.45,17.48,-19.58
2011166,Wellington P FC v Melbourne V FC,2,71:57.1,72:09.9,12.8,868,Melbourne V FC,finish,low_block,17.98,-19.56,43.34,-6.16
2011166,Wellington P FC v Melbourne V FC,2,72:38.6,72:42.6,4.0,867,Wellington P FC,direct,defending_direct,,,5.84,-20.91
2011166,Wellington P FC v Melbourne V FC,2,72:42.6,72:49.9,7.3,868,Melbourne V FC,create,medium_block,-6.27,20.98,12.84,29.61
2011166,Wellington P FC v Melbourne V FC,2,72:49.9,72:54.9,5.0,867,Wellington P FC,create,medium_block,-12.72,-29.54,-19.81,-13.39
2011166,Wellington P FC v Melbourne V FC,2,72:54.9,72:58.0,3.1,867,Wellington P FC,build_up,high_block,-20.77,-12.31,-20.76,11.08
2011166,Wellington P FC v Melbourne V FC,2,72:58.0,73:10.6,12.6,867,Wellington P FC,create,medium_block,-19.96,12.65,29.25,31.58
2011166,Wellington P FC v Melbourne V FC,2,73:10.6,73:14.4,3.8,868,Melbourne V FC,chaotic,chaotic,-29.91,-31.69,-38.24,-35.54
2011166,Wellington P FC v Melbourne V FC,2,73:20.6,73:24.9,4.3,867,Wellington P FC,finish,low_block,32.86,31.8,21.31,27.64
2011166,Wellington P FC v Melbourne V FC,2,73:24.9,73:27.5,2.6,867,Wellington P FC,create,medium_block,21.47,27.49,19.5,33.94
2011166,Wellington P FC v Melbourne V FC,2,73:41.1,73:42.9,1.8,868,Melbourne V FC,chaotic,chaotic,-16.95,-32.5,-14.89,-31.07
2011166,Wellington P FC v Melbourne V FC,2,73:51.2,73:53.9,2.7,868,Melbourne V FC,create,medium_block,-13.32,-33.27,-19.64,-22.58
2011166,Wellington P FC v Melbourne V FC,2,73:53.9,73:57.3,3.4,868,Melbourne V FC,build_up,high_block,-20.31,-21.27,-20.18,2.33
2011166,Wellington P FC v Melbourne V FC,2,73:57.3,74:03.4,6.1,868,Melbourne V FC,create,medium_block,-19.89,2.81,15.97,24.42
2011166,Wellington P FC v Melbourne V FC,2,74:03.4,74:04.2,0.8,868,Melbourne V FC,finish,low_block,16.08,24.07,17.92,23.38
2011166,Wellington P FC v Melbourne V FC,2,74:04.2,74:18.4,14.2,867,Wellington P FC,transition,defending_transition,-18.33,-23.13,49.99,-0.81
2011166,Wellington P FC v Melbourne V FC,2,75:14.0,75:28.9,14.9,868,Melbourne V FC,create,medium_block,-0.78,0.97,0.08,23.62
2011166,Wellington P FC v Melbourne V FC,2,75:28.9,75:34.9,6.0,867,Wellington P FC,create,medium_block,0.04,-23.78,16.72,-28.51
2011166,Wellington P FC v Melbourne V FC,2,75:34.9,75:38.3,3.4,868,Melbourne V FC,create,medium_block,-16.8,28.89,-19.98,30.45
2011166,Wellington P FC v Melbourne V FC,2,75:38.3,75:49.8,11.5,868,Melbourne V FC,build_up,high_block,-20.24,30.15,-36.07,13.7
2011166,Wellington P FC v Melbourne V FC,2,75:49.8,75:54.6,4.8,868,Melbourne V FC,direct,defending_direct,-35.42,13.69,21.16,26.18
2011166,Wellington P FC v Melbourne V FC,2,75:54.6,75:58.3,3.7,867,Wellington P FC,chaotic,chaotic,-21.3,-26.32,-0.2,-27.48
2011166,Wellington P FC v Melbourne V FC,2,76:24.8,76:30.7,5.9,867,Wellington P FC,chaotic,chaotic,,,25.22,18.37
2011166,Wellington P FC v Melbourne V FC,2,76:30.7,76:32.8,2.1,868,Melbourne V FC,chaotic,chaotic,-25.05,-18.85,-11.49,-26.28
2011166,Wellington P FC v Melbourne V FC,2,76:32.8,76:35.7,2.9,867,Wellington P FC,chaotic,chaotic,11.13,26.76,16.19,29.88
2011166,Wellington P FC v Melbourne V FC,2,76:35.7,76:37.8,2.1,868,Melbourne V FC,create,medium_block,-16.52,-29.43,-19.62,-22.36
2011166,Wellington P FC v Melbourne V FC,2,76:37.8,76:41.0,3.2,868,Melbourne V FC,build_up,high_block,-20.67,-21.92,-20.63,-22.65
2011166,Wellington P FC v Melbourne V FC,2,76:41.0,76:44.8,3.8,868,Melbourne V FC,create,medium_block,-18.81,-23.49,-4.32,-18.31
2011166,Wellington P FC v Melbourne V FC,2,76:44.8,76:55.3,10.5,867,Wellington P FC,create,medium_block,3.85,17.95,37.75,21.01
2011166,Wellington P FC v Melbourne V FC,2,76:55.3,76:59.3,4.0,868,Melbourne V FC,chaotic,chaotic,-38.04,-21.35,-7.05,-22.43
2011166,Wellington P FC v Melbourne V FC,2,76:59.3,77:02.2,2.9,867,Wellington P FC,finish,low_block,7.08,22.53,7.07,27.05
2011166,Wellington P FC v Melbourne V FC,2,77:02.2,77:12.5,10.3,867,Wellington P FC,create,medium_block,7.15,27.3,9.1,-13.84
2011166,Wellington P FC v Melbourne V FC,2,77:12.5,77:24.3,11.8,867,Wellington P FC,finish,low_block,9.94,-14.84,33.45,7.52
2011166,Wellington P FC v Melbourne V FC,2,77:24.3,77:25.3,1.0,868,Melbourne V FC,chaotic,chaotic,-34.64,-8.11,-45.17,-9.64
2011166,Wellington P FC v Melbourne V FC,2,79:56.7,80:16.7,20.0,867,Wellington P FC,set_play,defending_set_play,50.55,25.62,29.09,24.83
2011166,Wellington P FC v Melbourne V FC,2,80:16.7,80:21.4,4.7,867,Wellington P FC,finish,low_block,28.97,24.72,43.22,6.59
2011166,Wellington P FC v Melbourne V FC,2,80:21.4,80:22.4,1.0,868,Melbourne V FC,chaotic,chaotic,-43.29,-7.35,-41.09,-20.27
2011166,Wellington P FC v Melbourne V FC,2,80:52.8,80:58.3,5.5,867,Wellington P FC,chaotic,chaotic,37.33,30.09,44.32,11.62
2011166,Wellington P FC v Melbourne V FC,2,80:58.3,80:59.3,1.0,868,Melbourne V FC,chaotic,chaotic,-44.86,-11.31,-49.46,-15.16
2011166,Wellington P FC v Melbourne V FC,2,81:30.1,81:39.9,9.8,867,Wellington P FC,set_play,defending_set_play,51.66,34.23,45.08,-5.41
2011166,Wellington P FC v Melbourne V FC,2,82:14.2,82:17.8,3.6,868,Melbourne V FC,direct,defending_direct,-47.25,7.8,2.56,18.98
2011166,Wellington P FC v Melbourne V FC,2,82:17.8,82:23.4,5.6,867,Wellington P FC,chaotic,chaotic,-3.43,-19.21,7.9,-26.78
2011166,Wellington P FC v Melbourne V FC,2,82:23.4,82:25.9,2.5,868,Melbourne V FC,chaotic,chaotic,-7.72,27.13,20.17,21.6
2011166,Wellington P FC v Melbourne V FC,2,82:25.9,82:31.7,5.8,867,Wellington P FC,chaotic,chaotic,-20.21,-21.17,-12.92,14.19
2011166,Wellington P FC v Melbourne V FC,2,82:31.7,82:36.4,4.7,867,Wellington P FC,direct,defending_direct,-12.09,13.85,29.4,-10.48
2011166,Wellington P FC v Melbourne V FC,2,82:36.4,82:39.3,2.9,868,Melbourne V FC,chaotic,chaotic,-29.85,10.18,-19.65,16.47
2011166,Wellington P FC v Melbourne V FC,2,82:39.3,82:46.8,7.5,867,Wellington P FC,chaotic,chaotic,19.38,-16.81,45.12,-25.04
2011166,Wellington P FC v Melbourne V FC,2,82:46.8,82:49.3,2.5,868,Melbourne V FC,chaotic,chaotic,-45.66,24.86,-50.09,32.9
2011166,Wellington P FC v Melbourne V FC,2,82:49.3,82:54.4,5.1,868,Melbourne V FC,direct,defending_direct,-49.2,33.17,10.65,22.35
2011166,Wellington P FC v Melbourne V FC,2,82:54.4,83:03.8,9.4,867,Wellington P FC,create,medium_block,-11.04,-22.3,-5.73,-27.8
2011166,Wellington P FC v Melbourne V FC,2,83:03.8,83:12.9,9.1,868,Melbourne V FC,quick_break,defending_quick_break,5.94,27.56,44.57,20.38
2011166,Wellington P FC v Melbourne V FC,2,83:12.9,83:19.9,7.0,867,Wellington P FC,build_up,high_block,-44.92,-20.01,-21.56,-31.09
2011166,Wellington P FC v Melbourne V FC,2,83:19.9,83:21.4,1.5,867,Wellington P FC,create,medium_block,-19.45,-30.77,2.74,-27.2
2011166,Wellington P FC v Melbourne V FC,2,83:21.4,83:33.9,12.5,868,Melbourne V FC,create,medium_block,-3.04,27.23,13.12,32.4
2011166,Wellington P FC v Melbourne V FC,2,83:53.6,83:54.5,0.9,868,Melbourne V FC,chaotic,chaotic,21.75,33.22,26.39,30.56
2011166,Wellington P FC v Melbourne V FC,2,83:54.5,83:58.9,4.4,867,Wellington P FC,create,medium_block,-26.07,-30.23,-15.3,-31.32
2011166,Wellington P FC v Melbourne V FC,2,83:58.9,84:04.2,5.3,868,Melbourne V FC,finish,low_block,15.36,31.35,16.13,32.12
2011166,Wellington P FC v Melbourne V FC,2,84:04.2,84:08.0,3.8,868,Melbourne V FC,create,medium_block,15.75,32.32,26.07,27.75
2011166,Wellington P FC v Melbourne V FC,2,84:08.0,84:12.7,4.7,867,Wellington P FC,chaotic,chaotic,-26.3,-27.75,-10.63,-27.22
2011166,Wellington P FC v Melbourne V FC,2,84:12.7,84:17.0,4.3,868,Melbourne V FC,chaotic,chaotic,9.97,26.99,21.41,19.89
2011166,Wellington P FC v Melbourne V FC,2,84:17.0,84:23.6,6.6,867,Wellington P FC,create,medium_block,-21.73,-19.02,-19.54,-5.02
2011166,Wellington P FC v Melbourne V FC,2,84:23.6,84:28.4,4.8,867,Wellington P FC,direct,defending_direct,-18.48,-5.45,34.35,-22.19
2011166,Wellington P FC v Melbourne V FC,2,84:28.4,84:45.0,16.6,867,Wellington P FC,finish,low_block,34.94,-22.13,27.58,1.89
2011166,Wellington P FC v Melbourne V FC,2,85:33.5,85:37.3,3.8,868,Melbourne V FC,direct,defending_direct,,,16.51,17.41
2011166,Wellington P FC v Melbourne V FC,2,85:37.3,85:38.5,1.2,867,Wellington P FC,chaotic,chaotic,-15.85,-17.27,-6.33,-11.71
2011166,Wellington P FC v Melbourne V FC,2,85:38.5,85:42.2,3.7,868,Melbourne V FC,create,medium_block,6.52,11.46,21.15,21.53
2011166,Wellington P FC v Melbourne V FC,2,85:42.2,85:55.4,13.2,868,Melbourne V FC,finish,low_block,21.29,22.51,47.1,-8.63
2011166,Wellington P FC v Melbourne V FC,2,86:20.5,86:23.8,3.3,867,Wellington P FC,direct,defending_direct,,,-0.86,-24.29
2011166,Wellington P FC v Melbourne V FC,2,86:23.8,86:24.8,1.0,868,Melbourne V FC,chaotic,chaotic,0.55,24.9,3.9,31.03
2011166,Wellington P FC v Melbourne V FC,2,86:29.0,86:33.3,4.3,867,Wellington P FC,chaotic,chaotic,2.27,-33.1,20.01,-33.1
2011166,Wellington P FC v Melbourne V FC,2,86:54.6,86:58.8,4.2,867,Wellington P FC,finish,low_block,16.83,-26.72,6.39,-16.27
2011166,Wellington P FC v Melbourne V FC,2,86:58.8,87:00.9,2.1,867,Wellington P FC,create,medium_block,6.27,-17.61,10.9,-25.01
2011166,Wellington P FC v Melbourne V FC,2,87:00.9,87:04.5,3.6,867,Wellington P FC,finish,low_block,11.22,-25.13,40.78,9.73
2011166,Wellington P FC v Melbourne V FC,2,87:04.5,87:17.1,12.6,868,Melbourne V FC,build_up,high_block,-41.13,-10.4,-28.4,-26.9
2011166,Wellington P FC v Melbourne V FC,2,87:17.1,87:20.3,3.2,868,Melbourne V FC,direct,defending_direct,-27.77,-26.99,21.56,-15.16
2011166,Wellington P FC v Melbourne V FC,2,87:20.3,87:37.0,16.7,867,Wellington P FC,create,medium_block,-22.44,14.82,28.34,-9.16
2011166,Wellington P FC v Melbourne V FC,2,87:37.0,87:40.3,3.3,867,Wellington P FC,finish,low_block,28.77,-9.53,47.03,-1.65
2011166,Wellington P FC v Melbourne V FC,2,88:21.1,88:26.2,5.1,867,Wellington P FC,set_play,defending_set_play,51.23,34.24,-54.19,10.44
2011166,Wellington P FC v Melbourne V FC,2,88:50.8,88:59.0,8.2,867,Wellington P FC,set_play,defending_set_play,51.96,-28.57,-6.21,-28.13
2011166,Wellington P FC v Melbourne V FC,2,88:59.0,89:00.4,1.4,868,Melbourne V FC,direct,defending_direct,-4.88,-27.85,6.22,-24.76
2011166,Wellington P FC v Melbourne V FC,2,89:00.4,89:06.6,6.2,867,Wellington P FC,transition,defending_transition,-6.31,24.91,27.26,-6.47
2011166,Wellington P FC v Melbourne V FC,2,89:06.6,89:10.1,3.5,868,Melbourne V FC,chaotic,chaotic,-28.31,7.76,-33.74,23.93
2011166,Wellington P FC v Melbourne V FC,2,89:10.1,89:18.7,8.6,867,Wellington P FC,finish,low_block,33.82,-24.11,54.76,2.73
2011166,Wellington P FC v Melbourne V FC,2,89:58.3,90:01.8,3.5,868,Melbourne V FC,direct,defending_direct,-35.58,11.27,4.5,30.1
2011166,Wellington P FC v Melbourne V FC,2,90:01.8,90:04.4,2.6,867,Wellington P FC,chaotic,chaotic,-4.31,-30.17,11.24,-24.7
2011166,Wellington P FC v Melbourne V FC,2,90:04.4,90:13.0,8.6,868,Melbourne V FC,chaotic,chaotic,-11.27,25.07,9.74,30.48
2011166,Wellington P FC v Melbourne V FC,2,90:38.1,90:40.0,1.9,868,Melbourne V FC,chaotic,chaotic,18.66,33.84,31.66,29.43
2011166,Wellington P FC v Melbourne V FC,2,90:40.0,90:47.5,7.5,867,Wellington P FC,build_up,high_block,-31.49,-29.53,-20.72,12.07
2011166,Wellington P FC v Melbourne V FC,2,90:47.5,90:53.7,6.2,867,Wellington P FC,create,medium_block,-19.95,12.61,23.15,23.82
2011166,Wellington P FC v Melbourne V FC,2,90:53.7,90:55.2,1.5,867,Wellington P FC,finish,low_block,23.79,23.47,38.63,15.8
2011166,Wellington P FC v Melbourne V FC,2,91:31.2,91:35.8,4.6,868,Melbourne V FC,direct,defending_direct,,,14.46,28.81
2011166,Wellington P FC v Melbourne V FC,2,91:35.8,91:38.7,2.9,867,Wellington P FC,chaotic,chaotic,-14.62,-29.05,10.68,-18.15
2011166,Wellington P FC v Melbourne V FC,2,91:38.7,91:40.7,2.0,868,Melbourne V FC,chaotic,chaotic,-11.41,17.58,-20.72,20.18
2011166,Wellington P FC v Melbourne V FC,2,91:53.8,91:55.5,1.7,867,Wellington P FC,chaotic,chaotic,34.02,-32.03,35.8,-24.57
2011166,Wellington P FC v Melbourne V FC,2,91:55.5,92:00.8,5.3,868,Melbourne V FC,chaotic,chaotic,-35.2,24.29,8.26,29.21
2011166,Wellington P FC v Melbourne V FC,2,92:00.8,92:07.4,6.6,867,Wellington P FC,create,medium_block,-8.67,-29.27,-15.62,4.88
2011166,Wellington P FC v Melbourne V FC,2,92:07.4,92:10.1,2.7,867,Wellington P FC,direct,defending_direct,-14.68,5.25,24.26,7.88
2011166,Wellington P FC v Melbourne V FC,2,92:10.1,92:15.5,5.4,868,Melbourne V FC,chaotic,chaotic,-24.65,-8.19,-17.3,-29.77
2011166,Wellington P FC v Melbourne V FC,2,92:38.0,92:53.2,15.2,868,Melbourne V FC,create,medium_block,-15.03,-22.27,50.05,-5.97
2011166,Wellington P FC v Melbourne V FC,2,92:53.2,92:59.1,5.9,867,Wellington P FC,build_up,high_block,-49.94,6.41,-35.95,-20.59
2011166,Wellington P FC v Melbourne V FC,2,92:59.1,93:02.0,2.9,867,Wellington P FC,direct,defending_direct,-34.54,-20.28,4.29,-12.86
2011166,Wellington P FC v Melbourne V FC,2,93:02.0,93:08.5,6.5,867,Wellington P FC,create,medium_block,4.17,-13.17,20.84,-27.02
2011166,Wellington P FC v Melbourne V FC,2,94:05.3,94:06.3,1.0,868,Melbourne V FC,direct,defending_direct,-29.18,31.29,-10.51,30.41
2011166,Wellington P FC v Melbourne V FC,2,94:12.1,94:16.6,4.5,867,Wellington P FC,create,medium_block,-8.8,-34.56,-18.53,-35.62
2011166,Wellington P FC v Melbourne V FC,2,94:23.4,94:25.4,2.0,867,Wellington P FC,chaotic,chaotic,-17.63,-36.86,1.06,-29.83
2011166,Wellington P FC v Melbourne V FC,2,94:25.4,94:27.7,2.3,868,Melbourne V FC,chaotic,chaotic,-0.84,30.01,2.18,34.72
2011166,Wellington P FC v Melbourne V FC,2,94:27.7,94:31.6,3.9,867,Wellington P FC,chaotic,chaotic,-2.01,-35.31,-1.31,-35.17
2011166,Wellington P FC v Melbourne V FC,2,94:41.7,94:43.8,2.1,868,Melbourne V FC,chaotic,chaotic,9.94,33.98,29.31,28.97
2011166,Wellington P FC v Melbourne V FC,2,94:43.8,94:44.6,0.8,867,Wellington P FC,chaotic,chaotic,-29.3,-29.0,-26.52,-30.21
2011166,Wellington P FC v Melbourne V FC,2,94:44.6,94:46.8,2.2,868,Melbourne V FC,chaotic,chaotic,26.4,30.41,25.57,33.17
2011166,Wellington P FC v Melbourne V FC,2,95:06.2,95:16.4,10.2,868,Melbourne V FC,finish,low_block,23.26,33.8,45.06,32.17
2011166,Wellington P FC v Melbourne V FC,2,95:16.5,95:17.5,1.0,867,Wellington P FC,chaotic,chaotic,-42.71,-31.95,-33.17,-30.79
2006229,Melbourne City v Macarthur FC,1,00:00.8,00:08.3,7.5,1804,Macarthur FC,create,medium_block,-0.78,-0.68,6.18,9.66
2006229,Melbourne City v Macarthur FC,1,00:08.3,00:14.9,6.6,2380,Melbourne City,chaotic,chaotic,-7.23,-8.04,3.41,27.27
2006229,Melbourne City v Macarthur FC,1,00:14.9,00:17.0,2.1,1804,Macarthur FC,chaotic,chaotic,-2.97,-27.47,12.47,-30.26
2006229,Melbourne City v Macarthur FC,1,00:17.0,00:18.5,1.5,2380,Melbourne City,create,medium_block,-13.0,30.37,-19.82,29.01
2006229,Melbourne City v Macarthur FC,1,00:18.5,00:23.3,4.8,2380,Melbourne City,build_up,high_block,-21.05,28.64,-22.03,30.21
2006229,Melbourne City v Macarthur FC,1,00:23.3,00:25.0,1.7,2380,Melbourne City,create,medium_block,-19.9,29.99,1.69,25.72
2006229,Melbourne City v Macarthur FC,1,00:25.0,00:26.3,1.3,1804,Macarthur FC,chaotic,chaotic,-2.01,-25.51,2.24,-23.98
2006229,Melbourne City v Macarthur FC,1,00:26.3,00:31.9,5.6,2380,Melbourne City,chaotic,chaotic,-2.43,23.95,28.11,16.81
2006229,Melbourne City v Macarthur FC,1,00:31.9,00:34.6,2.7,1804,Macarthur FC,chaotic,chaotic,-28.56,-16.57,-48.16,-13.06
2006229,Melbourne City v Macarthur FC,1,00:34.6,00:37.7,3.1,1804,Macarthur FC,direct,defending_direct,-48.04,-13.36,-5.88,-9.63
2006229,Melbourne City v Macarthur FC,1,00:47.8,00:54.4,6.6,2380,Melbourne City,finish,low_block,12.9,-25.23,5.11,-23.6
2006229,Melbourne City v Macarthur FC,1,00:54.4,01:05.4,11.0,2380,Melbourne City,create,medium_block,4.9,-23.4,-18.87,18.17
2006229,Melbourne City v Macarthur FC,1,01:05.4,01:08.9,3.5,1804,Macarthur FC,quick_break,defending_quick_break,19.79,-18.65,45.01,-2.98
2006229,Melbourne City v Macarthur FC,1,01:08.9,01:27.4,18.5,2380,Melbourne City,create,medium_block,-45.29,2.59,20.06,11.97
2006229,Melbourne City v Macarthur FC,1,01:27.4,01:31.7,4.3,2380,Melbourne City,finish,low_block,21.52,12.26,50.54,9.59
2006229,Melbourne City v Macarthur FC,1,01:50.2,02:10.2,20.0,2380,Melbourne City,set_play,defending_set_play,,,17.83,31.02
2006229,Melbourne City v Macarthur FC,1,02:10.2,02:12.7,2.5,2380,Melbourne City,finish,low_block,17.9,31.87,5.19,26.57
2006229,Melbourne City v Macarthur FC,1,02:12.7,02:34.9,22.2,2380,Melbourne City,create,medium_block,4.88,26.32,18.25,21.42
2006229,Melbourne City v Macarthur FC,1,02:34.9,02:40.0,5.1,1804,Macarthur FC,chaotic,chaotic,-19.03,-21.68,11.12,-1.02
2006229,Melbourne City v Macarthur FC,1,02:40.0,02:50.5,10.5,2380,Melbourne City,create,medium_block,-11.19,0.97,14.77,-20.24
2006229,Melbourne City v Macarthur FC,1,03:41.0,03:42.0,1.0,1804,Macarthur FC,direct,defending_direct,-23.22,-2.91,-3.18,-13.61
2006229,Melbourne City v Macarthur FC,1,04:20.0,04:21.0,1.0,1804,Macarthur FC,set_play,defending_set_play,21.13,-24.84,33.5,-10.74
2006229,Melbourne City v Macarthur FC,1,04:41.4,04:49.9,8.5,1804,Macarthur FC,create,medium_block,21.14,32.83,-19.96,3.99
2006229,Melbourne City v Macarthur FC,1,04:49.9,04:55.4,5.5,1804,Macarthur FC,build_up,high_block,-20.31,3.65,-21.48,12.83
2006229,Melbourne City v Macarthur FC,1,04:55.4,05:04.0,8.6,1804,Macarthur FC,create,medium_block,-19.8,14.48,-21.48,25.89
2006229,Melbourne City v Macarthur FC,1,05:04.0,05:06.8,2.8,1804,Macarthur FC,direct,defending_direct,-21.51,25.3,13.65,18.38
2006229,Melbourne City v Macarthur FC,1,05:06.8,05:08.4,1.6,2380,Melbourne City,chaotic,chaotic,-13.73,-18.45,-8.85,-28.11
2006229,Melbourne City v Macarthur FC,1,05:08.4,05:08.8,0.4,1804,Macarthur FC,chaotic,chaotic,8.78,28.5,8.79,29.36
2006229,Melbourne City v Macarthur FC,1,05:08.8,05:12.3,3.5,2380,Melbourne City,chaotic,chaotic,-8.68,-29.67,5.06,-33.62
2006229,Melbourne City v Macarthur FC,1,05:23.3,05:27.9,4.6,1804,Macarthur FC,create,medium_block,-3.42,34.23,-19.93,28.66
2006229,Melbourne City v Macarthur FC,1,05:27.9,05:33.6,5.7,1804,Macarthur FC,build_up,high_block,-20.01,28.54,-42.88,-5.13
2006229,Melbourne City v Macarthur FC,1,05:33.6,05:37.6,4.0,1804,Macarthur FC,direct,defending_direct,-42.25,-5.43,12.56,-1.65
2006229,Melbourne City v Macarthur FC,1,05:37.6,05:41.3,3.7,2380,Melbourne City,chaotic,chaotic,-12.67,1.96,-0.73,7.8
2006229,Melbourne City v Macarthur FC,1,05:41.3,05:47.3,6.0,1804,Macarthur FC,chaotic,chaotic,0.09,-7.99,14.93,-14.21
2006229,Melbourne City v Macarthur FC,1,05:47.3,06:27.4,40.1,2380,Melbourne City,create,medium_block,-15.21,14.78,15.37,27.9
2006229,Melbourne City v Macarthur FC,1,06:27.4,06:39.6,12.2,2380,Melbourne City,finish,low_block,16.03,28.77,44.45,30.25
2006229,Melbourne City v Macarthur FC,1,06:39.6,06:53.8,14.2,1804,Macarthur FC,build_up,high_block,-44.71,-30.32,-20.06,-32.37
2006229,Melbourne City v Macarthur FC,1,06:53.8,07:05.1,11.3,1804,Macarthur FC,create,medium_block,-19.52,-32.45,27.6,-21.08
2006229,Melbourne City v Macarthur FC,1,07:05.1,07:06.2,1.1,2380,Melbourne City,chaotic,chaotic,-28.05,21.38,-34.76,31.97
2006229,Melbourne City v Macarthur FC,1,07:14.9,07:37.0,22.1,1804,Macarthur FC,create,medium_block,27.13,-34.6,-16.07,6.16
2006229,Melbourne City v Macarthur FC,1,07:37.0,07:40.6,3.6,1804,Macarthur FC,direct,defending_direct,-15.25,5.51,29.41,-25.76
2006229,Melbourne City v Macarthur FC,1,07:40.6,07:47.4,6.8,1804,Macarthur FC,finish,low_block,30.06,-26.5,51.16,28.37
2006229,Melbourne City v Macarthur FC,1,07:47.4,07:49.4,2.0,2380,Melbourne City,chaotic,chaotic,-51.26,-28.68,-51.74,-30.58
2006229,Melbourne City v Macarthur FC,1,08:26.0,08:32.1,6.1,2380,Melbourne City,direct,defending_direct,,,7.3,21.89
2006229,Melbourne City v Macarthur FC,1,08:32.1,08:33.6,1.5,1804,Macarthur FC,chaotic,chaotic,-6.91,-21.99,-1.77,-21.91
2006229,Melbourne City v Macarthur FC,1,08:33.6,08:39.3,5.7,2380,Melbourne City,chaotic,chaotic,1.51,21.83,34.6,28.86
2006229,Melbourne City v Macarthur FC,1,08:39.3,08:40.3,1.0,1804,Macarthur FC,chaotic,chaotic,-34.87,-29.46,-32.66,-36.13
2006229,Melbourne City v Macarthur FC,1,08:48.5,08:51.8,3.3,2380,Melbourne City,finish,low_block,28.52,33.15,7.22,28.07
2006229,Melbourne City v Macarthur FC,1,08:51.8,09:03.5,11.7,2380,Melbourne City,create,medium_block,6.04,27.67,34.67,19.49
2006229,Melbourne City v Macarthur FC,1,09:03.5,09:08.8,5.3,1804,Macarthur FC,build_up,high_block,-35.25,-19.32,-20.49,-16.8
2006229,Melbourne City v Macarthur FC,1,09:15.8,09:16.8,1.0,1804,Macarthur FC,direct,defending_direct,-13.88,-11.91,-2.87,1.06
2006229,Melbourne City v Macarthur FC,1,09:30.0,09:45.1,15.1,2380,Melbourne City,build_up,high_block,,,-20.69,21.21
2006229,Melbourne City v Macarthur FC,1,09:45.1,09:51.1,6.0,2380,Melbourne City,create,medium_block,-19.66,20.46,24.76,-11.24
2006229,Melbourne City v Macarthur FC,1,09:51.1,10:14.2,23.1,1804,Macarthur FC,build_up,high_block,-25.89,10.8,-27.3,5.33
2006229,Melbourne City v Macarthur FC,1,11:37.2,11:40.2,3.0,1804,Macarthur FC,build_up,high_block,-29.18,6.88,-21.01,2.64
2006229,Melbourne City v Macarthur FC,1,11:40.2,11:43.7,3.5,1804,Macarthur FC,create,medium_block,-18.83,3.9,12.86,35.24
2006229,Melbourne City v Macarthur FC,1,11:43.7,11:44.7,1.0,2380,Melbourne City,chaotic,chaotic,-12.8,-35.45,-11.53,-34.98
2006229,Melbourne City v Macarthur FC,1,11:52.6,11:59.2,6.6,1804,Macarthur FC,create,medium_block,2.73,31.02,-14.43,-5.85
2006229,Melbourne City v Macarthur FC,1,11:59.2,12:03.4,4.2,1804,Macarthur FC,direct,defending_direct,-13.54,-6.5,28.6,-22.48
2006229,Melbourne City v Macarthur FC,1,12:03.4,12:09.0,5.6,2380,Melbourne City,build_up,high_block,-28.65,21.98,-20.36,31.59
2006229,Melbourne City v Macarthur FC,1,12:09.0,12:18.5,9.5,2380,Melbourne City,create,medium_block,-19.83,31.53,19.89,-1.53
2006229,Melbourne City v Macarthur FC,1,12:18.5,12:23.2,4.7,2380,Melbourne City,finish,low_block,20.34,-1.66,46.86,-3.15
2006229,Melbourne City v Macarthur FC,1,12:23.2,12:32.9,9.7,1804,Macarthur FC,chaotic,chaotic,-46.85,2.53,-18.38,8.23
2006229,Melbourne City v Macarthur FC,1,12:32.9,12:44.0,11.1,2380,Melbourne City,finish,low_block,18.28,-8.16,5.99,-4.98
2006229,Melbourne City v Macarthur FC,1,12:44.0,12:46.8,2.8,2380,Melbourne City,create,medium_block,5.39,-3.66,4.97,13.34
2006229,Melbourne City v Macarthur FC,1,12:46.8,12:53.6,6.8,2380,Melbourne City,finish,low_block,6.39,14.47,37.06,35.75
2006229,Melbourne City v Macarthur FC,1,13:01.9,13:10.4,8.5,1804,Macarthur FC,build_up,high_block,-34.85,-33.67,-20.67,-24.9
2006229,Melbourne City v Macarthur FC,1,13:10.4,13:31.8,21.4,2380,Melbourne City,quick_break,defending_quick_break,19.83,24.35,44.27,-23.95
2006229,Melbourne City v Macarthur FC,1,13:31.8,13:49.9,18.1,2380,Melbourne City,finish,low_block,44.04,-24.29,6.32,-27.34
2006229,Melbourne City v Macarthur FC,1,13:49.9,14:38.2,48.3,2380,Melbourne City,create,medium_block,5.34,-26.77,12.28,-28.35
2006229,Melbourne City v Macarthur FC,1,14:38.2,14:58.6,20.4,2380,Melbourne City,finish,low_block,12.67,-28.67,48.77,18.99
2006229,Melbourne City v Macarthur FC,1,15:39.4,15:44.8,5.4,2380,Melbourne City,set_play,defending_set_play,51.62,33.03,-37.95,15.74
2006229,Melbourne City v Macarthur FC,1,16:00.4,16:05.1,4.7,2380,Melbourne City,finish,low_block,25.61,-33.02,5.26,-10.03
2006229,Melbourne City v Macarthur FC,1,16:05.1,16:07.0,1.9,2380,Melbourne City,create,medium_block,5.11,-7.7,5.0,8.01
2006229,Melbourne City v Macarthur FC,1,16:07.0,16:45.0,38.0,2380,Melbourne City,finish,low_block,5.27,7.99,47.15,4.52
2006229,Melbourne City v Macarthur FC,1,16:45.0,16:49.5,4.5,1804,Macarthur FC,chaotic,chaotic,-47.06,-5.25,-33.06,-33.5
2006229,Melbourne City v Macarthur FC,1,18:27.3,18:47.8,20.5,2380,Melbourne City,create,medium_block,15.64,33.38,-19.94,-6.17
2006229,Melbourne City v Macarthur FC,1,18:47.8,18:58.9,11.1,2380,Melbourne City,build_up,high_block,-20.61,-5.49,-20.91,-12.44
2006229,Melbourne City v Macarthur FC,1,18:58.9,19:05.9,7.0,2380,Melbourne City,create,medium_block,-19.94,-13.67,20.41,-25.92
2006229,Melbourne City v Macarthur FC,1,19:05.9,19:10.7,4.8,2380,Melbourne City,finish,low_block,21.49,-26.24,48.45,-3.27
2006229,Melbourne City v Macarthur FC,1,19:10.7,19:25.8,15.1,1804,Macarthur FC,build_up,high_block,-48.95,2.81,-39.39,-5.97
2006229,Melbourne City v Macarthur FC,1,19:25.8,19:29.5,3.7,1804,Macarthur FC,direct,defending_direct,-38.44,-5.98,-0.34,3.71
2006229,Melbourne City v Macarthur FC,1,19:29.5,19:33.9,4.4,2380,Melbourne City,chaotic,chaotic,0.0,-3.87,15.74,2.55
2006229,Melbourne City v Macarthur FC,1,20:20.3,20:23.2,2.9,2380,Melbourne City,set_play,defending_set_play,21.0,-6.81,51.58,-1.92
2006229,Melbourne City v Macarthur FC,1,20:36.8,20:37.8,1.0,1804,Macarthur FC,create,medium_block,,,3.62,-21.66
2006229,Melbourne City v Macarthur FC,1,20:44.3,20:47.4,3.1,1804,Macarthur FC,create,medium_block,-2.12,-32.76,-19.74,-16.79
2006229,Melbourne City v Macarthur FC,1,20:47.4,21:05.4,18.0,1804,Macarthur FC,build_up,high_block,-20.48,-15.46,-20.66,3.32
2006229,Melbourne City v Macarthur FC,1,21:05.4,21:12.5,7.1,1804,Macarthur FC,create,medium_block,-19.13,3.47,40.55,-8.47
2006229,Melbourne City v Macarthur FC,1,21:12.5,21:35.1,22.6,2380,Melbourne City,create,medium_block,-40.79,8.61,11.32,0.31
2006229,Melbourne City v Macarthur FC,1,22:01.5,22:02.8,1.3,2380,Melbourne City,create,medium_block,7.28,3.43,4.94,-3.06
2006229,Melbourne City v Macarthur FC,1,22:02.8,22:10.1,7.3,2380,Melbourne City,finish,low_block,5.11,-3.71,5.05,5.0
2006229,Melbourne City v Macarthur FC,1,22:10.1,22:26.9,16.8,2380,Melbourne City,create,medium_block,4.88,4.04,-3.47,-10.0
2006229,Melbourne City v Macarthur FC,1,22:26.9,22:39.2,12.3,1804,Macarthur FC,create,medium_block,2.69,10.55,-0.05,10.13
2006229,Melbourne City v Macarthur FC,1,22:39.2,22:50.9,11.7,2380,Melbourne City,create,medium_block,-0.14,-10.07,18.93,29.87
2006229,Melbourne City v Macarthur FC,1,22:50.9,22:52.4,1.5,2380,Melbourne City,finish,low_block,19.38,29.41,26.73,24.05
2006229,Melbourne City v Macarthur FC,1,22:52.4,22:55.9,3.5,1804,Macarthur FC,chaotic,chaotic,-27.2,-24.24,-19.8,-32.3
2006229,Melbourne City v Macarthur FC,1,23:18.7,23:27.6,8.9,1804,Macarthur FC,chaotic,chaotic,,,7.62,25.89
2006229,Melbourne City v Macarthur FC,1,23:27.6,23:32.8,5.2,2380,Melbourne City,create,medium_block,-7.66,-26.08,18.88,-18.44
2006229,Melbourne City v Macarthur FC,1,23:32.8,23:38.2,5.4,2380,Melbourne City,finish,low_block,19.62,-18.48,50.35,-15.14
2006229,Melbourne City v Macarthur FC,1,23:38.2,23:39.3,1.1,1804,Macarthur FC,chaotic,chaotic,-50.33,15.81,-44.77,28.8
2006229,Melbourne City v Macarthur FC,1,23:50.4,23:51.8,1.4,2380,Melbourne City,create,medium_block,,,,
2006229,Melbourne City v Macarthur FC,1,23:51.8,23:53.6,1.8,2380,Melbourne City,finish,low_block,15.09,-29.45,5.78,-10.49
2006229,Melbourne City v Macarthur FC,1,23:53.6,24:05.7,12.1,2380,Melbourne City,create,medium_block,5.39,-9.46,-19.88,20.31
2006229,Melbourne City v Macarthur FC,1,24:05.7,24:11.7,6.0,2380,Melbourne City,build_up,high_block,-21.0,19.39,-21.03,-16.74
2006229,Melbourne City v Macarthur FC,1,24:11.7,24:14.7,3.0,2380,Melbourne City,create,medium_block,-19.99,-17.75,-19.84,-10.98
2006229,Melbourne City v Macarthur FC,1,24:14.7,24:18.3,3.6,2380,Melbourne City,build_up,high_block,-20.64,-9.7,-20.0,15.89
2006229,Melbourne City v Macarthur FC,1,24:18.3,24:33.5,15.2,2380,Melbourne City,create,medium_block,-19.57,16.38,13.36,-25.84
2006229,Melbourne City v Macarthur FC,1,24:33.5,24:40.5,7.0,2380,Melbourne City,finish,low_block,13.5,-25.79,41.5,2.15
2006229,Melbourne City v Macarthur FC,1,25:10.1,25:15.0,4.9,1804,Macarthur FC,direct,defending_direct,-44.17,-3.47,-7.44,17.28
2006229,Melbourne City v Macarthur FC,1,25:15.0,25:18.7,3.7,1804,Macarthur FC,create,medium_block,-7.27,17.55,8.14,13.89
2006229,Melbourne City v Macarthur FC,1,25:18.7,25:30.7,12.0,2380,Melbourne City,create,medium_block,-9.26,-13.49,-19.43,12.76
2006229,Melbourne City v Macarthur FC,1,25:30.7,25:38.4,7.7,2380,Melbourne City,build_up,high_block,-20.3,12.8,-20.19,-24.87
2006229,Melbourne City v Macarthur FC,1,25:38.4,25:39.4,1.0,2380,Melbourne City,create,medium_block,-18.57,-24.75,-7.34,-24.69
2006229,Melbourne City v Macarthur FC,1,25:39.4,25:42.6,3.2,1804,Macarthur FC,finish,low_block,7.21,24.78,7.86,27.56
2006229,Melbourne City v Macarthur FC,1,25:42.6,25:59.2,16.6,1804,Macarthur FC,create,medium_block,6.9,27.44,24.5,-15.6
2006229,Melbourne City v Macarthur FC,1,25:59.2,26:08.9,9.7,2380,Melbourne City,build_up,high_block,-25.37,15.08,-20.16,21.9
2006229,Melbourne City v Macarthur FC,1,26:08.9,26:15.1,6.2,2380,Melbourne City,create,medium_block,-19.79,21.9,31.76,20.14
2006229,Melbourne City v Macarthur FC,1,26:15.1,26:16.1,1.0,1804,Macarthur FC,chaotic,chaotic,-31.83,-20.87,-29.96,-32.53
2006229,Melbourne City v Macarthur FC,1,26:29.1,26:35.1,6.0,2380,Melbourne City,chaotic,chaotic,,,43.29,6.7
2006229,Melbourne City v Macarthur FC,1,26:35.1,26:43.5,8.4,1804,Macarthur FC,build_up,high_block,-44.3,-6.35,-20.54,26.31
2006229,Melbourne City v Macarthur FC,1,26:43.5,26:47.1,3.6,1804,Macarthur FC,create,medium_block,-19.98,26.36,-6.11,19.44
2006229,Melbourne City v Macarthur FC,1,27:06.2,27:18.3,12.1,2380,Melbourne City,create,medium_block,,,-19.48,21.69
2006229,Melbourne City v Macarthur FC,1,27:18.3,27:27.3,9.0,2380,Melbourne City,build_up,high_block,-20.09,21.57,-20.64,18.52
2006229,Melbourne City v Macarthur FC,1,27:27.3,27:36.7,9.4,2380,Melbourne City,create,medium_block,-19.51,18.57,17.25,17.72
2006229,Melbourne City v Macarthur FC,1,28:24.0,28:44.0,20.0,2380,Melbourne City,set_play,defending_set_play,19.81,15.61,37.09,1.05
2006229,Melbourne City v Macarthur FC,1,28:44.0,28:44.5,0.5,2380,Melbourne City,finish,low_block,36.95,1.29,36.28,2.47
2006229,Melbourne City v Macarthur FC,1,28:44.5,28:45.5,1.0,1804,Macarthur FC,chaotic,chaotic,-35.48,-2.44,-19.42,4.83
2006229,Melbourne City v Macarthur FC,1,29:12.4,29:18.9,6.5,2380,Melbourne City,build_up,high_block,-29.84,-25.33,-20.09,-29.53
2006229,Melbourne City v Macarthur FC,1,29:18.9,29:24.1,5.2,2380,Melbourne City,create,medium_block,-19.43,-29.52,17.48,-29.37
2006229,Melbourne City v Macarthur FC,1,29:24.1,29:30.9,6.8,2380,Melbourne City,finish,low_block,18.01,-29.43,6.34,-12.83
2006229,Melbourne City v Macarthur FC,1,29:30.9,29:34.4,3.5,2380,Melbourne City,create,medium_block,5.5,-11.18,4.4,20.33
2006229,Melbourne City v Macarthur FC,1,29:34.4,29:35.9,1.5,2380,Melbourne City,finish,low_block,5.18,22.04,5.62,29.54
2006229,Melbourne City v Macarthur FC,1,29:35.9,29:47.0,11.1,2380,Melbourne City,create,medium_block,5.13,29.39,5.05,-15.78
2006229,Melbourne City v Macarthur FC,1,29:47.0,29:53.7,6.7,2380,Melbourne City,finish,low_block,5.51,-15.74,34.93,-29.34
2006229,Melbourne City v Macarthur FC,1,30:24.6,30:25.6,1.0,1804,Macarthur FC,direct,defending_direct,-42.64,0.83,-27.6,3.97
2006229,Melbourne City v Macarthur FC,1,30:39.7,30:50.4,10.7,2380,Melbourne City,finish,low_block,8.73,-5.08,7.66,26.59
2006229,Melbourne City v Macarthur FC,1,30:50.4,31:01.5,11.1,2380,Melbourne City,create,medium_block,7.22,26.18,20.99,31.82
2006229,Melbourne City v Macarthur FC,1,31:01.5,31:02.8,1.3,2380,Melbourne City,finish,low_block,21.59,32.11,30.05,30.92
2006229,Melbourne City v Macarthur FC,1,31:02.8,31:11.6,8.8,1804,Macarthur FC,build_up,high_block,-30.25,-30.68,-21.26,-32.36
2006229,Melbourne City v Macarthur FC,1,31:11.6,31:12.7,1.1,1804,Macarthur FC,create,medium_block,-19.92,-33.02,-13.23,-29.8
2006229,Melbourne City v Macarthur FC,1,31:12.7,31:15.6,2.9,2380,Melbourne City,chaotic,chaotic,12.92,29.72,10.04,32.69
2006229,Melbourne City v Macarthur FC,1,31:24.3,31:25.4,1.1,1804,Macarthur FC,create,medium_block,-8.02,-33.91,-19.0,-27.69
2006229,Melbourne City v Macarthur FC,1,31:25.4,31:37.2,11.8,1804,Macarthur FC,build_up,high_block,-20.03,-27.26,-20.23,32.26
2006229,Melbourne City v Macarthur FC,1,31:37.2,31:37.4,0.2,1804,Macarthur FC,create,medium_block,-19.97,32.31,-19.15,32.52
2006229,Melbourne City v Macarthur FC,1,31:46.6,31:47.1,0.5,1804,Macarthur FC,create,medium_block,-15.7,29.31,-19.18,26.1
2006229,Melbourne City v Macarthur FC,1,31:47.1,31:55.2,8.1,1804,Macarthur FC,build_up,high_block,-20.1,25.28,-20.11,-16.69
2006229,Melbourne City v Macarthur FC,1,31:55.2,32:00.3,5.1,1804,Macarthur FC,create,medium_block,-18.27,-15.59,6.42,15.63
2006229,Melbourne City v Macarthur FC,1,32:00.3,32:05.0,4.7,2380,Melbourne City,create,medium_block,-6.9,-15.98,-19.19,-10.23
2006229,Melbourne City v Macarthur FC,1,32:05.0,32:11.8,6.8,2380,Melbourne City,build_up,high_block,-20.25,-9.41,-20.37,27.01
2006229,Melbourne City v Macarthur FC,1,32:11.8,32:18.0,6.2,2380,Melbourne City,create,medium_block,-19.82,27.55,-11.73,29.32
2006229,Melbourne City v Macarthur FC,1,32:18.0,32:25.4,7.4,2380,Melbourne City,direct,defending_direct,-10.78,29.28,51.07,-0.97
2006229,Melbourne City v Macarthur FC,1,33:44.1,33:49.8,5.7,1804,Macarthur FC,create,medium_block,-0.39,-0.48,0.7,-14.14
2006229,Melbourne City v Macarthur FC,1,33:49.8,33:51.2,1.4,2380,Melbourne City,chaotic,chaotic,-0.41,14.3,6.6,11.89
2006229,Melbourne City v Macarthur FC,1,33:51.2,33:55.8,4.6,1804,Macarthur FC,chaotic,chaotic,-6.69,-11.52,-0.71,13.28
2006229,Melbourne City v Macarthur FC,1,33:55.8,33:59.7,3.9,2380,Melbourne City,create,medium_block,-0.05,-14.16,-19.33,-24.73
2006229,Melbourne City v Macarthur FC,1,33:59.7,34:10.2,10.5,2380,Melbourne City,build_up,high_block,-20.56,-24.2,-20.08,19.92
2006229,Melbourne City v Macarthur FC,1,34:10.2,34:12.9,2.7,2380,Melbourne City,create,medium_block,-19.34,19.93,-5.02,18.17
2006229,Melbourne City v Macarthur FC,1,34:12.9,34:18.9,6.0,1804,Macarthur FC,quick_break,defending_quick_break,4.84,-18.3,41.41,-6.23
2006229,Melbourne City v Macarthur FC,1,35:09.0,35:12.8,3.8,2380,Melbourne City,direct,defending_direct,-33.85,8.62,22.38,0.54
2006229,Melbourne City v Macarthur FC,1,35:12.8,35:20.0,7.2,1804,Macarthur FC,build_up,high_block,-23.04,0.05,-41.61,19.56
2006229,Melbourne City v Macarthur FC,1,35:28.1,35:37.3,9.2,2380,Melbourne City,create,medium_block,18.37,-31.87,5.26,-16.84
2006229,Melbourne City v Macarthur FC,1,35:37.3,35:46.0,8.7,1804,Macarthur FC,create,medium_block,-5.89,16.81,10.64,21.99
2006229,Melbourne City v Macarthur FC,1,35:46.0,35:54.2,8.2,2380,Melbourne City,create,medium_block,-10.66,-21.73,7.25,17.99
2006229,Melbourne City v Macarthur FC,1,35:54.2,36:03.0,8.8,2380,Melbourne City,finish,low_block,7.62,18.26,16.18,26.75
2006229,Melbourne City v Macarthur FC,1,36:03.0,36:06.6,3.6,2380,Melbourne City,create,medium_block,15.63,26.31,11.17,10.96
2006229,Melbourne City v Macarthur FC,1,36:06.6,36:07.4,0.8,2380,Melbourne City,finish,low_block,11.06,10.55,5.15,4.99
2006229,Melbourne City v Macarthur FC,1,36:07.4,36:26.5,19.1,2380,Melbourne City,create,medium_block,4.36,4.33,-19.63,23.75
2006229,Melbourne City v Macarthur FC,1,36:26.5,36:31.9,5.4,2380,Melbourne City,build_up,high_block,-20.44,22.6,-20.22,-2.58
2006229,Melbourne City v Macarthur FC,1,36:31.9,36:35.6,3.7,2380,Melbourne City,create,medium_block,-19.96,-2.98,3.77,-1.84
2006229,Melbourne City v Macarthur FC,1,36:35.6,36:43.0,7.4,1804,Macarthur FC,create,medium_block,-3.54,2.2,13.18,21.89
2006229,Melbourne City v Macarthur FC,1,36:43.0,37:04.5,21.5,2380,Melbourne City,create,medium_block,-13.27,-21.53,7.87,-10.35
2006229,Melbourne City v Macarthur FC,1,37:04.5,37:06.1,1.6,1804,Macarthur FC,chaotic,chaotic,-8.35,10.74,-16.12,15.63
2006229,Melbourne City v Macarthur FC,1,37:06.1,37:10.5,4.4,2380,Melbourne City,chaotic,chaotic,16.28,-15.92,32.74,-17.38
2006229,Melbourne City v Macarthur FC,1,37:10.5,37:14.2,3.7,1804,Macarthur FC,chaotic,chaotic,-33.44,17.07,-30.76,18.02
2006229,Melbourne City v Macarthur FC,1,37:22.6,37:51.6,29.0,2380,Melbourne City,create,medium_block,-0.89,-33.5,-19.34,17.23
2006229,Melbourne City v Macarthur FC,1,37:51.6,38:09.1,17.5,2380,Melbourne City,build_up,high_block,-20.56,17.79,-22.67,-32.45
2006229,Melbourne City v Macarthur FC,1,38:16.4,38:18.2,1.8,1804,Macarthur FC,finish,low_block,16.75,32.41,5.35,30.06
2006229,Melbourne City v Macarthur FC,1,38:18.2,38:21.9,3.7,1804,Macarthur FC,create,medium_block,5.09,30.03,-3.76,13.33
2006229,Melbourne City v Macarthur FC,1,38:21.9,38:25.7,3.8,1804,Macarthur FC,direct,defending_direct,-2.91,12.5,39.28,-25.12
2006229,Melbourne City v Macarthur FC,1,38:25.7,38:34.4,8.7,1804,Macarthur FC,finish,low_block,39.66,-25.69,5.11,-6.18
2006229,Melbourne City v Macarthur FC,1,38:34.4,38:41.3,6.9,1804,Macarthur FC,create,medium_block,4.79,-5.64,22.77,21.81
2006229,Melbourne City v Macarthur FC,1,38:41.3,39:20.6,39.3,2380,Melbourne City,create,medium_block,-23.27,-21.74,-19.5,-13.11
2006229,Melbourne City v Macarthur FC,1,39:20.6,39:26.9,6.3,2380,Melbourne City,build_up,high_block,-20.12,-12.28,-20.29,-20.8
2006229,Melbourne City v Macarthur FC,1,39:26.9,39:28.9,2.0,2380,Melbourne City,create,medium_block,-19.86,-20.88,-19.8,-16.75
2006229,Melbourne City v Macarthur FC,1,39:28.9,39:49.6,20.7,2380,Melbourne City,build_up,high_block,-21.14,-16.53,-20.13,-32.19
2006229,Melbourne City v Macarthur FC,1,39:49.6,39:52.5,2.9,2380,Melbourne City,create,medium_block,-19.92,-32.46,-24.54,-25.88
2006229,Melbourne City v Macarthur FC,1,39:52.5,39:55.2,2.7,2380,Melbourne City,direct,defending_direct,-23.52,-25.93,11.43,-25.31
2006229,Melbourne City v Macarthur FC,1,39:55.2,39:56.2,1.0,1804,Macarthur FC,chaotic,chaotic,-11.6,25.54,-5.9,29.37
2006229,Melbourne City v Macarthur FC,1,40:07.9,40:21.0,13.1,2380,Melbourne City,create,medium_block,-5.29,-32.71,-19.06,23.27
2006229,Melbourne City v Macarthur FC,1,40:21.0,40:24.2,3.2,2380,Melbourne City,build_up,high_block,-20.31,23.85,-20.13,19.77
2006229,Melbourne City v Macarthur FC,1,40:24.2,40:25.2,1.0,2380,Melbourne City,create,medium_block,-19.6,19.39,-18.0,19.56
2006229,Melbourne City v Macarthur FC,1,40:25.2,40:32.7,7.5,2380,Melbourne City,direct,defending_direct,-17.19,19.85,38.7,16.7
2006229,Melbourne City v Macarthur FC,1,40:49.8,41:09.9,20.1,2380,Melbourne City,create,medium_block,-1.4,30.96,16.96,-23.4
2006229,Melbourne City v Macarthur FC,1,41:09.9,41:24.5,14.6,2380,Melbourne City,finish,low_block,17.23,-22.93,47.2,24.42
2006229,Melbourne City v Macarthur FC,1,41:24.5,41:28.6,4.1,1804,Macarthur FC,chaotic,chaotic,-47.48,-24.41,-40.63,-32.68
2006229,Melbourne City v Macarthur FC,1,41:28.6,41:29.1,0.5,2380,Melbourne City,chaotic,chaotic,40.9,32.62,42.21,32.35
2006229,Melbourne City v Macarthur FC,1,41:29.1,41:33.0,3.9,1804,Macarthur FC,chaotic,chaotic,-42.28,-32.41,-38.0,-33.35
2006229,Melbourne City v Macarthur FC,1,41:33.0,41:57.1,24.1,2380,Melbourne City,finish,low_block,37.93,33.49,34.01,31.55
2006229,Melbourne City v Macarthur FC,1,42:07.1,42:11.8,4.7,2380,Melbourne City,finish,low_block,36.67,33.92,5.45,13.66
2006229,Melbourne City v Macarthur FC,1,42:11.8,42:39.2,27.4,2380,Melbourne City,create,medium_block,4.91,12.52,8.71,11.61
2006229,Melbourne City v Macarthur FC,1,42:39.2,42:43.6,4.4,1804,Macarthur FC,chaotic,chaotic,-9.51,-11.87,2.65,14.55
2006229,Melbourne City v Macarthur FC,1,42:43.6,42:56.8,13.2,2380,Melbourne City,create,medium_block,-2.95,-15.17,18.92,-29.42
2006229,Melbourne City v Macarthur FC,1,42:56.8,43:04.2,7.4,2380,Melbourne City,finish,low_block,19.28,-29.14,33.34,16.9
2006229,Melbourne City v Macarthur FC,1,44:07.3,44:08.3,1.0,2380,Melbourne City,set_play,defending_set_play,29.2,6.56,46.59,5.73
2006229,Melbourne City v Macarthur FC,1,44:27.2,44:29.3,2.1,1804,Macarthur FC,create,medium_block,-32.02,-6.08,-19.36,-13.29
2006229,Melbourne City v Macarthur FC,1,44:29.3,44:31.0,1.7,2380,Melbourne City,chaotic,chaotic,19.54,13.68,33.19,11.7
2006229,Melbourne City v Macarthur FC,1,44:31.0,44:42.5,11.5,1804,Macarthur FC,create,medium_block,-34.22,-11.5,-19.98,17.75
2006229,Melbourne City v Macarthur FC,1,44:42.5,44:47.5,5.0,1804,Macarthur FC,build_up,high_block,-20.25,17.51,-25.77,-5.29
2006229,Melbourne City v Macarthur FC,1,44:47.5,44:50.7,3.2,1804,Macarthur FC,direct,defending_direct,-24.79,-5.87,18.63,-23.97
2006229,Melbourne City v Macarthur FC,1,44:50.7,44:54.9,4.2,2380,Melbourne City,chaotic,chaotic,-19.62,24.16,-46.32,11.4
2006229,Melbourne City v Macarthur FC,1,44:54.9,44:57.8,2.9,2380,Melbourne City,direct,defending_direct,-45.57,11.46,1.58,12.77
2006229,Melbourne City v Macarthur FC,1,44:57.8,44:58.7,0.9,1804,Macarthur FC,chaotic,chaotic,-1.79,-12.82,1.61,-13.68
2006229,Melbourne City v Macarthur FC,1,44:58.7,45:00.1,1.4,2380,Melbourne City,chaotic,chaotic,-1.52,13.69,7.11,10.83
2006229,Melbourne City v Macarthur FC,1,45:00.1,45:01.6,1.5,1804,Macarthur FC,chaotic,chaotic,-7.31,-10.65,1.95,-8.99
2006229,Melbourne City v Macarthur FC,1,45:01.6,45:04.5,2.9,2380,Melbourne City,chaotic,chaotic,-2.45,9.06,7.96,19.84
2006229,Melbourne City v Macarthur FC,1,45:04.5,45:05.8,1.3,1804,Macarthur FC,chaotic,chaotic,-7.5,-20.06,9.67,-20.22
2006229,Melbourne City v Macarthur FC,1,45:05.8,45:07.5,1.7,2380,Melbourne City,create,medium_block,-10.7,19.99,-19.98,14.71
2006229,Melbourne City v Macarthur FC,1,45:07.5,45:14.3,6.8,2380,Melbourne City,build_up,high_block,-20.4,14.5,-23.12,-22.68
2006229,Melbourne City v Macarthur FC,1,45:20.7,45:30.9,10.2,1804,Macarthur FC,create,medium_block,1.62,31.71,5.03,-8.68
2006229,Melbourne City v Macarthur FC,1,46:05.4,46:06.4,1.0,1804,Macarthur FC,set_play,defending_set_play,15.49,-7.14,29.32,3.13
2006229,Melbourne City v Macarthur FC,1,46:37.0,46:38.0,1.0,2380,Melbourne City,direct,defending_direct,,,-21.49,-15.05
2006229,Melbourne City v Macarthur FC,1,47:16.6,47:28.0,11.4,1804,Macarthur FC,set_play,defending_set_play,-4.67,22.43,,
2006229,Melbourne City v Macarthur FC,2,45:00.0,45:00.2,0.2,1804,Macarthur FC,create,medium_block,6.75,-1.73,6.69,-1.74
2006229,Melbourne City v Macarthur FC,2,45:00.2,45:07.8,7.6,2380,Melbourne City,create,medium_block,-6.64,1.65,24.76,17.68
2006229,Melbourne City v Macarthur FC,2,45:07.8,45:10.2,2.4,1804,Macarthur FC,chaotic,chaotic,-24.99,-17.95,-9.68,-16.48
2006229,Melbourne City v Macarthur FC,2,45:10.2,45:11.0,0.8,2380,Melbourne City,finish,low_block,9.4,16.73,8.97,19.09
2006229,Melbourne City v Macarthur FC,2,45:11.0,45:18.5,7.5,2380,Melbourne City,create,medium_block,8.86,19.36,-19.91,18.94
2006229,Melbourne City v Macarthur FC,2,45:18.5,45:24.4,5.9,2380,Melbourne City,build_up,high_block,-20.55,17.75,-20.21,24.06
2006229,Melbourne City v Macarthur FC,2,45:24.4,45:24.7,0.3,2380,Melbourne City,create,medium_block,-19.98,24.25,-19.31,24.47
2006229,Melbourne City v Macarthur FC,2,45:24.7,45:27.3,2.6,2380,Melbourne City,direct,defending_direct,-18.37,24.73,19.93,27.02
2006229,Melbourne City v Macarthur FC,2,45:27.3,45:28.9,1.6,2380,Melbourne City,create,medium_block,20.48,27.15,18.88,26.03
2006229,Melbourne City v Macarthur FC,2,45:28.9,45:58.3,29.4,2380,Melbourne City,finish,low_block,18.78,25.55,25.22,-31.82
2006229,Melbourne City v Macarthur FC,2,46:10.0,46:16.3,6.3,1804,Macarthur FC,chaotic,chaotic,-36.21,33.95,-11.96,-9.72
2006229,Melbourne City v Macarthur FC,2,46:16.3,46:29.2,12.9,2380,Melbourne City,finish,low_block,11.82,10.44,40.94,22.57
2006229,Melbourne City v Macarthur FC,2,46:29.2,46:37.4,8.2,1804,Macarthur FC,build_up,high_block,-41.41,-22.42,-20.15,-13.83
2006229,Melbourne City v Macarthur FC,2,46:37.4,46:56.3,18.9,1804,Macarthur FC,create,medium_block,-19.24,-11.84,24.46,5.5
2006229,Melbourne City v Macarthur FC,2,46:56.3,47:01.8,5.5,2380,Melbourne City,build_up,high_block,-25.32,-5.6,-20.7,8.08
2006229,Melbourne City v Macarthur FC,2,47:01.8,47:03.1,1.3,2380,Melbourne City,create,medium_block,-19.7,8.94,-8.28,17.69
2006229,Melbourne City v Macarthur FC,2,47:03.1,47:04.5,1.4,1804,Macarthur FC,finish,low_block,7.9,-18.37,5.39,-21.73
2006229,Melbourne City v Macarthur FC,2,47:04.5,47:24.7,20.2,1804,Macarthur FC,create,medium_block,4.88,-21.63,10.79,26.88
2006229,Melbourne City v Macarthur FC,2,47:24.7,47:25.7,1.0,2380,Melbourne City,chaotic,chaotic,-10.95,-27.23,-3.93,-31.06
2006229,Melbourne City v Macarthur FC,2,47:29.2,47:40.4,11.2,1804,Macarthur FC,create,medium_block,-4.43,33.35,13.84,-27.26
2006229,Melbourne City v Macarthur FC,2,47:40.4,48:29.8,49.4,1804,Macarthur FC,finish,low_block,13.94,-26.94,5.01,-30.36
2006229,Melbourne City v Macarthur FC,2,48:29.8,48:33.2,3.4,1804,Macarthur FC,create,medium_block,4.31,-30.59,-19.13,-24.93
2006229,Melbourne City v Macarthur FC,2,48:33.2,48:37.3,4.1,1804,Macarthur FC,build_up,high_block,-20.08,-24.2,-20.61,2.63
2006229,Melbourne City v Macarthur FC,2,48:37.3,48:55.7,18.4,1804,Macarthur FC,create,medium_block,-19.92,3.28,4.23,-33.04
2006229,Melbourne City v Macarthur FC,2,48:55.7,49:04.2,8.5,2380,Melbourne City,create,medium_block,-4.19,33.04,-18.98,15.72
2006229,Melbourne City v Macarthur FC,2,49:04.2,49:06.3,2.1,2380,Melbourne City,build_up,high_block,-20.17,15.46,-20.69,23.42
2006229,Melbourne City v Macarthur FC,2,49:06.3,49:11.5,5.2,2380,Melbourne City,create,medium_block,-19.95,24.67,-9.87,32.12
2006229,Melbourne City v Macarthur FC,2,49:14.6,49:17.5,2.9,1804,Macarthur FC,chaotic,chaotic,14.02,-34.34,16.91,-21.39
2006229,Melbourne City v Macarthur FC,2,49:42.5,49:47.7,5.2,1804,Macarthur FC,set_play,defending_set_play,12.4,-11.32,-38.8,9.81
2006229,Melbourne City v Macarthur FC,2,49:47.7,49:55.0,7.3,2380,Melbourne City,chaotic,chaotic,-38.48,10.31,-9.18,29.67
2006229,Melbourne City v Macarthur FC,2,49:55.0,50:03.1,8.1,1804,Macarthur FC,finish,low_block,8.97,-29.77,21.35,-35.25
2006229,Melbourne City v Macarthur FC,2,50:11.6,50:14.2,2.6,1804,Macarthur FC,finish,low_block,15.51,-32.06,5.27,-26.03
2006229,Melbourne City v Macarthur FC,2,50:14.2,50:34.3,20.1,1804,Macarthur FC,create,medium_block,5.17,-25.87,5.0,18.06
2006229,Melbourne City v Macarthur FC,2,50:34.3,50:41.3,7.0,1804,Macarthur FC,finish,low_block,5.06,17.85,32.77,27.66
2006229,Melbourne City v Macarthur FC,2,50:41.3,50:51.3,10.0,2380,Melbourne City,build_up,high_block,-33.11,-27.33,-36.03,0.13
2006229,Melbourne City v Macarthur FC,2,51:13.2,51:18.2,5.0,1804,Macarthur FC,finish,low_block,46.48,-32.13,48.33,-11.62
2006229,Melbourne City v Macarthur FC,2,51:53.1,51:57.9,4.8,2380,Melbourne City,direct,defending_direct,-43.93,5.48,2.27,-1.67
2006229,Melbourne City v Macarthur FC,2,51:57.9,52:09.9,12.0,2380,Melbourne City,create,medium_block,2.14,-1.95,16.42,-3.6
2006229,Melbourne City v Macarthur FC,2,52:09.9,52:11.9,2.0,2380,Melbourne City,finish,low_block,16.47,-3.85,17.07,-4.85
2006229,Melbourne City v Macarthur FC,2,52:11.9,52:17.5,5.6,2380,Melbourne City,create,medium_block,16.96,-4.96,6.03,7.82
2006229,Melbourne City v Macarthur FC,2,52:17.5,52:32.0,14.5,1804,Macarthur FC,transition,defending_transition,-5.84,-8.29,48.82,1.9
2006229,Melbourne City v Macarthur FC,2,53:22.4,53:25.9,3.5,2380,Melbourne City,build_up,high_block,-48.72,-2.61,-20.2,-0.4
2006229,Melbourne City v Macarthur FC,2,53:25.9,53:33.4,7.5,2380,Melbourne City,create,medium_block,-17.76,-1.48,23.36,27.26
2006229,Melbourne City v Macarthur FC,2,53:33.4,53:38.0,4.6,2380,Melbourne City,finish,low_block,24.13,27.52,52.08,6.45
2006229,Melbourne City v Macarthur FC,2,54:07.2,54:11.5,4.3,1804,Macarthur FC,create,medium_block,-30.7,-8.61,-12.73,11.67
2006229,Melbourne City v Macarthur FC,2,54:11.5,54:13.5,2.0,2380,Melbourne City,finish,low_block,12.8,-11.88,6.84,-6.18
2006229,Melbourne City v Macarthur FC,2,54:13.5,54:20.2,6.7,2380,Melbourne City,create,medium_block,5.76,-5.15,13.12,26.26
2006229,Melbourne City v Macarthur FC,2,54:20.2,54:25.2,5.0,2380,Melbourne City,finish,low_block,13.69,26.28,27.89,32.56
2006229,Melbourne City v Macarthur FC,2,54:35.4,54:48.2,12.8,2380,Melbourne City,create,medium_block,12.48,33.53,5.81,25.41
2006229,Melbourne City v Macarthur FC,2,55:03.5,55:07.5,4.0,2380,Melbourne City,create,medium_block,14.16,32.87,-19.16,25.56
2006229,Melbourne City v Macarthur FC,2,55:07.5,55:46.6,39.1,2380,Melbourne City,build_up,high_block,-20.27,24.43,-20.37,-27.24
2006229,Melbourne City v Macarthur FC,2,55:46.6,55:51.8,5.2,2380,Melbourne City,create,medium_block,-19.45,-27.08,19.24,-23.59
2006229,Melbourne City v Macarthur FC,2,55:51.8,55:56.2,4.4,2380,Melbourne City,finish,low_block,20.45,-24.2,43.12,-19.68
2006229,Melbourne City v Macarthur FC,2,56:02.7,56:16.5,13.8,2380,Melbourne City,finish,low_block,33.24,-34.01,5.48,11.77
2006229,Melbourne City v Macarthur FC,2,56:16.5,56:17.9,1.4,2380,Melbourne City,create,medium_block,5.07,12.99,4.92,17.5
2006229,Melbourne City v Macarthur FC,2,56:17.9,56:23.0,5.1,2380,Melbourne City,finish,low_block,5.41,17.98,28.61,13.08
2006229,Melbourne City v Macarthur FC,2,56:23.0,56:23.9,0.9,1804,Macarthur FC,build_up,high_block,-28.42,-13.59,-20.13,-21.14
2006229,Melbourne City v Macarthur FC,2,56:23.9,56:27.8,3.9,1804,Macarthur FC,create,medium_block,-19.21,-22.09,-19.53,-16.59
2006229,Melbourne City v Macarthur FC,2,56:27.8,56:38.2,10.4,1804,Macarthur FC,build_up,high_block,-20.15,-15.84,-21.74,-14.85
2006229,Melbourne City v Macarthur FC,2,56:38.2,56:39.4,1.2,1804,Macarthur FC,create,medium_block,-19.98,-15.35,-0.95,-17.62
2006229,Melbourne City v Macarthur FC,2,56:39.4,56:45.0,5.6,2380,Melbourne City,create,medium_block,0.53,17.72,18.3,24.06
2006229,Melbourne City v Macarthur FC,2,56:45.0,56:46.0,1.0,2380,Melbourne City,finish,low_block,19.0,23.95,24.5,23.06
2006229,Melbourne City v Macarthur FC,2,57:53.1,58:05.5,12.4,2380,Melbourne City,set_play,defending_set_play,26.19,21.54,5.05,20.58
2006229,Melbourne City v Macarthur FC,2,58:05.5,58:17.9,12.4,2380,Melbourne City,create,medium_block,3.91,19.76,31.44,22.7
2006229,Melbourne City v Macarthur FC,2,58:34.5,58:41.6,7.1,1804,Macarthur FC,build_up,high_block,,,-20.43,-27.33
2006229,Melbourne City v Macarthur FC,2,58:41.6,58:41.8,0.2,1804,Macarthur FC,create,medium_block,-19.84,-27.27,-19.37,-27.15
2006229,Melbourne City v Macarthur FC,2,58:41.8,58:45.9,4.1,2380,Melbourne City,finish,low_block,19.05,26.97,5.01,19.87
2006229,Melbourne City v Macarthur FC,2,58:45.9,58:49.7,3.8,2380,Melbourne City,create,medium_block,3.94,19.46,-19.44,7.93
2006229,Melbourne City v Macarthur FC,2,58:49.7,59:04.1,14.4,2380,Melbourne City,build_up,high_block,-20.48,7.06,-24.49,-35.3
2006229,Melbourne City v Macarthur FC,2,59:16.2,59:18.5,2.3,2380,Melbourne City,chaotic,chaotic,,,-40.83,-28.4
2006229,Melbourne City v Macarthur FC,2,59:18.5,59:21.0,2.5,2380,Melbourne City,direct,defending_direct,-40.33,-28.48,-3.48,-24.89
2006229,Melbourne City v Macarthur FC,2,59:21.0,59:25.9,4.9,1804,Macarthur FC,create,medium_block,3.52,25.04,11.96,-0.53
2006229,Melbourne City v Macarthur FC,2,59:25.9,59:28.8,2.9,1804,Macarthur FC,finish,low_block,11.81,-1.01,7.33,-1.09
2006229,Melbourne City v Macarthur FC,2,59:28.8,59:35.8,7.0,1804,Macarthur FC,create,medium_block,6.95,-0.51,8.19,25.61
2006229,Melbourne City v Macarthur FC,2,59:35.8,59:43.9,8.1,2380,Melbourne City,transition,defending_transition,-8.16,-25.64,48.55,-8.41
2006229,Melbourne City v Macarthur FC,2,60:08.0,60:10.5,2.5,1804,Macarthur FC,create,medium_block,,,-12.26,-10.61
2006229,Melbourne City v Macarthur FC,2,60:10.5,60:14.3,3.8,2380,Melbourne City,chaotic,chaotic,12.71,10.55,29.93,-10.35
2006229,Melbourne City v Macarthur FC,2,60:14.3,60:18.4,4.1,1804,Macarthur FC,chaotic,chaotic,-30.46,10.7,-11.95,20.65
2006229,Melbourne City v Macarthur FC,2,60:18.4,60:24.7,6.3,2380,Melbourne City,finish,low_block,11.79,-20.94,10.02,-24.65
2006229,Melbourne City v Macarthur FC,2,60:24.7,60:42.7,18.0,2380,Melbourne City,create,medium_block,10.81,-25.74,17.54,-27.65
2006229,Melbourne City v Macarthur FC,2,60:42.7,61:04.2,21.5,2380,Melbourne City,finish,low_block,17.99,-27.57,51.02,0.52
2006229,Melbourne City v Macarthur FC,2,61:52.9,61:56.9,4.0,2380,Melbourne City,set_play,defending_set_play,50.01,-32.93,46.76,1.45
2006229,Melbourne City v Macarthur FC,2,63:26.2,63:26.8,0.6,1804,Macarthur FC,create,medium_block,-15.35,-25.86,-9.78,-26.93
2006229,Melbourne City v Macarthur FC,2,63:26.8,63:30.5,3.7,1804,Macarthur FC,chaotic,chaotic,-7.76,-26.41,38.26,-8.18
2006229,Melbourne City v Macarthur FC,2,63:30.5,63:46.0,15.5,2380,Melbourne City,build_up,high_block,-38.52,7.97,-20.68,30.11
2006229,Melbourne City v Macarthur FC,2,63:46.0,63:47.4,1.4,2380,Melbourne City,create,medium_block,-19.42,30.05,-6.39,29.81
2006229,Melbourne City v Macarthur FC,2,63:47.4,63:54.6,7.2,1804,Macarthur FC,chaotic,chaotic,5.89,-29.44,36.96,9.28
2006229,Melbourne City v Macarthur FC,2,63:54.6,63:58.1,3.5,2380,Melbourne City,build_up,high_block,-36.91,-9.57,-20.41,-12.44
2006229,Melbourne City v Macarthur FC,2,63:58.1,64:02.3,4.2,2380,Melbourne City,create,medium_block,-19.57,-11.54,-0.57,12.7
2006229,Melbourne City v Macarthur FC,2,64:17.3,64:26.6,9.3,2380,Melbourne City,create,medium_block,,,17.04,-24.42
2006229,Melbourne City v Macarthur FC,2,64:26.6,64:45.6,19.0,2380,Melbourne City,finish,low_block,17.43,-25.25,-39.96,-13.82
2006229,Melbourne City v Macarthur FC,2,64:45.6,64:49.4,3.8,2380,Melbourne City,chaotic,chaotic,39.93,14.33,46.33,10.34
2006229,Melbourne City v Macarthur FC,2,64:49.4,65:04.7,15.3,1804,Macarthur FC,transition,defending_transition,-45.53,-9.04,44.8,22.79
2006229,Melbourne City v Macarthur FC,2,65:04.7,65:09.5,4.8,2380,Melbourne City,build_up,high_block,-44.53,-22.35,-20.38,1.35
2006229,Melbourne City v Macarthur FC,2,65:09.5,65:11.8,2.3,2380,Melbourne City,create,medium_block,-19.37,2.05,-6.63,13.38
2006229,Melbourne City v Macarthur FC,2,65:11.8,65:12.1,0.3,1804,Macarthur FC,finish,low_block,6.17,-13.68,5.36,-14.29
2006229,Melbourne City v Macarthur FC,2,65:12.1,65:21.5,9.4,1804,Macarthur FC,create,medium_block,5.02,-14.61,5.0,9.42
2006229,Melbourne City v Macarthur FC,2,65:21.5,65:23.4,1.9,1804,Macarthur FC,finish,low_block,6.23,9.24,7.29,9.99
2006229,Melbourne City v Macarthur FC,2,65:23.4,65:48.5,25.1,1804,Macarthur FC,create,medium_block,7.11,10.24,3.63,15.79
2006229,Melbourne City v Macarthur FC,2,65:48.5,65:51.2,2.7,2380,Melbourne City,create,medium_block,-4.39,-15.46,-19.64,-10.21
2006229,Melbourne City v Macarthur FC,2,65:51.2,66:06.6,15.4,2380,Melbourne City,build_up,high_block,-20.02,-10.16,-20.33,24.17
2006229,Melbourne City v Macarthur FC,2,66:06.6,66:09.6,3.0,2380,Melbourne City,create,medium_block,-19.29,25.47,-10.9,26.72
2006229,Melbourne City v Macarthur FC,2,66:09.6,66:10.5,0.9,1804,Macarthur FC,finish,low_block,10.19,-26.77,5.65,-27.54
2006229,Melbourne City v Macarthur FC,2,66:10.5,66:37.8,27.3,1804,Macarthur FC,create,medium_block,5.27,-27.58,-19.04,18.0
2006229,Melbourne City v Macarthur FC,2,66:37.8,66:44.5,6.7,1804,Macarthur FC,build_up,high_block,-20.31,17.29,-20.18,-18.93
2006229,Melbourne City v Macarthur FC,2,66:44.5,66:56.1,11.6,1804,Macarthur FC,create,medium_block,-19.89,-19.28,16.5,-28.19
2006229,Melbourne City v Macarthur FC,2,66:56.1,67:06.1,10.0,1804,Macarthur FC,finish,low_block,17.14,-28.82,5.1,-15.56
2006229,Melbourne City v Macarthur FC,2,67:06.1,67:19.9,13.8,1804,Macarthur FC,create,medium_block,4.9,-15.08,13.62,18.15
2006229,Melbourne City v Macarthur FC,2,67:19.9,67:22.0,2.1,2380,Melbourne City,chaotic,chaotic,-13.34,-17.13,5.85,-6.81
2006229,Melbourne City v Macarthur FC,2,67:22.0,67:28.0,6.0,1804,Macarthur FC,create,medium_block,-6.04,6.6,22.22,-19.1
2006229,Melbourne City v Macarthur FC,2,67:28.0,67:34.0,6.0,1804,Macarthur FC,finish,low_block,22.7,-18.77,46.67,-5.33
2006229,Melbourne City v Macarthur FC,2,67:34.0,67:35.0,1.0,2380,Melbourne City,chaotic,chaotic,-46.34,5.21,-41.51,11.99
2006229,Melbourne City v Macarthur FC,2,67:43.8,67:56.2,12.4,1804,Macarthur FC,create,medium_block,21.46,-30.68,10.72,33.11
2006229,Melbourne City v Macarthur FC,2,67:56.2,68:00.0,3.8,1804,Macarthur FC,finish,low_block,10.75,33.01,-13.27,-32.23
2006229,Melbourne City v Macarthur FC,2,68:00.0,68:03.8,3.8,1804,Macarthur FC,chaotic,chaotic,13.34,32.7,23.44,31.83
2006229,Melbourne City v Macarthur FC,2,68:03.8,68:11.5,7.7,2380,Melbourne City,create,medium_block,-23.45,-31.88,0.55,-22.12
2006229,Melbourne City v Macarthur FC,2,68:31.2,68:47.4,16.2,2380,Melbourne City,create,medium_block,,,28.02,14.24
2006229,Melbourne City v Macarthur FC,2,68:47.4,69:01.7,14.3,2380,Melbourne City,finish,low_block,28.41,14.84,42.15,-1.19
2006229,Melbourne City v Macarthur FC,2,73:25.7,73:26.8,1.1,2380,Melbourne City,chaotic,chaotic,42.0,-0.53,52.78,1.36
2006229,Melbourne City v Macarthur FC,2,74:38.2,74:42.1,3.9,1804,Macarthur FC,create,medium_block,-0.34,1.32,21.44,-28.7
2006229,Melbourne City v Macarthur FC,2,74:56.7,74:58.8,2.1,2380,Melbourne City,chaotic,chaotic,-23.84,33.74,-0.71,30.38
2006229,Melbourne City v Macarthur FC,2,74:58.8,75:14.7,15.9,1804,Macarthur FC,create,medium_block,-0.1,-30.38,16.71,-19.63
2006229,Melbourne City v Macarthur FC,2,75:35.4,75:40.0,4.6,2380,Melbourne City,chaotic,chaotic,,,7.3,17.76
2006229,Melbourne City v Macarthur FC,2,75:40.0,75:42.1,2.1,1804,Macarthur FC,create,medium_block,-8.02,-17.61,-19.28,-14.12
2006229,Melbourne City v Macarthur FC,2,75:42.1,75:48.1,6.0,1804,Macarthur FC,build_up,high_block,-20.31,-13.2,-34.99,2.17
2006229,Melbourne City v Macarthur FC,2,75:48.1,75:51.1,3.0,1804,Macarthur FC,direct,defending_direct,-34.32,1.68,4.64,-22.32
2006229,Melbourne City v Macarthur FC,2,75:51.1,75:56.1,5.0,1804,Macarthur FC,create,medium_block,5.48,-22.77,26.92,-27.34
2006229,Melbourne City v Macarthur FC,2,76:45.4,76:55.4,10.0,1804,Macarthur FC,set_play,defending_set_play,27.8,-23.98,52.82,33.88
2006229,Melbourne City v Macarthur FC,2,77:11.9,77:21.9,10.0,1804,Macarthur FC,set_play,defending_set_play,49.94,27.65,-12.4,27.67
2006229,Melbourne City v Macarthur FC,2,77:36.5,77:47.3,10.8,1804,Macarthur FC,create,medium_block,-15.1,-18.58,6.06,20.38
2006229,Melbourne City v Macarthur FC,2,78:06.4,78:09.2,2.8,2380,Melbourne City,chaotic,chaotic,-23.36,-34.98,-4.97,-31.76
2006229,Melbourne City v Macarthur FC,2,78:09.2,78:11.0,1.8,1804,Macarthur FC,chaotic,chaotic,5.2,31.83,20.68,30.81
2006229,Melbourne City v Macarthur FC,2,78:11.0,78:17.1,6.1,2380,Melbourne City,build_up,high_block,-20.91,-30.69,-40.61,-5.7
2006229,Melbourne City v Macarthur FC,2,78:17.1,78:21.0,3.9,2380,Melbourne City,direct,defending_direct,-41.0,-4.82,0.72,22.54
2006229,Melbourne City v Macarthur FC,2,78:47.2,78:51.3,4.1,2380,Melbourne City,finish,low_block,20.81,32.74,5.41,29.34
2006229,Melbourne City v Macarthur FC,2,78:51.3,78:53.2,1.9,2380,Melbourne City,create,medium_block,4.95,29.19,-19.12,18.36
2006229,Melbourne City v Macarthur FC,2,78:53.2,79:04.7,11.5,2380,Melbourne City,build_up,high_block,-20.21,17.75,-20.62,10.8
2006229,Melbourne City v Macarthur FC,2,79:04.7,79:11.2,6.5,2380,Melbourne City,create,medium_block,-19.36,10.38,23.79,27.5
2006229,Melbourne City v Macarthur FC,2,79:11.2,79:14.6,3.4,1804,Macarthur FC,build_up,high_block,-24.41,-27.6,-46.25,-14.9
2006229,Melbourne City v Macarthur FC,2,79:14.6,79:18.6,4.0,1804,Macarthur FC,direct,defending_direct,-46.05,-14.72,-3.2,-11.84
2006229,Melbourne City v Macarthur FC,2,79:18.6,79:28.4,9.8,1804,Macarthur FC,create,medium_block,-3.44,-11.55,-17.81,-26.35
2006229,Melbourne City v Macarthur FC,2,79:28.4,79:31.3,2.9,2380,Melbourne City,chaotic,chaotic,17.72,25.99,18.08,30.58
2006229,Melbourne City v Macarthur FC,2,79:38.1,79:49.7,11.6,1804,Macarthur FC,build_up,high_block,-28.62,-31.06,-44.75,-31.3
2006229,Melbourne City v Macarthur FC,2,79:56.2,80:03.1,6.9,1804,Macarthur FC,build_up,high_block,-33.59,-30.83,-20.51,-23.0
2006229,Melbourne City v Macarthur FC,2,80:03.1,80:03.5,0.4,1804,Macarthur FC,create,medium_block,-19.28,-22.63,-16.93,-21.47
2006229,Melbourne City v Macarthur FC,2,80:03.5,80:06.8,3.3,2380,Melbourne City,finish,low_block,16.81,21.3,8.21,27.97
2006229,Melbourne City v Macarthur FC,2,80:06.8,80:16.5,9.7,2380,Melbourne City,create,medium_block,7.96,27.94,-19.93,26.28
2006229,Melbourne City v Macarthur FC,2,80:16.5,80:19.2,2.7,2380,Melbourne City,build_up,high_block,-21.29,25.57,-39.84,17.52
2006229,Melbourne City v Macarthur FC,2,80:19.2,80:23.2,4.0,2380,Melbourne City,direct,defending_direct,-39.01,17.57,3.32,13.83
2006229,Melbourne City v Macarthur FC,2,80:23.2,80:46.2,23.0,2380,Melbourne City,create,medium_block,3.47,13.6,17.37,13.98
2006229,Melbourne City v Macarthur FC,2,80:46.2,80:50.9,4.7,2380,Melbourne City,finish,low_block,17.8,13.43,48.93,1.95
2006229,Melbourne City v Macarthur FC,2,81:24.0,81:30.2,6.2,1804,Macarthur FC,build_up,high_block,,,-20.27,-28.09
2006229,Melbourne City v Macarthur FC,2,81:30.2,81:35.1,4.9,1804,Macarthur FC,create,medium_block,-19.51,-27.63,13.53,8.36
2006229,Melbourne City v Macarthur FC,2,81:35.1,81:37.9,2.8,2380,Melbourne City,chaotic,chaotic,-13.57,-9.44,-2.12,-23.89
2006229,Melbourne City v Macarthur FC,2,81:37.9,81:40.2,2.3,1804,Macarthur FC,create,medium_block,2.27,24.44,15.31,32.76
2006229,Melbourne City v Macarthur FC,2,81:40.2,81:58.2,18.0,1804,Macarthur FC,finish,low_block,15.63,32.8,48.3,-29.57
2006229,Melbourne City v Macarthur FC,2,82:32.6,82:33.6,1.0,1804,Macarthur FC,set_play,defending_set_play,50.03,-25.87,45.75,-6.95
2006229,Melbourne City v Macarthur FC,2,83:10.6,83:17.2,6.6,2380,Melbourne City,direct,defending_direct,-38.98,6.41,20.13,24.88
2006229,Melbourne City v Macarthur FC,2,83:17.2,83:18.2,1.0,1804,Macarthur FC,chaotic,chaotic,-20.03,-25.19,-17.0,-28.16
2006229,Melbourne City v Macarthur FC,2,83:18.2,83:21.8,3.6,2380,Melbourne City,chaotic,chaotic,17.24,28.14,41.05,13.05
2006229,Melbourne City v Macarthur FC,2,84:13.8,84:14.7,0.9,1804,Macarthur FC,build_up,high_block,-28.26,-21.57,-20.03,-28.7
2006229,Melbourne City v Macarthur FC,2,84:14.7,84:15.9,1.2,1804,Macarthur FC,create,medium_block,-18.82,-29.25,-9.32,-32.44
2006229,Melbourne City v Macarthur FC,2,84:32.6,84:37.2,4.6,2380,Melbourne City,finish,low_block,10.02,32.14,7.54,29.22
2006229,Melbourne City v Macarthur FC,2,84:37.2,84:40.3,3.1,2380,Melbourne City,create,medium_block,7.66,29.35,30.33,31.78
2006229,Melbourne City v Macarthur FC,2,85:12.3,85:32.3,20.0,2380,Melbourne City,set_play,defending_set_play,25.97,22.65,24.54,24.07
2006229,Melbourne City v Macarthur FC,2,85:32.3,85:34.5,2.2,2380,Melbourne City,finish,low_block,26.17,23.99,24.41,20.77
2006229,Melbourne City v Macarthur FC,2,85:34.5,85:39.3,4.8,1804,Macarthur FC,build_up,high_block,-24.55,-20.13,-20.14,-27.4
2006229,Melbourne City v Macarthur FC,2,85:39.3,85:42.2,2.9,1804,Macarthur FC,create,medium_block,-19.56,-26.31,-18.62,-6.8
2006229,Melbourne City v Macarthur FC,2,85:56.3,85:56.6,0.3,1804,Macarthur FC,direct,defending_direct,,,,
2006229,Melbourne City v Macarthur FC,2,85:56.6,86:35.6,39.0,1804,Macarthur FC,create,medium_block,-7.3,-14.53,-19.76,-2.22
2006229,Melbourne City v Macarthur FC,2,86:35.6,86:42.0,6.4,1804,Macarthur FC,build_up,high_block,-20.67,-2.16,-39.27,27.29
2006229,Melbourne City v Macarthur FC,2,86:49.3,86:53.0,3.7,1804,Macarthur FC,chaotic,chaotic,-42.9,35.6,-30.59,24.03
2006229,Melbourne City v Macarthur FC,2,87:32.3,87:35.6,3.3,2380,Melbourne City,set_play,defending_set_play,22.86,3.9,49.37,7.98
2006229,Melbourne City v Macarthur FC,2,87:35.6,87:43.0,7.4,1804,Macarthur FC,build_up,high_block,-49.4,-8.05,-20.0,-13.99
2006229,Melbourne City v Macarthur FC,2,87:43.0,87:44.0,1.0,1804,Macarthur FC,create,medium_block,-19.88,-14.0,-17.98,-14.83
2006229,Melbourne City v Macarthur FC,2,87:44.0,87:46.7,2.7,1804,Macarthur FC,direct,defending_direct,-17.29,-14.62,17.28,10.65
2006229,Melbourne City v Macarthur FC,2,87:46.7,87:51.3,4.6,2380,Melbourne City,chaotic,chaotic,-18.17,-10.94,2.88,-7.08
2006229,Melbourne City v Macarthur FC,2,87:51.3,87:56.0,4.7,1804,Macarthur FC,chaotic,chaotic,-2.84,6.96,7.84,13.41
2006229,Melbourne City v Macarthur FC,2,87:56.0,87:58.8,2.8,2380,Melbourne City,chaotic,chaotic,-7.77,-13.72,0.61,-18.41
2006229,Melbourne City v Macarthur FC,2,88:07.5,88:07.6,0.1,1804,Macarthur FC,create,medium_block,-19.26,33.95,-19.26,33.95
2006229,Melbourne City v Macarthur FC,2,88:07.6,88:15.1,7.5,1804,Macarthur FC,build_up,high_block,-20.37,33.69,-43.64,-4.24
2006229,Melbourne City v Macarthur FC,2,88:15.1,88:18.2,3.1,1804,Macarthur FC,direct,defending_direct,-42.62,-4.41,-2.65,18.44
2006229,Melbourne City v Macarthur FC,2,88:18.2,88:23.6,5.4,2380,Melbourne City,chaotic,chaotic,1.95,-18.89,30.39,22.04
2006229,Melbourne City v Macarthur FC,2,88:32.6,88:41.8,9.2,1804,Macarthur FC,build_up,high_block,-38.58,-31.92,-36.92,32.38
2006229,Melbourne City v Macarthur FC,2,88:41.8,88:43.9,2.1,2380,Melbourne City,chaotic,chaotic,36.88,-32.58,32.88,-36.23
2006229,Melbourne City v Macarthur FC,2,88:49.6,89:02.5,12.9,1804,Macarthur FC,build_up,high_block,-32.71,35.34,-20.17,-14.18
2006229,Melbourne City v Macarthur FC,2,89:02.5,89:05.5,3.0,1804,Macarthur FC,create,medium_block,-19.74,-14.26,5.44,-17.86
2006229,Melbourne City v Macarthur FC,2,89:05.5,89:10.7,5.2,2380,Melbourne City,transition,defending_transition,-6.31,18.3,22.01,28.39
2006229,Melbourne City v Macarthur FC,2,89:10.7,89:11.7,1.0,1804,Macarthur FC,chaotic,chaotic,-22.23,-28.36,-25.3,-29.6
2006229,Melbourne City v Macarthur FC,2,89:39.1,89:44.5,5.4,2380,Melbourne City,finish,low_block,27.92,29.41,26.78,32.27
2006229,Melbourne City v Macarthur FC,2,89:54.7,89:55.7,1.0,1804,Macarthur FC,chaotic,chaotic,-11.22,-32.41,-1.9,-33.22
2006229,Melbourne City v Macarthur FC,2,89:59.5,90:00.1,0.6,1804,Macarthur FC,create,medium_block,-13.95,-30.9,-19.51,-28.73
2006229,Melbourne City v Macarthur FC,2,90:00.1,90:14.2,14.1,1804,Macarthur FC,build_up,high_block,-20.38,-28.24,-28.45,-24.68
2006229,Melbourne City v Macarthur FC,2,90:14.2,90:17.9,3.7,2380,Melbourne City,chaotic,chaotic,28.35,24.42,34.08,1.35
2006229,Melbourne City v Macarthur FC,2,90:17.9,90:24.2,6.3,1804,Macarthur FC,build_up,high_block,-34.29,-0.93,-20.09,27.39
2006229,Melbourne City v Macarthur FC,2,90:24.2,90:27.6,3.4,1804,Macarthur FC,create,medium_block,-19.17,28.1,-6.67,30.01
2006229,Melbourne City v Macarthur FC,2,90:27.6,90:33.5,5.9,2380,Melbourne City,create,medium_block,6.34,-29.99,-19.7,-11.56
2006229,Melbourne City v Macarthur FC,2,90:33.5,90:38.7,5.2,2380,Melbourne City,build_up,high_block,-20.18,-11.36,-44.11,8.99
2006229,Melbourne City v Macarthur FC,2,90:38.7,90:41.7,3.0,2380,Melbourne City,direct,defending_direct,-43.31,9.62,1.63,24.1
2006229,Melbourne City v Macarthur FC,2,90:41.7,90:52.8,11.1,1804,Macarthur FC,create,medium_block,-2.46,-23.86,-19.74,-14.59
2006229,Melbourne City v Macarthur FC,2,90:52.8,91:10.7,17.9,1804,Macarthur FC,build_up,high_block,-20.12,-14.49,-20.31,11.59
2006229,Melbourne City v Macarthur FC,2,91:10.7,91:16.3,5.6,1804,Macarthur FC,create,medium_block,-19.72,12.6,27.46,28.3
2006229,Melbourne City v Macarthur FC,2,91:29.0,91:36.3,7.3,1804,Macarthur FC,finish,low_block,34.2,34.33,37.64,16.73
2006229,Melbourne City v Macarthur FC,2,91:41.7,91:48.9,7.2,1804,Macarthur FC,create,medium_block,10.57,31.25,4.89,27.08
2006229,Melbourne City v Macarthur FC,2,91:48.9,91:57.5,8.6,1804,Macarthur FC,finish,low_block,5.11,27.05,52.22,-5.8
2006229,Melbourne City v Macarthur FC,2,92:35.6,92:36.6,1.0,2380,Melbourne City,direct,defending_direct,-31.92,-13.75,-14.62,-20.96
2006229,Melbourne City v Macarthur FC,2,92:45.3,92:55.7,10.4,1804,Macarthur FC,create,medium_block,-5.48,32.28,-19.22,-27.39
2006229,Melbourne City v Macarthur FC,2,92:55.7,93:04.4,8.7,1804,Macarthur FC,build_up,high_block,-20.04,-26.5,-42.99,10.58
2006229,Melbourne City v Macarthur FC,2,93:04.4,93:07.6,3.2,1804,Macarthur FC,direct,defending_direct,-42.18,11.33,-8.96,30.15
2006229,Melbourne City v Macarthur FC,2,93:07.6,93:12.8,5.2,1804,Macarthur FC,create,medium_block,-8.43,30.49,23.66,23.76
2006229,Melbourne City v Macarthur FC,2,94:32.9,94:33.7,0.8,2380,Melbourne City,direct,defending_direct,,,22.48,-32.64
2006229,Melbourne City v Macarthur FC,2,94:33.7,94:34.7,1.0,1804,Macarthur FC,chaotic,chaotic,-22.36,32.48,-17.16,33.53
2006229,Melbourne City v Macarthur FC,2,94:51.5,94:54.5,3.0,2380,Melbourne City,chaotic,chaotic,17.04,-31.65,21.93,-15.57
2006229,Melbourne City v Macarthur FC,2,95:19.5,95:47.6,28.1,2380,Melbourne City,finish,low_block,23.7,-17.08,45.67,-1.34
2006229,Melbourne City v Macarthur FC,2,95:47.6,95:56.8,9.2,1804,Macarthur FC,transition,defending_transition,-46.12,1.34,12.53,20.06
2006229,Melbourne City v Macarthur FC,2,96:07.2,96:13.9,6.7,1804,Macarthur FC,chaotic,chaotic,-9.64,34.46,-34.97,2.94
1996435,Sydney FC v Adelaide United,1,00:08.6,00:09.9,1.3,866,Adelaide United,create,medium_block,-1.25,0.23,-19.39,0.67
1996435,Sydney FC v Adelaide United,1,00:09.9,00:12.5,2.6,866,Adelaide United,build_up,high_block,-20.31,0.74,-24.18,-0.21
1996435,Sydney FC v Adelaide United,1,00:12.5,00:16.0,3.5,866,Adelaide United,direct,defending_direct,-23.78,-0.07,26.1,10.8
1996435,Sydney FC v Adelaide United,1,00:16.0,00:17.9,1.9,869,Sydney FC,chaotic,chaotic,-26.32,-10.69,-14.21,-3.81
1996435,Sydney FC v Adelaide United,1,00:17.9,00:19.8,1.9,866,Adelaide United,chaotic,chaotic,13.93,3.6,22.94,5.73
1996435,Sydney FC v Adelaide United,1,00:19.8,00:20.5,0.7,869,Sydney FC,chaotic,chaotic,-22.79,-5.81,-18.32,-4.92
1996435,Sydney FC v Adelaide United,1,00:20.5,00:26.8,6.3,866,Adelaide United,finish,low_block,17.86,4.81,17.13,9.07
1996435,Sydney FC v Adelaide United,1,00:26.8,00:28.2,1.4,866,Adelaide United,create,medium_block,17.06,9.08,21.57,6.47
1996435,Sydney FC v Adelaide United,1,00:28.2,00:31.3,3.1,869,Sydney FC,chaotic,chaotic,-21.77,-5.91,-23.52,18.83
1996435,Sydney FC v Adelaide United,1,00:31.3,00:36.3,5.0,869,Sydney FC,direct,defending_direct,-22.67,19.38,37.68,13.66
1996435,Sydney FC v Adelaide United,1,00:36.3,00:45.2,8.9,866,Adelaide United,build_up,high_block,-38.05,-13.34,-20.81,30.87
1996435,Sydney FC v Adelaide United,1,00:45.2,00:51.3,6.1,866,Adelaide United,create,medium_block,-19.68,31.11,29.58,23.58
1996435,Sydney FC v Adelaide United,1,00:51.3,00:57.8,6.5,869,Sydney FC,build_up,high_block,-30.04,-23.46,-20.06,-30.72
1996435,Sydney FC v Adelaide United,1,00:57.8,01:08.1,10.3,869,Sydney FC,create,medium_block,-19.63,-30.77,-19.44,-9.35
1996435,Sydney FC v Adelaide United,1,01:08.1,01:18.9,10.8,869,Sydney FC,build_up,high_block,-20.6,-8.64,-20.31,-5.93
1996435,Sydney FC v Adelaide United,1,01:18.9,01:24.8,5.9,869,Sydney FC,create,medium_block,-19.74,-5.23,21.91,16.93
1996435,Sydney FC v Adelaide United,1,01:24.8,01:27.3,2.5,866,Adelaide United,chaotic,chaotic,-22.59,-16.64,-18.62,-23.41
1996435,Sydney FC v Adelaide United,1,01:27.3,01:29.8,2.5,869,Sydney FC,chaotic,chaotic,18.52,23.68,24.49,15.48
1996435,Sydney FC v Adelaide United,1,01:29.8,01:33.1,3.3,866,Adelaide United,chaotic,chaotic,-24.41,-15.42,-24.45,-23.31
1996435,Sydney FC v Adelaide United,1,01:33.1,02:32.4,59.3,869,Sydney FC,finish,low_block,24.86,23.59,32.35,1.51
1996435,Sydney FC v Adelaide United,1,02:32.4,02:49.1,16.7,866,Adelaide United,build_up,high_block,-33.35,-1.13,-20.97,31.53
1996435,Sydney FC v Adelaide United,1,02:49.1,02:51.4,2.3,866,Adelaide United,create,medium_block,-19.59,31.68,-19.98,23.87
1996435,Sydney FC v Adelaide United,1,02:51.4,03:01.1,9.7,866,Adelaide United,build_up,high_block,-20.12,23.52,-20.07,-23.8
1996435,Sydney FC v Adelaide United,1,03:01.1,03:01.9,0.8,866,Adelaide United,create,medium_block,-18.79,-23.88,-12.1,-23.47
1996435,Sydney FC v Adelaide United,1,03:01.9,03:03.2,1.3,869,Sydney FC,finish,low_block,11.43,22.98,6.74,16.61
1996435,Sydney FC v Adelaide United,1,03:03.2,03:11.4,8.2,869,Sydney FC,create,medium_block,5.31,16.38,16.69,24.42
1996435,Sydney FC v Adelaide United,1,03:11.4,03:32.8,21.4,869,Sydney FC,finish,low_block,16.9,24.59,6.23,-7.3
1996435,Sydney FC v Adelaide United,1,03:32.8,03:36.9,4.1,869,Sydney FC,create,medium_block,5.46,-7.94,18.41,-29.94
1996435,Sydney FC v Adelaide United,1,03:36.9,03:56.9,20.0,869,Sydney FC,finish,low_block,18.95,-30.23,24.46,-19.68
1996435,Sydney FC v Adelaide United,1,03:56.9,04:00.2,3.3,866,Adelaide United,chaotic,chaotic,-24.54,19.98,-13.37,28.67
1996435,Sydney FC v Adelaide United,1,04:00.2,04:02.5,2.3,869,Sydney FC,finish,low_block,13.28,-28.58,5.55,-27.08
1996435,Sydney FC v Adelaide United,1,04:02.5,04:05.9,3.4,869,Sydney FC,create,medium_block,4.64,-26.83,-19.94,-12.6
1996435,Sydney FC v Adelaide United,1,04:05.9,04:09.8,3.9,869,Sydney FC,build_up,high_block,-20.88,-11.86,-20.28,-14.06
1996435,Sydney FC v Adelaide United,1,04:09.8,04:10.0,0.2,869,Sydney FC,create,medium_block,-19.87,-14.42,-19.73,-14.66
1996435,Sydney FC v Adelaide United,1,04:10.0,04:20.0,10.0,869,Sydney FC,build_up,high_block,-20.04,-14.81,-20.09,-22.44
1996435,Sydney FC v Adelaide United,1,04:20.0,04:20.7,0.7,869,Sydney FC,create,medium_block,-19.61,-21.95,-18.33,-20.55
1996435,Sydney FC v Adelaide United,1,05:08.0,05:09.0,1.0,866,Adelaide United,set_play,defending_set_play,17.91,19.07,30.67,5.69
1996435,Sydney FC v Adelaide United,1,05:41.9,05:46.6,4.7,869,Sydney FC,direct,defending_direct,-46.16,-1.96,10.9,-24.51
1996435,Sydney FC v Adelaide United,1,05:46.6,05:47.6,1.0,866,Adelaide United,chaotic,chaotic,-10.8,24.45,-0.18,26.28
1996435,Sydney FC v Adelaide United,1,06:02.2,06:08.2,6.0,866,Adelaide United,create,medium_block,-2.69,30.65,-19.6,-1.64
1996435,Sydney FC v Adelaide United,1,06:08.2,06:12.4,4.2,866,Adelaide United,build_up,high_block,-20.09,-1.93,-39.26,9.12
1996435,Sydney FC v Adelaide United,1,06:12.4,06:15.8,3.4,866,Adelaide United,direct,defending_direct,-38.93,9.72,12.57,24.43
1996435,Sydney FC v Adelaide United,1,06:15.8,06:16.7,0.9,869,Sydney FC,create,medium_block,-13.49,-24.51,-19.66,-25.14
1996435,Sydney FC v Adelaide United,1,06:16.7,06:29.4,12.7,869,Sydney FC,build_up,high_block,-20.4,-25.13,-21.36,-23.02
1996435,Sydney FC v Adelaide United,1,06:29.4,06:32.2,2.8,866,Adelaide United,finish,low_block,21.07,22.92,8.69,23.88
1996435,Sydney FC v Adelaide United,1,06:32.2,06:44.6,12.4,866,Adelaide United,create,medium_block,7.92,23.84,51.11,-18.09
1996435,Sydney FC v Adelaide United,1,06:44.6,06:47.0,2.4,869,Sydney FC,chaotic,chaotic,-51.29,17.41,-53.88,18.38
1996435,Sydney FC v Adelaide United,1,07:15.5,07:27.7,12.2,866,Adelaide United,set_play,defending_set_play,52.73,-31.24,6.18,10.83
1996435,Sydney FC v Adelaide United,1,07:27.7,07:33.9,6.2,866,Adelaide United,create,medium_block,4.94,11.11,18.23,0.0
1996435,Sydney FC v Adelaide United,1,07:33.9,07:45.1,11.2,869,Sydney FC,create,medium_block,-18.69,0.16,21.23,-29.98
1996435,Sydney FC v Adelaide United,1,07:45.1,07:47.0,1.9,869,Sydney FC,finish,low_block,21.52,-30.03,27.5,-19.64
1996435,Sydney FC v Adelaide United,1,07:47.0,07:49.8,2.8,866,Adelaide United,build_up,high_block,-27.48,19.43,-20.43,18.24
1996435,Sydney FC v Adelaide United,1,07:49.8,07:52.1,2.3,866,Adelaide United,create,medium_block,-19.33,18.42,-0.47,20.65
1996435,Sydney FC v Adelaide United,1,07:52.1,07:53.6,1.5,869,Sydney FC,chaotic,chaotic,0.18,-20.64,7.83,-22.11
1996435,Sydney FC v Adelaide United,1,07:53.6,07:55.5,1.9,866,Adelaide United,chaotic,chaotic,-8.0,21.91,-1.94,17.24
1996435,Sydney FC v Adelaide United,1,07:55.5,08:14.8,19.3,869,Sydney FC,create,medium_block,1.33,-17.18,-19.75,16.35
1996435,Sydney FC v Adelaide United,1,08:14.8,08:20.9,6.1,869,Sydney FC,build_up,high_block,-20.65,15.57,-20.01,-8.4
1996435,Sydney FC v Adelaide United,1,08:20.9,08:56.1,35.2,869,Sydney FC,create,medium_block,-19.92,-8.41,17.12,-32.39
1996435,Sydney FC v Adelaide United,1,08:56.1,09:06.9,10.8,869,Sydney FC,finish,low_block,17.55,-32.43,50.38,-9.98
1996435,Sydney FC v Adelaide United,1,09:38.3,09:47.9,9.6,869,Sydney FC,set_play,defending_set_play,50.86,-29.79,5.12,10.46
1996435,Sydney FC v Adelaide United,1,09:47.9,09:49.8,1.9,869,Sydney FC,create,medium_block,3.72,10.26,-19.58,11.24
1996435,Sydney FC v Adelaide United,1,09:49.8,09:53.7,3.9,869,Sydney FC,build_up,high_block,-20.32,11.25,-20.32,7.05
1996435,Sydney FC v Adelaide United,1,09:53.7,09:57.8,4.1,869,Sydney FC,create,medium_block,-19.88,7.06,-19.85,22.45
1996435,Sydney FC v Adelaide United,1,09:57.8,10:00.6,2.8,869,Sydney FC,build_up,high_block,-20.68,22.19,-20.48,27.08
1996435,Sydney FC v Adelaide United,1,10:00.6,10:00.9,0.3,869,Sydney FC,create,medium_block,-18.97,28.23,-16.24,30.37
1996435,Sydney FC v Adelaide United,1,10:08.3,10:10.5,2.2,866,Adelaide United,create,medium_block,-8.91,-32.75,-19.87,-28.71
1996435,Sydney FC v Adelaide United,1,10:10.5,10:16.0,5.5,866,Adelaide United,build_up,high_block,-20.33,-28.58,-20.41,-5.09
1996435,Sydney FC v Adelaide United,1,10:16.0,10:17.4,1.4,866,Adelaide United,create,medium_block,-19.01,-5.18,-8.11,-5.53
1996435,Sydney FC v Adelaide United,1,10:17.4,10:22.7,5.3,869,Sydney FC,chaotic,chaotic,8.18,5.52,48.84,-10.43
1996435,Sydney FC v Adelaide United,1,10:22.7,10:40.3,17.6,866,Adelaide United,build_up,high_block,-49.05,10.61,-20.92,-30.7
1996435,Sydney FC v Adelaide United,1,10:40.3,10:40.9,0.6,866,Adelaide United,create,medium_block,-18.88,-30.29,-11.67,-28.44
1996435,Sydney FC v Adelaide United,1,10:40.9,10:42.8,1.9,869,Sydney FC,chaotic,chaotic,10.93,28.3,9.66,34.46
1996435,Sydney FC v Adelaide United,1,10:54.3,11:02.9,8.6,866,Adelaide United,create,medium_block,-6.69,-32.95,4.71,-31.01
1996435,Sydney FC v Adelaide United,1,11:02.9,11:07.7,4.8,869,Sydney FC,transition,defending_transition,-4.8,30.83,19.4,34.48
1996435,Sydney FC v Adelaide United,1,11:16.9,11:18.4,1.5,866,Adelaide United,build_up,high_block,-26.62,-29.01,-20.81,-30.68
1996435,Sydney FC v Adelaide United,1,11:18.4,11:20.4,2.0,866,Adelaide United,create,medium_block,-19.93,-31.05,-19.62,-32.73
1996435,Sydney FC v Adelaide United,1,11:20.4,11:24.7,4.3,866,Adelaide United,build_up,high_block,-20.45,-32.49,-29.71,-27.65
1996435,Sydney FC v Adelaide United,1,11:24.7,11:26.0,1.3,869,Sydney FC,chaotic,chaotic,29.81,27.0,30.53,18.31
1996435,Sydney FC v Adelaide United,1,11:26.0,11:30.3,4.3,866,Adelaide United,chaotic,chaotic,-30.55,-17.73,-27.52,17.79
1996435,Sydney FC v Adelaide United,1,11:30.3,11:34.7,4.4,866,Adelaide United,direct,defending_direct,-26.16,18.09,23.14,25.74
1996435,Sydney FC v Adelaide United,1,11:34.7,11:38.1,3.4,869,Sydney FC,build_up,high_block,-23.35,-26.18,-20.5,-22.69
1996435,Sydney FC v Adelaide United,1,11:38.1,11:40.0,1.9,869,Sydney FC,create,medium_block,-19.89,-21.81,-18.81,-17.04
1996435,Sydney FC v Adelaide United,1,11:40.0,11:46.0,6.0,869,Sydney FC,build_up,high_block,-20.12,-16.91,-34.02,-19.0
1996435,Sydney FC v Adelaide United,1,11:46.0,11:48.9,2.9,866,Adelaide United,chaotic,chaotic,34.36,19.1,43.43,-1.98
1996435,Sydney FC v Adelaide United,1,12:21.4,12:25.9,4.5,869,Sydney FC,build_up,high_block,-47.68,0.57,-22.1,-17.15
1996435,Sydney FC v Adelaide United,1,12:25.9,12:26.6,0.7,869,Sydney FC,create,medium_block,-19.77,-16.35,-10.09,-12.17
1996435,Sydney FC v Adelaide United,1,12:26.6,12:29.0,2.4,866,Adelaide United,chaotic,chaotic,9.9,11.85,26.12,13.77
1996435,Sydney FC v Adelaide United,1,12:29.0,12:34.8,5.8,869,Sydney FC,build_up,high_block,-26.16,-14.06,-20.65,-27.6
1996435,Sydney FC v Adelaide United,1,12:34.8,12:40.3,5.5,869,Sydney FC,create,medium_block,-19.7,-28.19,26.01,-30.62
1996435,Sydney FC v Adelaide United,1,12:40.3,12:52.0,11.7,869,Sydney FC,finish,low_block,26.35,-30.32,27.09,28.9
1996435,Sydney FC v Adelaide United,1,13:00.4,13:05.8,5.4,866,Adelaide United,build_up,high_block,-31.03,-32.35,-20.86,-32.43
1996435,Sydney FC v Adelaide United,1,13:05.8,13:08.2,2.4,866,Adelaide United,create,medium_block,-19.55,-31.17,-1.38,1.25
1996435,Sydney FC v Adelaide United,1,13:08.2,13:09.7,1.5,869,Sydney FC,chaotic,chaotic,1.9,-2.25,14.12,-3.76
1996435,Sydney FC v Adelaide United,1,13:09.7,13:11.7,2.0,866,Adelaide United,chaotic,chaotic,-13.98,3.56,1.63,1.59
1996435,Sydney FC v Adelaide United,1,13:11.7,13:16.4,4.7,869,Sydney FC,create,medium_block,-1.45,-2.18,5.58,-9.0
1996435,Sydney FC v Adelaide United,1,13:16.4,13:25.0,8.6,866,Adelaide United,create,medium_block,-5.92,9.36,16.36,15.7
1996435,Sydney FC v Adelaide United,1,13:25.0,13:45.8,20.8,869,Sydney FC,create,medium_block,-16.59,-15.78,17.66,-29.92
1996435,Sydney FC v Adelaide United,1,13:45.8,14:10.1,24.3,869,Sydney FC,finish,low_block,18.08,-29.83,44.33,1.8
1996435,Sydney FC v Adelaide United,1,14:10.1,14:14.4,4.3,866,Adelaide United,chaotic,chaotic,-43.93,-0.99,-9.74,11.41
1996435,Sydney FC v Adelaide United,1,14:14.4,14:24.5,10.1,869,Sydney FC,finish,low_block,9.68,-11.66,5.07,-15.81
1996435,Sydney FC v Adelaide United,1,14:24.5,14:31.3,6.8,869,Sydney FC,create,medium_block,4.58,-15.25,17.21,-23.39
1996435,Sydney FC v Adelaide United,1,14:31.3,14:41.0,9.7,866,Adelaide United,transition,defending_transition,-17.28,23.11,29.48,-11.63
1996435,Sydney FC v Adelaide United,1,14:41.0,14:49.7,8.7,869,Sydney FC,build_up,high_block,-29.44,12.02,-20.29,27.83
1996435,Sydney FC v Adelaide United,1,14:49.7,14:52.6,2.9,869,Sydney FC,create,medium_block,-19.97,27.83,-19.39,26.9
1996435,Sydney FC v Adelaide United,1,14:52.6,15:18.4,25.8,869,Sydney FC,build_up,high_block,-20.38,26.53,-20.3,19.53
1996435,Sydney FC v Adelaide United,1,15:18.4,15:22.2,3.8,869,Sydney FC,create,medium_block,-19.96,19.53,-13.59,14.36
1996435,Sydney FC v Adelaide United,1,15:22.2,15:37.9,15.7,866,Adelaide United,create,medium_block,13.95,-14.31,18.87,-20.38
1996435,Sydney FC v Adelaide United,1,15:37.9,15:44.3,6.4,866,Adelaide United,finish,low_block,19.32,-20.42,-23.99,11.83
1996435,Sydney FC v Adelaide United,1,15:44.3,15:51.7,7.4,866,Adelaide United,chaotic,chaotic,23.93,-12.08,29.51,-18.94
1996435,Sydney FC v Adelaide United,1,15:51.7,15:54.9,3.2,869,Sydney FC,build_up,high_block,-29.76,18.63,-20.73,17.58
1996435,Sydney FC v Adelaide United,1,15:54.9,16:03.2,8.3,869,Sydney FC,create,medium_block,-19.93,17.46,44.35,17.53
1996435,Sydney FC v Adelaide United,1,16:03.2,16:13.1,9.9,866,Adelaide United,build_up,high_block,-44.57,-17.5,-21.74,5.92
1996435,Sydney FC v Adelaide United,1,16:13.1,16:17.7,4.6,866,Adelaide United,create,medium_block,-19.99,5.42,17.88,-14.56
1996435,Sydney FC v Adelaide United,1,16:17.7,16:17.8,0.1,869,Sydney FC,create,medium_block,-19.02,14.3,-19.02,14.3
1996435,Sydney FC v Adelaide United,1,16:17.8,16:26.7,8.9,869,Sydney FC,build_up,high_block,-20.46,13.72,-20.99,4.86
1996435,Sydney FC v Adelaide United,1,16:26.7,16:27.6,0.9,869,Sydney FC,create,medium_block,-19.28,4.57,-4.08,1.83
1996435,Sydney FC v Adelaide United,1,16:27.6,16:35.4,7.8,866,Adelaide United,create,medium_block,2.59,-1.69,11.99,6.58
1996435,Sydney FC v Adelaide United,1,16:35.4,16:36.6,1.2,866,Adelaide United,finish,low_block,12.02,6.57,10.98,4.51
1996435,Sydney FC v Adelaide United,1,16:36.6,16:38.3,1.7,866,Adelaide United,create,medium_block,10.79,4.06,11.25,-6.05
1996435,Sydney FC v Adelaide United,1,16:38.3,16:45.8,7.5,866,Adelaide United,finish,low_block,11.63,-6.93,49.15,-2.59
1996435,Sydney FC v Adelaide United,1,16:45.8,16:50.8,5.0,869,Sydney FC,build_up,high_block,-49.15,2.82,-49.71,20.13
1996435,Sydney FC v Adelaide United,1,16:50.8,16:55.1,4.3,869,Sydney FC,direct,defending_direct,-49.15,20.47,-13.14,15.6
1996435,Sydney FC v Adelaide United,1,16:55.1,16:56.9,1.8,866,Adelaide United,finish,low_block,12.89,-15.28,5.25,-12.24
1996435,Sydney FC v Adelaide United,1,16:56.9,17:12.5,15.6,866,Adelaide United,create,medium_block,4.88,-12.1,-19.56,7.0
1996435,Sydney FC v Adelaide United,1,17:12.5,17:22.4,9.9,866,Adelaide United,build_up,high_block,-20.25,6.4,-36.88,15.11
1996435,Sydney FC v Adelaide United,1,17:22.4,17:25.0,2.6,866,Adelaide United,direct,defending_direct,-36.32,15.58,-1.82,33.48
1996435,Sydney FC v Adelaide United,1,17:25.0,17:31.0,6.0,866,Adelaide United,create,medium_block,-1.37,33.7,13.83,20.25
1996435,Sydney FC v Adelaide United,1,18:29.5,18:34.8,5.3,866,Adelaide United,finish,low_block,16.48,20.97,37.28,-6.37
1996435,Sydney FC v Adelaide United,1,18:56.7,19:04.0,7.3,869,Sydney FC,build_up,high_block,-47.82,-0.86,-20.05,-25.06
1996435,Sydney FC v Adelaide United,1,19:04.0,19:08.7,4.7,869,Sydney FC,create,medium_block,-18.86,-24.99,-7.65,-35.86
1996435,Sydney FC v Adelaide United,1,19:29.4,19:33.2,3.8,869,Sydney FC,chaotic,chaotic,-4.67,-33.98,8.95,-23.48
1996435,Sydney FC v Adelaide United,1,19:33.2,19:36.0,2.8,866,Adelaide United,chaotic,chaotic,-8.36,23.31,-2.1,19.04
1996435,Sydney FC v Adelaide United,1,19:36.0,19:40.4,4.4,869,Sydney FC,create,medium_block,1.76,-18.99,-19.25,-20.36
1996435,Sydney FC v Adelaide United,1,19:40.4,19:53.9,13.5,869,Sydney FC,build_up,high_block,-20.53,-19.41,-20.26,-3.21
1996435,Sydney FC v Adelaide United,1,19:53.9,20:00.4,6.5,869,Sydney FC,create,medium_block,-18.94,-2.19,11.76,30.32
1996435,Sydney FC v Adelaide United,1,20:00.4,20:02.0,1.6,869,Sydney FC,finish,low_block,11.91,30.3,6.13,23.1
1996435,Sydney FC v Adelaide United,1,20:02.0,20:02.7,0.7,869,Sydney FC,create,medium_block,5.44,22.47,4.97,21.64
1996435,Sydney FC v Adelaide United,1,20:02.7,20:13.2,10.5,869,Sydney FC,finish,low_block,5.34,21.86,5.05,12.61
1996435,Sydney FC v Adelaide United,1,20:13.2,20:15.9,2.7,869,Sydney FC,create,medium_block,5.01,12.53,4.7,-2.29
1996435,Sydney FC v Adelaide United,1,20:15.9,20:16.7,0.8,869,Sydney FC,finish,low_block,5.67,-2.54,9.1,-3.73
1996435,Sydney FC v Adelaide United,1,20:16.7,20:23.3,6.6,869,Sydney FC,create,medium_block,8.93,-3.84,14.15,-27.31
1996435,Sydney FC v Adelaide United,1,20:23.3,20:42.2,18.9,869,Sydney FC,finish,low_block,14.75,-27.97,5.62,-19.41
1996435,Sydney FC v Adelaide United,1,20:42.2,20:59.4,17.2,869,Sydney FC,create,medium_block,4.67,-19.46,26.96,-21.25
1996435,Sydney FC v Adelaide United,1,21:39.9,21:43.7,3.8,866,Adelaide United,chaotic,chaotic,-36.13,30.49,-42.29,18.49
1996435,Sydney FC v Adelaide United,1,21:43.7,21:46.8,3.1,866,Adelaide United,direct,defending_direct,-41.16,17.96,-1.0,8.08
1996435,Sydney FC v Adelaide United,1,21:46.8,21:48.2,1.4,869,Sydney FC,chaotic,chaotic,1.22,-7.7,14.87,-2.18
1996435,Sydney FC v Adelaide United,1,21:48.2,21:54.8,6.6,866,Adelaide United,create,medium_block,-15.3,1.79,15.98,-21.73
1996435,Sydney FC v Adelaide United,1,21:54.8,21:57.2,2.4,866,Adelaide United,finish,low_block,16.66,-21.72,36.58,-3.84
1996435,Sydney FC v Adelaide United,1,21:57.2,22:19.4,22.2,869,Sydney FC,transition,defending_transition,-37.16,2.61,49.07,-8.9
1996435,Sydney FC v Adelaide United,1,23:02.2,23:22.2,20.0,869,Sydney FC,set_play,defending_set_play,50.79,-28.54,-36.6,-4.31
1996435,Sydney FC v Adelaide United,1,23:22.2,23:26.1,3.9,866,Adelaide United,build_up,high_block,-36.55,-4.82,-20.42,-24.23
1996435,Sydney FC v Adelaide United,1,23:26.1,23:32.7,6.6,866,Adelaide United,create,medium_block,-19.42,-25.1,-19.86,-25.73
1996435,Sydney FC v Adelaide United,1,23:32.7,23:39.5,6.8,866,Adelaide United,build_up,high_block,-20.17,-25.47,-20.43,25.76
1996435,Sydney FC v Adelaide United,1,23:39.5,23:57.2,17.7,866,Adelaide United,create,medium_block,-19.96,26.33,18.92,29.33
1996435,Sydney FC v Adelaide United,1,23:57.2,24:14.7,17.5,866,Adelaide United,finish,low_block,20.15,29.24,50.48,-1.17
1996435,Sydney FC v Adelaide United,1,24:40.0,24:42.9,2.9,869,Sydney FC,build_up,high_block,,,-20.42,-31.48
1996435,Sydney FC v Adelaide United,1,24:42.9,24:48.2,5.3,869,Sydney FC,create,medium_block,-19.8,-31.41,18.39,-24.91
1996435,Sydney FC v Adelaide United,1,24:48.2,24:52.3,4.1,869,Sydney FC,finish,low_block,18.88,-24.82,48.3,1.56
1996435,Sydney FC v Adelaide United,1,25:30.3,25:33.8,3.5,866,Adelaide United,create,medium_block,-7.77,15.69,21.81,26.88
1996435,Sydney FC v Adelaide United,1,25:33.8,25:42.7,8.9,869,Sydney FC,build_up,high_block,-22.13,-26.94,-20.3,19.78
1996435,Sydney FC v Adelaide United,1,25:42.7,26:14.6,31.9,869,Sydney FC,create,medium_block,-19.91,20.77,20.64,-30.03
1996435,Sydney FC v Adelaide United,1,26:14.6,26:34.5,19.9,869,Sydney FC,finish,low_block,21.64,-30.8,49.32,-1.36
1996435,Sydney FC v Adelaide United,1,27:07.0,27:09.3,2.3,869,Sydney FC,set_play,defending_set_play,51.7,32.91,50.44,12.88
1996435,Sydney FC v Adelaide United,1,27:35.8,27:41.1,5.3,866,Adelaide United,build_up,high_block,-47.59,4.26,-24.46,-20.22
1996435,Sydney FC v Adelaide United,1,27:41.1,27:42.6,1.5,869,Sydney FC,chaotic,chaotic,24.9,20.44,30.33,18.24
1996435,Sydney FC v Adelaide United,1,27:42.6,27:56.9,14.3,866,Adelaide United,build_up,high_block,-30.02,-18.07,-20.36,31.91
1996435,Sydney FC v Adelaide United,1,27:56.9,28:02.7,5.8,866,Adelaide United,create,medium_block,-19.88,31.93,30.95,20.87
1996435,Sydney FC v Adelaide United,1,28:02.7,28:06.6,3.9,866,Adelaide United,finish,low_block,31.45,20.72,46.23,4.87
1996435,Sydney FC v Adelaide United,1,28:06.6,28:19.6,13.0,869,Sydney FC,create,medium_block,-46.44,-4.64,15.21,-31.34
1996435,Sydney FC v Adelaide United,1,29:08.1,29:13.1,5.0,866,Adelaide United,build_up,high_block,-29.75,18.4,-21.3,26.19
1996435,Sydney FC v Adelaide United,1,29:13.1,29:22.0,8.9,866,Adelaide United,create,medium_block,-19.92,26.14,32.86,-21.01
1996435,Sydney FC v Adelaide United,1,29:22.0,29:26.9,4.9,866,Adelaide United,finish,low_block,33.54,-20.61,51.27,-6.33
1996435,Sydney FC v Adelaide United,1,29:26.9,29:27.9,1.0,869,Sydney FC,chaotic,chaotic,-51.14,5.97,-50.25,6.06
1996435,Sydney FC v Adelaide United,1,29:58.5,30:01.1,2.6,866,Adelaide United,set_play,defending_set_play,52.26,-31.13,49.16,-8.82
1996435,Sydney FC v Adelaide United,1,30:01.1,30:05.6,4.5,869,Sydney FC,chaotic,chaotic,-49.15,9.26,-18.78,11.9
1996435,Sydney FC v Adelaide United,1,30:05.6,30:07.7,2.1,866,Adelaide United,chaotic,chaotic,18.46,-11.52,20.95,-4.76
1996435,Sydney FC v Adelaide United,1,30:07.7,30:13.4,5.7,869,Sydney FC,chaotic,chaotic,-20.63,4.12,17.03,-17.89
1996435,Sydney FC v Adelaide United,1,30:13.4,30:14.4,1.0,866,Adelaide United,chaotic,chaotic,-18.19,18.38,-29.36,23.06
1996435,Sydney FC v Adelaide United,1,30:49.7,30:50.7,1.0,869,Sydney FC,chaotic,chaotic,42.9,-35.28,45.88,-34.23
1996435,Sydney FC v Adelaide United,1,30:59.5,31:01.5,2.0,869,Sydney FC,set_play,defending_set_play,48.09,-29.41,48.54,-11.57
1996435,Sydney FC v Adelaide United,1,31:01.5,31:06.3,4.8,866,Adelaide United,chaotic,chaotic,-48.44,11.12,-26.81,13.99
1996435,Sydney FC v Adelaide United,1,31:20.2,31:23.5,3.3,866,Adelaide United,build_up,high_block,,,-21.31,-20.1
1996435,Sydney FC v Adelaide United,1,31:23.5,31:27.1,3.6,866,Adelaide United,create,medium_block,-18.93,-20.31,-19.9,-29.42
1996435,Sydney FC v Adelaide United,1,31:27.1,31:33.9,6.8,866,Adelaide United,build_up,high_block,-20.78,-28.94,-46.17,-16.49
1996435,Sydney FC v Adelaide United,1,31:33.9,31:35.8,1.9,869,Sydney FC,finish,low_block,45.87,16.77,49.88,4.06
1996435,Sydney FC v Adelaide United,1,31:35.8,31:38.1,2.3,866,Adelaide United,chaotic,chaotic,-50.06,-3.95,-32.81,-9.65
1996435,Sydney FC v Adelaide United,1,32:25.9,32:28.0,2.1,869,Sydney FC,set_play,defending_set_play,20.02,6.85,45.84,-2.66
1996435,Sydney FC v Adelaide United,1,32:28.0,32:40.8,12.8,866,Adelaide United,build_up,high_block,-46.15,2.65,-20.3,-5.81
1996435,Sydney FC v Adelaide United,1,32:40.8,32:47.9,7.1,866,Adelaide United,create,medium_block,-19.57,-4.55,25.94,9.98
1996435,Sydney FC v Adelaide United,1,32:47.9,33:06.2,18.3,869,Sydney FC,build_up,high_block,-26.92,-9.48,-32.52,8.26
1996435,Sydney FC v Adelaide United,1,33:06.2,33:26.7,20.5,866,Adelaide United,finish,low_block,31.93,-7.97,30.11,-33.98
1996435,Sydney FC v Adelaide United,1,33:36.0,33:40.1,4.1,869,Sydney FC,create,medium_block,-29.37,31.83,-19.56,30.96
1996435,Sydney FC v Adelaide United,1,33:40.1,33:43.2,3.1,866,Adelaide United,finish,low_block,19.1,-30.81,5.66,-30.27
1996435,Sydney FC v Adelaide United,1,33:43.2,33:49.6,6.4,866,Adelaide United,create,medium_block,5.15,-29.17,31.31,-25.54
1996435,Sydney FC v Adelaide United,1,33:49.6,34:07.6,18.0,866,Adelaide United,finish,low_block,31.92,-26.24,5.91,-4.62
1996435,Sydney FC v Adelaide United,1,34:07.6,34:19.9,12.3,866,Adelaide United,create,medium_block,5.2,-5.28,-11.58,9.83
1996435,Sydney FC v Adelaide United,1,34:19.9,34:22.9,3.0,866,Adelaide United,direct,defending_direct,-10.74,9.58,24.77,11.3
1996435,Sydney FC v Adelaide United,1,34:22.9,34:23.5,0.6,866,Adelaide United,create,medium_block,25.45,11.55,26.94,12.41
1996435,Sydney FC v Adelaide United,1,34:23.5,34:26.7,3.2,866,Adelaide United,finish,low_block,27.25,12.53,36.19,19.73
1996435,Sydney FC v Adelaide United,1,34:26.7,34:33.6,6.9,869,Sydney FC,build_up,high_block,-36.11,-19.68,-30.9,-22.57
1996435,Sydney FC v Adelaide United,1,34:33.6,34:43.9,10.3,866,Adelaide United,finish,low_block,30.75,22.57,5.26,24.21
1996435,Sydney FC v Adelaide United,1,34:43.9,34:55.2,11.3,866,Adelaide United,create,medium_block,5.1,23.97,29.16,-6.93
1996435,Sydney FC v Adelaide United,1,35:08.5,35:13.8,5.3,869,Sydney FC,build_up,high_block,-42.87,12.91,-20.34,-2.9
1996435,Sydney FC v Adelaide United,1,35:13.8,35:20.3,6.5,869,Sydney FC,create,medium_block,-19.77,-3.69,19.94,-30.89
1996435,Sydney FC v Adelaide United,1,35:20.3,35:28.3,8.0,869,Sydney FC,finish,low_block,20.93,-31.18,53.09,-0.33
1996435,Sydney FC v Adelaide United,1,36:43.4,36:49.6,6.2,866,Adelaide United,create,medium_block,-0.67,0.86,-19.79,3.41
1996435,Sydney FC v Adelaide United,1,36:49.6,36:51.4,1.8,866,Adelaide United,build_up,high_block,-21.03,2.89,-33.87,-2.55
1996435,Sydney FC v Adelaide United,1,36:51.4,36:56.3,4.9,866,Adelaide United,direct,defending_direct,-33.57,-2.73,39.5,-19.07
1996435,Sydney FC v Adelaide United,1,36:56.3,37:26.7,30.4,869,Sydney FC,build_up,high_block,-40.0,19.38,-27.53,25.15
1996435,Sydney FC v Adelaide United,1,37:26.7,37:37.9,11.2,866,Adelaide United,quick_break,defending_quick_break,27.48,-24.99,35.75,2.39
1996435,Sydney FC v Adelaide United,1,37:37.9,37:43.0,5.1,869,Sydney FC,build_up,high_block,-35.91,-2.35,-20.0,-21.38
1996435,Sydney FC v Adelaide United,1,37:43.0,37:44.8,1.8,869,Sydney FC,create,medium_block,-19.52,-21.76,1.98,-29.47
1996435,Sydney FC v Adelaide United,1,37:44.8,37:45.8,1.0,866,Adelaide United,chaotic,chaotic,-2.44,30.01,0.31,34.63
1996435,Sydney FC v Adelaide United,1,37:53.0,38:12.3,19.3,869,Sydney FC,create,medium_block,-1.85,-34.4,15.54,-32.17
1996435,Sydney FC v Adelaide United,1,38:12.3,38:33.3,21.0,869,Sydney FC,finish,low_block,15.97,-32.1,48.97,-8.51
1996435,Sydney FC v Adelaide United,1,39:00.9,39:09.4,8.5,866,Adelaide United,build_up,high_block,-47.18,4.58,-20.56,19.64
1996435,Sydney FC v Adelaide United,1,39:09.4,39:10.3,0.9,866,Adelaide United,create,medium_block,-18.64,19.07,-9.02,15.31
1996435,Sydney FC v Adelaide United,1,39:10.3,39:26.6,16.3,869,Sydney FC,create,medium_block,9.04,-15.51,17.38,-28.62
1996435,Sydney FC v Adelaide United,1,39:26.6,39:32.6,6.0,869,Sydney FC,finish,low_block,17.89,-28.45,54.82,-15.63
1996435,Sydney FC v Adelaide United,1,39:56.5,40:01.3,4.8,866,Adelaide United,create,medium_block,-44.45,3.08,-19.22,-9.53
1996435,Sydney FC v Adelaide United,1,40:01.3,40:15.9,14.6,869,Sydney FC,finish,low_block,19.46,9.76,34.61,4.98
1996435,Sydney FC v Adelaide United,1,40:15.9,40:19.5,3.6,866,Adelaide United,build_up,high_block,-34.94,-5.43,-20.27,-14.25
1996435,Sydney FC v Adelaide United,1,40:19.5,40:26.6,7.1,866,Adelaide United,create,medium_block,-19.96,-14.28,28.89,-14.56
1996435,Sydney FC v Adelaide United,1,40:26.6,40:37.4,10.8,869,Sydney FC,create,medium_block,-29.13,14.43,16.1,-29.18
1996435,Sydney FC v Adelaide United,1,40:37.4,40:45.9,8.5,869,Sydney FC,finish,low_block,16.17,-29.31,44.86,5.97
1996435,Sydney FC v Adelaide United,1,41:14.9,41:28.5,13.6,869,Sydney FC,set_play,defending_set_play,51.26,32.13,49.18,13.73
1996435,Sydney FC v Adelaide United,1,41:52.0,42:01.9,9.9,869,Sydney FC,set_play,defending_set_play,54.81,32.51,5.56,-4.94
1996435,Sydney FC v Adelaide United,1,42:01.9,42:05.7,3.8,869,Sydney FC,create,medium_block,4.84,-4.11,21.07,-24.32
1996435,Sydney FC v Adelaide United,1,42:05.7,42:15.9,10.2,869,Sydney FC,finish,low_block,21.99,-25.05,41.46,-11.32
1996435,Sydney FC v Adelaide United,1,42:15.9,42:22.1,6.2,866,Adelaide United,chaotic,chaotic,-41.41,11.76,-24.27,27.74
1996435,Sydney FC v Adelaide United,1,42:41.5,42:47.1,5.6,866,Adelaide United,build_up,high_block,,,-20.15,-14.31
1996435,Sydney FC v Adelaide United,1,42:47.1,42:50.6,3.5,866,Adelaide United,create,medium_block,-19.63,-15.88,-12.11,-29.65
1996435,Sydney FC v Adelaide United,1,43:06.4,43:25.4,19.0,866,Adelaide United,create,medium_block,,,25.26,-27.59
1996435,Sydney FC v Adelaide United,1,43:25.4,43:26.7,1.3,866,Adelaide United,finish,low_block,25.98,-27.15,36.28,-12.72
1996435,Sydney FC v Adelaide United,1,43:36.3,43:49.2,12.9,866,Adelaide United,finish,low_block,49.18,-34.72,5.16,-12.38
1996435,Sydney FC v Adelaide United,1,43:49.2,43:55.3,6.1,866,Adelaide United,create,medium_block,5.06,-12.0,21.03,11.21
1996435,Sydney FC v Adelaide United,1,43:55.3,43:58.5,3.2,866,Adelaide United,finish,low_block,20.96,11.15,7.97,3.57
1996435,Sydney FC v Adelaide United,1,43:58.5,44:09.4,10.9,866,Adelaide United,create,medium_block,7.59,3.34,12.97,20.78
1996435,Sydney FC v Adelaide United,1,45:04.1,45:24.1,20.0,866,Adelaide United,set_play,defending_set_play,17.97,20.5,,
1996435,Sydney FC v Adelaide United,1,45:24.1,45:43.6,19.5,866,Adelaide United,create,medium_block,,,19.95,-2.22
1996435,Sydney FC v Adelaide United,1,45:43.6,45:47.0,3.4,866,Adelaide United,finish,low_block,20.84,-2.38,47.82,-4.96
1996435,Sydney FC v Adelaide United,1,45:47.0,46:03.5,16.5,869,Sydney FC,build_up,high_block,-48.27,3.93,-20.27,-27.23
1996435,Sydney FC v Adelaide United,1,46:03.5,46:09.1,5.6,869,Sydney FC,create,medium_block,-18.67,-27.74,18.04,-33.33
1996435,Sydney FC v Adelaide United,1,46:09.1,46:15.8,6.7,869,Sydney FC,finish,low_block,18.29,-33.21,6.56,-25.98
1996435,Sydney FC v Adelaide United,1,46:15.8,46:18.5,2.7,869,Sydney FC,create,medium_block,5.77,-25.98,20.48,-32.01
1996435,Sydney FC v Adelaide United,1,46:18.5,46:41.0,22.5,869,Sydney FC,finish,low_block,21.07,-32.13,32.29,-30.08
1996435,Sydney FC v Adelaide United,1,46:41.0,46:48.5,7.5,869,Sydney FC,create,medium_block,,,-17.15,-4.1
1996435,Sydney FC v Adelaide United,2,45:06.5,45:09.5,3.0,869,Sydney FC,direct,defending_direct,-15.55,-5.02,23.05,-27.43
1996435,Sydney FC v Adelaide United,2,45:09.5,45:17.9,8.4,869,Sydney FC,build_up,high_block,23.65,-27.39,51.46,-2.41
1996435,Sydney FC v Adelaide United,2,46:42.3,46:43.6,1.3,866,Adelaide United,create,medium_block,-1.22,-0.69,-19.86,-0.35
1996435,Sydney FC v Adelaide United,2,46:43.6,46:46.5,2.9,866,Adelaide United,build_up,high_block,-20.82,-0.31,-25.22,-0.71
1996435,Sydney FC v Adelaide United,2,46:46.5,46:49.8,3.3,866,Adelaide United,direct,defending_direct,-23.83,-0.32,21.89,15.79
1996435,Sydney FC v Adelaide United,2,46:49.8,47:00.3,10.5,869,Sydney FC,transition,defending_transition,-21.34,-15.54,43.05,-17.42
1996435,Sydney FC v Adelaide United,2,47:00.3,47:15.5,15.2,866,Adelaide United,chaotic,chaotic,-43.56,16.6,-29.75,-14.3
1996435,Sydney FC v Adelaide United,2,47:15.5,47:26.1,10.6,869,Sydney FC,finish,low_block,29.86,14.47,48.34,-1.41
1996435,Sydney FC v Adelaide United,2,47:48.0,47:53.5,5.5,866,Adelaide United,build_up,high_block,-47.66,2.2,-31.57,29.25
1996435,Sydney FC v Adelaide United,2,48:33.4,48:43.1,9.7,866,Adelaide United,build_up,high_block,-38.47,17.89,-20.63,-13.24
1996435,Sydney FC v Adelaide United,2,48:43.1,48:49.1,6.0,866,Adelaide United,create,medium_block,-19.68,-12.51,22.74,-21.75
1996435,Sydney FC v Adelaide United,2,48:49.1,48:53.0,3.9,866,Adelaide United,finish,low_block,23.34,-21.57,52.33,-2.66
1996435,Sydney FC v Adelaide United,2,49:48.4,49:52.0,3.6,869,Sydney FC,create,medium_block,-1.58,-0.18,-17.46,-5.53
1996435,Sydney FC v Adelaide United,2,49:52.0,49:55.2,3.2,869,Sydney FC,direct,defending_direct,-15.74,-6.26,25.34,-30.82
1996435,Sydney FC v Adelaide United,2,49:55.2,49:59.7,4.5,869,Sydney FC,create,medium_block,25.74,-30.93,29.89,-27.04
1996435,Sydney FC v Adelaide United,2,49:59.7,49:59.9,0.2,866,Adelaide United,chaotic,chaotic,-29.71,27.46,-29.43,27.79
1996435,Sydney FC v Adelaide United,2,49:59.9,50:03.0,3.1,869,Sydney FC,chaotic,chaotic,29.04,-28.02,26.22,-33.38
1996435,Sydney FC v Adelaide United,2,50:03.0,50:04.7,1.7,866,Adelaide United,chaotic,chaotic,-26.46,33.42,-24.28,30.64
1996435,Sydney FC v Adelaide United,2,50:04.7,50:11.6,6.9,869,Sydney FC,finish,low_block,23.92,-30.44,11.24,-31.35
1996435,Sydney FC v Adelaide United,2,50:11.6,50:42.0,30.4,869,Sydney FC,create,medium_block,11.26,-31.32,-19.28,-29.22
1996435,Sydney FC v Adelaide United,2,50:42.0,50:54.5,12.5,869,Sydney FC,build_up,high_block,-20.5,-28.07,-48.28,-14.16
1996435,Sydney FC v Adelaide United,2,50:54.5,50:57.8,3.3,869,Sydney FC,direct,defending_direct,-47.71,-14.07,5.11,-19.89
1996435,Sydney FC v Adelaide United,2,50:57.8,51:07.8,10.0,869,Sydney FC,create,medium_block,5.47,-19.91,40.55,-2.96
1996435,Sydney FC v Adelaide United,2,51:07.8,51:24.4,16.6,866,Adelaide United,build_up,high_block,-40.73,2.62,,
1996435,Sydney FC v Adelaide United,2,51:24.4,51:28.3,3.9,866,Adelaide United,finish,low_block,18.95,2.63,46.58,-0.91
1996435,Sydney FC v Adelaide United,2,51:56.4,52:02.7,6.3,869,Sydney FC,build_up,high_block,,,-20.86,-23.42
1996435,Sydney FC v Adelaide United,2,52:02.7,52:05.0,2.3,869,Sydney FC,create,medium_block,-19.02,-23.81,1.11,-26.72
1996435,Sydney FC v Adelaide United,2,52:05.0,52:09.8,4.8,866,Adelaide United,create,medium_block,-1.15,26.7,-19.56,17.95
1996435,Sydney FC v Adelaide United,2,52:09.8,52:19.4,9.6,866,Adelaide United,build_up,high_block,-20.26,17.47,-20.3,-31.92
1996435,Sydney FC v Adelaide United,2,52:19.4,52:24.6,5.2,866,Adelaide United,create,medium_block,-19.75,-32.09,17.81,-17.65
1996435,Sydney FC v Adelaide United,2,52:24.6,52:38.3,13.7,869,Sydney FC,create,medium_block,-18.14,17.37,29.32,28.97
1996435,Sydney FC v Adelaide United,2,52:38.3,52:39.3,1.0,866,Adelaide United,chaotic,chaotic,-29.84,-29.15,-34.91,-33.18
1996435,Sydney FC v Adelaide United,2,53:15.6,53:16.6,1.0,869,Sydney FC,chaotic,chaotic,32.43,34.3,41.49,32.0
1996435,Sydney FC v Adelaide United,2,53:24.2,53:36.9,12.7,869,Sydney FC,finish,low_block,40.61,34.17,38.93,19.52
1996435,Sydney FC v Adelaide United,2,54:00.6,54:03.5,2.9,869,Sydney FC,set_play,defending_set_play,50.66,27.22,46.78,1.05
1996435,Sydney FC v Adelaide United,2,54:36.6,54:37.6,1.0,866,Adelaide United,direct,defending_direct,-43.82,4.03,-31.47,-3.08
1996435,Sydney FC v Adelaide United,2,54:58.7,55:02.7,4.0,869,Sydney FC,create,medium_block,8.68,21.55,4.74,24.67
1996435,Sydney FC v Adelaide United,2,55:02.7,55:14.5,11.8,869,Sydney FC,finish,low_block,5.53,24.51,36.87,29.29
1996435,Sydney FC v Adelaide United,2,55:14.5,55:27.9,13.4,866,Adelaide United,build_up,high_block,-36.14,-29.39,-20.57,22.58
1996435,Sydney FC v Adelaide United,2,55:27.9,55:28.7,0.8,866,Adelaide United,create,medium_block,-19.35,21.4,-12.2,13.67
1996435,Sydney FC v Adelaide United,2,55:28.7,55:32.4,3.7,869,Sydney FC,chaotic,chaotic,11.56,-12.45,16.13,5.77
1996435,Sydney FC v Adelaide United,2,55:32.4,55:37.6,5.2,866,Adelaide United,chaotic,chaotic,-16.04,-5.74,-3.77,15.12
1996435,Sydney FC v Adelaide United,2,55:48.3,56:02.3,14.0,866,Adelaide United,build_up,high_block,,,-20.22,-11.39
1996435,Sydney FC v Adelaide United,2,56:02.3,56:03.5,1.2,866,Adelaide United,create,medium_block,-19.1,-13.25,-6.14,-25.91
1996435,Sydney FC v Adelaide United,2,56:03.5,56:06.2,2.7,869,Sydney FC,chaotic,chaotic,5.82,25.73,10.77,3.02
1996435,Sydney FC v Adelaide United,2,56:06.2,56:10.2,4.0,866,Adelaide United,direct,defending_direct,-9.87,-4.18,33.06,-19.21
1996435,Sydney FC v Adelaide United,2,56:16.6,56:32.8,16.2,866,Adelaide United,create,medium_block,0.7,-29.84,12.73,-31.1
1996435,Sydney FC v Adelaide United,2,56:32.8,56:37.7,4.9,866,Adelaide United,finish,low_block,13.72,-31.5,38.58,-28.63
1996435,Sydney FC v Adelaide United,2,56:37.7,56:44.0,6.3,869,Sydney FC,build_up,high_block,-39.02,28.34,-20.05,28.2
1996435,Sydney FC v Adelaide United,2,56:44.0,56:48.8,4.8,869,Sydney FC,create,medium_block,-19.73,28.18,-3.32,27.89
1996435,Sydney FC v Adelaide United,2,57:25.2,57:26.2,1.0,869,Sydney FC,set_play,defending_set_play,,,,
1996435,Sydney FC v Adelaide United,2,57:26.2,57:29.3,3.1,869,Sydney FC,create,medium_block,0.72,22.35,20.05,-1.75
1996435,Sydney FC v Adelaide United,2,57:29.3,57:39.9,10.6,869,Sydney FC,finish,low_block,20.69,-1.53,39.04,4.49
1996435,Sydney FC v Adelaide United,2,57:39.9,57:44.9,5.0,866,Adelaide United,chaotic,chaotic,-39.21,-4.28,-17.43,6.75
1996435,Sydney FC v Adelaide United,2,57:44.9,57:54.2,9.3,869,Sydney FC,finish,low_block,16.95,-6.72,5.94,15.05
1996435,Sydney FC v Adelaide United,2,57:54.2,57:57.5,3.3,869,Sydney FC,create,medium_block,5.4,13.97,4.87,-1.88
1996435,Sydney FC v Adelaide United,2,57:57.5,58:13.6,16.1,869,Sydney FC,finish,low_block,5.89,-2.11,40.98,-24.51
1996435,Sydney FC v Adelaide United,2,59:08.0,59:12.6,4.6,866,Adelaide United,build_up,high_block,-46.17,-1.64,-39.06,-28.6
1996435,Sydney FC v Adelaide United,2,59:12.6,59:19.0,6.4,869,Sydney FC,finish,low_block,40.21,28.28,39.7,20.78
1996435,Sydney FC v Adelaide United,2,59:19.0,59:22.8,3.8,866,Adelaide United,chaotic,chaotic,-39.82,-20.58,-23.92,-30.77
1996435,Sydney FC v Adelaide United,2,59:38.6,59:41.5,2.9,866,Adelaide United,create,medium_block,-23.36,-28.22,-19.84,-22.69
1996435,Sydney FC v Adelaide United,2,59:41.5,59:50.4,8.9,866,Adelaide United,build_up,high_block,-20.12,-22.55,-31.71,28.85
1996435,Sydney FC v Adelaide United,2,59:50.4,59:59.0,8.6,869,Sydney FC,quick_break,defending_quick_break,30.04,-28.15,33.15,-2.43
1996435,Sydney FC v Adelaide United,2,59:59.0,60:12.7,13.7,866,Adelaide United,build_up,high_block,-33.09,2.48,-21.06,-27.3
1996435,Sydney FC v Adelaide United,2,60:12.7,60:14.1,1.4,866,Adelaide United,create,medium_block,-19.85,-27.35,-16.02,-31.39
1996435,Sydney FC v Adelaide United,2,60:14.1,60:16.1,2.0,866,Adelaide United,direct,defending_direct,-15.18,-31.67,17.16,-30.58
1996435,Sydney FC v Adelaide United,2,61:17.0,61:18.0,1.0,866,Adelaide United,set_play,defending_set_play,33.32,-29.77,42.39,-16.91
1996435,Sydney FC v Adelaide United,2,61:45.9,61:53.1,7.2,869,Sydney FC,build_up,high_block,,,-20.01,-28.92
1996435,Sydney FC v Adelaide United,2,61:53.1,62:00.1,7.0,869,Sydney FC,create,medium_block,-19.37,-29.06,16.49,-0.22
1996435,Sydney FC v Adelaide United,2,62:00.1,62:24.0,23.9,869,Sydney FC,finish,low_block,17.17,-0.49,42.79,5.34
1996435,Sydney FC v Adelaide United,2,62:24.0,62:27.5,3.5,866,Adelaide United,chaotic,chaotic,-41.75,-5.19,1.85,-9.18
1996435,Sydney FC v Adelaide United,2,62:27.5,62:47.1,19.6,869,Sydney FC,create,medium_block,-2.17,9.48,12.84,19.7
1996435,Sydney FC v Adelaide United,2,62:47.1,62:48.2,1.1,869,Sydney FC,finish,low_block,12.69,19.1,6.6,9.71
1996435,Sydney FC v Adelaide United,2,62:48.2,62:50.6,2.4,869,Sydney FC,create,medium_block,5.75,8.89,4.87,-7.64
1996435,Sydney FC v Adelaide United,2,62:50.6,62:59.7,9.1,869,Sydney FC,finish,low_block,5.28,-9.17,5.49,-14.77
1996435,Sydney FC v Adelaide United,2,62:59.7,63:04.5,4.8,869,Sydney FC,create,medium_block,5.03,-14.05,4.55,-20.87
1996435,Sydney FC v Adelaide United,2,63:04.5,63:07.2,2.7,869,Sydney FC,finish,low_block,5.77,-20.9,5.56,-25.09
1996435,Sydney FC v Adelaide United,2,63:07.2,63:12.7,5.5,869,Sydney FC,create,medium_block,4.45,-25.08,8.94,-24.22
1996435,Sydney FC v Adelaide United,2,63:12.7,63:23.6,10.9,866,Adelaide United,transition,defending_transition,-9.45,24.7,44.75,16.28
1996435,Sydney FC v Adelaide United,2,63:47.0,63:57.9,10.9,866,Adelaide United,set_play,defending_set_play,,,-27.99,-1.53
1996435,Sydney FC v Adelaide United,2,64:07.0,64:38.4,31.4,866,Adelaide United,create,medium_block,-11.62,11.7,11.46,-9.82
1996435,Sydney FC v Adelaide United,2,64:38.4,64:50.0,11.6,869,Sydney FC,create,medium_block,-12.03,9.41,18.26,-11.33
1996435,Sydney FC v Adelaide United,2,64:50.0,65:10.0,20.0,869,Sydney FC,finish,low_block,19.09,-13.01,46.83,-18.94
1996435,Sydney FC v Adelaide United,2,65:43.2,66:01.5,18.3,869,Sydney FC,set_play,defending_set_play,51.91,-31.84,-24.74,-28.71
1996435,Sydney FC v Adelaide United,2,66:10.0,66:15.5,5.5,866,Adelaide United,build_up,high_block,-29.21,-33.3,-35.57,-29.28
1996435,Sydney FC v Adelaide United,2,66:15.5,66:17.8,2.3,866,Adelaide United,direct,defending_direct,-34.9,-29.04,1.04,-22.77
1996435,Sydney FC v Adelaide United,2,66:17.8,66:49.3,31.5,869,Sydney FC,create,medium_block,-1.62,22.54,15.59,31.51
1996435,Sydney FC v Adelaide United,2,66:49.3,66:50.6,1.3,869,Sydney FC,finish,low_block,15.5,31.53,15.85,27.11
1996435,Sydney FC v Adelaide United,2,66:50.6,66:51.8,1.2,869,Sydney FC,create,medium_block,16.65,26.05,23.23,19.78
1996435,Sydney FC v Adelaide United,2,66:51.8,66:56.8,5.0,869,Sydney FC,finish,low_block,23.24,20.37,6.22,13.68
1996435,Sydney FC v Adelaide United,2,66:56.8,67:11.2,14.4,869,Sydney FC,create,medium_block,5.16,12.53,20.15,11.72
1996435,Sydney FC v Adelaide United,2,67:11.2,67:18.5,7.3,869,Sydney FC,finish,low_block,20.94,9.92,53.66,-6.91
1996435,Sydney FC v Adelaide United,2,68:22.2,68:32.0,9.8,869,Sydney FC,set_play,defending_set_play,49.38,-30.13,18.0,-15.14
1996435,Sydney FC v Adelaide United,2,68:32.0,68:37.2,5.2,866,Adelaide United,chaotic,chaotic,-18.24,15.6,12.36,17.43
1996435,Sydney FC v Adelaide United,2,68:37.2,68:46.4,9.2,869,Sydney FC,create,medium_block,-12.89,-17.86,26.57,-28.32
1996435,Sydney FC v Adelaide United,2,68:46.4,68:51.8,5.4,869,Sydney FC,finish,low_block,27.11,-28.42,47.21,-11.69
1996435,Sydney FC v Adelaide United,2,69:24.7,69:30.5,5.8,869,Sydney FC,set_play,defending_set_play,51.11,-32.73,47.16,-6.22
1996435,Sydney FC v Adelaide United,2,69:30.5,69:43.2,12.7,866,Adelaide United,create,medium_block,-47.6,5.9,-19.88,-22.83
1996435,Sydney FC v Adelaide United,2,69:43.2,70:06.9,23.7,866,Adelaide United,build_up,high_block,-20.63,-22.62,-49.03,-15.45
1996435,Sydney FC v Adelaide United,2,70:06.9,70:09.2,2.3,866,Adelaide United,direct,defending_direct,-48.11,-15.65,-7.27,-21.75
1996435,Sydney FC v Adelaide United,2,70:09.2,70:14.1,4.9,869,Sydney FC,chaotic,chaotic,6.37,21.71,-26.27,31.72
1996435,Sydney FC v Adelaide United,2,70:58.2,70:59.7,1.5,869,Sydney FC,chaotic,chaotic,-7.79,34.78,7.53,31.67
1996435,Sydney FC v Adelaide United,2,70:59.7,71:01.5,1.8,866,Adelaide United,chaotic,chaotic,-7.69,-31.56,8.29,-29.8
1996435,Sydney FC v Adelaide United,2,71:01.5,71:02.5,1.0,869,Sydney FC,chaotic,chaotic,-9.01,30.07,-5.24,32.5
1996435,Sydney FC v Adelaide United,2,71:15.4,71:32.2,16.8,866,Adelaide United,create,medium_block,4.96,-34.58,28.2,28.81
1996435,Sydney FC v Adelaide United,2,71:32.2,71:36.7,4.5,866,Adelaide United,finish,low_block,29.06,28.97,42.62,9.01
1996435,Sydney FC v Adelaide United,2,71:36.7,71:38.3,1.6,869,Sydney FC,chaotic,chaotic,-43.06,-8.79,-47.04,-0.41
1996435,Sydney FC v Adelaide United,2,71:38.3,71:42.2,3.9,869,Sydney FC,direct,defending_direct,-46.52,-0.36,-1.3,-6.87
1996435,Sydney FC v Adelaide United,2,71:42.2,71:46.9,4.7,866,Adelaide United,create,medium_block,1.0,7.35,-19.22,9.21
1996435,Sydney FC v Adelaide United,2,71:46.9,71:56.1,9.2,866,Adelaide United,build_up,high_block,-20.09,8.41,-20.15,12.39
1996435,Sydney FC v Adelaide United,2,71:56.1,72:09.0,12.9,866,Adelaide United,create,medium_block,-18.14,12.81,32.07,30.84
1996435,Sydney FC v Adelaide United,2,72:09.0,72:10.0,1.0,869,Sydney FC,chaotic,chaotic,-32.75,-31.1,-37.23,-35.04
1996435,Sydney FC v Adelaide United,2,72:15.2,72:36.0,20.8,866,Adelaide United,finish,low_block,29.6,31.28,25.07,25.79
1996435,Sydney FC v Adelaide United,2,73:05.3,73:06.3,1.0,869,Sydney FC,direct,defending_direct,-29.15,-20.22,-6.06,-22.57
1996435,Sydney FC v Adelaide United,2,73:18.0,73:22.5,4.5,869,Sydney FC,finish,low_block,21.59,-34.92,5.01,-32.07
1996435,Sydney FC v Adelaide United,2,73:22.5,73:24.9,2.4,869,Sydney FC,create,medium_block,4.14,-32.0,10.5,-26.99
1996435,Sydney FC v Adelaide United,2,73:24.9,73:36.6,11.7,866,Adelaide United,create,medium_block,-10.51,26.66,16.63,-28.77
1996435,Sydney FC v Adelaide United,2,73:36.6,73:44.0,7.4,866,Adelaide United,finish,low_block,16.87,-28.97,51.87,-5.56
1996435,Sydney FC v Adelaide United,2,74:09.6,74:12.1,2.5,869,Sydney FC,build_up,high_block,,,-20.05,-30.07
1996435,Sydney FC v Adelaide United,2,74:12.1,74:15.7,3.6,869,Sydney FC,create,medium_block,-19.25,-29.51,-19.73,-29.75
1996435,Sydney FC v Adelaide United,2,74:15.7,74:19.0,3.3,869,Sydney FC,build_up,high_block,-21.02,-29.7,-20.53,-32.17
1996435,Sydney FC v Adelaide United,2,74:19.0,74:25.7,6.7,869,Sydney FC,create,medium_block,-19.87,-32.28,30.1,-22.87
1996435,Sydney FC v Adelaide United,2,74:25.7,74:36.4,10.7,869,Sydney FC,finish,low_block,30.58,-22.8,46.37,-1.51
1996435,Sydney FC v Adelaide United,2,75:54.9,76:07.8,12.9,866,Adelaide United,create,medium_block,-0.7,0.01,13.35,21.12
1996435,Sydney FC v Adelaide United,2,76:07.8,76:20.5,12.7,866,Adelaide United,finish,low_block,13.19,21.11,50.78,-22.34
1996435,Sydney FC v Adelaide United,2,77:09.9,77:17.4,7.5,866,Adelaide United,set_play,defending_set_play,50.65,-31.17,50.47,-7.41
1996435,Sydney FC v Adelaide United,2,77:17.4,77:41.2,23.8,869,Sydney FC,build_up,high_block,-50.64,7.29,-20.36,17.71
1996435,Sydney FC v Adelaide United,2,77:41.2,77:41.7,0.5,869,Sydney FC,create,medium_block,-19.11,17.56,-16.05,16.99
1996435,Sydney FC v Adelaide United,2,77:41.7,77:43.5,1.8,866,Adelaide United,chaotic,chaotic,16.22,-16.77,24.82,-16.4
1996435,Sydney FC v Adelaide United,2,77:43.5,77:46.8,3.3,869,Sydney FC,chaotic,chaotic,-24.97,16.66,-19.83,26.28
1996435,Sydney FC v Adelaide United,2,78:03.4,78:07.2,3.8,869,Sydney FC,build_up,high_block,,,-37.75,-1.36
1996435,Sydney FC v Adelaide United,2,78:07.2,78:13.3,6.1,869,Sydney FC,direct,defending_direct,-37.15,-1.94,18.4,-23.73
1996435,Sydney FC v Adelaide United,2,78:13.3,78:16.9,3.6,866,Adelaide United,chaotic,chaotic,-18.78,23.53,4.75,24.17
1996435,Sydney FC v Adelaide United,2,78:16.9,78:32.8,15.9,869,Sydney FC,create,medium_block,-4.78,-24.03,39.13,2.53
1996435,Sydney FC v Adelaide United,2,78:32.8,78:42.7,9.9,866,Adelaide United,build_up,high_block,-39.28,-2.71,-20.18,6.29
1996435,Sydney FC v Adelaide United,2,78:42.7,78:50.0,7.3,866,Adelaide United,create,medium_block,-19.99,6.17,4.34,-28.56
1996435,Sydney FC v Adelaide United,2,78:52.5,78:58.4,5.9,866,Adelaide United,create,medium_block,3.27,-26.65,20.59,-27.55
1996435,Sydney FC v Adelaide United,2,78:58.4,79:01.5,3.1,866,Adelaide United,finish,low_block,21.05,-27.7,42.64,1.65
1996435,Sydney FC v Adelaide United,2,79:01.5,79:09.8,8.3,869,Sydney FC,chaotic,chaotic,-42.65,-2.35,12.05,22.15
1996435,Sydney FC v Adelaide United,2,79:09.8,79:11.6,1.8,866,Adelaide United,chaotic,chaotic,-11.54,-22.39,9.23,-23.12
1996435,Sydney FC v Adelaide United,2,79:11.6,79:17.4,5.8,869,Sydney FC,create,medium_block,-9.41,23.15,3.72,25.28
1996435,Sydney FC v Adelaide United,2,79:22.6,79:25.5,2.9,869,Sydney FC,create,medium_block,3.17,21.53,22.52,11.36
1996435,Sydney FC v Adelaide United,2,79:25.5,79:30.3,4.8,869,Sydney FC,finish,low_block,22.84,11.0,52.66,8.73
1996435,Sydney FC v Adelaide United,2,79:47.4,79:53.2,5.8,866,Adelaide United,create,medium_block,,,0.32,26.62
1996435,Sydney FC v Adelaide United,2,79:53.2,79:56.9,3.7,869,Sydney FC,chaotic,chaotic,-0.16,-26.18,21.02,-24.62
1996435,Sydney FC v Adelaide United,2,79:56.9,80:00.3,3.4,866,Adelaide United,build_up,high_block,-21.36,24.67,-20.1,21.15
1996435,Sydney FC v Adelaide United,2,80:00.3,80:11.1,10.8,866,Adelaide United,create,medium_block,-19.15,21.7,24.36,-19.9
1996435,Sydney FC v Adelaide United,2,80:11.1,80:21.0,9.9,866,Adelaide United,finish,low_block,25.52,-20.4,-4.53,19.87
1996435,Sydney FC v Adelaide United,2,80:21.0,80:22.1,1.1,866,Adelaide United,create,medium_block,4.35,-20.14,4.99,-23.48
1996435,Sydney FC v Adelaide United,2,80:22.1,80:27.5,5.4,866,Adelaide United,finish,low_block,5.31,-23.89,5.88,-11.69
1996435,Sydney FC v Adelaide United,2,80:27.5,80:30.0,2.5,866,Adelaide United,create,medium_block,5.21,-10.53,4.81,7.25
1996435,Sydney FC v Adelaide United,2,80:30.0,80:45.0,15.0,866,Adelaide United,finish,low_block,5.47,8.73,42.27,7.34
1996435,Sydney FC v Adelaide United,2,80:45.0,80:49.7,4.7,869,Sydney FC,chaotic,chaotic,-42.31,-7.15,-8.75,1.11
1996435,Sydney FC v Adelaide United,2,80:49.7,80:54.0,4.3,866,Adelaide United,chaotic,chaotic,8.61,-1.02,27.69,14.0
1996435,Sydney FC v Adelaide United,2,81:22.8,81:27.5,4.7,869,Sydney FC,build_up,high_block,-28.3,-33.76,-20.28,-25.41
1996435,Sydney FC v Adelaide United,2,81:27.5,81:31.8,4.3,869,Sydney FC,create,medium_block,-19.85,-25.14,2.62,-34.17
1996435,Sydney FC v Adelaide United,2,82:19.7,82:22.5,2.8,866,Adelaide United,chaotic,chaotic,,,18.05,-11.9
1996435,Sydney FC v Adelaide United,2,82:22.5,82:28.8,6.3,869,Sydney FC,create,medium_block,-18.4,12.33,22.2,20.22
1996435,Sydney FC v Adelaide United,2,82:28.8,82:54.4,25.6,869,Sydney FC,finish,low_block,22.7,20.16,49.56,0.68
1996435,Sydney FC v Adelaide United,2,84:41.0,84:51.5,10.5,866,Adelaide United,create,medium_block,-0.63,0.47,8.63,16.41
1996435,Sydney FC v Adelaide United,2,84:51.5,85:05.3,13.8,869,Sydney FC,create,medium_block,-8.82,-16.47,25.42,26.19
1996435,Sydney FC v Adelaide United,2,85:05.3,85:11.9,6.6,869,Sydney FC,finish,low_block,25.68,26.11,14.59,27.97
1996435,Sydney FC v Adelaide United,2,85:11.9,85:14.8,2.9,866,Adelaide United,chaotic,chaotic,-14.09,-27.82,-1.14,-30.52
1996435,Sydney FC v Adelaide United,2,85:27.4,85:45.8,18.4,866,Adelaide United,create,medium_block,1.67,-31.08,27.88,32.19
1996435,Sydney FC v Adelaide United,2,85:45.8,85:47.5,1.7,866,Adelaide United,finish,low_block,28.31,32.15,36.12,25.44
1996435,Sydney FC v Adelaide United,2,85:47.5,85:47.7,0.2,869,Sydney FC,chaotic,chaotic,-36.56,-25.11,-37.32,-24.52
1996435,Sydney FC v Adelaide United,2,86:18.0,86:24.4,6.4,869,Sydney FC,create,medium_block,-36.18,-9.76,4.94,1.7
1996435,Sydney FC v Adelaide United,2,86:24.4,86:29.5,5.1,866,Adelaide United,chaotic,chaotic,-5.41,-1.88,-0.85,10.82
1996435,Sydney FC v Adelaide United,2,86:43.9,86:51.6,7.7,866,Adelaide United,create,medium_block,3.08,31.71,24.95,30.43
1996435,Sydney FC v Adelaide United,2,86:51.6,86:54.2,2.6,869,Sydney FC,chaotic,chaotic,-25.64,-30.71,-31.36,-34.08
1996435,Sydney FC v Adelaide United,2,87:05.8,87:19.1,13.3,866,Adelaide United,finish,low_block,24.92,33.64,29.08,-15.69
1996435,Sydney FC v Adelaide United,2,87:19.1,87:28.4,9.3,869,Sydney FC,chaotic,chaotic,-29.55,16.07,-28.76,33.01
1996435,Sydney FC v Adelaide United,2,87:28.4,87:36.3,7.9,866,Adelaide United,finish,low_block,28.69,-33.01,42.53,-14.26
1996435,Sydney FC v Adelaide United,2,87:51.1,87:54.4,3.3,866,Adelaide United,finish,low_block,21.81,-32.43,5.55,-18.88
1996435,Sydney FC v Adelaide United,2,87:54.4,87:55.7,1.3,866,Adelaide United,create,medium_block,5.25,-17.95,4.92,-13.89
1996435,Sydney FC v Adelaide United,2,87:55.7,88:12.2,16.5,866,Adelaide United,finish,low_block,5.05,-13.9,-12.25,30.77
1996435,Sydney FC v Adelaide United,2,88:12.2,88:12.4,0.2,866,Adelaide United,chaotic,chaotic,11.97,-30.9,11.55,-31.06
1996435,Sydney FC v Adelaide United,2,88:12.4,88:19.7,7.3,869,Sydney FC,chaotic,chaotic,-11.14,31.15,39.84,15.38
1996435,Sydney FC v Adelaide United,2,88:19.7,88:27.1,7.4,866,Adelaide United,build_up,high_block,-40.33,-15.29,-20.19,0.73
1996435,Sydney FC v Adelaide United,2,88:27.1,88:41.9,14.8,866,Adelaide United,create,medium_block,-19.88,0.92,18.72,1.89
1996435,Sydney FC v Adelaide United,2,88:41.9,88:47.4,5.5,866,Adelaide United,finish,low_block,19.09,1.68,48.84,-2.26
1996435,Sydney FC v Adelaide United,2,89:28.1,89:32.1,4.0,869,Sydney FC,direct,defending_direct,,,-1.97,-22.4
1996435,Sydney FC v Adelaide United,2,89:32.1,89:42.4,10.3,866,Adelaide United,create,medium_block,2.45,22.34,45.52,-4.01
1996435,Sydney FC v Adelaide United,2,89:55.7,89:59.8,4.1,866,Adelaide United,set_play,defending_set_play,48.16,-32.15,38.8,-8.84
1996435,Sydney FC v Adelaide United,2,89:59.8,90:11.5,11.7,869,Sydney FC,build_up,high_block,-38.62,9.06,-20.6,24.12
1996435,Sydney FC v Adelaide United,2,90:11.5,90:15.6,4.1,869,Sydney FC,create,medium_block,-19.54,23.43,-20.96,30.62
1996435,Sydney FC v Adelaide United,2,91:01.5,91:06.1,4.6,869,Sydney FC,direct,defending_direct,,,1.16,-11.44
1996435,Sydney FC v Adelaide United,2,91:06.1,91:14.1,8.0,869,Sydney FC,create,medium_block,1.08,-11.41,19.24,0.01
1996435,Sydney FC v Adelaide United,2,91:14.1,91:28.5,14.4,866,Adelaide United,transition,defending_transition,-19.53,-0.4,50.05,-2.2
1996435,Sydney FC v Adelaide United,2,91:28.5,91:52.4,23.9,869,Sydney FC,create,medium_block,-50.83,2.25,31.38,23.14
1996435,Sydney FC v Adelaide United,2,91:52.4,92:02.8,10.4,866,Adelaide United,build_up,high_block,-31.97,-22.96,-20.25,-30.56
1996435,Sydney FC v Adelaide United,2,92:02.8,92:07.5,4.7,866,Adelaide United,create,medium_block,-19.12,-31.05,-8.72,-35.99
1996435,Sydney FC v Adelaide United,2,92:16.6,92:27.8,11.2,866,Adelaide United,create,medium_block,-9.64,-32.89,21.12,31.51
1996435,Sydney FC v Adelaide United,2,92:27.8,92:34.7,6.9,866,Adelaide United,finish,low_block,21.63,31.3,49.32,9.58
1996435,Sydney FC v Adelaide United,2,92:58.2,93:05.4,7.2,869,Sydney FC,build_up,high_block,-46.83,-4.82,-21.1,-29.98
1996435,Sydney FC v Adelaide United,2,93:05.4,93:10.5,5.1,869,Sydney FC,create,medium_block,-18.86,-29.28,25.79,-16.49
1996435,Sydney FC v Adelaide United,2,93:10.5,93:12.9,2.4,869,Sydney FC,finish,low_block,26.14,-16.37,49.2,-4.06
1996435,Sydney FC v Adelaide United,2,93:26.3,93:43.6,17.3,866,Adelaide United,create,medium_block,,,16.55,31.22
1996435,Sydney FC v Adelaide United,2,93:43.6,93:50.6,7.0,866,Adelaide United,finish,low_block,17.67,31.33,42.87,23.91
1996435,Sydney FC v Adelaide United,2,93:50.6,93:56.9,6.3,869,Sydney FC,build_up,high_block,-42.88,-24.13,-41.69,-31.12
1996435,Sydney FC v Adelaide United,2,93:56.9,93:58.5,1.6,866,Adelaide United,chaotic,chaotic,41.6,30.95,43.32,31.86
1953632,CC Mariners v Melbourne City,1,00:02.7,00:49.1,46.4,2380,Melbourne City,create,medium_block,-1.08,-0.59,4.13,-25.65
1953632,CC Mariners v Melbourne City,1,00:49.1,00:49.8,0.7,870,CC Mariners,chaotic,chaotic,-3.72,25.66,5.11,25.95
1953632,CC Mariners v Melbourne City,1,00:49.8,00:53.1,3.3,2380,Melbourne City,create,medium_block,-5.65,-25.9,-19.95,-22.22
1953632,CC Mariners v Melbourne City,1,00:53.1,01:04.5,11.4,2380,Melbourne City,build_up,high_block,-20.13,-22.09,-20.63,-17.14
1953632,CC Mariners v Melbourne City,1,01:04.5,01:09.9,5.4,2380,Melbourne City,create,medium_block,-19.94,-17.13,11.1,-18.41
1953632,CC Mariners v Melbourne City,1,01:18.0,01:23.9,5.9,870,CC Mariners,build_up,high_block,-26.18,29.83,-20.62,-11.36
1953632,CC Mariners v Melbourne City,1,01:23.9,01:27.6,3.7,870,CC Mariners,create,medium_block,-19.14,-12.34,8.59,-23.26
1953632,CC Mariners v Melbourne City,1,01:27.6,01:49.6,22.0,2380,Melbourne City,create,medium_block,-9.31,23.37,20.82,-31.09
1953632,CC Mariners v Melbourne City,1,01:49.6,01:51.5,1.9,2380,Melbourne City,finish,low_block,21.36,-30.99,36.58,-29.78
1953632,CC Mariners v Melbourne City,1,02:33.1,02:35.4,2.3,2380,Melbourne City,direct,defending_direct,25.0,-26.91,48.24,3.7
1953632,CC Mariners v Melbourne City,1,02:35.4,02:39.3,3.9,870,CC Mariners,chaotic,chaotic,-48.22,-4.08,-17.64,7.36
1953632,CC Mariners v Melbourne City,1,02:55.6,03:04.0,8.4,870,CC Mariners,build_up,high_block,,,-32.41,-25.73
1953632,CC Mariners v Melbourne City,1,03:04.0,03:07.5,3.5,870,CC Mariners,direct,defending_direct,-31.65,-25.72,20.63,-19.42
1953632,CC Mariners v Melbourne City,1,03:07.5,03:11.6,4.1,2380,Melbourne City,chaotic,chaotic,-21.5,19.33,-42.53,26.62
1953632,CC Mariners v Melbourne City,1,03:20.2,03:23.3,3.1,870,CC Mariners,chaotic,chaotic,44.09,-35.5,44.49,-32.51
1953632,CC Mariners v Melbourne City,1,03:23.3,03:25.0,1.7,2380,Melbourne City,chaotic,chaotic,-44.47,32.55,-43.29,33.44
1953632,CC Mariners v Melbourne City,1,03:25.0,03:26.0,1.0,870,CC Mariners,chaotic,chaotic,43.59,-33.38,46.48,-32.45
1953632,CC Mariners v Melbourne City,1,03:58.5,03:59.5,1.0,2380,Melbourne City,direct,defending_direct,,,-24.43,21.28
1953632,CC Mariners v Melbourne City,1,04:07.6,04:51.3,43.7,2380,Melbourne City,create,medium_block,-4.57,35.2,-8.44,-20.04
1953632,CC Mariners v Melbourne City,1,04:51.3,04:55.3,4.0,2380,Melbourne City,direct,defending_direct,-7.06,-20.08,46.09,-15.09
1953632,CC Mariners v Melbourne City,1,04:55.3,05:11.1,15.8,870,CC Mariners,create,medium_block,-46.44,15.02,-40.14,-4.86
1953632,CC Mariners v Melbourne City,1,05:11.1,05:14.8,3.7,870,CC Mariners,direct,defending_direct,-39.16,-5.13,14.13,-15.85
1953632,CC Mariners v Melbourne City,1,05:14.8,05:17.3,2.5,2380,Melbourne City,chaotic,chaotic,-14.62,16.28,1.1,18.18
1953632,CC Mariners v Melbourne City,1,05:17.3,05:26.7,9.4,870,CC Mariners,create,medium_block,-1.59,-18.1,-6.98,27.73
1953632,CC Mariners v Melbourne City,1,05:26.7,05:49.5,22.8,2380,Melbourne City,create,medium_block,6.47,-27.91,-4.81,31.34
1953632,CC Mariners v Melbourne City,1,05:49.5,05:53.3,3.8,2380,Melbourne City,direct,defending_direct,-3.96,31.48,35.67,27.65
1953632,CC Mariners v Melbourne City,1,05:53.3,06:03.5,10.2,870,CC Mariners,build_up,high_block,-35.74,-27.59,-49.99,-18.8
1953632,CC Mariners v Melbourne City,1,06:22.1,06:26.0,3.9,2380,Melbourne City,finish,low_block,39.68,34.22,6.02,20.61
1953632,CC Mariners v Melbourne City,1,06:26.0,06:29.8,3.8,2380,Melbourne City,create,medium_block,5.34,19.68,4.95,27.61
1953632,CC Mariners v Melbourne City,1,06:29.8,06:33.9,4.1,2380,Melbourne City,finish,low_block,6.06,28.03,6.33,28.19
1953632,CC Mariners v Melbourne City,1,06:33.9,06:40.7,6.8,2380,Melbourne City,create,medium_block,5.32,28.03,14.31,-14.0
1953632,CC Mariners v Melbourne City,1,06:40.7,06:43.2,2.5,2380,Melbourne City,finish,low_block,15.95,-15.04,29.1,-18.45
1953632,CC Mariners v Melbourne City,1,06:43.2,06:49.3,6.1,870,CC Mariners,build_up,high_block,-29.06,18.39,-21.0,25.87
1953632,CC Mariners v Melbourne City,1,06:49.3,06:50.0,0.7,870,CC Mariners,create,medium_block,-19.82,25.81,-14.75,25.74
1953632,CC Mariners v Melbourne City,1,06:50.0,07:00.5,10.5,2380,Melbourne City,quick_break,defending_quick_break,14.58,-25.92,41.89,-32.68
1953632,CC Mariners v Melbourne City,1,07:19.8,07:24.0,4.2,2380,Melbourne City,finish,low_block,39.38,-33.84,5.9,-17.29
1953632,CC Mariners v Melbourne City,1,07:24.0,07:28.1,4.1,2380,Melbourne City,create,medium_block,5.3,-16.63,4.68,8.76
1953632,CC Mariners v Melbourne City,1,07:28.1,07:32.9,4.8,2380,Melbourne City,finish,low_block,5.05,10.46,5.89,5.64
1953632,CC Mariners v Melbourne City,1,07:32.9,07:38.1,5.2,2380,Melbourne City,create,medium_block,5.41,4.25,4.99,-20.53
1953632,CC Mariners v Melbourne City,1,07:38.1,07:39.2,1.1,2380,Melbourne City,finish,low_block,5.02,-21.11,5.05,-22.46
1953632,CC Mariners v Melbourne City,1,07:39.2,08:03.9,24.7,2380,Melbourne City,create,medium_block,4.82,-21.97,-19.34,15.99
1953632,CC Mariners v Melbourne City,1,08:03.9,08:12.8,8.9,2380,Melbourne City,build_up,high_block,-20.44,15.29,-20.09,-22.94
1953632,CC Mariners v Melbourne City,1,08:12.8,08:13.3,0.5,2380,Melbourne City,create,medium_block,-19.52,-23.93,-17.83,-27.31
1953632,CC Mariners v Melbourne City,1,08:25.9,08:31.4,5.5,870,CC Mariners,create,medium_block,-6.55,32.03,-25.05,4.49
1953632,CC Mariners v Melbourne City,1,08:31.4,08:33.7,2.3,870,CC Mariners,direct,defending_direct,-24.19,3.95,16.47,-12.8
1953632,CC Mariners v Melbourne City,1,08:33.7,09:07.2,33.5,2380,Melbourne City,create,medium_block,-17.6,13.23,3.08,-29.94
1953632,CC Mariners v Melbourne City,1,09:07.2,09:08.8,1.6,870,CC Mariners,chaotic,chaotic,-4.0,30.22,-14.31,33.22
1953632,CC Mariners v Melbourne City,1,09:17.1,09:34.9,17.8,2380,Melbourne City,create,medium_block,6.28,-31.63,20.58,-32.42
1953632,CC Mariners v Melbourne City,1,09:34.9,09:52.5,17.6,2380,Melbourne City,finish,low_block,21.05,-32.36,34.7,23.59
1953632,CC Mariners v Melbourne City,1,09:52.5,09:57.1,4.6,870,CC Mariners,chaotic,chaotic,-34.74,-23.63,-9.78,-23.83
1953632,CC Mariners v Melbourne City,1,09:57.1,10:04.8,7.7,2380,Melbourne City,finish,low_block,9.18,24.13,32.13,18.78
1953632,CC Mariners v Melbourne City,1,10:04.8,10:05.8,1.0,870,CC Mariners,chaotic,chaotic,-32.38,-18.88,-36.9,-20.03
1953632,CC Mariners v Melbourne City,1,10:22.9,10:23.9,1.0,870,CC Mariners,chaotic,chaotic,-45.44,-28.57,-48.48,-21.86
1953632,CC Mariners v Melbourne City,1,11:04.4,11:05.8,1.4,2380,Melbourne City,set_play,defending_set_play,49.84,32.91,48.74,26.94
1953632,CC Mariners v Melbourne City,1,11:27.5,11:39.9,12.4,870,CC Mariners,build_up,high_block,,,-21.34,-30.25
1953632,CC Mariners v Melbourne City,1,11:39.9,11:41.8,1.9,870,CC Mariners,create,medium_block,-19.93,-30.66,-6.58,-31.56
1953632,CC Mariners v Melbourne City,1,12:02.7,12:04.0,1.3,2380,Melbourne City,chaotic,chaotic,-1.66,34.03,7.8,31.49
1953632,CC Mariners v Melbourne City,1,12:04.0,12:05.0,1.0,870,CC Mariners,chaotic,chaotic,-7.9,-31.55,-3.37,-35.49
1953632,CC Mariners v Melbourne City,1,12:09.1,12:12.1,3.0,2380,Melbourne City,create,medium_block,4.33,36.23,-18.91,32.72
1953632,CC Mariners v Melbourne City,1,12:12.1,12:24.7,12.6,2380,Melbourne City,build_up,high_block,-20.06,32.59,-20.26,28.39
1953632,CC Mariners v Melbourne City,1,12:24.7,13:06.8,42.1,2380,Melbourne City,create,medium_block,-19.73,28.56,16.26,26.83
1953632,CC Mariners v Melbourne City,1,13:06.8,13:14.9,8.1,2380,Melbourne City,finish,low_block,16.87,26.97,6.09,14.76
1953632,CC Mariners v Melbourne City,1,13:14.9,13:20.2,5.3,2380,Melbourne City,create,medium_block,5.01,14.64,14.24,22.42
1953632,CC Mariners v Melbourne City,1,13:20.2,13:29.8,9.6,870,CC Mariners,create,medium_block,-14.08,-22.68,-19.48,-28.11
1953632,CC Mariners v Melbourne City,1,13:29.8,13:32.7,2.9,870,CC Mariners,build_up,high_block,-20.47,-28.02,-33.48,-27.64
1953632,CC Mariners v Melbourne City,1,13:53.8,13:54.7,0.9,870,CC Mariners,chaotic,chaotic,-28.85,-28.93,-20.36,-22.71
1953632,CC Mariners v Melbourne City,1,13:54.7,13:55.7,1.0,2380,Melbourne City,chaotic,chaotic,20.44,23.03,24.22,30.12
1953632,CC Mariners v Melbourne City,1,14:10.4,14:11.1,0.7,870,CC Mariners,create,medium_block,-16.65,-33.08,-19.51,-31.78
1953632,CC Mariners v Melbourne City,1,14:11.1,14:22.5,11.4,870,CC Mariners,build_up,high_block,-20.16,-31.48,-32.97,34.34
1953632,CC Mariners v Melbourne City,1,14:34.6,14:44.9,10.3,870,CC Mariners,build_up,high_block,-29.64,29.82,-29.52,31.75
1953632,CC Mariners v Melbourne City,1,14:50.5,15:20.1,29.6,2380,Melbourne City,create,medium_block,21.55,-33.49,4.71,-15.43
1953632,CC Mariners v Melbourne City,1,15:20.1,15:23.3,3.2,870,CC Mariners,chaotic,chaotic,-4.45,15.59,12.84,17.18
1953632,CC Mariners v Melbourne City,1,15:23.3,15:33.5,10.2,2380,Melbourne City,create,medium_block,-13.48,-16.67,-7.7,19.55
1953632,CC Mariners v Melbourne City,1,15:33.5,15:34.4,0.9,870,CC Mariners,chaotic,chaotic,8.45,-20.3,14.45,-26.99
1953632,CC Mariners v Melbourne City,1,15:34.4,16:15.1,40.7,2380,Melbourne City,create,medium_block,-14.65,27.09,21.42,12.15
1953632,CC Mariners v Melbourne City,1,16:15.1,16:20.8,5.7,870,CC Mariners,create,medium_block,-21.81,-12.1,-19.22,-19.72
1953632,CC Mariners v Melbourne City,1,16:20.8,16:31.7,10.9,870,CC Mariners,build_up,high_block,-20.27,-20.58,-49.05,-10.36
1953632,CC Mariners v Melbourne City,1,16:31.7,16:33.7,2.0,870,CC Mariners,direct,defending_direct,-48.7,-9.94,-15.62,-0.5
1953632,CC Mariners v Melbourne City,1,16:33.7,16:41.9,8.2,870,CC Mariners,create,medium_block,-15.24,-0.23,-18.86,22.25
1953632,CC Mariners v Melbourne City,1,16:41.9,16:46.2,4.3,870,CC Mariners,build_up,high_block,-20.27,22.08,-40.67,16.53
1953632,CC Mariners v Melbourne City,1,16:46.2,16:51.1,4.9,870,CC Mariners,direct,defending_direct,-40.33,16.02,31.3,5.28
1953632,CC Mariners v Melbourne City,1,16:51.1,17:31.8,40.7,2380,Melbourne City,create,medium_block,-31.44,-5.34,42.15,33.93
1953632,CC Mariners v Melbourne City,1,17:31.8,17:34.4,2.6,870,CC Mariners,chaotic,chaotic,-42.72,-34.09,-48.7,-34.15
1953632,CC Mariners v Melbourne City,1,17:53.3,17:54.3,1.0,870,CC Mariners,chaotic,chaotic,-30.46,-33.54,-17.07,-31.14
1953632,CC Mariners v Melbourne City,1,18:09.9,18:16.1,6.2,2380,Melbourne City,create,medium_block,,,7.59,-20.01
1953632,CC Mariners v Melbourne City,1,18:16.1,18:21.2,5.1,2380,Melbourne City,finish,low_block,7.88,-20.16,31.72,-17.22
1953632,CC Mariners v Melbourne City,1,18:21.2,18:22.2,1.0,870,CC Mariners,chaotic,chaotic,-32.1,16.8,-28.62,26.88
1953632,CC Mariners v Melbourne City,1,18:29.7,18:33.9,4.2,2380,Melbourne City,create,medium_block,13.05,-31.36,4.99,-25.72
1953632,CC Mariners v Melbourne City,1,18:33.9,18:35.0,1.1,2380,Melbourne City,finish,low_block,5.54,-25.82,5.32,-24.67
1953632,CC Mariners v Melbourne City,1,18:35.0,18:46.9,11.9,2380,Melbourne City,create,medium_block,5.08,-24.42,12.36,31.82
1953632,CC Mariners v Melbourne City,1,18:46.9,18:49.7,2.8,2380,Melbourne City,finish,low_block,12.98,31.96,8.42,33.08
1953632,CC Mariners v Melbourne City,1,18:49.7,19:01.1,11.4,2380,Melbourne City,create,medium_block,8.13,32.91,5.6,-21.12
1953632,CC Mariners v Melbourne City,1,19:01.1,19:02.1,1.0,2380,Melbourne City,finish,low_block,5.8,-21.24,11.39,-21.1
1953632,CC Mariners v Melbourne City,1,19:02.1,19:03.7,1.6,2380,Melbourne City,create,medium_block,12.76,-20.49,22.67,-13.31
1953632,CC Mariners v Melbourne City,1,19:03.7,19:10.5,6.8,2380,Melbourne City,finish,low_block,22.5,-13.58,8.63,-26.67
1953632,CC Mariners v Melbourne City,1,19:10.5,19:19.5,9.0,2380,Melbourne City,create,medium_block,8.31,-27.39,4.73,16.92
1953632,CC Mariners v Melbourne City,1,19:19.5,19:23.7,4.2,2380,Melbourne City,finish,low_block,5.05,16.93,14.45,6.06
1953632,CC Mariners v Melbourne City,1,19:23.7,19:23.9,0.2,2380,Melbourne City,create,medium_block,14.34,5.82,14.29,5.68
1953632,CC Mariners v Melbourne City,1,19:23.9,19:27.9,4.0,870,CC Mariners,create,medium_block,-14.29,-5.66,-19.79,-20.41
1953632,CC Mariners v Melbourne City,1,19:27.9,19:30.9,3.0,870,CC Mariners,build_up,high_block,-20.57,-20.16,-20.11,-10.38
1953632,CC Mariners v Melbourne City,1,19:30.9,19:35.7,4.8,870,CC Mariners,create,medium_block,-19.91,-10.02,-15.38,-32.28
1953632,CC Mariners v Melbourne City,1,19:35.7,19:38.2,2.5,870,CC Mariners,direct,defending_direct,-14.2,-31.95,21.07,-17.29
1953632,CC Mariners v Melbourne City,1,19:38.2,20:03.3,25.1,2380,Melbourne City,create,medium_block,-21.47,17.29,17.74,1.35
1953632,CC Mariners v Melbourne City,1,20:03.3,20:32.0,28.7,2380,Melbourne City,finish,low_block,17.4,1.42,32.26,15.65
1953632,CC Mariners v Melbourne City,1,20:32.0,20:58.5,26.5,870,CC Mariners,build_up,high_block,-32.7,-15.94,-20.67,7.91
1953632,CC Mariners v Melbourne City,1,20:58.5,20:59.3,0.8,870,CC Mariners,create,medium_block,-19.51,8.46,-12.94,12.2
1953632,CC Mariners v Melbourne City,1,20:59.3,21:08.9,9.6,2380,Melbourne City,finish,low_block,12.66,-12.23,46.82,4.53
1953632,CC Mariners v Melbourne City,1,21:39.8,21:39.9,0.1,870,CC Mariners,direct,defending_direct,,,,
1953632,CC Mariners v Melbourne City,1,21:39.9,21:45.3,5.4,870,CC Mariners,create,medium_block,,,9.65,7.18
1953632,CC Mariners v Melbourne City,1,22:02.9,22:34.4,31.5,870,CC Mariners,create,medium_block,,,-19.61,-24.6
1953632,CC Mariners v Melbourne City,1,22:34.4,22:45.0,10.6,870,CC Mariners,build_up,high_block,-20.18,-24.65,-40.45,28.4
1953632,CC Mariners v Melbourne City,1,22:45.0,22:48.1,3.1,870,CC Mariners,direct,defending_direct,-40.21,28.49,-4.26,25.7
1953632,CC Mariners v Melbourne City,1,22:48.1,22:50.7,2.6,2380,Melbourne City,chaotic,chaotic,3.96,-25.56,4.75,-19.67
1953632,CC Mariners v Melbourne City,1,22:50.7,22:58.3,7.6,870,CC Mariners,create,medium_block,-4.77,19.22,16.18,-25.94
1953632,CC Mariners v Melbourne City,1,22:58.3,23:01.4,3.1,870,CC Mariners,finish,low_block,16.69,-25.92,47.59,1.65
1953632,CC Mariners v Melbourne City,1,23:01.4,23:09.4,8.0,2380,Melbourne City,build_up,high_block,-47.86,-2.06,-20.51,29.22
1953632,CC Mariners v Melbourne City,1,23:09.4,23:31.9,22.5,2380,Melbourne City,create,medium_block,-19.99,29.36,-19.94,-23.12
1953632,CC Mariners v Melbourne City,1,23:31.9,23:37.9,6.0,2380,Melbourne City,build_up,high_block,-20.13,-22.89,-20.03,15.11
1953632,CC Mariners v Melbourne City,1,23:37.9,23:44.2,6.3,2380,Melbourne City,create,medium_block,-19.41,15.52,28.84,-0.5
1953632,CC Mariners v Melbourne City,1,23:44.2,23:57.8,13.6,870,CC Mariners,build_up,high_block,-29.05,1.18,-20.76,-23.88
1953632,CC Mariners v Melbourne City,1,23:57.8,23:58.5,0.7,870,CC Mariners,create,medium_block,-19.97,-23.27,-15.95,-20.64
1953632,CC Mariners v Melbourne City,1,23:58.5,24:01.5,3.0,2380,Melbourne City,finish,low_block,15.47,20.24,5.6,27.88
1953632,CC Mariners v Melbourne City,1,24:01.5,24:32.3,30.8,2380,Melbourne City,create,medium_block,4.95,27.76,-19.9,-2.19
1953632,CC Mariners v Melbourne City,1,24:32.3,24:35.9,3.6,2380,Melbourne City,build_up,high_block,-20.72,-1.54,-20.13,-12.99
1953632,CC Mariners v Melbourne City,1,24:35.9,24:49.8,13.9,2380,Melbourne City,create,medium_block,-19.95,-13.37,-19.36,20.1
1953632,CC Mariners v Melbourne City,1,24:49.8,24:55.6,5.8,2380,Melbourne City,build_up,high_block,-20.49,20.57,-20.17,31.82
1953632,CC Mariners v Melbourne City,1,24:55.6,24:59.0,3.4,2380,Melbourne City,create,medium_block,-18.76,31.4,-4.68,31.68
1953632,CC Mariners v Melbourne City,1,24:59.0,25:01.6,2.6,870,CC Mariners,chaotic,chaotic,4.84,-32.02,7.59,-26.66
1953632,CC Mariners v Melbourne City,1,25:39.3,25:42.7,3.4,870,CC Mariners,set_play,defending_set_play,10.73,-23.57,41.48,13.41
1953632,CC Mariners v Melbourne City,1,25:42.7,25:47.2,4.5,2380,Melbourne City,chaotic,chaotic,-41.59,-13.82,-24.6,-33.1
1953632,CC Mariners v Melbourne City,1,25:51.9,25:59.9,8.0,2380,Melbourne City,build_up,high_block,-24.32,-30.92,-20.99,19.78
1953632,CC Mariners v Melbourne City,1,25:59.9,26:29.8,29.9,2380,Melbourne City,create,medium_block,-19.98,20.62,-19.8,17.42
1953632,CC Mariners v Melbourne City,1,26:29.8,26:32.1,2.3,2380,Melbourne City,build_up,high_block,-20.4,16.57,-20.36,-0.29
1953632,CC Mariners v Melbourne City,1,26:32.1,27:00.2,28.1,2380,Melbourne City,create,medium_block,-19.37,-1.54,4.88,8.01
1953632,CC Mariners v Melbourne City,1,27:00.2,27:12.3,12.1,2380,Melbourne City,finish,low_block,5.13,8.05,6.45,-32.41
1953632,CC Mariners v Melbourne City,1,27:12.3,27:54.3,42.0,2380,Melbourne City,create,medium_block,5.51,-32.03,43.04,31.29
1953632,CC Mariners v Melbourne City,1,27:54.3,27:55.6,1.3,870,CC Mariners,chaotic,chaotic,-43.28,-31.49,-43.61,-33.63
1953632,CC Mariners v Melbourne City,1,28:15.0,28:19.1,4.1,2380,Melbourne City,finish,low_block,34.73,34.45,5.94,24.02
1953632,CC Mariners v Melbourne City,1,28:19.1,28:40.5,21.4,2380,Melbourne City,create,medium_block,5.13,22.6,23.94,-32.08
1953632,CC Mariners v Melbourne City,1,28:40.5,28:46.7,6.2,2380,Melbourne City,finish,low_block,24.3,-32.24,51.61,-11.09
1953632,CC Mariners v Melbourne City,1,29:17.6,29:24.5,6.9,2380,Melbourne City,set_play,defending_set_play,46.31,-24.24,36.99,-6.04
1953632,CC Mariners v Melbourne City,1,29:59.6,30:01.7,2.1,870,CC Mariners,build_up,high_block,,,-35.63,-19.62
1953632,CC Mariners v Melbourne City,1,30:01.7,30:04.5,2.8,870,CC Mariners,chaotic,chaotic,-34.34,-19.8,6.45,-25.56
1953632,CC Mariners v Melbourne City,1,30:04.5,30:42.7,38.2,2380,Melbourne City,create,medium_block,-7.15,25.34,3.94,21.49
1953632,CC Mariners v Melbourne City,1,30:42.7,30:47.7,5.0,870,CC Mariners,chaotic,chaotic,-3.99,-21.71,12.51,-35.41
1953632,CC Mariners v Melbourne City,1,30:49.9,31:19.0,29.1,2380,Melbourne City,create,medium_block,-22.98,33.32,-19.93,5.17
1953632,CC Mariners v Melbourne City,1,31:19.0,31:27.6,8.6,2380,Melbourne City,build_up,high_block,-20.52,4.75,-20.48,8.58
1953632,CC Mariners v Melbourne City,1,31:27.6,31:29.2,1.6,2380,Melbourne City,create,medium_block,-19.99,8.17,3.01,23.14
1953632,CC Mariners v Melbourne City,1,31:29.2,31:34.2,5.0,870,CC Mariners,chaotic,chaotic,-3.21,-23.67,4.68,-10.95
1953632,CC Mariners v Melbourne City,1,31:34.2,31:38.5,4.3,2380,Melbourne City,create,medium_block,-4.54,10.73,19.44,12.19
1953632,CC Mariners v Melbourne City,1,31:38.5,31:40.2,1.7,2380,Melbourne City,finish,low_block,19.98,12.15,33.62,8.44
1953632,CC Mariners v Melbourne City,1,32:54.0,32:56.5,2.5,2380,Melbourne City,set_play,defending_set_play,26.77,12.21,53.66,2.84
1953632,CC Mariners v Melbourne City,1,34:13.5,34:20.3,6.8,870,CC Mariners,create,medium_block,-8.31,-2.56,2.28,2.16
1953632,CC Mariners v Melbourne City,1,34:20.3,34:22.8,2.5,2380,Melbourne City,chaotic,chaotic,-2.17,-2.45,11.35,-18.43
1953632,CC Mariners v Melbourne City,1,36:49.4,37:20.4,31.0,870,CC Mariners,create,medium_block,,,14.28,31.42
1953632,CC Mariners v Melbourne City,1,37:20.4,37:22.2,1.8,870,CC Mariners,finish,low_block,14.48,31.37,5.99,21.43
1953632,CC Mariners v Melbourne City,1,37:22.2,37:26.0,3.8,870,CC Mariners,create,medium_block,4.96,20.36,16.33,-6.71
1953632,CC Mariners v Melbourne City,1,37:26.0,37:26.3,0.3,2380,Melbourne City,create,medium_block,-17.61,7.31,-19.92,7.98
1953632,CC Mariners v Melbourne City,1,37:26.3,37:27.8,1.5,2380,Melbourne City,build_up,high_block,-20.88,8.07,-20.06,6.06
1953632,CC Mariners v Melbourne City,1,37:27.8,37:32.4,4.6,2380,Melbourne City,create,medium_block,-19.39,5.77,-0.62,13.72
1953632,CC Mariners v Melbourne City,1,37:32.4,37:33.9,1.5,870,CC Mariners,chaotic,chaotic,1.03,-13.33,10.81,-6.95
1953632,CC Mariners v Melbourne City,1,37:33.9,37:35.3,1.4,2380,Melbourne City,create,medium_block,-11.01,6.88,-19.45,14.21
1953632,CC Mariners v Melbourne City,1,37:35.3,37:44.1,8.8,2380,Melbourne City,build_up,high_block,-20.53,15.2,-48.47,27.87
1953632,CC Mariners v Melbourne City,1,37:44.1,37:46.8,2.7,2380,Melbourne City,direct,defending_direct,-47.73,28.24,-13.11,22.93
1953632,CC Mariners v Melbourne City,1,37:46.8,37:52.2,5.4,2380,Melbourne City,create,medium_block,-12.41,22.45,5.85,18.93
1953632,CC Mariners v Melbourne City,1,37:52.2,37:53.3,1.1,870,CC Mariners,create,medium_block,-6.76,-18.95,-19.37,-16.6
1953632,CC Mariners v Melbourne City,1,37:53.3,37:56.3,3.0,870,CC Mariners,build_up,high_block,-20.26,-16.37,-20.71,-0.09
1953632,CC Mariners v Melbourne City,1,37:56.3,38:17.7,21.4,870,CC Mariners,create,medium_block,-19.67,1.83,10.47,-30.27
1953632,CC Mariners v Melbourne City,1,38:17.7,38:26.3,8.6,870,CC Mariners,finish,low_block,10.4,-30.15,5.3,-28.08
1953632,CC Mariners v Melbourne City,1,38:26.3,38:34.2,7.9,870,CC Mariners,create,medium_block,4.17,-27.52,-4.96,6.3
1953632,CC Mariners v Melbourne City,1,38:34.2,38:43.0,8.8,2380,Melbourne City,quick_break,defending_quick_break,5.06,-6.73,49.73,-3.6
1953632,CC Mariners v Melbourne City,1,40:02.0,40:03.3,1.3,870,CC Mariners,create,medium_block,-2.88,-6.66,15.44,-7.39
1953632,CC Mariners v Melbourne City,1,40:03.3,40:04.2,0.9,2380,Melbourne City,create,medium_block,-16.48,7.58,-19.85,2.56
1953632,CC Mariners v Melbourne City,1,40:04.2,40:15.9,11.7,2380,Melbourne City,build_up,high_block,-20.26,1.85,-20.13,-5.16
1953632,CC Mariners v Melbourne City,1,40:15.9,40:16.9,1.0,2380,Melbourne City,create,medium_block,-19.99,-4.8,-19.78,-1.35
1953632,CC Mariners v Melbourne City,1,40:16.9,40:19.7,2.8,2380,Melbourne City,build_up,high_block,-20.18,-0.77,-20.62,14.67
1953632,CC Mariners v Melbourne City,1,40:19.7,40:27.4,7.7,2380,Melbourne City,create,medium_block,-19.39,14.21,18.14,28.4
1953632,CC Mariners v Melbourne City,1,40:27.4,40:32.4,5.0,2380,Melbourne City,finish,low_block,18.78,28.43,50.07,3.92
1953632,CC Mariners v Melbourne City,1,40:32.4,40:58.8,26.4,870,CC Mariners,build_up,high_block,-50.09,-3.2,-20.21,-2.22
1953632,CC Mariners v Melbourne City,1,40:58.8,41:01.0,2.2,870,CC Mariners,create,medium_block,-19.03,-2.1,-19.89,5.66
1953632,CC Mariners v Melbourne City,1,41:01.0,41:03.7,2.7,870,CC Mariners,build_up,high_block,-20.34,5.92,-20.71,18.07
1953632,CC Mariners v Melbourne City,1,41:03.7,41:15.7,12.0,870,CC Mariners,create,medium_block,-19.58,19.72,-1.14,31.24
1953632,CC Mariners v Melbourne City,1,41:20.3,41:24.3,4.0,870,CC Mariners,create,medium_block,-7.21,33.2,-19.46,20.68
1953632,CC Mariners v Melbourne City,1,41:24.3,41:27.1,2.8,870,CC Mariners,build_up,high_block,-20.16,19.79,-20.47,-0.74
1953632,CC Mariners v Melbourne City,1,41:27.1,41:33.0,5.9,870,CC Mariners,create,medium_block,-19.21,-2.42,-19.5,-23.02
1953632,CC Mariners v Melbourne City,1,41:33.0,41:37.7,4.7,870,CC Mariners,build_up,high_block,-20.53,-22.41,-20.26,9.46
1953632,CC Mariners v Melbourne City,1,41:37.7,41:46.2,8.5,870,CC Mariners,create,medium_block,-18.68,10.6,10.21,-16.09
1953632,CC Mariners v Melbourne City,1,41:46.2,42:00.2,14.0,870,CC Mariners,finish,low_block,10.56,-16.38,25.75,-15.93
1953632,CC Mariners v Melbourne City,1,42:00.2,42:02.2,2.0,2380,Melbourne City,build_up,high_block,-25.61,16.07,-20.68,20.67
1953632,CC Mariners v Melbourne City,1,42:02.2,42:08.2,6.0,2380,Melbourne City,create,medium_block,-19.98,21.17,,
1953632,CC Mariners v Melbourne City,1,42:24.1,42:52.3,28.2,2380,Melbourne City,create,medium_block,,,-19.69,-10.69
1953632,CC Mariners v Melbourne City,1,42:52.3,42:55.7,3.4,2380,Melbourne City,build_up,high_block,-20.63,-9.86,-20.21,10.68
1953632,CC Mariners v Melbourne City,1,42:55.7,43:10.5,14.8,2380,Melbourne City,create,medium_block,-19.94,11.21,12.73,0.94
1953632,CC Mariners v Melbourne City,1,43:20.0,43:23.9,3.9,870,CC Mariners,chaotic,chaotic,-31.8,-30.82,-4.42,-10.38
1953632,CC Mariners v Melbourne City,1,43:23.9,43:40.7,16.8,2380,Melbourne City,create,medium_block,4.04,10.06,-19.92,-14.01
1953632,CC Mariners v Melbourne City,1,43:40.7,43:52.0,11.3,2380,Melbourne City,build_up,high_block,-20.88,-12.75,-20.76,-34.34
1953632,CC Mariners v Melbourne City,1,43:52.0,43:52.1,0.1,2380,Melbourne City,create,medium_block,-19.96,-34.44,-19.96,-34.44
1953632,CC Mariners v Melbourne City,1,43:59.3,44:10.0,10.7,870,CC Mariners,create,medium_block,5.34,32.08,14.93,-24.84
1953632,CC Mariners v Melbourne City,1,44:10.0,44:13.3,3.3,2380,Melbourne City,create,medium_block,-15.06,24.71,-19.69,18.56
1953632,CC Mariners v Melbourne City,1,44:13.3,44:18.4,5.1,2380,Melbourne City,build_up,high_block,-20.19,19.25,-20.29,16.71
1953632,CC Mariners v Melbourne City,1,44:18.4,44:30.9,12.5,2380,Melbourne City,create,medium_block,-19.88,16.62,27.17,-21.2
1953632,CC Mariners v Melbourne City,1,44:30.9,44:34.5,3.6,870,CC Mariners,chaotic,chaotic,-27.45,21.56,-4.48,31.72
1953632,CC Mariners v Melbourne City,1,44:34.5,45:03.9,29.4,2380,Melbourne City,create,medium_block,4.17,-31.85,-19.82,15.46
1953632,CC Mariners v Melbourne City,1,45:03.9,45:16.3,12.4,2380,Melbourne City,build_up,high_block,-20.86,14.44,-20.15,5.41
1953632,CC Mariners v Melbourne City,1,45:16.3,45:18.1,1.8,2380,Melbourne City,create,medium_block,-19.78,5.13,-16.04,6.24
1953632,CC Mariners v Melbourne City,1,45:18.1,45:20.9,2.8,2380,Melbourne City,direct,defending_direct,-15.44,6.16,22.0,-24.76
1953632,CC Mariners v Melbourne City,1,45:20.9,45:38.7,17.8,2380,Melbourne City,create,medium_block,21.81,-25.33,5.0,5.38
1953632,CC Mariners v Melbourne City,1,45:38.7,45:44.6,5.9,2380,Melbourne City,finish,low_block,5.29,5.58,5.07,21.19
1953632,CC Mariners v Melbourne City,1,45:44.6,45:54.6,10.0,2380,Melbourne City,create,medium_block,4.64,20.34,-19.46,-9.66
1953632,CC Mariners v Melbourne City,1,45:54.6,45:59.5,4.9,2380,Melbourne City,build_up,high_block,-20.17,-8.67,-21.54,5.14
1953632,CC Mariners v Melbourne City,1,45:59.5,46:01.7,2.2,2380,Melbourne City,create,medium_block,-19.84,6.47,-0.95,23.88
1953632,CC Mariners v Melbourne City,1,46:01.7,46:07.3,5.6,870,CC Mariners,create,medium_block,0.71,-23.72,2.03,-3.85
1953632,CC Mariners v Melbourne City,1,46:07.3,46:22.3,15.0,2380,Melbourne City,transition,defending_transition,-1.63,3.55,40.47,-3.62
1953632,CC Mariners v Melbourne City,1,46:22.3,46:26.3,4.0,870,CC Mariners,chaotic,chaotic,-40.1,3.81,-26.77,17.24
1953632,CC Mariners v Melbourne City,1,46:26.3,46:34.6,8.3,2380,Melbourne City,finish,low_block,26.56,-17.03,5.5,-2.71
1953632,CC Mariners v Melbourne City,1,46:34.6,46:35.5,0.9,2380,Melbourne City,create,medium_block,5.16,-2.15,5.0,-0.88
1953632,CC Mariners v Melbourne City,1,46:35.5,46:42.6,7.1,2380,Melbourne City,finish,low_block,5.09,-0.94,37.96,-29.56
1953632,CC Mariners v Melbourne City,1,46:42.6,46:48.0,5.4,870,CC Mariners,chaotic,chaotic,-38.41,29.48,-51.49,32.89
1953632,CC Mariners v Melbourne City,1,47:24.0,47:26.9,2.9,870,CC Mariners,direct,defending_direct,,,12.8,-2.96
1953632,CC Mariners v Melbourne City,1,47:26.9,47:29.5,2.6,2380,Melbourne City,chaotic,chaotic,-13.52,2.68,-2.97,4.32
1953632,CC Mariners v Melbourne City,1,47:29.5,47:30.3,0.8,870,CC Mariners,chaotic,chaotic,3.48,-4.47,10.92,-4.55
1953632,CC Mariners v Melbourne City,1,47:30.3,47:34.9,4.6,2380,Melbourne City,direct,defending_direct,-11.58,4.9,29.72,19.34
1953632,CC Mariners v Melbourne City,1,47:34.9,47:41.0,6.1,870,CC Mariners,chaotic,chaotic,-29.82,-19.45,-34.8,-16.29
1953632,CC Mariners v Melbourne City,1,48:08.1,48:22.8,14.7,2380,Melbourne City,chaotic,chaotic,1.39,34.26,30.25,-0.31
1953632,CC Mariners v Melbourne City,2,45:05.8,45:08.4,2.6,870,CC Mariners,direct,defending_direct,-29.26,0.38,24.07,16.23
1953632,CC Mariners v Melbourne City,2,45:36.9,45:44.2,7.3,2380,Melbourne City,direct,defending_direct,-39.86,-0.57,25.79,20.98
1953632,CC Mariners v Melbourne City,2,45:44.2,45:46.8,2.6,870,CC Mariners,build_up,high_block,-26.02,-21.24,-20.12,-19.01
1953632,CC Mariners v Melbourne City,2,45:46.8,45:49.7,2.9,870,CC Mariners,create,medium_block,-19.39,-20.31,-19.68,-29.23
1953632,CC Mariners v Melbourne City,2,45:49.7,46:00.8,11.1,870,CC Mariners,build_up,high_block,-20.37,-29.03,-20.28,29.76
1953632,CC Mariners v Melbourne City,2,46:00.8,46:02.7,1.9,870,CC Mariners,create,medium_block,-18.93,30.65,-19.91,30.62
1953632,CC Mariners v Melbourne City,2,46:02.7,46:07.9,5.2,870,CC Mariners,build_up,high_block,-20.19,30.41,-31.52,26.49
1953632,CC Mariners v Melbourne City,2,46:07.9,46:11.0,3.1,870,CC Mariners,direct,defending_direct,-31.01,26.6,17.67,23.93
1953632,CC Mariners v Melbourne City,2,46:11.0,46:22.0,11.0,2380,Melbourne City,transition,defending_transition,-18.09,-23.99,50.26,-12.85
1953632,CC Mariners v Melbourne City,2,47:00.6,47:12.6,12.0,2380,Melbourne City,set_play,defending_set_play,51.29,-33.69,5.01,2.51
1953632,CC Mariners v Melbourne City,2,47:12.6,47:21.9,9.3,2380,Melbourne City,create,medium_block,4.84,3.29,36.11,-25.49
1953632,CC Mariners v Melbourne City,2,47:39.5,47:41.5,2.0,870,CC Mariners,chaotic,chaotic,-40.36,34.16,-25.94,31.96
1953632,CC Mariners v Melbourne City,2,47:49.7,48:01.5,11.8,2380,Melbourne City,create,medium_block,18.55,-35.58,-5.7,-33.01
1953632,CC Mariners v Melbourne City,2,48:09.5,48:12.2,2.7,870,CC Mariners,chaotic,chaotic,7.29,31.95,9.1,31.77
1953632,CC Mariners v Melbourne City,2,48:12.2,48:43.8,31.6,2380,Melbourne City,create,medium_block,-9.22,-31.69,-19.39,-17.23
1953632,CC Mariners v Melbourne City,2,48:43.8,48:48.5,4.7,2380,Melbourne City,build_up,high_block,-20.06,-15.84,-20.78,-11.78
1953632,CC Mariners v Melbourne City,2,48:48.5,48:52.8,4.3,2380,Melbourne City,create,medium_block,-19.81,-13.62,-19.17,-24.36
1953632,CC Mariners v Melbourne City,2,48:52.8,48:55.8,3.0,2380,Melbourne City,build_up,high_block,-20.09,-24.55,-22.1,-28.54
1953632,CC Mariners v Melbourne City,2,48:55.8,48:58.6,2.8,2380,Melbourne City,direct,defending_direct,-21.22,-28.55,25.01,-25.54
1953632,CC Mariners v Melbourne City,2,48:58.6,49:04.5,5.9,870,CC Mariners,build_up,high_block,-26.36,25.5,-41.88,31.07
1953632,CC Mariners v Melbourne City,2,49:22.4,49:29.2,6.8,870,CC Mariners,chaotic,chaotic,-36.52,33.7,-2.04,12.32
1953632,CC Mariners v Melbourne City,2,49:29.2,49:29.7,0.5,2380,Melbourne City,create,medium_block,2.09,-12.13,4.42,-12.28
1953632,CC Mariners v Melbourne City,2,49:29.7,49:30.8,1.1,2380,Melbourne City,finish,low_block,5.1,-12.23,5.59,-9.29
1953632,CC Mariners v Melbourne City,2,49:30.8,49:41.8,11.0,2380,Melbourne City,create,medium_block,5.31,-8.46,47.21,-17.35
1953632,CC Mariners v Melbourne City,2,49:41.8,49:58.4,16.6,870,CC Mariners,build_up,high_block,-47.28,17.39,-21.55,16.78
1953632,CC Mariners v Melbourne City,2,49:58.4,49:58.8,0.4,870,CC Mariners,create,medium_block,-19.88,16.54,-16.25,15.51
1953632,CC Mariners v Melbourne City,2,49:58.8,50:01.2,2.4,2380,Melbourne City,finish,low_block,15.45,-14.95,5.76,-11.34
1953632,CC Mariners v Melbourne City,2,50:01.2,50:05.5,4.3,2380,Melbourne City,create,medium_block,5.32,-12.12,13.3,-26.43
1953632,CC Mariners v Melbourne City,2,50:05.5,50:06.8,1.3,870,CC Mariners,chaotic,chaotic,-14.07,27.16,-23.85,32.76
1953632,CC Mariners v Melbourne City,2,50:06.8,50:10.3,3.5,2380,Melbourne City,chaotic,chaotic,23.61,-32.82,25.43,-30.16
1953632,CC Mariners v Melbourne City,2,50:27.5,50:44.5,17.0,2380,Melbourne City,create,medium_block,16.13,-35.24,-19.88,-10.42
1953632,CC Mariners v Melbourne City,2,50:44.5,50:52.1,7.6,2380,Melbourne City,build_up,high_block,-21.33,-9.79,-20.36,-14.17
1953632,CC Mariners v Melbourne City,2,50:52.1,51:04.3,12.2,2380,Melbourne City,create,medium_block,-19.83,-13.43,1.55,29.53
1953632,CC Mariners v Melbourne City,2,51:29.1,51:39.0,9.9,870,CC Mariners,create,medium_block,,,3.75,-19.6
1953632,CC Mariners v Melbourne City,2,51:39.0,51:46.9,7.9,2380,Melbourne City,transition,defending_transition,-3.86,20.51,39.46,30.88
1953632,CC Mariners v Melbourne City,2,51:46.9,51:51.0,4.1,870,CC Mariners,chaotic,chaotic,-39.65,-30.6,-47.2,-29.7
1953632,CC Mariners v Melbourne City,2,52:40.0,52:47.9,7.9,2380,Melbourne City,set_play,defending_set_play,43.67,29.86,46.44,9.8
1953632,CC Mariners v Melbourne City,2,52:47.9,53:03.1,15.2,870,CC Mariners,build_up,high_block,-46.8,-9.91,-20.27,2.1
1953632,CC Mariners v Melbourne City,2,53:03.1,53:10.2,7.1,870,CC Mariners,create,medium_block,-18.9,0.89,17.3,-26.33
1953632,CC Mariners v Melbourne City,2,53:10.2,53:25.3,15.1,870,CC Mariners,finish,low_block,18.8,-26.55,28.38,17.99
1953632,CC Mariners v Melbourne City,2,54:11.1,54:13.3,2.2,870,CC Mariners,set_play,defending_set_play,29.69,16.66,-53.25,2.68
1953632,CC Mariners v Melbourne City,2,54:49.7,54:57.9,8.2,870,CC Mariners,set_play,defending_set_play,49.12,-30.96,45.67,3.7
1953632,CC Mariners v Melbourne City,2,54:57.9,55:01.0,3.1,2380,Melbourne City,chaotic,chaotic,-46.57,-4.46,-41.02,-24.76
1953632,CC Mariners v Melbourne City,2,55:09.2,55:10.6,1.4,870,CC Mariners,finish,low_block,16.71,20.31,6.32,17.64
1953632,CC Mariners v Melbourne City,2,55:10.6,55:48.0,37.4,870,CC Mariners,create,medium_block,5.54,17.37,-17.23,6.84
1953632,CC Mariners v Melbourne City,2,55:48.0,55:50.4,2.4,870,CC Mariners,direct,defending_direct,-16.68,7.5,15.85,30.26
1953632,CC Mariners v Melbourne City,2,55:50.4,55:53.8,3.4,870,CC Mariners,create,medium_block,16.5,30.59,20.79,22.06
1953632,CC Mariners v Melbourne City,2,55:53.8,55:55.5,1.7,870,CC Mariners,finish,low_block,21.15,21.6,22.63,20.09
1953632,CC Mariners v Melbourne City,2,56:42.9,56:51.2,8.3,870,CC Mariners,set_play,defending_set_play,24.25,17.62,-34.43,-7.32
1953632,CC Mariners v Melbourne City,2,57:09.5,57:30.1,20.6,870,CC Mariners,create,medium_block,,,9.69,18.54
1953632,CC Mariners v Melbourne City,2,57:30.1,57:37.7,7.6,870,CC Mariners,finish,low_block,11.06,16.01,45.91,-10.6
1953632,CC Mariners v Melbourne City,2,57:37.7,57:40.5,2.8,2380,Melbourne City,direct,defending_direct,-44.84,10.89,-0.27,18.65
1953632,CC Mariners v Melbourne City,2,57:40.5,57:56.6,16.1,870,CC Mariners,create,medium_block,-0.33,-18.67,-10.37,33.2
1953632,CC Mariners v Melbourne City,2,58:12.1,58:12.3,0.2,870,CC Mariners,create,medium_block,-18.8,31.28,-19.67,30.89
1953632,CC Mariners v Melbourne City,2,58:12.3,58:21.2,8.9,870,CC Mariners,build_up,high_block,-20.59,30.37,-20.46,24.43
1953632,CC Mariners v Melbourne City,2,58:21.2,58:25.2,4.0,870,CC Mariners,create,medium_block,-19.61,25.25,-19.94,25.07
1953632,CC Mariners v Melbourne City,2,58:25.2,58:32.1,6.9,870,CC Mariners,build_up,high_block,-20.67,24.54,-20.12,-21.19
1953632,CC Mariners v Melbourne City,2,58:32.1,58:34.2,2.1,870,CC Mariners,create,medium_block,-19.59,-21.97,-18.96,-30.05
1953632,CC Mariners v Melbourne City,2,58:34.2,58:37.3,3.1,870,CC Mariners,build_up,high_block,-20.23,-30.01,-37.22,-19.18
1953632,CC Mariners v Melbourne City,2,58:37.3,58:40.0,2.7,870,CC Mariners,direct,defending_direct,-36.4,-18.99,-2.44,-5.97
1953632,CC Mariners v Melbourne City,2,58:40.0,58:50.5,10.5,2380,Melbourne City,create,medium_block,1.94,5.94,-19.87,15.45
1953632,CC Mariners v Melbourne City,2,58:50.5,58:57.6,7.1,2380,Melbourne City,build_up,high_block,-20.93,14.93,-20.54,-28.8
1953632,CC Mariners v Melbourne City,2,58:57.6,58:58.1,0.5,2380,Melbourne City,create,medium_block,-18.03,-28.95,-9.27,-29.21
1953632,CC Mariners v Melbourne City,2,60:33.6,60:41.0,7.4,870,CC Mariners,build_up,high_block,,,-21.03,9.42
1953632,CC Mariners v Melbourne City,2,60:41.0,60:47.1,6.1,870,CC Mariners,create,medium_block,-19.86,10.09,19.35,-29.3
1953632,CC Mariners v Melbourne City,2,60:47.1,60:59.3,12.2,870,CC Mariners,finish,low_block,19.7,-29.47,43.7,-11.82
1953632,CC Mariners v Melbourne City,2,60:59.3,61:01.4,2.1,2380,Melbourne City,chaotic,chaotic,-43.58,11.62,-37.28,23.56
1953632,CC Mariners v Melbourne City,2,61:08.2,61:14.9,6.7,870,CC Mariners,set_play,defending_set_play,42.93,-25.25,32.39,7.37
1953632,CC Mariners v Melbourne City,2,61:41.8,61:53.0,11.2,2380,Melbourne City,build_up,high_block,-48.99,-1.65,-29.34,33.72
1953632,CC Mariners v Melbourne City,2,62:11.7,62:13.5,1.8,2380,Melbourne City,chaotic,chaotic,-23.77,32.43,-9.71,34.18
1953632,CC Mariners v Melbourne City,2,62:13.5,62:14.5,1.0,870,CC Mariners,chaotic,chaotic,9.96,-34.34,10.31,-35.63
1953632,CC Mariners v Melbourne City,2,62:36.0,62:39.7,3.7,2380,Melbourne City,create,medium_block,-5.61,33.97,-19.5,32.21
1953632,CC Mariners v Melbourne City,2,62:39.7,62:46.3,6.6,2380,Melbourne City,build_up,high_block,-20.57,32.25,-21.83,-27.77
1953632,CC Mariners v Melbourne City,2,62:49.8,62:51.7,1.9,870,CC Mariners,chaotic,chaotic,15.49,32.25,26.12,26.42
1953632,CC Mariners v Melbourne City,2,62:51.7,62:56.7,5.0,2380,Melbourne City,build_up,high_block,-26.46,-26.68,-20.15,-34.2
1953632,CC Mariners v Melbourne City,2,62:56.7,62:58.9,2.2,2380,Melbourne City,create,medium_block,-19.78,-34.29,-12.99,-25.91
1953632,CC Mariners v Melbourne City,2,63:03.7,63:14.7,11.0,870,CC Mariners,create,medium_block,4.72,28.55,19.4,31.36
1953632,CC Mariners v Melbourne City,2,63:14.7,63:19.3,4.6,870,CC Mariners,finish,low_block,19.36,31.28,6.22,22.97
1953632,CC Mariners v Melbourne City,2,63:19.3,63:41.0,21.7,870,CC Mariners,create,medium_block,4.9,22.37,-19.73,23.53
1953632,CC Mariners v Melbourne City,2,63:41.0,63:46.3,5.3,870,CC Mariners,build_up,high_block,-20.1,23.81,-20.54,-13.12
1953632,CC Mariners v Melbourne City,2,63:46.3,63:53.0,6.7,870,CC Mariners,create,medium_block,-19.62,-14.3,-4.96,-6.43
1953632,CC Mariners v Melbourne City,2,63:53.0,63:53.5,0.5,2380,Melbourne City,chaotic,chaotic,5.25,6.45,7.21,7.45
1953632,CC Mariners v Melbourne City,2,63:53.5,63:57.6,4.1,870,CC Mariners,chaotic,chaotic,-7.63,-7.73,-15.6,-6.34
1953632,CC Mariners v Melbourne City,2,63:57.6,63:58.4,0.8,2380,Melbourne City,chaotic,chaotic,15.31,5.61,16.37,7.13
1953632,CC Mariners v Melbourne City,2,63:58.4,63:59.0,0.6,870,CC Mariners,create,medium_block,-16.67,-6.89,-19.62,-0.83
1953632,CC Mariners v Melbourne City,2,63:59.0,64:02.4,3.4,870,CC Mariners,build_up,high_block,-20.19,0.46,-20.15,11.61
1953632,CC Mariners v Melbourne City,2,64:02.4,64:08.4,6.0,870,CC Mariners,create,medium_block,-19.72,11.56,12.94,22.13
1953632,CC Mariners v Melbourne City,2,64:08.4,64:12.8,4.4,870,CC Mariners,finish,low_block,13.39,22.5,39.12,3.67
1953632,CC Mariners v Melbourne City,2,64:12.8,64:18.8,6.0,2380,Melbourne City,chaotic,chaotic,-39.37,-2.42,-20.62,-14.95
1953632,CC Mariners v Melbourne City,2,64:18.8,64:23.4,4.6,870,CC Mariners,quick_break,defending_quick_break,20.81,14.88,49.87,-0.43
1953632,CC Mariners v Melbourne City,2,65:10.4,65:13.8,3.4,2380,Melbourne City,direct,defending_direct,-42.67,-7.56,17.84,-20.3
1953632,CC Mariners v Melbourne City,2,65:13.8,65:18.2,4.4,870,CC Mariners,chaotic,chaotic,-18.85,20.41,-23.97,33.87
1953632,CC Mariners v Melbourne City,2,65:38.1,65:41.4,3.3,2380,Melbourne City,chaotic,chaotic,,,45.83,-23.58
1953632,CC Mariners v Melbourne City,2,65:54.9,65:59.9,5.0,870,CC Mariners,build_up,high_block,,,-20.37,29.42
1953632,CC Mariners v Melbourne City,2,65:59.9,66:04.4,4.5,870,CC Mariners,create,medium_block,-18.32,29.16,28.55,33.54
1953632,CC Mariners v Melbourne City,2,66:04.4,66:06.4,2.0,870,CC Mariners,finish,low_block,29.04,33.46,37.27,23.32
1953632,CC Mariners v Melbourne City,2,67:03.0,67:05.2,2.2,870,CC Mariners,set_play,defending_set_play,37.42,23.6,52.63,7.23
1953632,CC Mariners v Melbourne City,2,68:19.0,68:24.3,5.3,2380,Melbourne City,create,medium_block,-0.37,-0.59,14.01,-26.96
1953632,CC Mariners v Melbourne City,2,68:34.8,68:36.6,1.8,870,CC Mariners,chaotic,chaotic,-35.97,27.99,-36.18,26.04
1953632,CC Mariners v Melbourne City,2,68:36.6,68:39.3,2.7,870,CC Mariners,direct,defending_direct,-35.32,25.79,3.16,16.81
1953632,CC Mariners v Melbourne City,2,68:39.3,68:43.5,4.2,2380,Melbourne City,chaotic,chaotic,-4.32,-16.58,-23.2,-8.25
1953632,CC Mariners v Melbourne City,2,69:07.5,69:14.1,6.6,2380,Melbourne City,build_up,high_block,,,-28.21,-28.44
1953632,CC Mariners v Melbourne City,2,69:14.1,69:18.7,4.6,2380,Melbourne City,direct,defending_direct,-27.51,-28.66,7.09,-23.95
1953632,CC Mariners v Melbourne City,2,69:18.7,69:20.5,1.8,870,CC Mariners,chaotic,chaotic,-6.56,23.62,-0.17,14.7
1953632,CC Mariners v Melbourne City,2,69:20.5,69:24.1,3.6,2380,Melbourne City,create,medium_block,0.59,-14.37,20.05,-30.51
1953632,CC Mariners v Melbourne City,2,69:24.1,69:34.1,10.0,2380,Melbourne City,finish,low_block,20.2,-30.86,5.54,-0.2
1953632,CC Mariners v Melbourne City,2,69:34.1,69:35.8,1.7,2380,Melbourne City,create,medium_block,5.1,0.66,4.79,9.15
1953632,CC Mariners v Melbourne City,2,69:35.8,69:42.4,6.6,2380,Melbourne City,finish,low_block,5.3,10.69,40.08,8.5
1953632,CC Mariners v Melbourne City,2,70:21.1,70:27.2,6.1,2380,Melbourne City,set_play,defending_set_play,51.12,30.9,5.24,2.42
1953632,CC Mariners v Melbourne City,2,70:27.2,70:36.5,9.3,2380,Melbourne City,create,medium_block,3.44,1.76,19.34,32.26
1953632,CC Mariners v Melbourne City,2,70:36.5,70:38.8,2.3,2380,Melbourne City,finish,low_block,19.55,32.2,29.6,24.38
1953632,CC Mariners v Melbourne City,2,70:38.8,70:54.5,15.7,870,CC Mariners,build_up,high_block,-29.73,-24.23,-20.46,-23.74
1953632,CC Mariners v Melbourne City,2,70:54.5,70:56.2,1.7,870,CC Mariners,create,medium_block,-19.58,-24.2,-5.41,-21.21
1953632,CC Mariners v Melbourne City,2,70:56.2,70:59.0,2.8,2380,Melbourne City,finish,low_block,5.21,21.21,7.84,30.98
1953632,CC Mariners v Melbourne City,2,70:59.0,71:10.3,11.3,2380,Melbourne City,create,medium_block,7.93,31.18,14.01,20.84
1953632,CC Mariners v Melbourne City,2,71:10.3,71:24.5,14.2,870,CC Mariners,transition,defending_transition,-14.21,-20.68,30.27,-11.08
1953632,CC Mariners v Melbourne City,2,71:24.5,71:46.8,22.3,870,CC Mariners,finish,low_block,29.44,-9.95,40.39,-5.07
1953632,CC Mariners v Melbourne City,2,71:46.8,72:08.9,22.1,2380,Melbourne City,create,medium_block,-41.12,5.44,-16.64,9.8
1953632,CC Mariners v Melbourne City,2,72:08.9,72:11.8,2.9,2380,Melbourne City,direct,defending_direct,-15.6,9.13,24.9,-14.05
1953632,CC Mariners v Melbourne City,2,72:11.8,72:14.2,2.4,870,CC Mariners,chaotic,chaotic,-25.81,14.33,-37.13,3.03
1953632,CC Mariners v Melbourne City,2,72:14.2,72:17.8,3.6,870,CC Mariners,direct,defending_direct,-36.15,2.82,0.58,-5.44
1953632,CC Mariners v Melbourne City,2,72:17.8,72:20.6,2.8,2380,Melbourne City,chaotic,chaotic,-0.88,5.56,6.62,5.56
1953632,CC Mariners v Melbourne City,2,72:20.6,72:25.3,4.7,870,CC Mariners,chaotic,chaotic,-6.91,-5.4,3.87,-9.11
1953632,CC Mariners v Melbourne City,2,72:25.3,72:41.3,16.0,2380,Melbourne City,create,medium_block,-3.89,8.66,-7.12,3.82
1953632,CC Mariners v Melbourne City,2,72:41.3,72:43.3,2.0,2380,Melbourne City,direct,defending_direct,-6.05,4.46,26.07,13.52
1953632,CC Mariners v Melbourne City,2,72:43.3,72:46.4,3.1,870,CC Mariners,chaotic,chaotic,-26.98,-13.38,-44.21,-3.31
1953632,CC Mariners v Melbourne City,2,72:46.4,72:50.0,3.6,870,CC Mariners,direct,defending_direct,-43.51,-3.12,4.21,9.33
1953632,CC Mariners v Melbourne City,2,72:50.0,72:51.0,1.0,2380,Melbourne City,chaotic,chaotic,-4.23,-10.07,2.22,-17.32
1953632,CC Mariners v Melbourne City,2,74:08.9,74:12.7,3.8,870,CC Mariners,chaotic,chaotic,-10.51,30.3,18.55,30.02
1953632,CC Mariners v Melbourne City,2,74:54.6,74:58.8,4.2,870,CC Mariners,set_play,defending_set_play,28.96,24.36,52.11,-1.31
1953632,CC Mariners v Melbourne City,2,74:58.8,75:11.5,12.7,2380,Melbourne City,create,medium_block,-51.89,1.27,-31.18,-32.86
1953632,CC Mariners v Melbourne City,2,75:28.8,75:32.4,3.6,2380,Melbourne City,chaotic,chaotic,-27.06,-34.21,-49.1,-18.22
1953632,CC Mariners v Melbourne City,2,75:50.6,75:58.1,7.5,2380,Melbourne City,create,medium_block,,,5.54,-29.08
1953632,CC Mariners v Melbourne City,2,75:58.1,76:19.4,21.3,870,CC Mariners,create,medium_block,-5.75,29.36,17.26,-23.53
1953632,CC Mariners v Melbourne City,2,78:10.4,78:16.1,5.7,2380,Melbourne City,direct,defending_direct,,,37.56,18.21
1953632,CC Mariners v Melbourne City,2,78:16.1,78:22.6,6.5,870,CC Mariners,transition,defending_transition,-36.78,-17.82,16.29,8.46
1953632,CC Mariners v Melbourne City,2,78:22.6,78:28.0,5.4,2380,Melbourne City,chaotic,chaotic,-16.88,-8.39,-46.5,13.43
1953632,CC Mariners v Melbourne City,2,78:28.0,78:32.7,4.7,2380,Melbourne City,direct,defending_direct,-46.07,13.93,0.83,23.33
1953632,CC Mariners v Melbourne City,2,78:32.7,78:33.7,1.0,870,CC Mariners,chaotic,chaotic,-0.62,-22.97,8.81,-20.32
1953632,CC Mariners v Melbourne City,2,78:33.7,78:44.9,11.2,2380,Melbourne City,create,medium_block,-9.53,20.46,16.45,27.48
1953632,CC Mariners v Melbourne City,2,79:13.6,79:18.7,5.1,2380,Melbourne City,set_play,defending_set_play,19.09,25.78,46.17,0.2
1953632,CC Mariners v Melbourne City,2,79:42.8,80:02.8,20.0,2380,Melbourne City,set_play,defending_set_play,52.32,33.82,-46.93,21.58
1953632,CC Mariners v Melbourne City,2,80:31.7,80:32.7,1.0,2380,Melbourne City,set_play,defending_set_play,51.41,-33.56,52.07,-14.21
1953632,CC Mariners v Melbourne City,2,80:57.9,81:01.0,3.1,870,CC Mariners,direct,defending_direct,,,7.79,1.58
1953632,CC Mariners v Melbourne City,2,81:01.0,81:03.6,2.6,2380,Melbourne City,chaotic,chaotic,-7.72,-1.62,14.37,9.36
1953632,CC Mariners v Melbourne City,2,81:03.6,81:12.8,9.2,870,CC Mariners,create,medium_block,-14.86,-9.74,2.87,-26.07
1953632,CC Mariners v Melbourne City,2,81:12.8,81:21.4,8.6,2380,Melbourne City,create,medium_block,-3.25,25.85,9.03,-21.17
1953632,CC Mariners v Melbourne City,2,81:21.4,81:24.3,2.9,2380,Melbourne City,finish,low_block,9.25,-22.23,5.38,-28.94
1953632,CC Mariners v Melbourne City,2,81:24.3,81:40.2,15.9,2380,Melbourne City,create,medium_block,4.25,-28.45,-20.72,-28.29
1953632,CC Mariners v Melbourne City,2,81:40.2,81:43.1,2.9,2380,Melbourne City,direct,defending_direct,-19.59,-28.19,21.87,-16.99
1953632,CC Mariners v Melbourne City,2,81:43.1,81:48.0,4.9,870,CC Mariners,create,medium_block,-21.82,17.45,-19.69,24.56
1953632,CC Mariners v Melbourne City,2,81:48.0,82:05.7,17.7,870,CC Mariners,build_up,high_block,-20.36,24.63,-27.76,-29.63
1953632,CC Mariners v Melbourne City,2,82:05.7,82:12.5,6.8,2380,Melbourne City,quick_break,defending_quick_break,27.7,29.05,39.29,19.48
1953632,CC Mariners v Melbourne City,2,82:12.5,82:20.5,8.0,2380,Melbourne City,finish,low_block,39.06,19.62,39.8,4.19
1953632,CC Mariners v Melbourne City,2,82:48.6,82:53.7,5.1,870,CC Mariners,direct,defending_direct,,,6.11,-24.35
1953632,CC Mariners v Melbourne City,2,82:53.7,83:01.9,8.2,2380,Melbourne City,create,medium_block,-5.75,24.65,-19.68,22.24
1953632,CC Mariners v Melbourne City,2,83:01.9,83:15.4,13.5,2380,Melbourne City,build_up,high_block,-20.05,21.65,-34.13,6.55
1953632,CC Mariners v Melbourne City,2,83:15.4,83:17.7,2.3,2380,Melbourne City,direct,defending_direct,-33.85,6.13,2.31,7.08
1953632,CC Mariners v Melbourne City,2,83:17.7,83:20.4,2.7,870,CC Mariners,create,medium_block,-3.16,-6.98,-19.67,-12.12
1953632,CC Mariners v Melbourne City,2,83:20.4,83:27.7,7.3,870,CC Mariners,build_up,high_block,-20.75,-11.39,-22.46,-5.89
1953632,CC Mariners v Melbourne City,2,84:04.3,84:05.0,0.7,2380,Melbourne City,create,medium_block,4.51,-0.84,4.58,-0.97
1953632,CC Mariners v Melbourne City,2,84:05.0,84:06.0,1.0,2380,Melbourne City,finish,low_block,5.06,-1.27,5.94,-2.21
1953632,CC Mariners v Melbourne City,2,84:06.0,84:15.5,9.5,2380,Melbourne City,create,medium_block,5.53,-2.66,18.45,23.5
1953632,CC Mariners v Melbourne City,2,84:15.5,84:30.1,14.6,2380,Melbourne City,finish,low_block,18.8,23.73,5.04,-19.97
1953632,CC Mariners v Melbourne City,2,84:30.1,84:50.5,20.4,2380,Melbourne City,create,medium_block,4.15,-19.3,-19.77,18.23
1953632,CC Mariners v Melbourne City,2,84:50.5,84:56.9,6.4,2380,Melbourne City,build_up,high_block,-20.95,18.53,-20.14,-3.87
1953632,CC Mariners v Melbourne City,2,84:56.9,84:59.2,2.3,2380,Melbourne City,create,medium_block,-19.01,-5.21,-15.85,-10.18
1953632,CC Mariners v Melbourne City,2,85:34.2,85:43.7,9.5,2380,Melbourne City,build_up,high_block,,,-20.88,19.52
1953632,CC Mariners v Melbourne City,2,85:43.7,85:45.1,1.4,2380,Melbourne City,create,medium_block,-19.39,19.67,-12.9,23.82
1953632,CC Mariners v Melbourne City,2,85:45.1,85:49.6,4.5,870,CC Mariners,chaotic,chaotic,13.17,-24.24,17.91,-20.57
1953632,CC Mariners v Melbourne City,2,86:07.7,86:08.9,1.2,870,CC Mariners,create,medium_block,-12.46,-23.31,-19.76,-21.13
1953632,CC Mariners v Melbourne City,2,86:08.9,86:24.5,15.6,870,CC Mariners,build_up,high_block,-20.26,-20.99,-25.26,-30.4
1953632,CC Mariners v Melbourne City,2,86:24.5,86:25.6,1.1,2380,Melbourne City,chaotic,chaotic,25.44,30.47,32.08,29.66
1953632,CC Mariners v Melbourne City,2,86:25.6,86:27.6,2.0,870,CC Mariners,chaotic,chaotic,-32.9,-29.47,-31.16,-32.71
1953632,CC Mariners v Melbourne City,2,87:07.2,87:28.8,21.6,2380,Melbourne City,finish,low_block,36.94,34.02,49.24,9.39
1953632,CC Mariners v Melbourne City,2,87:55.9,87:56.9,1.0,2380,Melbourne City,set_play,defending_set_play,51.5,31.96,45.81,15.79
1953632,CC Mariners v Melbourne City,2,88:12.6,88:26.3,13.7,2380,Melbourne City,create,medium_block,7.42,-34.49,-19.74,21.08
1953632,CC Mariners v Melbourne City,2,88:26.3,88:38.7,12.4,2380,Melbourne City,build_up,high_block,-20.78,20.32,-26.2,31.81
1953632,CC Mariners v Melbourne City,2,88:38.7,88:41.3,2.6,2380,Melbourne City,direct,defending_direct,-25.49,32.01,9.88,24.51
1953632,CC Mariners v Melbourne City,2,88:41.3,88:45.5,4.2,2380,Melbourne City,create,medium_block,10.83,24.04,24.35,-0.2
1953632,CC Mariners v Melbourne City,2,88:45.5,88:51.9,6.4,2380,Melbourne City,finish,low_block,25.49,-1.48,-29.15,-1.8
1953632,CC Mariners v Melbourne City,2,88:51.9,88:55.6,3.7,2380,Melbourne City,quick_break,defending_quick_break,29.16,2.37,49.24,-0.79
1953632,CC Mariners v Melbourne City,2,88:55.6,89:00.5,4.9,2380,Melbourne City,finish,low_block,49.26,-0.98,49.4,-4.91
1953632,CC Mariners v Melbourne City,2,89:00.5,89:20.5,20.0,2380,Melbourne City,create,medium_block,49.36,-4.93,41.82,10.77
1953632,CC Mariners v Melbourne City,2,89:20.5,89:21.7,1.2,870,CC Mariners,chaotic,chaotic,-41.59,-11.13,-40.24,-12.11
1953632,CC Mariners v Melbourne City,2,89:21.7,89:24.6,2.9,870,CC Mariners,direct,defending_direct,-38.84,-12.41,8.84,-9.62
1953632,CC Mariners v Melbourne City,2,89:24.6,89:33.5,8.9,2380,Melbourne City,create,medium_block,-8.92,9.65,9.61,30.35
1953632,CC Mariners v Melbourne City,2,89:33.5,90:30.0,56.5,2380,Melbourne City,finish,low_block,9.91,30.43,39.17,-14.19
1953632,CC Mariners v Melbourne City,2,90:30.0,90:31.0,1.0,870,CC Mariners,chaotic,chaotic,-38.55,15.25,-30.75,29.58
1953632,CC Mariners v Melbourne City,2,90:36.5,90:45.1,8.6,2380,Melbourne City,finish,low_block,22.61,-34.45,5.89,-22.21
1953632,CC Mariners v Melbourne City,2,90:45.1,90:52.8,7.7,2380,Melbourne City,create,medium_block,4.95,-20.65,6.09,-32.96
1953632,CC Mariners v Melbourne City,2,90:58.2,91:12.2,14.0,2380,Melbourne City,create,medium_block,7.59,-34.0,-11.86,24.23
1953632,CC Mariners v Melbourne City,2,91:12.2,91:14.7,2.5,2380,Melbourne City,direct,defending_direct,-11.29,24.4,24.19,26.96
1953632,CC Mariners v Melbourne City,2,91:22.7,91:32.8,10.1,2380,Melbourne City,finish,low_block,24.86,33.15,35.78,27.97
1953632,CC Mariners v Melbourne City,2,91:38.7,91:44.8,6.1,2380,Melbourne City,chaotic,chaotic,15.3,34.79,19.53,7.93
1953632,CC Mariners v Melbourne City,2,92:07.1,92:08.2,1.1,870,CC Mariners,chaotic,chaotic,-19.84,33.84,-7.54,27.19
1953632,CC Mariners v Melbourne City,2,92:08.2,92:10.4,2.2,2380,Melbourne City,finish,low_block,6.92,-26.36,5.03,-13.5
1953632,CC Mariners v Melbourne City,2,92:10.4,92:13.9,3.5,2380,Melbourne City,create,medium_block,4.45,-12.81,-19.4,-3.46
1953632,CC Mariners v Melbourne City,2,92:13.9,92:21.6,7.7,2380,Melbourne City,build_up,high_block,-20.22,-3.88,-20.29,17.12
1953632,CC Mariners v Melbourne City,2,92:21.6,92:24.0,2.4,2380,Melbourne City,create,medium_block,-19.79,17.77,-8.11,18.95
1953632,CC Mariners v Melbourne City,2,92:39.0,92:41.3,2.3,2380,Melbourne City,create,medium_block,,,15.65,-29.77
1953632,CC Mariners v Melbourne City,2,92:41.3,92:44.9,3.6,2380,Melbourne City,finish,low_block,15.89,-29.75,6.92,-24.4
1953632,CC Mariners v Melbourne City,2,92:44.9,93:18.0,33.1,2380,Melbourne City,create,medium_block,5.75,-23.69,29.24,22.31
1953632,CC Mariners v Melbourne City,2,93:18.0,93:19.1,1.1,870,CC Mariners,chaotic,chaotic,-29.38,-22.43,-24.79,-26.74
1953632,CC Mariners v Melbourne City,2,93:19.1,93:21.0,1.9,2380,Melbourne City,chaotic,chaotic,24.81,27.0,29.11,25.85
1953632,CC Mariners v Melbourne City,2,94:02.7,94:18.0,15.3,2380,Melbourne City,set_play,defending_set_play,28.82,25.61,-57.98,-24.84
1953632,CC Mariners v Melbourne City,2,94:46.6,94:49.7,3.1,2380,Melbourne City,set_play,defending_set_play,52.51,33.07,51.89,-6.17
1925299,Brisbane FC v Perth Glory,1,00:03.0,00:04.8,1.8,1802,Brisbane FC,create,medium_block,-0.64,-0.19,-8.62,-0.07
1925299,Brisbane FC v Perth Glory,1,00:04.8,00:07.9,3.1,1802,Brisbane FC,direct,defending_direct,-7.97,-0.89,31.6,-19.17
1925299,Brisbane FC v Perth Glory,1,00:07.9,00:16.4,8.5,871,Perth Glory,chaotic,chaotic,-31.89,19.2,-1.61,20.48
1925299,Brisbane FC v Perth Glory,1,00:16.4,00:27.2,10.8,1802,Brisbane FC,create,medium_block,1.14,-20.66,13.51,22.79
1925299,Brisbane FC v Perth Glory,1,00:27.2,00:42.5,15.3,871,Perth Glory,transition,defending_transition,-13.83,-23.06,42.46,-4.05
1925299,Brisbane FC v Perth Glory,1,00:42.5,00:53.8,11.3,871,Perth Glory,finish,low_block,41.52,-3.79,47.1,-19.7
1925299,Brisbane FC v Perth Glory,1,01:34.6,01:38.8,4.2,1802,Brisbane FC,direct,defending_direct,,,28.03,27.32
1925299,Brisbane FC v Perth Glory,1,01:38.8,01:43.9,5.1,871,Perth Glory,chaotic,chaotic,-28.92,-27.42,-46.53,-34.62
1925299,Brisbane FC v Perth Glory,1,02:00.0,02:02.8,2.8,1802,Brisbane FC,chaotic,chaotic,43.44,28.96,34.76,18.06
1925299,Brisbane FC v Perth Glory,1,02:02.8,02:13.5,10.7,871,Perth Glory,build_up,high_block,-34.49,-18.47,-20.33,-6.79
1925299,Brisbane FC v Perth Glory,1,02:13.5,02:19.9,6.4,871,Perth Glory,create,medium_block,-19.96,-6.11,14.66,21.8
1925299,Brisbane FC v Perth Glory,1,02:19.9,02:40.8,20.9,871,Perth Glory,finish,low_block,15.3,21.55,5.41,-5.38
1925299,Brisbane FC v Perth Glory,1,02:40.8,02:48.5,7.7,871,Perth Glory,create,medium_block,4.84,-4.4,-19.26,13.79
1925299,Brisbane FC v Perth Glory,1,02:48.5,02:53.4,4.9,871,Perth Glory,build_up,high_block,-20.49,13.34,-20.79,-4.77
1925299,Brisbane FC v Perth Glory,1,02:53.4,02:54.5,1.1,871,Perth Glory,create,medium_block,-19.35,-5.06,-7.52,-5.78
1925299,Brisbane FC v Perth Glory,1,02:54.5,03:03.3,8.8,1802,Brisbane FC,create,medium_block,6.72,5.88,-11.89,-5.15
1925299,Brisbane FC v Perth Glory,1,03:03.3,03:05.9,2.6,1802,Brisbane FC,direct,defending_direct,-11.35,-5.57,27.7,-16.83
1925299,Brisbane FC v Perth Glory,1,03:05.9,03:09.0,3.1,871,Perth Glory,chaotic,chaotic,-28.85,16.92,-46.55,25.55
1925299,Brisbane FC v Perth Glory,1,03:35.8,03:47.8,12.0,1802,Brisbane FC,finish,low_block,42.23,-33.78,41.46,-10.5
1925299,Brisbane FC v Perth Glory,1,03:47.8,03:57.7,9.9,871,Perth Glory,build_up,high_block,-41.61,10.18,-34.22,32.72
1925299,Brisbane FC v Perth Glory,1,03:57.7,03:59.8,2.1,871,Perth Glory,direct,defending_direct,-33.79,32.78,4.51,20.31
1925299,Brisbane FC v Perth Glory,1,03:59.8,04:00.9,1.1,1802,Brisbane FC,chaotic,chaotic,-4.1,-19.83,9.58,-23.5
1925299,Brisbane FC v Perth Glory,1,04:10.6,04:11.3,0.7,871,Perth Glory,create,medium_block,-13.43,32.66,-18.37,30.38
1925299,Brisbane FC v Perth Glory,1,04:11.3,04:17.4,6.1,871,Perth Glory,build_up,high_block,-20.08,29.8,-51.11,11.59
1925299,Brisbane FC v Perth Glory,1,04:17.4,04:22.2,4.8,871,Perth Glory,direct,defending_direct,-50.6,11.9,-1.87,9.43
1925299,Brisbane FC v Perth Glory,1,04:22.2,04:40.7,18.5,1802,Brisbane FC,create,medium_block,1.51,-9.62,-19.33,14.04
1925299,Brisbane FC v Perth Glory,1,04:40.7,04:43.5,2.8,1802,Brisbane FC,build_up,high_block,-20.29,12.95,-20.39,3.73
1925299,Brisbane FC v Perth Glory,1,04:43.5,04:55.3,11.8,1802,Brisbane FC,create,medium_block,-19.09,3.3,22.18,-21.57
1925299,Brisbane FC v Perth Glory,1,04:55.3,05:09.9,14.6,1802,Brisbane FC,finish,low_block,22.75,-21.78,-39.69,28.96
1925299,Brisbane FC v Perth Glory,1,05:09.9,05:11.6,1.7,1802,Brisbane FC,chaotic,chaotic,40.29,-29.09,46.79,-26.24
1925299,Brisbane FC v Perth Glory,1,05:54.7,05:59.5,4.8,1802,Brisbane FC,set_play,defending_set_play,50.6,-28.44,41.84,16.08
1925299,Brisbane FC v Perth Glory,1,05:59.5,06:09.2,9.7,871,Perth Glory,transition,defending_transition,-41.74,-16.62,6.96,-32.9
1925299,Brisbane FC v Perth Glory,1,06:09.2,06:12.4,3.2,871,Perth Glory,create,medium_block,8.08,-32.04,29.35,14.34
1925299,Brisbane FC v Perth Glory,1,06:12.4,06:17.7,5.3,1802,Brisbane FC,build_up,high_block,-29.4,-15.02,-20.17,-17.27
1925299,Brisbane FC v Perth Glory,1,06:17.7,06:38.4,20.7,1802,Brisbane FC,create,medium_block,-19.84,-16.6,-10.81,-30.19
1925299,Brisbane FC v Perth Glory,1,06:38.4,06:41.2,2.8,1802,Brisbane FC,direct,defending_direct,-10.29,-30.43,32.89,-31.1
1925299,Brisbane FC v Perth Glory,1,06:41.2,06:42.2,1.0,871,Perth Glory,chaotic,chaotic,-32.96,31.37,-31.14,33.62
1925299,Brisbane FC v Perth Glory,1,06:49.1,07:00.0,10.9,1802,Brisbane FC,create,medium_block,24.23,-32.97,-8.4,26.5
1925299,Brisbane FC v Perth Glory,1,07:00.0,07:03.6,3.6,1802,Brisbane FC,direct,defending_direct,-8.59,26.41,25.47,24.64
1925299,Brisbane FC v Perth Glory,1,07:18.9,07:33.6,14.7,1802,Brisbane FC,finish,low_block,27.26,33.65,47.65,-28.56
1925299,Brisbane FC v Perth Glory,1,07:33.6,07:37.1,3.5,871,Perth Glory,chaotic,chaotic,-47.91,27.74,-46.92,25.35
1925299,Brisbane FC v Perth Glory,1,07:43.1,07:48.3,5.2,1802,Brisbane FC,finish,low_block,31.9,-30.1,5.98,2.6
1925299,Brisbane FC v Perth Glory,1,07:48.3,07:50.5,2.2,1802,Brisbane FC,create,medium_block,5.38,3.28,4.53,6.01
1925299,Brisbane FC v Perth Glory,1,07:50.5,07:53.7,3.2,1802,Brisbane FC,finish,low_block,5.41,5.58,5.79,-1.54
1925299,Brisbane FC v Perth Glory,1,07:53.7,07:56.0,2.3,1802,Brisbane FC,create,medium_block,5.37,-2.74,9.06,-14.01
1925299,Brisbane FC v Perth Glory,1,07:56.0,08:09.0,13.0,1802,Brisbane FC,finish,low_block,10.55,-15.51,27.46,-2.74
1925299,Brisbane FC v Perth Glory,1,08:09.0,08:21.2,12.2,871,Perth Glory,build_up,high_block,-27.96,2.54,-33.58,17.22
1925299,Brisbane FC v Perth Glory,1,08:30.0,08:37.1,7.1,1802,Brisbane FC,build_up,high_block,-26.51,-30.75,-20.27,6.96
1925299,Brisbane FC v Perth Glory,1,08:37.1,09:01.8,24.7,1802,Brisbane FC,create,medium_block,-19.47,7.02,15.09,25.81
1925299,Brisbane FC v Perth Glory,1,09:01.8,09:02.9,1.1,1802,Brisbane FC,finish,low_block,15.58,25.29,20.18,19.0
1925299,Brisbane FC v Perth Glory,1,09:02.9,09:13.9,11.0,871,Perth Glory,transition,defending_transition,-20.13,-18.73,29.23,-14.87
1925299,Brisbane FC v Perth Glory,1,09:13.9,09:16.6,2.7,1802,Brisbane FC,chaotic,chaotic,-29.1,15.19,-18.15,27.23
1925299,Brisbane FC v Perth Glory,1,09:16.6,09:25.0,8.4,871,Perth Glory,finish,low_block,18.4,-26.88,40.3,-4.67
1925299,Brisbane FC v Perth Glory,1,09:25.0,09:25.9,0.9,1802,Brisbane FC,chaotic,chaotic,-40.32,4.51,-39.46,3.92
1925299,Brisbane FC v Perth Glory,1,09:25.9,09:29.6,3.7,1802,Brisbane FC,direct,defending_direct,-38.61,3.44,0.98,-6.73
1925299,Brisbane FC v Perth Glory,1,09:29.6,09:41.6,12.0,871,Perth Glory,create,medium_block,-1.71,6.56,14.42,-28.94
1925299,Brisbane FC v Perth Glory,1,09:41.6,10:02.5,20.9,1802,Brisbane FC,create,medium_block,-14.8,28.91,17.58,27.69
1925299,Brisbane FC v Perth Glory,1,10:02.5,10:04.1,1.6,871,Perth Glory,chaotic,chaotic,-17.7,-27.8,-9.21,-28.2
1925299,Brisbane FC v Perth Glory,1,10:04.1,10:18.3,14.2,1802,Brisbane FC,create,medium_block,8.62,28.09,4.74,-26.38
1925299,Brisbane FC v Perth Glory,1,10:18.3,10:23.0,4.7,871,Perth Glory,transition,defending_transition,-4.31,26.61,22.73,21.87
1925299,Brisbane FC v Perth Glory,1,10:39.7,10:42.8,3.1,871,Perth Glory,finish,low_block,20.49,32.48,5.79,30.25
1925299,Brisbane FC v Perth Glory,1,10:42.8,10:50.3,7.5,871,Perth Glory,create,medium_block,5.29,29.32,9.01,-25.53
1925299,Brisbane FC v Perth Glory,1,10:50.3,10:53.4,3.1,871,Perth Glory,finish,low_block,8.91,-24.88,5.41,-23.31
1925299,Brisbane FC v Perth Glory,1,10:53.4,11:03.0,9.6,871,Perth Glory,create,medium_block,4.3,-22.86,-19.19,-9.25
1925299,Brisbane FC v Perth Glory,1,11:03.0,11:07.5,4.5,871,Perth Glory,build_up,high_block,-20.13,-8.75,-20.76,13.72
1925299,Brisbane FC v Perth Glory,1,11:07.5,11:10.5,3.0,871,Perth Glory,create,medium_block,-19.89,14.79,4.57,28.1
1925299,Brisbane FC v Perth Glory,1,11:10.5,11:15.4,4.9,1802,Brisbane FC,chaotic,chaotic,-4.91,-28.46,-38.57,-30.03
1925299,Brisbane FC v Perth Glory,1,11:30.5,11:34.6,4.1,871,Perth Glory,finish,low_block,31.31,30.57,41.79,16.12
1925299,Brisbane FC v Perth Glory,1,11:34.6,11:40.3,5.7,1802,Brisbane FC,chaotic,chaotic,-41.45,-15.13,-32.23,-12.19
1925299,Brisbane FC v Perth Glory,1,11:40.3,11:49.5,9.2,871,Perth Glory,finish,low_block,32.2,12.36,42.6,3.23
1925299,Brisbane FC v Perth Glory,1,11:49.5,11:53.8,4.3,1802,Brisbane FC,chaotic,chaotic,-42.71,-3.82,-19.91,-5.73
1925299,Brisbane FC v Perth Glory,1,11:53.8,12:10.3,16.5,871,Perth Glory,create,medium_block,18.85,6.47,-19.33,-15.23
1925299,Brisbane FC v Perth Glory,1,12:10.3,12:12.7,2.4,871,Perth Glory,build_up,high_block,-20.57,-14.0,-29.39,-5.76
1925299,Brisbane FC v Perth Glory,1,12:12.7,12:17.9,5.2,871,Perth Glory,chaotic,chaotic,-29.06,-5.43,26.68,23.54
1925299,Brisbane FC v Perth Glory,1,12:17.9,12:34.0,16.1,1802,Brisbane FC,build_up,high_block,-27.15,-23.79,-20.11,12.46
1925299,Brisbane FC v Perth Glory,1,12:34.0,12:36.6,2.6,1802,Brisbane FC,create,medium_block,-18.21,12.1,-12.33,-6.22
1925299,Brisbane FC v Perth Glory,1,12:36.6,12:39.1,2.5,871,Perth Glory,chaotic,chaotic,12.41,6.18,16.19,2.61
1925299,Brisbane FC v Perth Glory,1,13:43.8,13:47.6,3.8,871,Perth Glory,finish,low_block,19.81,2.63,56.91,-10.32
1925299,Brisbane FC v Perth Glory,1,14:06.4,14:09.0,2.6,1802,Brisbane FC,build_up,high_block,,,-48.24,-17.26
1925299,Brisbane FC v Perth Glory,1,14:09.0,14:11.7,2.7,1802,Brisbane FC,direct,defending_direct,-47.19,-17.8,3.67,-21.91
1925299,Brisbane FC v Perth Glory,1,14:11.7,14:17.7,6.0,1802,Brisbane FC,create,medium_block,3.75,-21.84,11.93,-25.91
1925299,Brisbane FC v Perth Glory,1,14:17.7,14:21.1,3.4,871,Perth Glory,create,medium_block,-12.12,25.82,-19.65,28.9
1925299,Brisbane FC v Perth Glory,1,14:21.1,14:35.2,14.1,871,Perth Glory,build_up,high_block,-21.34,27.48,-24.53,-12.43
1925299,Brisbane FC v Perth Glory,1,14:35.2,14:48.5,13.3,1802,Brisbane FC,quick_break,defending_quick_break,23.26,13.07,44.75,26.38
1925299,Brisbane FC v Perth Glory,1,14:48.5,15:09.0,20.5,1802,Brisbane FC,finish,low_block,44.17,26.82,36.71,11.11
1925299,Brisbane FC v Perth Glory,1,15:09.0,15:15.2,6.2,871,Perth Glory,build_up,high_block,-37.69,-10.26,-20.18,-5.54
1925299,Brisbane FC v Perth Glory,1,15:15.2,15:22.6,7.4,871,Perth Glory,create,medium_block,-19.59,-3.92,-19.32,19.29
1925299,Brisbane FC v Perth Glory,1,15:22.6,15:33.9,11.3,871,Perth Glory,build_up,high_block,-20.48,18.22,-20.71,-21.77
1925299,Brisbane FC v Perth Glory,1,15:33.9,15:40.7,6.8,871,Perth Glory,create,medium_block,-18.38,-21.83,19.69,-30.18
1925299,Brisbane FC v Perth Glory,1,15:40.7,15:52.3,11.6,871,Perth Glory,finish,low_block,20.35,-30.23,38.77,18.95
1925299,Brisbane FC v Perth Glory,1,15:52.3,15:52.5,0.2,1802,Brisbane FC,chaotic,chaotic,-38.56,-18.93,-38.43,-19.31
1925299,Brisbane FC v Perth Glory,1,16:39.2,16:40.8,1.6,1802,Brisbane FC,chaotic,chaotic,-24.94,-31.87,-9.35,-28.57
1925299,Brisbane FC v Perth Glory,1,16:40.8,16:42.6,1.8,871,Perth Glory,chaotic,chaotic,9.96,28.33,16.58,18.46
1925299,Brisbane FC v Perth Glory,1,16:42.6,16:44.4,1.8,1802,Brisbane FC,chaotic,chaotic,-16.21,-18.05,-8.61,-14.23
1925299,Brisbane FC v Perth Glory,1,16:59.7,17:22.7,23.0,1802,Brisbane FC,create,medium_block,-6.44,-7.76,-19.91,-25.03
1925299,Brisbane FC v Perth Glory,1,17:22.7,17:29.4,6.7,1802,Brisbane FC,build_up,high_block,-20.73,-24.31,-20.22,9.59
1925299,Brisbane FC v Perth Glory,1,17:29.4,17:38.3,8.9,1802,Brisbane FC,create,medium_block,-19.55,9.87,16.87,-10.67
1925299,Brisbane FC v Perth Glory,1,17:38.3,17:43.4,5.1,1802,Brisbane FC,finish,low_block,17.59,-10.76,46.68,-18.11
1925299,Brisbane FC v Perth Glory,1,18:24.0,18:27.7,3.7,871,Perth Glory,direct,defending_direct,,,16.82,-6.76
1925299,Brisbane FC v Perth Glory,1,18:27.7,18:29.9,2.2,1802,Brisbane FC,chaotic,chaotic,-17.41,7.05,-15.03,10.05
1925299,Brisbane FC v Perth Glory,1,18:29.9,18:37.2,7.3,871,Perth Glory,chaotic,chaotic,14.92,-10.06,50.95,-2.8
1925299,Brisbane FC v Perth Glory,1,19:18.8,19:24.6,5.8,1802,Brisbane FC,direct,defending_direct,,,4.94,-28.57
1925299,Brisbane FC v Perth Glory,1,19:24.6,19:26.0,1.4,871,Perth Glory,chaotic,chaotic,-4.4,28.64,4.2,27.07
1925299,Brisbane FC v Perth Glory,1,19:26.0,19:27.9,1.9,1802,Brisbane FC,chaotic,chaotic,-4.94,-26.76,8.05,-19.49
1925299,Brisbane FC v Perth Glory,1,19:27.9,19:29.7,1.8,871,Perth Glory,chaotic,chaotic,-8.32,19.11,12.87,16.94
1925299,Brisbane FC v Perth Glory,1,19:29.7,19:31.7,2.0,1802,Brisbane FC,chaotic,chaotic,-12.71,-16.61,-3.66,-12.88
1925299,Brisbane FC v Perth Glory,1,19:42.2,19:45.3,3.1,1802,Brisbane FC,direct,defending_direct,-8.6,-7.8,27.7,9.31
1925299,Brisbane FC v Perth Glory,1,19:45.3,19:46.7,1.4,871,Perth Glory,build_up,high_block,-27.82,-9.53,-20.23,-9.29
1925299,Brisbane FC v Perth Glory,1,19:46.7,19:48.5,1.8,871,Perth Glory,create,medium_block,-19.98,-9.88,-19.81,-13.92
1925299,Brisbane FC v Perth Glory,1,19:48.5,20:02.4,13.9,871,Perth Glory,build_up,high_block,-20.05,-13.93,-21.16,-16.81
1925299,Brisbane FC v Perth Glory,1,20:02.4,20:03.4,1.0,871,Perth Glory,create,medium_block,-19.96,-16.23,-10.39,-10.19
1925299,Brisbane FC v Perth Glory,1,20:03.4,20:06.4,3.0,1802,Brisbane FC,chaotic,chaotic,10.08,9.67,24.95,2.57
1925299,Brisbane FC v Perth Glory,1,20:06.4,20:08.0,1.6,871,Perth Glory,build_up,high_block,-25.32,-2.58,-20.12,8.81
1925299,Brisbane FC v Perth Glory,1,20:08.0,20:17.1,9.1,871,Perth Glory,create,medium_block,-19.89,9.57,14.9,12.31
1925299,Brisbane FC v Perth Glory,1,20:17.1,20:23.9,6.8,1802,Brisbane FC,create,medium_block,-15.19,-11.77,4.8,3.05
1925299,Brisbane FC v Perth Glory,1,20:23.9,20:33.0,9.1,871,Perth Glory,create,medium_block,-4.53,-2.89,8.8,-23.92
1925299,Brisbane FC v Perth Glory,1,20:33.0,20:38.2,5.2,871,Perth Glory,finish,low_block,8.73,-23.65,5.53,-23.92
1925299,Brisbane FC v Perth Glory,1,20:38.2,20:55.5,17.3,871,Perth Glory,create,medium_block,4.3,-23.23,14.91,-34.84
1925299,Brisbane FC v Perth Glory,1,21:00.6,21:14.4,13.8,871,Perth Glory,create,medium_block,11.33,-33.86,-19.28,24.27
1925299,Brisbane FC v Perth Glory,1,21:14.4,21:20.8,6.4,871,Perth Glory,build_up,high_block,-20.77,23.03,-21.0,-9.7
1925299,Brisbane FC v Perth Glory,1,21:20.8,21:20.9,0.1,871,Perth Glory,create,medium_block,-19.37,-11.05,-19.37,-11.05
1925299,Brisbane FC v Perth Glory,1,21:28.1,21:45.0,16.9,1802,Brisbane FC,create,medium_block,-7.88,31.92,-19.99,28.1
1925299,Brisbane FC v Perth Glory,1,21:45.0,21:52.8,7.8,1802,Brisbane FC,build_up,high_block,-20.16,28.02,-20.89,22.42
1925299,Brisbane FC v Perth Glory,1,21:52.8,21:57.3,4.5,1802,Brisbane FC,create,medium_block,-19.47,21.66,7.26,27.64
1925299,Brisbane FC v Perth Glory,1,21:57.3,22:04.1,6.8,871,Perth Glory,create,medium_block,-7.22,-27.81,13.82,-7.05
1925299,Brisbane FC v Perth Glory,1,22:46.1,22:47.1,1.0,871,Perth Glory,set_play,defending_set_play,15.94,-4.02,28.95,1.84
1925299,Brisbane FC v Perth Glory,1,23:12.2,23:16.8,4.6,1802,Brisbane FC,build_up,high_block,-48.46,7.48,-20.53,30.28
1925299,Brisbane FC v Perth Glory,1,23:16.8,23:17.2,0.4,1802,Brisbane FC,create,medium_block,-18.56,30.03,-14.58,28.96
1925299,Brisbane FC v Perth Glory,1,23:17.2,23:19.6,2.4,871,Perth Glory,chaotic,chaotic,14.18,-28.44,25.14,-22.12
1925299,Brisbane FC v Perth Glory,1,23:19.6,23:20.8,1.2,1802,Brisbane FC,chaotic,chaotic,-24.91,22.01,-12.03,18.98
1925299,Brisbane FC v Perth Glory,1,23:20.8,23:24.1,3.3,871,Perth Glory,chaotic,chaotic,11.66,-19.0,28.08,-26.53
1925299,Brisbane FC v Perth Glory,1,23:41.6,23:46.7,5.1,1802,Brisbane FC,build_up,high_block,-48.42,-3.12,-20.19,-7.81
1925299,Brisbane FC v Perth Glory,1,23:46.7,23:49.7,3.0,1802,Brisbane FC,create,medium_block,-18.55,-8.69,-10.39,-18.18
1925299,Brisbane FC v Perth Glory,1,23:58.9,24:02.4,3.5,1802,Brisbane FC,create,medium_block,-4.16,-19.18,25.13,-20.86
1925299,Brisbane FC v Perth Glory,1,24:02.4,24:44.5,42.1,1802,Brisbane FC,finish,low_block,26.33,-21.55,6.79,-7.31
1925299,Brisbane FC v Perth Glory,1,24:44.5,24:46.4,1.9,1802,Brisbane FC,create,medium_block,5.82,-7.57,4.93,3.47
1925299,Brisbane FC v Perth Glory,1,24:46.4,25:03.2,16.8,1802,Brisbane FC,finish,low_block,5.11,4.64,46.38,-10.76
1925299,Brisbane FC v Perth Glory,1,25:03.2,25:09.0,5.8,871,Perth Glory,build_up,high_block,-46.03,10.52,-20.12,24.0
1925299,Brisbane FC v Perth Glory,1,25:09.0,25:18.1,9.1,871,Perth Glory,create,medium_block,-19.75,24.11,22.23,26.97
1925299,Brisbane FC v Perth Glory,1,25:18.1,25:18.9,0.8,871,Perth Glory,finish,low_block,22.53,26.63,22.83,24.52
1925299,Brisbane FC v Perth Glory,1,25:18.9,25:23.1,4.2,1802,Brisbane FC,chaotic,chaotic,-22.77,-24.87,-20.85,-35.5
1925299,Brisbane FC v Perth Glory,1,28:19.4,28:20.8,1.4,1802,Brisbane FC,chaotic,chaotic,11.13,-30.88,14.0,-29.63
1925299,Brisbane FC v Perth Glory,1,28:20.8,28:21.6,0.8,871,Perth Glory,chaotic,chaotic,-13.5,29.51,-6.88,30.25
1925299,Brisbane FC v Perth Glory,1,28:37.4,28:39.3,1.9,1802,Brisbane FC,finish,low_block,6.65,-33.16,5.3,-31.36
1925299,Brisbane FC v Perth Glory,1,28:39.3,28:41.8,2.5,1802,Brisbane FC,create,medium_block,5.1,-31.36,20.33,-4.28
1925299,Brisbane FC v Perth Glory,1,28:41.8,28:46.7,4.9,871,Perth Glory,chaotic,chaotic,-20.44,3.62,18.52,-14.29
1925299,Brisbane FC v Perth Glory,1,28:46.7,28:46.9,0.2,1802,Brisbane FC,create,medium_block,-19.19,14.51,-19.86,14.61
1925299,Brisbane FC v Perth Glory,1,28:46.9,29:01.1,14.2,1802,Brisbane FC,build_up,high_block,-20.48,14.68,-31.93,-28.53
1925299,Brisbane FC v Perth Glory,1,29:01.1,29:04.3,3.2,1802,Brisbane FC,direct,defending_direct,-30.84,-28.62,13.95,-13.23
1925299,Brisbane FC v Perth Glory,1,29:04.3,29:07.9,3.6,1802,Brisbane FC,create,medium_block,14.14,-12.91,21.51,-4.19
1925299,Brisbane FC v Perth Glory,1,29:07.9,29:12.2,4.3,1802,Brisbane FC,finish,low_block,21.78,-4.16,44.46,-3.52
1925299,Brisbane FC v Perth Glory,1,29:12.2,29:17.4,5.2,871,Perth Glory,chaotic,chaotic,-44.85,3.08,-17.18,-8.76
1925299,Brisbane FC v Perth Glory,1,29:17.4,29:57.2,39.8,1802,Brisbane FC,finish,low_block,16.92,8.92,48.72,-9.08
1925299,Brisbane FC v Perth Glory,1,30:37.0,30:45.2,8.2,871,Perth Glory,direct,defending_direct,,,9.72,-11.32
1925299,Brisbane FC v Perth Glory,1,30:45.2,30:51.0,5.8,871,Perth Glory,create,medium_block,10.36,-11.1,26.31,9.59
1925299,Brisbane FC v Perth Glory,1,30:51.0,30:52.0,1.0,1802,Brisbane FC,chaotic,chaotic,-25.69,-10.16,-6.32,-15.55
1925299,Brisbane FC v Perth Glory,1,33:35.2,33:50.0,14.8,871,Perth Glory,build_up,high_block,-35.45,9.63,-33.68,-0.84
1925299,Brisbane FC v Perth Glory,1,33:50.0,33:53.3,3.3,871,Perth Glory,direct,defending_direct,-32.42,-1.55,19.38,-15.73
1925299,Brisbane FC v Perth Glory,1,33:53.3,33:53.4,0.1,1802,Brisbane FC,create,medium_block,-19.9,15.47,-19.9,15.47
1925299,Brisbane FC v Perth Glory,1,33:53.4,33:58.9,5.5,1802,Brisbane FC,build_up,high_block,-20.24,15.29,-40.28,8.46
1925299,Brisbane FC v Perth Glory,1,33:58.9,34:03.9,5.0,1802,Brisbane FC,direct,defending_direct,-39.26,8.56,26.7,27.38
1925299,Brisbane FC v Perth Glory,1,34:03.9,34:10.6,6.7,871,Perth Glory,chaotic,chaotic,-27.17,-27.64,-28.22,-30.74
1925299,Brisbane FC v Perth Glory,1,34:10.6,34:13.7,3.1,1802,Brisbane FC,chaotic,chaotic,28.32,30.87,27.17,34.86
1925299,Brisbane FC v Perth Glory,1,34:24.2,34:29.6,5.4,871,Perth Glory,chaotic,chaotic,-22.59,-33.76,17.15,-0.59
1925299,Brisbane FC v Perth Glory,1,34:29.6,34:35.3,5.7,1802,Brisbane FC,chaotic,chaotic,-17.74,-0.18,-1.71,-24.78
1925299,Brisbane FC v Perth Glory,1,34:35.3,34:50.8,15.5,871,Perth Glory,create,medium_block,1.82,24.71,23.39,31.0
1925299,Brisbane FC v Perth Glory,1,34:50.8,34:58.9,8.1,871,Perth Glory,finish,low_block,23.81,30.8,48.9,1.64
1925299,Brisbane FC v Perth Glory,1,34:58.9,35:18.3,19.4,1802,Brisbane FC,build_up,high_block,-49.08,-1.45,-24.47,30.54
1925299,Brisbane FC v Perth Glory,1,35:39.4,35:49.9,10.5,1802,Brisbane FC,create,medium_block,,,14.61,-27.37
1925299,Brisbane FC v Perth Glory,1,35:49.9,35:52.7,2.8,1802,Brisbane FC,finish,low_block,14.4,-27.64,5.32,-27.69
1925299,Brisbane FC v Perth Glory,1,35:52.7,35:53.0,0.3,1802,Brisbane FC,create,medium_block,4.88,-27.55,4.19,-27.55
1925299,Brisbane FC v Perth Glory,1,36:01.7,36:32.7,31.0,1802,Brisbane FC,create,medium_block,-13.87,-29.89,-19.57,21.31
1925299,Brisbane FC v Perth Glory,1,36:32.7,36:36.0,3.3,1802,Brisbane FC,build_up,high_block,-20.55,20.46,-20.17,8.43
1925299,Brisbane FC v Perth Glory,1,36:36.0,36:38.6,2.6,1802,Brisbane FC,create,medium_block,-19.31,8.18,-9.62,8.26
1925299,Brisbane FC v Perth Glory,1,36:45.8,37:12.5,26.7,1802,Brisbane FC,create,medium_block,-10.13,-6.84,-4.21,-11.48
1925299,Brisbane FC v Perth Glory,1,37:12.5,37:21.7,9.2,871,Perth Glory,quick_break,defending_quick_break,4.25,11.92,49.36,-2.6
1925299,Brisbane FC v Perth Glory,1,37:40.7,37:54.3,13.6,1802,Brisbane FC,create,medium_block,,,-31.92,25.62
1925299,Brisbane FC v Perth Glory,1,37:54.3,38:00.1,5.8,871,Perth Glory,chaotic,chaotic,32.2,-25.72,37.41,-3.27
1925299,Brisbane FC v Perth Glory,1,38:00.1,38:01.3,1.2,1802,Brisbane FC,chaotic,chaotic,-37.01,3.39,-25.52,6.84
1925299,Brisbane FC v Perth Glory,1,38:01.3,38:09.4,8.1,871,Perth Glory,finish,low_block,24.53,-7.09,5.49,-22.52
1925299,Brisbane FC v Perth Glory,1,38:09.4,38:21.3,11.9,871,Perth Glory,create,medium_block,4.13,-21.7,23.73,-15.98
1925299,Brisbane FC v Perth Glory,1,38:21.3,38:33.4,12.1,1802,Brisbane FC,create,medium_block,-24.29,16.25,4.83,5.01
1925299,Brisbane FC v Perth Glory,1,38:33.4,38:45.5,12.1,871,Perth Glory,create,medium_block,-4.73,-4.7,-19.62,-15.31
1925299,Brisbane FC v Perth Glory,1,38:45.5,38:58.7,13.2,871,Perth Glory,build_up,high_block,-20.37,-14.68,-20.34,26.18
1925299,Brisbane FC v Perth Glory,1,38:58.7,39:11.4,12.7,871,Perth Glory,create,medium_block,-19.53,26.91,7.55,-25.96
1925299,Brisbane FC v Perth Glory,1,39:11.4,39:20.5,9.1,871,Perth Glory,finish,low_block,7.84,-26.39,-27.77,6.79
1925299,Brisbane FC v Perth Glory,1,39:20.5,39:26.5,6.0,871,Perth Glory,chaotic,chaotic,28.06,-6.44,47.32,-9.25
1925299,Brisbane FC v Perth Glory,1,39:42.9,39:46.8,3.9,1802,Brisbane FC,create,medium_block,,,13.52,-18.41
1925299,Brisbane FC v Perth Glory,1,39:46.8,39:48.2,1.4,1802,Brisbane FC,finish,low_block,13.94,-18.14,26.47,-10.39
1925299,Brisbane FC v Perth Glory,1,39:56.4,39:57.7,1.3,1802,Brisbane FC,create,medium_block,9.13,-29.5,4.53,-28.51
1925299,Brisbane FC v Perth Glory,1,39:57.7,40:03.6,5.9,1802,Brisbane FC,finish,low_block,5.09,-28.85,5.91,-19.63
1925299,Brisbane FC v Perth Glory,1,40:03.6,40:07.6,4.0,1802,Brisbane FC,create,medium_block,5.42,-18.08,4.25,11.52
1925299,Brisbane FC v Perth Glory,1,40:07.6,40:13.7,6.1,1802,Brisbane FC,finish,low_block,5.56,13.31,7.2,30.66
1925299,Brisbane FC v Perth Glory,1,40:13.7,40:25.7,12.0,1802,Brisbane FC,create,medium_block,5.6,30.41,20.62,15.19
1925299,Brisbane FC v Perth Glory,1,40:25.7,40:30.4,4.7,1802,Brisbane FC,finish,low_block,21.56,16.39,34.52,34.25
1925299,Brisbane FC v Perth Glory,1,40:44.7,41:02.8,18.1,1802,Brisbane FC,finish,low_block,40.56,33.08,37.03,20.67
1925299,Brisbane FC v Perth Glory,1,41:02.8,41:12.6,9.8,871,Perth Glory,build_up,high_block,-37.22,-20.8,-49.77,2.25
1925299,Brisbane FC v Perth Glory,1,41:12.6,41:15.6,3.0,871,Perth Glory,direct,defending_direct,-49.15,2.96,-15.7,22.05
1925299,Brisbane FC v Perth Glory,1,41:15.6,41:17.4,1.8,871,Perth Glory,create,medium_block,-15.08,22.23,-19.83,22.69
1925299,Brisbane FC v Perth Glory,1,41:17.4,41:21.1,3.7,871,Perth Glory,build_up,high_block,-20.5,23.01,-21.68,28.61
1925299,Brisbane FC v Perth Glory,1,41:21.1,41:21.9,0.8,871,Perth Glory,create,medium_block,-19.7,27.76,-10.62,23.03
1925299,Brisbane FC v Perth Glory,1,41:21.9,41:24.1,2.2,1802,Brisbane FC,finish,low_block,10.48,-22.54,6.09,-11.03
1925299,Brisbane FC v Perth Glory,1,41:24.1,41:48.9,24.8,1802,Brisbane FC,create,medium_block,5.17,-10.22,-10.33,-23.42
1925299,Brisbane FC v Perth Glory,1,41:48.9,41:53.2,4.3,1802,Brisbane FC,direct,defending_direct,-9.35,-23.6,39.29,-7.04
1925299,Brisbane FC v Perth Glory,1,41:53.2,42:07.6,14.4,871,Perth Glory,build_up,high_block,-39.8,6.97,-20.57,-16.99
1925299,Brisbane FC v Perth Glory,1,42:07.6,42:09.9,2.3,871,Perth Glory,create,medium_block,-19.29,-16.67,-5.04,-29.21
1925299,Brisbane FC v Perth Glory,1,42:33.8,42:52.9,19.1,1802,Brisbane FC,create,medium_block,-0.29,33.68,-19.65,25.36
1925299,Brisbane FC v Perth Glory,1,42:52.9,43:00.9,8.0,1802,Brisbane FC,build_up,high_block,-20.55,24.78,-20.22,19.94
1925299,Brisbane FC v Perth Glory,1,43:00.9,43:07.7,6.8,1802,Brisbane FC,create,medium_block,-19.6,18.89,17.95,-30.19
1925299,Brisbane FC v Perth Glory,1,43:07.7,43:20.6,12.9,1802,Brisbane FC,finish,low_block,18.45,-30.19,48.16,-14.0
1925299,Brisbane FC v Perth Glory,1,43:51.7,43:52.7,1.0,1802,Brisbane FC,set_play,defending_set_play,50.08,-21.53,47.88,-1.98
1925299,Brisbane FC v Perth Glory,1,44:34.2,44:39.4,5.2,871,Perth Glory,direct,defending_direct,,,16.08,-23.95
1925299,Brisbane FC v Perth Glory,1,44:39.4,44:39.9,0.5,1802,Brisbane FC,create,medium_block,-16.89,23.66,-19.62,22.76
1925299,Brisbane FC v Perth Glory,1,44:39.9,44:42.8,2.9,1802,Brisbane FC,build_up,high_block,-20.17,22.6,-38.33,13.9
1925299,Brisbane FC v Perth Glory,1,44:42.8,44:45.5,2.7,1802,Brisbane FC,direct,defending_direct,-37.75,13.93,3.15,23.63
1925299,Brisbane FC v Perth Glory,1,44:45.5,44:50.1,4.6,1802,Brisbane FC,create,medium_block,3.82,23.41,14.86,4.17
1925299,Brisbane FC v Perth Glory,1,44:50.1,44:58.0,7.9,871,Perth Glory,create,medium_block,-14.65,-4.14,14.56,-32.97
1925299,Brisbane FC v Perth Glory,1,44:58.0,45:29.5,31.5,871,Perth Glory,finish,low_block,14.55,-32.9,46.71,-4.95
1925299,Brisbane FC v Perth Glory,1,45:29.5,45:47.9,18.4,871,Perth Glory,create,medium_block,,,25.3,13.32
1925299,Brisbane FC v Perth Glory,1,45:47.9,45:52.4,4.5,1802,Brisbane FC,create,medium_block,-25.23,-13.37,-17.83,-17.54
1925299,Brisbane FC v Perth Glory,1,45:52.4,45:54.8,2.4,1802,Brisbane FC,direct,defending_direct,-15.23,-18.19,18.5,-29.2
1925299,Brisbane FC v Perth Glory,1,45:54.8,45:59.6,4.8,1802,Brisbane FC,finish,low_block,18.88,-29.2,16.39,-32.48
1925299,Brisbane FC v Perth Glory,1,45:59.6,46:37.5,37.9,871,Perth Glory,create,medium_block,-16.31,32.33,-19.76,-24.89
1925299,Brisbane FC v Perth Glory,1,46:37.5,46:41.7,4.2,871,Perth Glory,build_up,high_block,-20.3,-24.16,-22.02,-20.57
1925299,Brisbane FC v Perth Glory,1,46:41.7,46:55.4,13.7,871,Perth Glory,create,medium_block,-19.78,-21.15,24.89,26.56
1925299,Brisbane FC v Perth Glory,1,46:55.4,47:00.6,5.2,871,Perth Glory,finish,low_block,25.21,26.37,54.58,4.92
1925299,Brisbane FC v Perth Glory,1,47:38.9,47:42.4,3.5,1802,Brisbane FC,direct,defending_direct,,,19.54,-23.13
1925299,Brisbane FC v Perth Glory,1,47:42.4,47:44.4,2.0,871,Perth Glory,chaotic,chaotic,-19.06,23.31,5.28,27.16
1925299,Brisbane FC v Perth Glory,1,47:44.4,47:46.4,2.0,1802,Brisbane FC,chaotic,chaotic,-5.91,-27.59,1.2,-28.58
1925299,Brisbane FC v Perth Glory,1,47:46.4,47:49.1,2.7,871,Perth Glory,chaotic,chaotic,-1.25,28.59,8.78,26.27
1925299,Brisbane FC v Perth Glory,1,47:49.1,47:50.3,1.2,1802,Brisbane FC,chaotic,chaotic,-8.92,-26.49,1.11,-28.71
1925299,Brisbane FC v Perth Glory,1,48:02.0,48:03.2,1.2,871,Perth Glory,create,medium_block,-10.65,33.45,-19.23,26.85
1925299,Brisbane FC v Perth Glory,1,48:03.2,48:10.7,7.5,871,Perth Glory,build_up,high_block,-20.4,26.05,-20.46,25.66
1925299,Brisbane FC v Perth Glory,1,48:10.7,48:14.5,3.8,871,Perth Glory,create,medium_block,-19.19,26.4,-14.95,34.62
1925299,Brisbane FC v Perth Glory,1,48:30.5,48:31.0,0.5,871,Perth Glory,create,medium_block,-16.01,29.29,-19.28,25.69
1925299,Brisbane FC v Perth Glory,1,48:31.0,48:36.6,5.6,871,Perth Glory,build_up,high_block,-20.27,24.43,-20.0,3.03
1925299,Brisbane FC v Perth Glory,1,48:36.6,48:41.3,4.7,871,Perth Glory,create,medium_block,-19.68,2.69,-19.79,-13.66
1925299,Brisbane FC v Perth Glory,1,48:41.3,49:09.3,28.0,871,Perth Glory,build_up,high_block,-20.27,-13.2,-29.94,-18.31
1925299,Brisbane FC v Perth Glory,1,49:09.3,49:12.9,3.6,871,Perth Glory,direct,defending_direct,-28.95,-18.22,25.9,-16.21
1925299,Brisbane FC v Perth Glory,1,49:12.9,49:18.0,5.1,1802,Brisbane FC,chaotic,chaotic,-26.24,16.15,-13.19,28.97
1925299,Brisbane FC v Perth Glory,1,49:34.2,49:44.6,10.4,1802,Brisbane FC,set_play,defending_set_play,6.78,24.71,35.52,16.41
1925299,Brisbane FC v Perth Glory,1,49:44.6,49:48.9,4.3,871,Perth Glory,chaotic,chaotic,-35.52,-16.35,-21.46,0.93
1925299,Brisbane FC v Perth Glory,1,49:48.9,49:50.5,1.6,1802,Brisbane FC,chaotic,chaotic,21.69,-1.65,27.95,-7.0
1925299,Brisbane FC v Perth Glory,1,49:50.5,49:56.4,5.9,871,Perth Glory,chaotic,chaotic,-28.12,6.93,20.91,-0.36
1925299,Brisbane FC v Perth Glory,1,49:56.4,50:03.7,7.3,1802,Brisbane FC,create,medium_block,-21.19,0.38,22.9,-27.57
1925299,Brisbane FC v Perth Glory,1,50:03.7,50:12.6,8.9,1802,Brisbane FC,finish,low_block,23.48,-27.68,46.49,3.95
1925299,Brisbane FC v Perth Glory,1,50:19.7,50:24.0,4.3,871,Perth Glory,build_up,high_block,-48.02,-10.52,,
1925299,Brisbane FC v Perth Glory,2,45:00.0,45:07.6,7.6,871,Perth Glory,create,medium_block,-0.36,0.66,-21.51,-26.38
1925299,Brisbane FC v Perth Glory,2,45:07.6,45:12.6,5.0,871,Perth Glory,direct,defending_direct,-20.97,-26.4,39.98,6.05
1925299,Brisbane FC v Perth Glory,2,45:12.6,45:26.6,14.0,1802,Brisbane FC,build_up,high_block,-40.4,-6.55,-26.23,-12.02
1925299,Brisbane FC v Perth Glory,2,45:26.6,45:29.4,2.8,1802,Brisbane FC,direct,defending_direct,-24.23,-12.37,21.81,-22.66
1925299,Brisbane FC v Perth Glory,2,45:29.4,45:35.5,6.1,871,Perth Glory,chaotic,chaotic,-22.94,22.81,-33.14,31.43
1925299,Brisbane FC v Perth Glory,2,45:51.0,45:52.0,1.0,1802,Brisbane FC,chaotic,chaotic,33.15,-31.79,40.73,-29.76
1925299,Brisbane FC v Perth Glory,2,45:52.0,45:55.8,3.8,871,Perth Glory,chaotic,chaotic,-40.71,29.81,-27.61,26.79
1925299,Brisbane FC v Perth Glory,2,45:55.8,45:59.2,3.4,1802,Brisbane FC,finish,low_block,27.24,-27.07,5.88,-27.37
1925299,Brisbane FC v Perth Glory,2,45:59.2,46:03.8,4.6,1802,Brisbane FC,create,medium_block,5.33,-27.41,-7.6,-26.45
1925299,Brisbane FC v Perth Glory,2,46:03.8,46:06.4,2.6,1802,Brisbane FC,direct,defending_direct,-6.62,-26.37,32.02,-20.55
1925299,Brisbane FC v Perth Glory,2,46:06.4,46:11.9,5.5,871,Perth Glory,chaotic,chaotic,-32.86,20.48,-12.03,28.28
1925299,Brisbane FC v Perth Glory,2,46:11.9,46:13.0,1.1,1802,Brisbane FC,finish,low_block,11.95,-28.3,5.95,-27.05
1925299,Brisbane FC v Perth Glory,2,46:13.0,46:35.6,22.6,1802,Brisbane FC,create,medium_block,4.7,-26.65,-16.62,-27.33
1925299,Brisbane FC v Perth Glory,2,46:35.6,46:38.0,2.4,1802,Brisbane FC,direct,defending_direct,-15.43,-27.34,21.47,-31.03
1925299,Brisbane FC v Perth Glory,2,46:38.0,46:41.3,3.3,871,Perth Glory,chaotic,chaotic,-22.57,31.27,-8.61,32.79
1925299,Brisbane FC v Perth Glory,2,46:41.3,46:45.1,3.8,1802,Brisbane FC,chaotic,chaotic,8.7,-32.68,12.49,-24.78
1925299,Brisbane FC v Perth Glory,2,46:45.1,46:48.0,2.9,871,Perth Glory,chaotic,chaotic,-12.22,24.68,-7.19,20.74
1925299,Brisbane FC v Perth Glory,2,47:02.1,47:13.6,11.5,871,Perth Glory,create,medium_block,-5.51,17.94,-18.94,-25.66
1925299,Brisbane FC v Perth Glory,2,47:13.6,47:22.4,8.8,871,Perth Glory,build_up,high_block,-20.01,-24.77,-43.06,-3.16
1925299,Brisbane FC v Perth Glory,2,47:22.4,47:25.2,2.8,871,Perth Glory,direct,defending_direct,-42.27,-4.15,1.95,-23.35
1925299,Brisbane FC v Perth Glory,2,47:32.3,47:40.6,8.3,871,Perth Glory,finish,low_block,19.52,-32.9,29.5,-35.1
1925299,Brisbane FC v Perth Glory,2,47:55.7,48:02.6,6.9,871,Perth Glory,finish,low_block,32.75,-32.03,5.4,-18.96
1925299,Brisbane FC v Perth Glory,2,48:02.6,48:07.1,4.5,871,Perth Glory,create,medium_block,5.27,-18.79,4.74,10.62
1925299,Brisbane FC v Perth Glory,2,48:07.1,48:11.9,4.8,871,Perth Glory,finish,low_block,5.06,11.1,5.91,26.83
1925299,Brisbane FC v Perth Glory,2,48:11.9,48:15.2,3.3,871,Perth Glory,create,medium_block,5.27,26.42,-19.83,8.36
1925299,Brisbane FC v Perth Glory,2,48:15.2,48:19.3,4.1,871,Perth Glory,build_up,high_block,-20.66,7.82,-20.29,-11.43
1925299,Brisbane FC v Perth Glory,2,48:19.3,48:25.2,5.9,871,Perth Glory,create,medium_block,-18.86,-13.06,14.21,-20.27
1925299,Brisbane FC v Perth Glory,2,48:25.2,48:30.0,4.8,871,Perth Glory,finish,low_block,14.83,-20.05,21.0,7.54
1925299,Brisbane FC v Perth Glory,2,48:30.0,48:48.5,18.5,1802,Brisbane FC,create,medium_block,-20.92,-8.02,-19.96,30.74
1925299,Brisbane FC v Perth Glory,2,48:48.5,49:06.9,18.4,1802,Brisbane FC,build_up,high_block,-20.03,30.91,-20.42,12.4
1925299,Brisbane FC v Perth Glory,2,49:06.9,49:14.9,8.0,1802,Brisbane FC,create,medium_block,-18.89,13.61,5.0,13.52
1925299,Brisbane FC v Perth Glory,2,49:14.9,49:18.0,3.1,1802,Brisbane FC,finish,low_block,5.12,13.36,5.72,1.65
1925299,Brisbane FC v Perth Glory,2,49:18.0,49:20.7,2.7,1802,Brisbane FC,create,medium_block,5.44,2.29,4.87,14.07
1925299,Brisbane FC v Perth Glory,2,49:20.7,49:24.8,4.1,1802,Brisbane FC,finish,low_block,6.0,13.94,5.52,3.02
1925299,Brisbane FC v Perth Glory,2,49:24.8,49:31.6,6.8,1802,Brisbane FC,create,medium_block,5.15,2.39,5.57,19.46
1925299,Brisbane FC v Perth Glory,2,49:31.6,49:42.5,10.9,1802,Brisbane FC,finish,low_block,5.92,19.57,45.16,-6.34
1925299,Brisbane FC v Perth Glory,2,50:18.5,50:19.5,1.0,871,Perth Glory,direct,defending_direct,,,,
1925299,Brisbane FC v Perth Glory,2,50:42.8,50:45.8,3.0,1802,Brisbane FC,chaotic,chaotic,0.31,30.93,13.64,20.95
1925299,Brisbane FC v Perth Glory,2,50:45.8,50:49.5,3.7,871,Perth Glory,chaotic,chaotic,-13.29,-20.97,6.93,-25.39
1925299,Brisbane FC v Perth Glory,2,50:49.5,50:52.7,3.2,1802,Brisbane FC,chaotic,chaotic,-7.06,25.41,13.77,24.97
1925299,Brisbane FC v Perth Glory,2,50:52.7,50:55.0,2.3,871,Perth Glory,chaotic,chaotic,-14.27,-24.81,-19.78,-29.18
1925299,Brisbane FC v Perth Glory,2,51:08.4,51:09.4,1.0,1802,Brisbane FC,chaotic,chaotic,3.72,31.42,10.6,30.54
1925299,Brisbane FC v Perth Glory,2,51:17.7,51:30.2,12.5,871,Perth Glory,create,medium_block,-13.43,-27.54,17.73,-28.55
1925299,Brisbane FC v Perth Glory,2,51:30.2,51:32.9,2.7,871,Perth Glory,finish,low_block,18.26,-28.75,31.74,-11.32
1925299,Brisbane FC v Perth Glory,2,51:32.9,51:37.5,4.6,1802,Brisbane FC,chaotic,chaotic,-32.29,10.33,-18.52,9.23
1925299,Brisbane FC v Perth Glory,2,51:37.5,51:43.8,6.3,871,Perth Glory,chaotic,chaotic,18.51,-9.76,36.57,5.37
1925299,Brisbane FC v Perth Glory,2,51:43.8,51:46.2,2.4,1802,Brisbane FC,chaotic,chaotic,-36.31,-6.15,-15.96,-11.36
1925299,Brisbane FC v Perth Glory,2,51:46.2,51:48.3,2.1,871,Perth Glory,finish,low_block,15.71,11.69,6.45,8.78
1925299,Brisbane FC v Perth Glory,2,51:48.3,51:55.3,7.0,871,Perth Glory,create,medium_block,5.5,8.14,9.91,-9.97
1925299,Brisbane FC v Perth Glory,2,51:55.3,52:07.3,12.0,871,Perth Glory,finish,low_block,10.34,-9.66,46.84,-9.17
1925299,Brisbane FC v Perth Glory,2,52:15.8,52:24.4,8.6,1802,Brisbane FC,build_up,high_block,-48.21,2.03,-20.57,-32.01
1925299,Brisbane FC v Perth Glory,2,52:24.4,52:25.4,1.0,1802,Brisbane FC,create,medium_block,-19.18,-32.03,-10.2,-31.21
1925299,Brisbane FC v Perth Glory,2,52:41.3,52:44.2,2.9,871,Perth Glory,create,medium_block,,,-19.53,24.57
1925299,Brisbane FC v Perth Glory,2,52:44.2,52:48.7,4.5,871,Perth Glory,build_up,high_block,-20.08,24.35,-20.01,-11.5
1925299,Brisbane FC v Perth Glory,2,52:48.7,52:48.9,0.2,871,Perth Glory,create,medium_block,-19.13,-12.43,-18.64,-13.21
1925299,Brisbane FC v Perth Glory,2,52:48.9,52:58.5,9.6,1802,Brisbane FC,quick_break,defending_quick_break,18.47,13.81,53.24,-0.63
1925299,Brisbane FC v Perth Glory,2,53:49.1,53:54.3,5.2,871,Perth Glory,direct,defending_direct,,,11.78,-9.95
1925299,Brisbane FC v Perth Glory,2,53:54.3,53:55.1,0.8,1802,Brisbane FC,chaotic,chaotic,-11.21,9.51,-7.29,6.4
1925299,Brisbane FC v Perth Glory,2,53:55.1,53:57.9,2.8,871,Perth Glory,create,medium_block,7.22,-6.09,8.94,14.48
1925299,Brisbane FC v Perth Glory,2,53:57.9,54:07.3,9.4,871,Perth Glory,finish,low_block,8.94,15.02,38.14,23.21
1925299,Brisbane FC v Perth Glory,2,54:18.6,54:29.5,10.9,1802,Brisbane FC,build_up,high_block,-47.89,3.68,-20.62,8.28
1925299,Brisbane FC v Perth Glory,2,54:29.5,54:36.0,6.5,1802,Brisbane FC,create,medium_block,-19.68,7.36,27.21,-24.78
1925299,Brisbane FC v Perth Glory,2,54:36.0,54:41.5,5.5,1802,Brisbane FC,finish,low_block,27.64,-25.16,30.31,-17.77
1925299,Brisbane FC v Perth Glory,2,54:41.5,54:43.9,2.4,871,Perth Glory,build_up,high_block,-30.34,17.86,-20.52,11.12
1925299,Brisbane FC v Perth Glory,2,54:43.9,54:47.0,3.1,871,Perth Glory,create,medium_block,-19.75,10.07,-19.76,-1.77
1925299,Brisbane FC v Perth Glory,2,54:47.0,54:49.7,2.7,871,Perth Glory,build_up,high_block,-20.6,-2.13,-21.49,0.56
1925299,Brisbane FC v Perth Glory,2,54:49.7,54:50.1,0.4,871,Perth Glory,create,medium_block,-19.9,1.96,-15.51,6.13
1925299,Brisbane FC v Perth Glory,2,55:00.5,55:18.5,18.0,1802,Brisbane FC,create,medium_block,-17.12,-30.57,-1.4,-13.44
1925299,Brisbane FC v Perth Glory,2,55:18.5,55:20.2,1.7,871,Perth Glory,chaotic,chaotic,0.24,13.35,-5.63,11.4
1925299,Brisbane FC v Perth Glory,2,55:20.2,55:26.8,6.6,1802,Brisbane FC,create,medium_block,5.67,-11.56,21.76,-28.59
1925299,Brisbane FC v Perth Glory,2,55:26.8,55:53.3,26.5,1802,Brisbane FC,finish,low_block,22.1,-27.97,5.36,-18.22
1925299,Brisbane FC v Perth Glory,2,55:53.3,56:05.2,11.9,1802,Brisbane FC,create,medium_block,3.93,-17.41,11.59,-16.92
1925299,Brisbane FC v Perth Glory,2,56:05.2,56:06.8,1.6,871,Perth Glory,chaotic,chaotic,-11.89,16.31,-9.56,13.86
1925299,Brisbane FC v Perth Glory,2,56:06.8,56:10.5,3.7,871,Perth Glory,direct,defending_direct,-8.76,13.73,24.62,9.74
1925299,Brisbane FC v Perth Glory,2,56:10.5,56:49.0,38.5,1802,Brisbane FC,create,medium_block,-24.85,-9.99,19.75,-16.22
1925299,Brisbane FC v Perth Glory,2,56:49.0,57:08.8,19.8,1802,Brisbane FC,finish,low_block,20.4,-15.6,50.49,2.57
1925299,Brisbane FC v Perth Glory,2,57:49.1,57:50.1,1.0,871,Perth Glory,direct,defending_direct,,,,
1925299,Brisbane FC v Perth Glory,2,57:59.4,58:08.1,8.7,1802,Brisbane FC,create,medium_block,-12.29,31.68,-19.11,-14.72
1925299,Brisbane FC v Perth Glory,2,58:08.1,58:17.4,9.3,1802,Brisbane FC,build_up,high_block,-20.13,-13.96,-20.92,-13.82
1925299,Brisbane FC v Perth Glory,2,58:17.4,58:21.7,4.3,1802,Brisbane FC,create,medium_block,-19.14,-14.39,20.03,-15.43
1925299,Brisbane FC v Perth Glory,2,58:21.7,58:24.9,3.2,871,Perth Glory,chaotic,chaotic,-20.94,15.58,-28.19,17.34
1925299,Brisbane FC v Perth Glory,2,58:24.9,58:34.7,9.8,1802,Brisbane FC,finish,low_block,28.55,-17.05,45.66,-3.01
1925299,Brisbane FC v Perth Glory,2,59:15.0,59:20.6,5.6,871,Perth Glory,direct,defending_direct,,,15.32,-23.52
1925299,Brisbane FC v Perth Glory,2,59:20.6,59:30.5,9.9,871,Perth Glory,finish,low_block,15.16,-23.49,46.78,2.65
1925299,Brisbane FC v Perth Glory,2,59:30.5,59:58.4,27.9,1802,Brisbane FC,build_up,high_block,-47.71,-2.71,-26.19,-27.06
1925299,Brisbane FC v Perth Glory,2,59:58.4,60:01.0,2.6,1802,Brisbane FC,direct,defending_direct,-25.51,-27.21,9.92,-18.91
1925299,Brisbane FC v Perth Glory,2,60:01.0,60:02.8,1.8,871,Perth Glory,create,medium_block,-10.74,18.78,-19.85,18.41
1925299,Brisbane FC v Perth Glory,2,60:02.8,60:06.8,4.0,871,Perth Glory,build_up,high_block,-20.17,18.36,-21.56,-0.46
1925299,Brisbane FC v Perth Glory,2,60:06.8,60:07.9,1.1,871,Perth Glory,create,medium_block,-19.89,-0.38,-8.55,-0.11
1925299,Brisbane FC v Perth Glory,2,60:07.9,60:40.6,32.7,1802,Brisbane FC,finish,low_block,8.49,0.49,6.4,20.88
1925299,Brisbane FC v Perth Glory,2,60:40.6,60:42.6,2.0,1802,Brisbane FC,create,medium_block,5.54,20.93,4.88,12.11
1925299,Brisbane FC v Perth Glory,2,60:42.6,60:46.9,4.3,1802,Brisbane FC,finish,low_block,5.75,10.56,15.87,2.19
1925299,Brisbane FC v Perth Glory,2,60:46.9,60:54.1,7.2,871,Perth Glory,create,medium_block,-15.83,-2.05,-6.1,-4.92
1925299,Brisbane FC v Perth Glory,2,60:54.1,61:01.8,7.7,1802,Brisbane FC,create,medium_block,5.46,5.08,14.39,5.17
1925299,Brisbane FC v Perth Glory,2,61:01.8,61:13.5,11.7,1802,Brisbane FC,finish,low_block,14.47,5.07,6.59,-25.02
1925299,Brisbane FC v Perth Glory,2,61:13.5,61:18.3,4.8,1802,Brisbane FC,create,medium_block,5.43,-24.34,4.69,12.53
1925299,Brisbane FC v Perth Glory,2,61:18.3,61:22.4,4.1,1802,Brisbane FC,finish,low_block,5.04,12.76,6.62,24.28
1925299,Brisbane FC v Perth Glory,2,61:22.4,61:38.9,16.5,1802,Brisbane FC,create,medium_block,5.38,23.57,7.93,3.75
1925299,Brisbane FC v Perth Glory,2,61:38.9,61:40.3,1.4,1802,Brisbane FC,finish,low_block,8.34,3.94,21.11,0.49
1925299,Brisbane FC v Perth Glory,2,61:40.3,61:44.4,4.1,871,Perth Glory,chaotic,chaotic,-21.9,-0.28,-24.3,2.05
1925299,Brisbane FC v Perth Glory,2,61:44.4,61:54.2,9.8,1802,Brisbane FC,finish,low_block,23.95,-2.77,42.91,-6.82
1925299,Brisbane FC v Perth Glory,2,63:01.3,63:02.3,1.0,871,Perth Glory,direct,defending_direct,-49.2,-5.42,-33.14,-14.37
1925299,Brisbane FC v Perth Glory,2,63:11.8,63:12.2,0.4,1802,Brisbane FC,create,medium_block,-16.98,30.11,-19.24,28.89
1925299,Brisbane FC v Perth Glory,2,63:12.2,63:18.0,5.8,1802,Brisbane FC,build_up,high_block,-20.25,28.45,-30.06,-9.23
1925299,Brisbane FC v Perth Glory,2,63:25.0,63:28.7,3.7,871,Perth Glory,chaotic,chaotic,4.69,31.09,4.16,34.52
1925299,Brisbane FC v Perth Glory,2,63:38.6,63:53.4,14.8,1802,Brisbane FC,create,medium_block,-15.69,-29.2,-19.82,-17.63
1925299,Brisbane FC v Perth Glory,2,63:53.4,64:05.7,12.3,1802,Brisbane FC,build_up,high_block,-20.41,-17.09,-20.21,19.68
1925299,Brisbane FC v Perth Glory,2,64:05.7,64:12.3,6.6,1802,Brisbane FC,create,medium_block,-19.63,19.74,-11.62,-0.95
1925299,Brisbane FC v Perth Glory,2,64:12.3,64:15.8,3.5,871,Perth Glory,chaotic,chaotic,11.39,0.95,25.34,16.04
1925299,Brisbane FC v Perth Glory,2,64:53.4,65:01.6,8.2,871,Perth Glory,set_play,defending_set_play,51.95,32.79,5.0,-14.69
1925299,Brisbane FC v Perth Glory,2,65:01.6,65:08.8,7.2,871,Perth Glory,create,medium_block,4.76,-15.18,5.97,18.87
1925299,Brisbane FC v Perth Glory,2,65:08.8,65:21.7,12.9,871,Perth Glory,finish,low_block,6.18,18.88,25.76,36.33
1925299,Brisbane FC v Perth Glory,2,65:46.3,65:49.0,2.7,871,Perth Glory,chaotic,chaotic,31.69,34.03,33.18,33.68
1925299,Brisbane FC v Perth Glory,2,66:02.5,66:03.5,1.0,1802,Brisbane FC,chaotic,chaotic,,,,
1925299,Brisbane FC v Perth Glory,2,67:10.4,67:15.1,4.7,871,Perth Glory,finish,low_block,12.57,33.53,5.6,22.72
1925299,Brisbane FC v Perth Glory,2,67:15.1,67:21.0,5.9,871,Perth Glory,create,medium_block,4.87,21.38,-19.8,20.77
1925299,Brisbane FC v Perth Glory,2,67:21.0,67:25.5,4.5,871,Perth Glory,build_up,high_block,-20.02,21.09,-42.13,7.49
1925299,Brisbane FC v Perth Glory,2,67:25.5,67:29.7,4.2,871,Perth Glory,direct,defending_direct,-41.96,7.02,24.66,-4.02
1925299,Brisbane FC v Perth Glory,2,67:29.7,67:50.3,20.6,1802,Brisbane FC,create,medium_block,-24.9,4.12,0.79,24.75
1925299,Brisbane FC v Perth Glory,2,68:00.4,68:04.6,4.2,871,Perth Glory,build_up,high_block,-20.78,-31.95,-42.98,-11.62
1925299,Brisbane FC v Perth Glory,2,68:04.6,68:08.1,3.5,871,Perth Glory,direct,defending_direct,-42.64,-11.75,-1.35,-13.29
1925299,Brisbane FC v Perth Glory,2,68:08.1,68:18.0,9.9,871,Perth Glory,create,medium_block,-1.89,-12.86,17.62,-13.66
1925299,Brisbane FC v Perth Glory,2,68:18.0,68:26.1,8.1,871,Perth Glory,finish,low_block,17.98,-14.19,50.59,6.83
1925299,Brisbane FC v Perth Glory,2,71:09.1,71:14.6,5.5,1802,Brisbane FC,create,medium_block,-8.13,-5.83,10.54,-28.29
1925299,Brisbane FC v Perth Glory,2,71:14.6,71:17.0,2.4,1802,Brisbane FC,finish,low_block,10.83,-27.89,13.25,-14.15
1925299,Brisbane FC v Perth Glory,2,71:27.0,71:29.0,2.0,1802,Brisbane FC,create,medium_block,10.06,-0.63,4.83,10.22
1925299,Brisbane FC v Perth Glory,2,71:29.0,71:37.3,8.3,1802,Brisbane FC,finish,low_block,5.5,11.51,35.43,34.1
1925299,Brisbane FC v Perth Glory,2,71:43.8,71:49.4,5.6,1802,Brisbane FC,finish,low_block,32.14,34.0,6.82,15.91
1925299,Brisbane FC v Perth Glory,2,71:49.4,71:54.5,5.1,1802,Brisbane FC,create,medium_block,5.59,14.95,14.75,31.18
1925299,Brisbane FC v Perth Glory,2,71:54.5,72:11.5,17.0,1802,Brisbane FC,finish,low_block,15.59,31.63,42.33,0.53
1925299,Brisbane FC v Perth Glory,2,72:11.5,72:25.0,13.5,1802,Brisbane FC,create,medium_block,,,-3.86,22.06
1925299,Brisbane FC v Perth Glory,2,72:25.0,72:26.4,1.4,871,Perth Glory,chaotic,chaotic,3.89,-22.02,12.88,-22.0
1925299,Brisbane FC v Perth Glory,2,72:26.4,72:28.7,2.3,1802,Brisbane FC,create,medium_block,-13.26,22.25,-19.81,23.53
1925299,Brisbane FC v Perth Glory,2,72:28.7,72:34.9,6.2,1802,Brisbane FC,build_up,high_block,-20.56,23.28,-20.03,-20.29
1925299,Brisbane FC v Perth Glory,2,72:34.9,72:49.2,14.3,1802,Brisbane FC,create,medium_block,-19.71,-21.33,10.2,26.18
1925299,Brisbane FC v Perth Glory,2,72:49.2,73:24.8,35.6,1802,Brisbane FC,finish,low_block,10.61,27.11,5.1,-22.28
1925299,Brisbane FC v Perth Glory,2,73:24.8,73:32.0,7.2,1802,Brisbane FC,create,medium_block,4.36,-21.85,-18.86,16.06
1925299,Brisbane FC v Perth Glory,2,73:32.0,73:35.1,3.1,1802,Brisbane FC,build_up,high_block,-20.07,14.83,-20.57,4.18
1925299,Brisbane FC v Perth Glory,2,73:35.1,73:48.6,13.5,1802,Brisbane FC,create,medium_block,-19.61,4.25,-1.64,-29.51
1925299,Brisbane FC v Perth Glory,2,74:22.6,74:34.6,12.0,871,Perth Glory,create,medium_block,5.51,28.97,10.82,-8.43
1925299,Brisbane FC v Perth Glory,2,74:34.6,74:39.1,4.5,1802,Brisbane FC,chaotic,chaotic,-10.45,8.17,19.07,2.1
1925299,Brisbane FC v Perth Glory,2,74:39.1,74:41.6,2.5,871,Perth Glory,chaotic,chaotic,-19.69,-2.02,-6.88,-7.06
1925299,Brisbane FC v Perth Glory,2,74:41.6,74:44.4,2.8,1802,Brisbane FC,chaotic,chaotic,7.09,7.53,11.12,21.58
1925299,Brisbane FC v Perth Glory,2,74:44.4,74:49.0,4.6,871,Perth Glory,chaotic,chaotic,-10.71,-21.46,3.3,-0.98
1925299,Brisbane FC v Perth Glory,2,74:49.0,74:54.7,5.7,1802,Brisbane FC,create,medium_block,-3.14,0.87,13.24,4.9
1925299,Brisbane FC v Perth Glory,2,74:54.7,75:06.2,11.5,1802,Brisbane FC,finish,low_block,13.5,5.61,36.39,-9.8
1925299,Brisbane FC v Perth Glory,2,75:06.2,75:10.9,4.7,871,Perth Glory,build_up,high_block,-36.57,9.65,-24.43,10.27
1925299,Brisbane FC v Perth Glory,2,75:10.9,75:18.3,7.4,1802,Brisbane FC,quick_break,defending_quick_break,24.15,-10.21,46.22,-21.21
1925299,Brisbane FC v Perth Glory,2,76:17.5,76:18.5,1.0,1802,Brisbane FC,set_play,defending_set_play,50.32,-7.13,50.73,1.21
1925299,Brisbane FC v Perth Glory,2,76:46.8,76:48.8,2.0,871,Perth Glory,chaotic,chaotic,-32.75,-33.78,-12.79,-30.73
1925299,Brisbane FC v Perth Glory,2,76:48.8,76:50.1,1.3,1802,Brisbane FC,chaotic,chaotic,13.01,30.78,16.32,29.3
1925299,Brisbane FC v Perth Glory,2,76:50.1,76:58.5,8.4,871,Perth Glory,create,medium_block,-16.03,-29.23,-7.08,11.53
1925299,Brisbane FC v Perth Glory,2,76:58.5,77:01.4,2.9,1802,Brisbane FC,create,medium_block,7.24,-11.88,16.14,-23.26
1925299,Brisbane FC v Perth Glory,2,77:01.4,77:06.4,5.0,1802,Brisbane FC,finish,low_block,16.8,-23.94,7.22,-25.22
1925299,Brisbane FC v Perth Glory,2,77:06.4,77:17.4,11.0,1802,Brisbane FC,create,medium_block,5.85,-24.63,4.87,-23.99
1925299,Brisbane FC v Perth Glory,2,77:17.4,77:20.5,3.1,1802,Brisbane FC,finish,low_block,5.23,-25.22,21.5,-20.19
1925299,Brisbane FC v Perth Glory,2,77:20.5,77:27.9,7.4,871,Perth Glory,create,medium_block,-21.6,19.87,-19.07,30.75
1925299,Brisbane FC v Perth Glory,2,77:27.9,77:33.6,5.7,871,Perth Glory,build_up,high_block,-20.75,29.74,-21.62,1.22
1925299,Brisbane FC v Perth Glory,2,77:33.6,77:34.5,0.9,871,Perth Glory,create,medium_block,-19.34,1.04,-5.81,-0.23
1925299,Brisbane FC v Perth Glory,2,77:34.5,77:46.8,12.3,1802,Brisbane FC,quick_break,defending_quick_break,5.56,0.96,50.38,7.41
1925299,Brisbane FC v Perth Glory,2,77:46.8,78:09.0,22.2,871,Perth Glory,build_up,high_block,-51.1,-7.17,-38.07,2.76
1925299,Brisbane FC v Perth Glory,2,78:09.0,78:12.5,3.5,871,Perth Glory,direct,defending_direct,-36.9,2.95,15.78,19.8
1925299,Brisbane FC v Perth Glory,2,78:12.5,78:17.9,5.4,871,Perth Glory,create,medium_block,16.07,20.01,19.63,13.44
1925299,Brisbane FC v Perth Glory,2,78:17.9,78:23.6,5.7,871,Perth Glory,finish,low_block,20.23,13.21,5.27,20.13
1925299,Brisbane FC v Perth Glory,2,78:23.6,78:29.3,5.7,871,Perth Glory,create,medium_block,4.83,20.18,-3.13,15.2
1925299,Brisbane FC v Perth Glory,2,78:29.3,78:57.6,28.3,1802,Brisbane FC,quick_break,defending_quick_break,3.07,-16.2,47.32,-2.45
1925299,Brisbane FC v Perth Glory,2,80:30.5,80:31.5,1.0,871,Perth Glory,direct,defending_direct,-43.04,-4.61,-26.47,-13.79
1925299,Brisbane FC v Perth Glory,2,80:50.6,80:52.0,1.4,871,Perth Glory,finish,low_block,11.79,-32.68,7.97,-30.39
1925299,Brisbane FC v Perth Glory,2,80:52.0,80:55.6,3.6,871,Perth Glory,create,medium_block,7.09,-30.45,-19.78,-25.01
1925299,Brisbane FC v Perth Glory,2,80:55.6,80:57.1,1.5,871,Perth Glory,build_up,high_block,-20.51,-24.51,-22.34,-19.87
1925299,Brisbane FC v Perth Glory,2,80:57.1,81:03.7,6.6,871,Perth Glory,create,medium_block,-19.58,-19.68,35.07,-13.44
1925299,Brisbane FC v Perth Glory,2,81:03.7,81:08.4,4.7,1802,Brisbane FC,chaotic,chaotic,-35.04,13.49,-6.47,13.26
1925299,Brisbane FC v Perth Glory,2,81:08.4,81:09.4,1.0,871,Perth Glory,chaotic,chaotic,6.93,-13.83,20.64,-21.03
1925299,Brisbane FC v Perth Glory,2,81:17.0,81:23.5,6.5,1802,Brisbane FC,build_up,high_block,-45.09,32.73,-48.21,12.55
1925299,Brisbane FC v Perth Glory,2,81:23.5,81:26.4,2.9,1802,Brisbane FC,direct,defending_direct,-47.5,11.88,-14.28,-17.33
1925299,Brisbane FC v Perth Glory,2,81:26.4,81:30.6,4.2,871,Perth Glory,chaotic,chaotic,13.24,17.34,29.08,-8.71
1925299,Brisbane FC v Perth Glory,2,81:30.6,81:43.0,12.4,1802,Brisbane FC,build_up,high_block,-29.86,9.53,-20.01,-24.78
1925299,Brisbane FC v Perth Glory,2,81:43.0,81:44.6,1.6,1802,Brisbane FC,create,medium_block,-19.55,-25.48,-19.77,-27.01
1925299,Brisbane FC v Perth Glory,2,81:44.6,81:49.2,4.6,1802,Brisbane FC,build_up,high_block,-20.72,-26.13,-20.07,-20.69
1925299,Brisbane FC v Perth Glory,2,81:49.2,81:56.6,7.4,1802,Brisbane FC,create,medium_block,-18.96,-22.08,-19.84,-27.66
1925299,Brisbane FC v Perth Glory,2,81:56.6,82:04.4,7.8,1802,Brisbane FC,build_up,high_block,-21.3,-26.79,-20.0,21.31
1925299,Brisbane FC v Perth Glory,2,82:04.4,82:21.1,16.7,1802,Brisbane FC,create,medium_block,-19.69,21.4,9.72,-2.83
1925299,Brisbane FC v Perth Glory,2,82:21.1,82:36.0,14.9,1802,Brisbane FC,finish,low_block,9.72,-3.03,46.78,-13.68
1925299,Brisbane FC v Perth Glory,2,82:36.0,82:38.8,2.8,871,Perth Glory,chaotic,chaotic,-46.69,13.33,-36.03,21.62
1925299,Brisbane FC v Perth Glory,2,83:05.0,83:12.3,7.3,1802,Brisbane FC,set_play,defending_set_play,,,42.63,2.58
1925299,Brisbane FC v Perth Glory,2,83:42.2,83:56.4,14.2,871,Perth Glory,create,medium_block,,,20.81,-29.66
1925299,Brisbane FC v Perth Glory,2,84:26.4,84:28.2,1.8,871,Perth Glory,chaotic,chaotic,29.54,-30.92,29.87,-29.11
1925299,Brisbane FC v Perth Glory,2,84:28.2,84:33.5,5.3,1802,Brisbane FC,build_up,high_block,-29.98,29.34,-20.39,15.16
1925299,Brisbane FC v Perth Glory,2,84:33.5,84:33.6,0.1,1802,Brisbane FC,create,medium_block,-18.71,15.37,-18.71,15.37
1925299,Brisbane FC v Perth Glory,2,84:33.6,84:37.2,3.6,871,Perth Glory,finish,low_block,17.19,-15.6,5.2,-0.44
1925299,Brisbane FC v Perth Glory,2,84:37.2,84:46.2,9.0,871,Perth Glory,create,medium_block,4.95,0.1,10.79,-27.43
1925299,Brisbane FC v Perth Glory,2,84:56.7,85:17.5,20.8,1802,Brisbane FC,create,medium_block,-19.05,22.19,9.81,30.77
1925299,Brisbane FC v Perth Glory,2,85:17.5,85:25.0,7.5,1802,Brisbane FC,finish,low_block,9.79,30.71,6.88,25.25
1925299,Brisbane FC v Perth Glory,2,85:25.0,85:30.8,5.8,1802,Brisbane FC,create,medium_block,5.71,24.82,3.87,-15.46
1925299,Brisbane FC v Perth Glory,2,85:30.8,85:37.2,6.4,1802,Brisbane FC,finish,low_block,5.32,-16.87,23.61,-2.3
1925299,Brisbane FC v Perth Glory,2,86:19.1,86:20.1,1.0,1802,Brisbane FC,set_play,defending_set_play,26.01,-7.0,43.58,-0.31
1925299,Brisbane FC v Perth Glory,2,86:53.2,86:57.4,4.2,871,Perth Glory,create,medium_block,,,7.13,-21.44
1925299,Brisbane FC v Perth Glory,2,86:57.4,87:02.8,5.4,1802,Brisbane FC,chaotic,chaotic,-7.17,21.71,0.14,28.79
1925299,Brisbane FC v Perth Glory,2,87:08.6,87:16.9,8.3,1802,Brisbane FC,create,medium_block,-5.92,30.88,19.13,-31.99
1925299,Brisbane FC v Perth Glory,2,87:16.9,87:54.8,37.9,1802,Brisbane FC,finish,low_block,19.83,-32.42,44.79,4.42
1925299,Brisbane FC v Perth Glory,2,87:54.8,88:05.0,10.2,871,Perth Glory,build_up,high_block,-44.04,-3.96,-43.37,18.87
1925299,Brisbane FC v Perth Glory,2,88:05.0,88:07.4,2.4,871,Perth Glory,direct,defending_direct,-42.61,18.91,-7.52,14.89
1925299,Brisbane FC v Perth Glory,2,88:07.4,88:17.7,10.3,1802,Brisbane FC,quick_break,defending_quick_break,6.74,-14.48,50.01,-4.71
1925299,Brisbane FC v Perth Glory,2,88:17.7,88:18.8,1.1,871,Perth Glory,chaotic,chaotic,-50.21,5.88,-52.45,14.79
1925299,Brisbane FC v Perth Glory,2,88:41.0,88:50.7,9.7,1802,Brisbane FC,set_play,defending_set_play,52.11,-20.79,49.8,-6.66
1925299,Brisbane FC v Perth Glory,2,89:07.5,89:27.5,20.0,1802,Brisbane FC,set_play,defending_set_play,51.5,-31.86,,
1925299,Brisbane FC v Perth Glory,2,89:27.5,89:31.4,3.9,871,Perth Glory,create,medium_block,,,-36.96,-8.68
1925299,Brisbane FC v Perth Glory,2,89:31.4,89:35.6,4.2,871,Perth Glory,direct,defending_direct,-35.4,-8.63,19.54,-13.36
1925299,Brisbane FC v Perth Glory,2,89:35.6,89:37.3,1.7,1802,Brisbane FC,chaotic,chaotic,-20.35,12.61,-9.6,6.52
1925299,Brisbane FC v Perth Glory,2,89:37.3,89:38.7,1.4,871,Perth Glory,create,medium_block,9.87,-6.04,16.6,1.33
1925299,Brisbane FC v Perth Glory,2,89:38.7,89:46.5,7.8,871,Perth Glory,finish,low_block,16.96,1.81,47.73,5.93
1925299,Brisbane FC v Perth Glory,2,89:46.5,89:52.9,6.4,1802,Brisbane FC,build_up,high_block,-47.65,-6.08,-20.04,-13.6
1925299,Brisbane FC v Perth Glory,2,89:52.9,89:59.5,6.6,1802,Brisbane FC,create,medium_block,-19.63,-13.71,8.63,-11.77
1925299,Brisbane FC v Perth Glory,2,89:59.5,90:13.9,14.4,1802,Brisbane FC,finish,low_block,8.87,-11.47,49.0,-35.93
1925299,Brisbane FC v Perth Glory,2,90:18.8,90:39.1,20.3,1802,Brisbane FC,finish,low_block,43.16,-33.96,42.28,-37.32
1925299,Brisbane FC v Perth Glory,2,90:53.4,90:55.5,2.1,871,Perth Glory,chaotic,chaotic,-37.67,34.73,-14.8,30.47
1925299,Brisbane FC v Perth Glory,2,90:55.5,90:59.7,4.2,1802,Brisbane FC,chaotic,chaotic,14.37,-30.29,24.94,-26.37
1925299,Brisbane FC v Perth Glory,2,90:59.7,91:05.2,5.5,871,Perth Glory,chaotic,chaotic,-25.36,26.0,-23.43,23.39
1925299,Brisbane FC v Perth Glory,2,91:05.2,91:09.8,4.6,1802,Brisbane FC,chaotic,chaotic,23.69,-23.81,43.05,3.22
1925299,Brisbane FC v Perth Glory,2,91:09.8,91:31.9,22.1,871,Perth Glory,build_up,high_block,-43.15,-3.71,-20.89,-6.46
1925299,Brisbane FC v Perth Glory,2,91:31.9,91:32.0,0.1,871,Perth Glory,create,medium_block,-18.89,-6.62,-18.89,-6.62
1925299,Brisbane FC v Perth Glory,2,91:32.0,91:37.9,5.9,871,Perth Glory,direct,defending_direct,-16.97,-6.77,29.77,3.83
1925299,Brisbane FC v Perth Glory,2,91:37.9,91:42.7,4.8,871,Perth Glory,finish,low_block,30.19,3.95,27.29,3.65
1925299,Brisbane FC v Perth Glory,2,91:42.7,91:53.2,10.5,1802,Brisbane FC,create,medium_block,-27.19,-3.84,-7.52,-19.77
1925299,Brisbane FC v Perth Glory,2,91:59.3,92:04.6,5.3,1802,Brisbane FC,create,medium_block,-5.53,-13.25,6.48,21.0
1925299,Brisbane FC v Perth Glory,2,92:04.6,92:24.9,20.3,1802,Brisbane FC,finish,low_block,7.08,22.01,52.94,-3.75
1925299,Brisbane FC v Perth Glory,2,93:01.7,93:02.7,1.0,871,Perth Glory,direct,defending_direct,,,,
1925299,Brisbane FC v Perth Glory,2,93:53.8,94:03.2,9.4,1802,Brisbane FC,create,medium_block,-10.74,30.27,4.58,-23.78
1925299,Brisbane FC v Perth Glory,2,94:03.2,94:07.5,4.3,1802,Brisbane FC,finish,low_block,5.04,-23.88,12.02,-33.16
1925299,Brisbane FC v Perth Glory,2,94:16.3,94:17.1,0.8,1802,Brisbane FC,chaotic,chaotic,25.96,-30.74,32.62,-26.05
1925299,Brisbane FC v Perth Glory,2,94:17.1,94:19.0,1.9,871,Perth Glory,chaotic,chaotic,-32.88,25.73,-24.29,25.22
1925299,Brisbane FC v Perth Glory,2,94:19.0,94:23.1,4.1,1802,Brisbane FC,finish,low_block,23.99,-24.98,5.56,-18.75
1925299,Brisbane FC v Perth Glory,2,94:23.1,94:27.7,4.6,1802,Brisbane FC,create,medium_block,5.18,-18.92,4.84,6.01
1925299,Brisbane FC v Perth Glory,2,94:27.7,94:56.8,29.1,1802,Brisbane FC,finish,low_block,5.11,6.51,35.73,2.63
1925299,Brisbane FC v Perth Glory,2,94:56.8,95:02.4,5.6,871,Perth Glory,chaotic,chaotic,-35.82,-2.66,-17.2,7.11
1925299,Brisbane FC v Perth Glory,2,95:02.4,95:08.5,6.1,1802,Brisbane FC,finish,low_block,16.74,-7.12,5.78,-17.87
1925299,Brisbane FC v Perth Glory,2,95:08.5,95:11.4,2.9,1802,Brisbane FC,create,medium_block,5.25,-17.4,4.97,-17.03
1925299,Brisbane FC v Perth Glory,2,95:11.4,95:57.6,46.2,1802,Brisbane FC,finish,low_block,5.26,-17.43,42.6,-11.85
1925299,Brisbane FC v Perth Glory,2,96:05.9,96:16.1,10.2,1802,Brisbane FC,finish,low_block,18.15,-32.8,29.7,-22.15
1925299,Brisbane FC v Perth Glory,2,96:16.1,96:24.5,8.4,871,Perth Glory,chaotic,chaotic,-30.7,21.52,-15.51,13.85
1925299,Brisbane FC v Perth Glory,2,96:24.5,96:26.4,1.9,1802,Brisbane FC,chaotic,chaotic,15.84,-13.94,27.44,-12.23
1925299,Brisbane FC v Perth Glory,2,96:26.4,96:32.0,5.6,871,Perth Glory,build_up,high_block,-27.51,12.2,-26.25,6.89
1925299,Brisbane FC v Perth Glory,2,96:32.0,96:35.3,3.3,871,Perth Glory,direct,defending_direct,-25.82,6.93,10.53,11.16
1925299,Brisbane FC v Perth Glory,2,96:35.3,96:37.0,1.7,1802,Brisbane FC,chaotic,chaotic,-11.2,-11.4,5.19,-16.33
1925299,Brisbane FC v Perth Glory,2,96:37.0,96:38.3,1.3,871,Perth Glory,chaotic,chaotic,-5.7,16.6,-3.3,21.46
1899585,Auckland FC v Wellington P FC,1,00:00.2,00:19.1,18.9,867,Wellington P FC,create,medium_block,-0.59,-0.79,-19.74,25.47
1899585,Auckland FC v Wellington P FC,1,00:19.1,00:25.9,6.8,867,Wellington P FC,build_up,high_block,-20.54,25.49,-20.13,-19.82
1899585,Auckland FC v Wellington P FC,1,00:25.9,00:26.6,0.7,867,Wellington P FC,create,medium_block,-18.72,-20.68,-12.92,-24.25
1899585,Auckland FC v Wellington P FC,1,00:26.6,00:27.4,0.8,4177,Auckland FC,chaotic,chaotic,13.06,24.56,20.08,22.3
1899585,Auckland FC v Wellington P FC,1,01:26.4,01:38.5,12.1,4177,Auckland FC,set_play,defending_set_play,20.45,20.36,5.21,13.43
1899585,Auckland FC v Wellington P FC,1,01:38.5,01:39.2,0.7,4177,Auckland FC,create,medium_block,4.95,12.98,5.0,11.66
1899585,Auckland FC v Wellington P FC,1,01:39.2,01:40.8,1.6,4177,Auckland FC,finish,low_block,5.04,11.48,5.17,9.76
1899585,Auckland FC v Wellington P FC,1,01:40.8,01:45.7,4.9,4177,Auckland FC,create,medium_block,5.01,9.03,-19.72,-6.79
1899585,Auckland FC v Wellington P FC,1,01:45.7,01:51.7,6.0,4177,Auckland FC,build_up,high_block,-20.44,-6.13,-20.25,-16.92
1899585,Auckland FC v Wellington P FC,1,01:51.7,01:57.1,5.4,4177,Auckland FC,create,medium_block,-19.9,-17.46,15.27,-18.01
1899585,Auckland FC v Wellington P FC,1,01:57.1,02:07.0,9.9,4177,Auckland FC,finish,low_block,15.91,-16.76,5.7,-1.9
1899585,Auckland FC v Wellington P FC,1,02:07.0,02:09.1,2.1,4177,Auckland FC,create,medium_block,5.19,-1.02,4.93,10.54
1899585,Auckland FC v Wellington P FC,1,02:09.1,02:19.9,10.8,4177,Auckland FC,finish,low_block,6.43,12.5,11.83,34.86
1899585,Auckland FC v Wellington P FC,1,02:25.6,02:33.0,7.4,4177,Auckland FC,finish,low_block,17.47,34.06,41.02,16.01
1899585,Auckland FC v Wellington P FC,1,02:33.0,02:36.3,3.3,867,Wellington P FC,chaotic,chaotic,-41.58,-15.88,-41.12,-31.5
1899585,Auckland FC v Wellington P FC,1,02:36.3,02:38.5,2.2,867,Wellington P FC,direct,defending_direct,-40.47,-31.82,-8.41,-25.71
1899585,Auckland FC v Wellington P FC,1,02:38.5,02:38.8,0.3,4177,Auckland FC,finish,low_block,7.4,25.43,5.79,24.88
1899585,Auckland FC v Wellington P FC,1,02:38.8,02:46.8,8.0,4177,Auckland FC,create,medium_block,5.14,24.46,7.41,32.43
1899585,Auckland FC v Wellington P FC,1,02:46.8,02:48.1,1.3,4177,Auckland FC,finish,low_block,7.66,32.37,13.92,30.99
1899585,Auckland FC v Wellington P FC,1,02:58.8,03:02.7,3.9,4177,Auckland FC,chaotic,chaotic,17.7,33.75,51.47,30.86
1899585,Auckland FC v Wellington P FC,1,03:37.1,03:57.1,20.0,4177,Auckland FC,set_play,defending_set_play,49.95,29.11,22.74,16.42
1899585,Auckland FC v Wellington P FC,1,03:57.1,04:05.5,8.4,4177,Auckland FC,finish,low_block,23.29,17.23,44.2,18.32
1899585,Auckland FC v Wellington P FC,1,04:36.8,04:56.5,19.7,867,Wellington P FC,create,medium_block,-40.96,-15.07,-2.73,30.97
1899585,Auckland FC v Wellington P FC,1,05:13.4,05:18.5,5.1,867,Wellington P FC,create,medium_block,-0.83,33.38,11.27,33.22
1899585,Auckland FC v Wellington P FC,1,05:18.5,05:20.1,1.6,4177,Auckland FC,chaotic,chaotic,-10.56,-33.17,0.91,-27.73
1899585,Auckland FC v Wellington P FC,1,05:20.1,05:25.2,5.1,867,Wellington P FC,chaotic,chaotic,-1.02,27.43,19.83,26.66
1899585,Auckland FC v Wellington P FC,1,05:25.2,05:26.2,1.0,4177,Auckland FC,chaotic,chaotic,-19.77,-26.82,-17.52,-31.8
1899585,Auckland FC v Wellington P FC,1,05:33.0,05:35.8,2.8,867,Wellington P FC,finish,low_block,19.09,31.8,6.9,27.25
1899585,Auckland FC v Wellington P FC,1,05:35.8,05:47.8,12.0,867,Wellington P FC,create,medium_block,4.98,26.61,22.44,-20.83
1899585,Auckland FC v Wellington P FC,1,05:47.8,05:49.4,1.6,4177,Auckland FC,chaotic,chaotic,-22.9,20.59,-28.31,24.43
1899585,Auckland FC v Wellington P FC,1,05:49.4,05:52.6,3.2,4177,Auckland FC,direct,defending_direct,-27.28,24.82,18.17,26.18
1899585,Auckland FC v Wellington P FC,1,05:52.6,05:53.7,1.1,867,Wellington P FC,chaotic,chaotic,-18.04,-26.46,-12.18,-29.47
1899585,Auckland FC v Wellington P FC,1,05:53.7,05:54.9,1.2,4177,Auckland FC,create,medium_block,12.3,29.65,16.67,30.4
1899585,Auckland FC v Wellington P FC,1,05:54.9,06:01.4,6.5,4177,Auckland FC,finish,low_block,16.98,30.51,28.75,-0.18
1899585,Auckland FC v Wellington P FC,1,06:01.4,06:23.4,22.0,867,Wellington P FC,transition,defending_transition,-28.74,0.23,49.06,-17.98
1899585,Auckland FC v Wellington P FC,1,06:23.4,06:24.9,1.5,4177,Auckland FC,chaotic,chaotic,-48.92,17.91,-48.39,16.93
1899585,Auckland FC v Wellington P FC,1,06:24.9,06:27.7,2.8,4177,Auckland FC,direct,defending_direct,-47.38,16.71,-8.14,10.89
1899585,Auckland FC v Wellington P FC,1,06:27.7,06:45.6,17.9,867,Wellington P FC,create,medium_block,7.07,-10.69,-19.22,6.93
1899585,Auckland FC v Wellington P FC,1,06:45.6,06:48.8,3.2,867,Wellington P FC,direct,defending_direct,-18.65,6.56,21.02,-17.25
1899585,Auckland FC v Wellington P FC,1,06:48.8,06:50.5,1.7,4177,Auckland FC,chaotic,chaotic,-21.13,17.63,-14.96,16.45
1899585,Auckland FC v Wellington P FC,1,06:50.5,06:51.9,1.4,867,Wellington P FC,chaotic,chaotic,15.07,-16.21,18.55,-9.77
1899585,Auckland FC v Wellington P FC,1,06:51.9,07:03.1,11.2,4177,Auckland FC,create,medium_block,-18.99,9.58,22.26,29.4
1899585,Auckland FC v Wellington P FC,1,07:03.1,07:04.1,1.0,867,Wellington P FC,chaotic,chaotic,-22.49,-29.93,-24.57,-32.49
1899585,Auckland FC v Wellington P FC,1,07:29.0,07:49.8,20.8,4177,Auckland FC,finish,low_block,27.96,33.91,6.27,26.13
1899585,Auckland FC v Wellington P FC,1,07:49.8,08:04.5,14.7,4177,Auckland FC,create,medium_block,5.47,26.18,12.6,-6.32
1899585,Auckland FC v Wellington P FC,1,08:04.5,08:24.4,19.9,4177,Auckland FC,finish,low_block,12.13,-6.57,47.85,-11.36
1899585,Auckland FC v Wellington P FC,1,08:24.4,08:26.6,2.2,867,Wellington P FC,chaotic,chaotic,-48.01,11.49,-39.59,25.57
1899585,Auckland FC v Wellington P FC,1,08:40.4,08:41.4,1.0,4177,Auckland FC,chaotic,chaotic,39.65,-28.19,42.92,-29.44
1899585,Auckland FC v Wellington P FC,1,08:56.6,08:58.4,1.8,4177,Auckland FC,chaotic,chaotic,38.19,-33.39,37.38,-32.38
1899585,Auckland FC v Wellington P FC,1,08:58.4,09:08.9,10.5,867,Wellington P FC,build_up,high_block,-37.4,32.43,-29.42,28.56
1899585,Auckland FC v Wellington P FC,1,09:26.5,09:27.5,1.0,4177,Auckland FC,chaotic,chaotic,27.0,-31.67,31.1,-29.69
1899585,Auckland FC v Wellington P FC,1,09:35.7,09:42.5,6.8,867,Wellington P FC,create,medium_block,-44.86,-4.14,-21.23,-26.56
1899585,Auckland FC v Wellington P FC,1,09:57.9,09:58.0,0.1,867,Wellington P FC,create,medium_block,-19.33,-19.99,-19.33,-19.99
1899585,Auckland FC v Wellington P FC,1,09:58.0,10:05.9,7.9,867,Wellington P FC,build_up,high_block,-20.06,-19.18,-26.9,-13.59
1899585,Auckland FC v Wellington P FC,1,10:05.9,10:13.4,7.5,4177,Auckland FC,finish,low_block,25.69,14.52,27.26,0.4
1899585,Auckland FC v Wellington P FC,1,10:13.4,10:15.2,1.8,867,Wellington P FC,chaotic,chaotic,-26.99,-0.37,-21.91,4.2
1899585,Auckland FC v Wellington P FC,1,10:29.9,10:32.7,2.8,867,Wellington P FC,create,medium_block,-25.22,5.77,-20.57,24.32
1899585,Auckland FC v Wellington P FC,1,10:32.7,10:40.0,7.3,867,Wellington P FC,direct,defending_direct,-20.06,24.79,46.47,29.28
1899585,Auckland FC v Wellington P FC,1,10:40.0,10:41.7,1.7,4177,Auckland FC,chaotic,chaotic,-46.64,-29.21,-51.86,-26.13
1899585,Auckland FC v Wellington P FC,1,10:47.4,10:49.8,2.4,867,Wellington P FC,chaotic,chaotic,45.08,30.6,51.39,24.08
1899585,Auckland FC v Wellington P FC,1,11:23.7,11:37.8,14.1,867,Wellington P FC,set_play,defending_set_play,48.63,21.61,48.22,3.98
1899585,Auckland FC v Wellington P FC,1,11:37.8,11:44.1,6.3,4177,Auckland FC,transition,defending_transition,-48.38,-4.73,7.7,13.35
1899585,Auckland FC v Wellington P FC,1,11:44.1,11:47.1,3.0,867,Wellington P FC,chaotic,chaotic,-7.33,-13.27,16.54,-3.48
1899585,Auckland FC v Wellington P FC,1,11:47.1,11:47.2,0.1,4177,Auckland FC,chaotic,chaotic,-17.08,3.24,-17.08,3.24
1899585,Auckland FC v Wellington P FC,1,11:47.2,11:53.4,6.2,867,Wellington P FC,chaotic,chaotic,17.28,-3.15,7.7,3.92
1899585,Auckland FC v Wellington P FC,1,12:10.9,12:11.1,0.2,867,Wellington P FC,create,medium_block,,,,
1899585,Auckland FC v Wellington P FC,1,12:11.1,12:17.4,6.3,867,Wellington P FC,finish,low_block,14.38,30.12,41.45,22.03
1899585,Auckland FC v Wellington P FC,1,12:17.4,12:18.2,0.8,4177,Auckland FC,chaotic,chaotic,-41.49,-21.43,-41.02,-17.45
1899585,Auckland FC v Wellington P FC,1,12:18.2,12:21.6,3.4,4177,Auckland FC,direct,defending_direct,-40.87,-17.09,-4.62,-14.84
1899585,Auckland FC v Wellington P FC,1,12:21.6,12:24.8,3.2,867,Wellington P FC,chaotic,chaotic,4.5,14.96,26.74,11.24
1899585,Auckland FC v Wellington P FC,1,12:24.8,12:31.6,6.8,4177,Auckland FC,chaotic,chaotic,-26.47,-11.03,-9.89,-18.31
1899585,Auckland FC v Wellington P FC,1,12:31.6,12:34.4,2.8,867,Wellington P FC,create,medium_block,10.07,17.99,18.09,21.79
1899585,Auckland FC v Wellington P FC,1,12:34.4,12:37.4,3.0,867,Wellington P FC,finish,low_block,18.18,22.01,5.04,28.7
1899585,Auckland FC v Wellington P FC,1,12:37.4,12:37.6,0.2,867,Wellington P FC,create,medium_block,5.01,28.69,5.0,28.67
1899585,Auckland FC v Wellington P FC,1,12:37.6,12:37.7,0.1,867,Wellington P FC,finish,low_block,5.01,28.6,5.01,28.6
1899585,Auckland FC v Wellington P FC,1,12:37.7,13:03.8,26.1,867,Wellington P FC,create,medium_block,4.95,28.44,-6.09,21.8
1899585,Auckland FC v Wellington P FC,1,13:03.8,13:21.8,18.0,4177,Auckland FC,create,medium_block,6.16,-22.01,4.54,-8.24
1899585,Auckland FC v Wellington P FC,1,13:21.8,13:24.2,2.4,4177,Auckland FC,finish,low_block,5.25,-9.01,5.09,-12.26
1899585,Auckland FC v Wellington P FC,1,13:24.2,13:24.6,0.4,4177,Auckland FC,create,medium_block,5.02,-12.18,4.95,-11.73
1899585,Auckland FC v Wellington P FC,1,13:24.6,13:25.9,1.3,4177,Auckland FC,finish,low_block,5.05,-11.39,5.61,-6.34
1899585,Auckland FC v Wellington P FC,1,13:25.9,13:36.0,10.1,4177,Auckland FC,create,medium_block,4.92,-4.86,2.99,34.82
1899585,Auckland FC v Wellington P FC,1,13:57.0,14:30.0,33.0,4177,Auckland FC,finish,low_block,11.81,33.4,43.41,-3.84
1899585,Auckland FC v Wellington P FC,1,14:30.0,14:57.2,27.2,867,Wellington P FC,chaotic,chaotic,-43.12,3.83,3.54,-25.51
1899585,Auckland FC v Wellington P FC,1,14:57.2,14:58.4,1.2,4177,Auckland FC,create,medium_block,-4.64,25.21,-19.6,19.66
1899585,Auckland FC v Wellington P FC,1,14:58.4,15:19.4,21.0,4177,Auckland FC,build_up,high_block,-20.57,19.32,-37.1,-3.51
1899585,Auckland FC v Wellington P FC,1,15:19.4,15:22.8,3.4,4177,Auckland FC,direct,defending_direct,-36.71,-3.48,6.93,-14.45
1899585,Auckland FC v Wellington P FC,1,15:22.8,15:24.3,1.5,867,Wellington P FC,chaotic,chaotic,-7.57,14.67,0.24,19.43
1899585,Auckland FC v Wellington P FC,1,15:24.3,15:29.7,5.4,4177,Auckland FC,create,medium_block,-0.58,-19.72,22.93,-14.62
1899585,Auckland FC v Wellington P FC,1,15:29.7,15:37.4,7.7,4177,Auckland FC,finish,low_block,23.46,-14.52,37.12,-12.04
1899585,Auckland FC v Wellington P FC,1,15:37.4,15:42.3,4.9,867,Wellington P FC,chaotic,chaotic,-37.43,11.94,-47.39,21.02
1899585,Auckland FC v Wellington P FC,1,15:42.3,15:48.9,6.6,4177,Auckland FC,finish,low_block,47.55,-21.45,42.7,-11.21
1899585,Auckland FC v Wellington P FC,1,15:48.9,15:49.4,0.5,867,Wellington P FC,chaotic,chaotic,-42.34,11.06,-41.34,10.19
1899585,Auckland FC v Wellington P FC,1,15:49.4,15:53.9,4.5,867,Wellington P FC,direct,defending_direct,-40.56,10.27,-5.06,24.56
1899585,Auckland FC v Wellington P FC,1,15:53.9,15:54.0,0.1,4177,Auckland FC,create,medium_block,4.99,-24.81,4.99,-24.81
1899585,Auckland FC v Wellington P FC,1,15:54.0,16:09.2,15.2,4177,Auckland FC,finish,low_block,5.15,-25.1,20.56,-26.92
1899585,Auckland FC v Wellington P FC,1,17:18.4,17:23.8,5.4,4177,Auckland FC,set_play,defending_set_play,24.26,-24.66,44.79,4.15
1899585,Auckland FC v Wellington P FC,1,17:45.7,17:48.1,2.4,867,Wellington P FC,create,medium_block,-34.11,6.61,-6.26,23.52
1899585,Auckland FC v Wellington P FC,1,17:48.1,17:49.1,1.0,4177,Auckland FC,chaotic,chaotic,5.78,-23.92,1.79,-26.39
1899585,Auckland FC v Wellington P FC,1,17:49.1,17:54.7,5.6,867,Wellington P FC,chaotic,chaotic,-1.35,26.42,38.44,18.14
1899585,Auckland FC v Wellington P FC,1,17:54.7,17:56.0,1.3,4177,Auckland FC,chaotic,chaotic,-39.28,-17.36,-48.0,-8.55
1899585,Auckland FC v Wellington P FC,1,17:56.0,17:58.7,2.7,4177,Auckland FC,direct,defending_direct,-47.22,-9.19,-7.03,-7.76
1899585,Auckland FC v Wellington P FC,1,17:58.7,18:04.0,5.3,867,Wellington P FC,finish,low_block,6.68,7.18,5.08,-24.31
1899585,Auckland FC v Wellington P FC,1,18:04.0,18:12.5,8.5,867,Wellington P FC,create,medium_block,5.0,-24.36,10.41,-31.33
1899585,Auckland FC v Wellington P FC,1,18:12.5,18:39.6,27.1,4177,Auckland FC,create,medium_block,-10.53,31.4,18.84,-7.61
1899585,Auckland FC v Wellington P FC,1,18:39.6,18:44.5,4.9,867,Wellington P FC,create,medium_block,-19.07,7.62,-5.56,-0.87
1899585,Auckland FC v Wellington P FC,1,18:44.5,18:50.8,6.3,4177,Auckland FC,create,medium_block,5.49,1.11,11.5,5.97
1899585,Auckland FC v Wellington P FC,1,18:50.8,19:03.1,12.3,4177,Auckland FC,finish,low_block,11.59,4.72,40.52,-9.08
1899585,Auckland FC v Wellington P FC,1,19:03.1,19:08.7,5.6,867,Wellington P FC,build_up,high_block,-40.33,10.21,-31.6,30.83
1899585,Auckland FC v Wellington P FC,1,19:13.3,19:18.2,4.9,4177,Auckland FC,chaotic,chaotic,26.84,-32.04,34.2,0.97
1899585,Auckland FC v Wellington P FC,1,19:18.2,19:25.6,7.4,867,Wellington P FC,build_up,high_block,-34.06,-0.84,-20.22,-22.58
1899585,Auckland FC v Wellington P FC,1,19:25.6,19:27.4,1.8,867,Wellington P FC,create,medium_block,-19.2,-23.77,-14.47,-30.01
1899585,Auckland FC v Wellington P FC,1,19:40.7,19:52.9,12.2,867,Wellington P FC,create,medium_block,,,-22.67,3.76
1899585,Auckland FC v Wellington P FC,1,19:52.9,19:56.5,3.6,867,Wellington P FC,direct,defending_direct,-21.47,3.17,13.62,-24.17
1899585,Auckland FC v Wellington P FC,1,19:56.5,19:59.5,3.0,867,Wellington P FC,create,medium_block,13.23,-24.83,18.53,-30.87
1899585,Auckland FC v Wellington P FC,1,22:09.8,22:16.3,6.5,4177,Auckland FC,direct,defending_direct,-22.0,26.23,30.03,27.27
1899585,Auckland FC v Wellington P FC,1,22:16.3,22:19.1,2.8,867,Wellington P FC,chaotic,chaotic,-30.49,-27.56,-40.18,-35.86
1899585,Auckland FC v Wellington P FC,1,22:31.9,22:35.0,3.1,867,Wellington P FC,chaotic,chaotic,-37.18,-35.09,-28.03,-23.13
1899585,Auckland FC v Wellington P FC,1,22:35.0,22:41.4,6.4,4177,Auckland FC,finish,low_block,28.11,22.75,5.75,8.99
1899585,Auckland FC v Wellington P FC,1,22:41.4,22:51.8,10.4,4177,Auckland FC,create,medium_block,5.23,8.58,5.57,33.21
1899585,Auckland FC v Wellington P FC,1,22:51.8,22:52.0,0.2,4177,Auckland FC,finish,low_block,5.51,33.02,5.18,32.59
1899585,Auckland FC v Wellington P FC,1,22:52.0,22:55.6,3.6,4177,Auckland FC,create,medium_block,4.56,31.92,21.41,29.2
1899585,Auckland FC v Wellington P FC,1,23:25.3,23:30.4,5.1,867,Wellington P FC,direct,defending_direct,-44.29,-1.5,6.37,-9.56
1899585,Auckland FC v Wellington P FC,1,23:30.4,23:35.1,4.7,4177,Auckland FC,create,medium_block,-6.52,9.33,-12.63,25.69
1899585,Auckland FC v Wellington P FC,1,23:35.1,23:43.5,8.4,867,Wellington P FC,quick_break,defending_quick_break,12.42,-26.0,36.27,-8.89
1899585,Auckland FC v Wellington P FC,1,23:43.5,23:49.4,5.9,4177,Auckland FC,chaotic,chaotic,-36.81,7.17,-8.28,-27.57
1899585,Auckland FC v Wellington P FC,1,23:49.4,23:51.0,1.6,867,Wellington P FC,chaotic,chaotic,8.16,27.97,15.98,33.16
1899585,Auckland FC v Wellington P FC,1,24:20.7,24:32.5,11.8,867,Wellington P FC,finish,low_block,12.84,32.5,-15.85,-2.65
1899585,Auckland FC v Wellington P FC,1,24:32.5,24:35.1,2.6,867,Wellington P FC,chaotic,chaotic,15.72,3.29,34.16,2.67
1899585,Auckland FC v Wellington P FC,1,24:35.1,24:38.9,3.8,4177,Auckland FC,chaotic,chaotic,-34.93,-2.87,-51.06,-6.01
1899585,Auckland FC v Wellington P FC,1,25:31.6,25:40.6,9.0,4177,Auckland FC,build_up,high_block,-43.03,1.55,-43.09,3.19
1899585,Auckland FC v Wellington P FC,1,25:40.6,25:44.2,3.6,4177,Auckland FC,direct,defending_direct,-42.38,2.58,-1.46,-22.9
1899585,Auckland FC v Wellington P FC,1,25:44.2,25:46.1,1.9,867,Wellington P FC,chaotic,chaotic,1.15,23.14,7.12,24.06
1899585,Auckland FC v Wellington P FC,1,25:51.3,25:54.5,3.2,867,Wellington P FC,create,medium_block,6.82,18.19,11.53,4.26
1899585,Auckland FC v Wellington P FC,1,25:54.5,26:09.5,15.0,867,Wellington P FC,finish,low_block,12.09,3.99,51.62,28.61
1899585,Auckland FC v Wellington P FC,1,26:38.2,26:39.0,0.8,867,Wellington P FC,set_play,defending_set_play,50.22,21.48,48.47,2.37
1899585,Auckland FC v Wellington P FC,1,26:39.0,26:42.1,3.1,4177,Auckland FC,chaotic,chaotic,-48.43,-0.63,-50.91,10.44
1899585,Auckland FC v Wellington P FC,1,28:12.1,28:21.9,9.8,4177,Auckland FC,direct,defending_direct,-38.56,7.96,3.12,9.81
1899585,Auckland FC v Wellington P FC,1,28:21.9,28:29.0,7.1,867,Wellington P FC,create,medium_block,-2.73,-9.79,11.5,28.61
1899585,Auckland FC v Wellington P FC,1,28:29.0,28:38.6,9.6,867,Wellington P FC,finish,low_block,12.05,28.86,45.05,7.29
1899585,Auckland FC v Wellington P FC,1,29:48.4,30:03.3,14.9,4177,Auckland FC,create,medium_block,-31.07,5.91,20.77,-30.42
1899585,Auckland FC v Wellington P FC,1,30:03.3,30:16.0,12.7,4177,Auckland FC,finish,low_block,21.28,-30.56,49.41,-3.71
1899585,Auckland FC v Wellington P FC,1,30:16.0,30:17.4,1.4,867,Wellington P FC,chaotic,chaotic,-49.39,2.54,-52.69,-0.81
1899585,Auckland FC v Wellington P FC,1,31:33.0,31:40.8,7.8,867,Wellington P FC,create,medium_block,-8.92,3.34,-3.89,-27.71
1899585,Auckland FC v Wellington P FC,1,31:40.8,31:46.4,5.6,4177,Auckland FC,chaotic,chaotic,3.6,27.29,22.45,7.62
1899585,Auckland FC v Wellington P FC,1,31:46.4,31:55.5,9.1,867,Wellington P FC,build_up,high_block,-22.61,-7.05,-22.03,27.28
1899585,Auckland FC v Wellington P FC,1,31:55.5,31:56.1,0.6,867,Wellington P FC,create,medium_block,-19.64,27.28,-8.73,26.98
1899585,Auckland FC v Wellington P FC,1,32:22.9,32:23.1,0.2,4177,Auckland FC,create,medium_block,,,,
1899585,Auckland FC v Wellington P FC,1,32:23.1,32:24.0,0.9,4177,Auckland FC,finish,low_block,9.55,-18.08,5.65,-10.36
1899585,Auckland FC v Wellington P FC,1,32:24.0,32:27.7,3.7,4177,Auckland FC,create,medium_block,5.13,-9.48,3.56,18.74
1899585,Auckland FC v Wellington P FC,1,32:27.7,32:31.4,3.7,4177,Auckland FC,finish,low_block,5.01,20.58,5.13,35.12
1899585,Auckland FC v Wellington P FC,1,32:31.4,32:31.5,0.1,4177,Auckland FC,create,medium_block,4.81,35.23,4.81,35.23
1899585,Auckland FC v Wellington P FC,1,32:33.6,32:35.7,2.1,867,Wellington P FC,create,medium_block,-8.56,-33.06,-19.76,-28.13
1899585,Auckland FC v Wellington P FC,1,32:35.7,32:41.1,5.4,867,Wellington P FC,build_up,high_block,-20.36,-27.67,-20.3,-33.04
1899585,Auckland FC v Wellington P FC,1,32:41.1,32:42.5,1.4,867,Wellington P FC,create,medium_block,-19.97,-33.21,-13.4,-33.73
1899585,Auckland FC v Wellington P FC,1,32:42.5,32:44.8,2.3,867,Wellington P FC,direct,defending_direct,-12.27,-33.77,18.87,-27.95
1899585,Auckland FC v Wellington P FC,1,32:44.8,32:46.7,1.9,867,Wellington P FC,create,medium_block,19.78,-27.73,24.84,-23.6
1899585,Auckland FC v Wellington P FC,1,32:46.7,32:52.8,6.1,867,Wellington P FC,finish,low_block,24.93,-23.37,5.81,-31.79
1899585,Auckland FC v Wellington P FC,1,32:52.8,32:53.5,0.7,867,Wellington P FC,create,medium_block,5.11,-31.86,4.94,-30.89
1899585,Auckland FC v Wellington P FC,1,32:53.5,32:55.0,1.5,867,Wellington P FC,finish,low_block,5.38,-30.64,6.71,-26.38
1899585,Auckland FC v Wellington P FC,1,32:55.0,32:59.3,4.3,867,Wellington P FC,create,medium_block,6.51,-25.2,9.26,21.33
1899585,Auckland FC v Wellington P FC,1,32:59.3,33:02.3,3.0,867,Wellington P FC,finish,low_block,9.7,22.09,23.12,32.05
1899585,Auckland FC v Wellington P FC,1,33:27.9,33:32.9,5.0,4177,Auckland FC,chaotic,chaotic,-15.74,-32.54,2.72,-33.93
1899585,Auckland FC v Wellington P FC,1,33:35.3,33:43.7,8.4,4177,Auckland FC,create,medium_block,-0.17,-34.89,-19.75,-27.58
1899585,Auckland FC v Wellington P FC,1,33:43.7,33:47.9,4.2,4177,Auckland FC,build_up,high_block,-20.79,-27.41,-21.57,-23.52
1899585,Auckland FC v Wellington P FC,1,33:47.9,33:50.0,2.1,4177,Auckland FC,create,medium_block,-19.54,-21.94,6.76,-5.26
1899585,Auckland FC v Wellington P FC,1,33:50.0,33:59.5,9.5,867,Wellington P FC,create,medium_block,-7.12,4.66,-19.17,-19.69
1899585,Auckland FC v Wellington P FC,1,33:59.5,34:04.2,4.7,867,Wellington P FC,build_up,high_block,-20.93,-18.8,-46.76,-13.58
1899585,Auckland FC v Wellington P FC,1,34:04.2,34:07.0,2.8,867,Wellington P FC,direct,defending_direct,-46.06,-13.75,3.07,-16.63
1899585,Auckland FC v Wellington P FC,1,34:07.0,34:17.0,10.0,4177,Auckland FC,create,medium_block,-3.96,16.81,21.14,22.73
1899585,Auckland FC v Wellington P FC,1,34:17.0,34:18.7,1.7,867,Wellington P FC,chaotic,chaotic,-21.1,-23.01,-10.25,-23.68
1899585,Auckland FC v Wellington P FC,1,34:18.7,34:30.9,12.2,4177,Auckland FC,finish,low_block,10.48,23.76,-1.26,11.75
1899585,Auckland FC v Wellington P FC,1,34:30.9,34:38.8,7.9,4177,Auckland FC,create,medium_block,0.27,-12.12,19.97,-29.3
1899585,Auckland FC v Wellington P FC,1,34:38.8,34:42.5,3.7,4177,Auckland FC,finish,low_block,20.21,-29.52,35.99,-23.29
1899585,Auckland FC v Wellington P FC,1,34:58.0,35:02.6,4.6,867,Wellington P FC,build_up,high_block,,,-29.56,-35.65
1899585,Auckland FC v Wellington P FC,1,35:21.6,35:33.4,11.8,867,Wellington P FC,build_up,high_block,-25.77,-32.14,-34.27,30.72
1899585,Auckland FC v Wellington P FC,1,35:47.4,35:58.4,11.0,867,Wellington P FC,build_up,high_block,-38.91,24.84,-31.71,34.14
1899585,Auckland FC v Wellington P FC,1,36:03.7,36:09.0,5.3,4177,Auckland FC,create,medium_block,0.52,-29.15,-19.96,0.75
1899585,Auckland FC v Wellington P FC,1,36:09.0,36:12.2,3.2,4177,Auckland FC,build_up,high_block,-20.18,1.47,-20.1,15.98
1899585,Auckland FC v Wellington P FC,1,36:12.2,36:19.5,7.3,4177,Auckland FC,create,medium_block,-19.44,17.61,13.27,32.88
1899585,Auckland FC v Wellington P FC,1,36:19.5,36:22.4,2.9,4177,Auckland FC,finish,low_block,14.17,32.72,13.63,20.81
1899585,Auckland FC v Wellington P FC,1,36:22.4,36:23.2,0.8,4177,Auckland FC,create,medium_block,13.83,20.49,15.08,18.47
1899585,Auckland FC v Wellington P FC,1,36:39.4,36:45.5,6.1,4177,Auckland FC,finish,low_block,12.07,19.22,10.71,12.7
1899585,Auckland FC v Wellington P FC,1,36:45.5,37:02.8,17.3,867,Wellington P FC,create,medium_block,-10.28,-12.37,-19.74,29.47
1899585,Auckland FC v Wellington P FC,1,37:02.8,37:12.9,10.1,867,Wellington P FC,build_up,high_block,-20.92,29.36,-20.16,-3.85
1899585,Auckland FC v Wellington P FC,1,37:12.9,37:14.7,1.8,867,Wellington P FC,create,medium_block,-19.39,-3.2,-19.52,6.52
1899585,Auckland FC v Wellington P FC,1,37:14.7,37:17.7,3.0,867,Wellington P FC,build_up,high_block,-20.6,7.41,-20.68,21.47
1899585,Auckland FC v Wellington P FC,1,37:17.7,37:25.8,8.1,867,Wellington P FC,create,medium_block,-19.9,22.76,22.52,13.21
1899585,Auckland FC v Wellington P FC,1,37:25.8,37:27.2,1.4,4177,Auckland FC,chaotic,chaotic,-23.05,-13.12,-18.48,-15.99
1899585,Auckland FC v Wellington P FC,1,37:27.2,37:30.2,3.0,867,Wellington P FC,chaotic,chaotic,18.57,15.94,18.62,20.3
1899585,Auckland FC v Wellington P FC,1,37:30.2,37:31.6,1.4,4177,Auckland FC,create,medium_block,-18.59,-20.5,-19.93,-20.36
1899585,Auckland FC v Wellington P FC,1,37:31.6,37:34.3,2.7,4177,Auckland FC,build_up,high_block,-20.77,-20.06,-20.14,-23.08
1899585,Auckland FC v Wellington P FC,1,37:34.3,37:38.0,3.7,4177,Auckland FC,create,medium_block,-19.81,-23.36,-11.57,-26.89
1899585,Auckland FC v Wellington P FC,1,37:38.0,37:42.2,4.2,867,Wellington P FC,chaotic,chaotic,11.46,26.74,25.74,31.68
1899585,Auckland FC v Wellington P FC,1,37:47.1,37:51.5,4.4,867,Wellington P FC,finish,low_block,27.36,31.3,5.36,5.02
1899585,Auckland FC v Wellington P FC,1,37:51.5,37:58.0,6.5,867,Wellington P FC,create,medium_block,4.81,4.28,16.32,0.02
1899585,Auckland FC v Wellington P FC,1,37:58.0,38:11.3,13.3,4177,Auckland FC,create,medium_block,-16.77,-0.26,23.42,17.59
1899585,Auckland FC v Wellington P FC,1,38:11.3,38:14.3,3.0,867,Wellington P FC,chaotic,chaotic,-24.45,-18.1,-27.13,-28.27
1899585,Auckland FC v Wellington P FC,1,38:34.2,38:41.8,7.6,4177,Auckland FC,finish,low_block,32.05,33.3,-29.9,-10.54
1899585,Auckland FC v Wellington P FC,1,38:41.8,38:45.8,4.0,4177,Auckland FC,quick_break,defending_quick_break,29.94,10.47,49.27,4.85
1899585,Auckland FC v Wellington P FC,1,38:45.8,38:51.5,5.7,4177,Auckland FC,finish,low_block,49.43,4.69,46.75,5.15
1899585,Auckland FC v Wellington P FC,1,38:51.5,39:06.0,14.5,4177,Auckland FC,create,medium_block,46.71,5.09,42.34,8.13
1899585,Auckland FC v Wellington P FC,1,39:06.0,39:09.3,3.3,867,Wellington P FC,chaotic,chaotic,-42.37,-8.64,-31.48,-28.45
1899585,Auckland FC v Wellington P FC,1,39:09.3,39:12.5,3.2,867,Wellington P FC,direct,defending_direct,-30.64,-28.43,17.34,-18.24
1899585,Auckland FC v Wellington P FC,1,39:12.5,39:12.9,0.4,4177,Auckland FC,create,medium_block,-18.19,18.04,-19.89,16.74
1899585,Auckland FC v Wellington P FC,1,39:12.9,39:42.8,29.9,4177,Auckland FC,build_up,high_block,-20.48,16.07,-24.12,27.93
1899585,Auckland FC v Wellington P FC,1,39:51.0,39:58.5,7.5,867,Wellington P FC,create,medium_block,13.73,-31.63,7.51,19.99
1899585,Auckland FC v Wellington P FC,1,39:58.5,40:06.2,7.7,867,Wellington P FC,finish,low_block,7.86,20.18,41.3,18.62
1899585,Auckland FC v Wellington P FC,1,40:06.2,40:07.2,1.0,4177,Auckland FC,chaotic,chaotic,-41.64,-18.44,-47.26,-18.54
1899585,Auckland FC v Wellington P FC,1,40:18.1,40:28.3,10.2,867,Wellington P FC,set_play,defending_set_play,35.9,26.68,41.98,5.38
1899585,Auckland FC v Wellington P FC,1,41:03.1,41:10.5,7.4,4177,Auckland FC,direct,defending_direct,,,21.98,-12.28
1899585,Auckland FC v Wellington P FC,1,41:10.5,41:14.1,3.6,867,Wellington P FC,create,medium_block,-22.02,12.74,-18.87,21.85
1899585,Auckland FC v Wellington P FC,1,41:14.1,41:24.4,10.3,867,Wellington P FC,build_up,high_block,-20.16,20.97,-20.41,13.55
1899585,Auckland FC v Wellington P FC,1,41:24.4,41:33.9,9.5,867,Wellington P FC,create,medium_block,-19.78,13.55,12.14,-30.2
1899585,Auckland FC v Wellington P FC,1,41:33.9,41:45.9,12.0,867,Wellington P FC,finish,low_block,12.14,-30.22,47.7,0.38
1899585,Auckland FC v Wellington P FC,1,42:20.9,42:26.5,5.6,4177,Auckland FC,direct,defending_direct,-39.66,9.92,30.93,18.02
1899585,Auckland FC v Wellington P FC,1,42:26.5,42:28.1,1.6,867,Wellington P FC,chaotic,chaotic,-30.95,-17.87,-23.05,-11.12
1899585,Auckland FC v Wellington P FC,1,42:28.1,42:36.3,8.2,4177,Auckland FC,finish,low_block,22.92,10.79,34.44,-18.41
1899585,Auckland FC v Wellington P FC,1,43:35.1,43:55.1,20.0,4177,Auckland FC,set_play,defending_set_play,33.69,-31.2,40.34,35.29
1899585,Auckland FC v Wellington P FC,1,43:55.1,44:13.5,18.4,4177,Auckland FC,finish,low_block,40.27,35.2,29.35,24.48
1899585,Auckland FC v Wellington P FC,1,44:13.5,44:19.6,6.1,867,Wellington P FC,build_up,high_block,-29.5,-23.8,-22.05,-27.94
1899585,Auckland FC v Wellington P FC,1,44:19.6,44:29.3,9.7,4177,Auckland FC,quick_break,defending_quick_break,21.55,28.33,43.35,1.38
1899585,Auckland FC v Wellington P FC,1,45:00.7,45:05.2,4.5,867,Wellington P FC,direct,defending_direct,-45.26,-9.12,-0.55,-9.62
1899585,Auckland FC v Wellington P FC,1,45:05.2,45:17.7,12.5,4177,Auckland FC,create,medium_block,0.54,9.56,14.41,30.57
1899585,Auckland FC v Wellington P FC,1,45:17.7,45:30.1,12.4,4177,Auckland FC,finish,low_block,14.68,30.57,53.19,7.7
1899585,Auckland FC v Wellington P FC,1,45:57.2,46:02.5,5.3,867,Wellington P FC,direct,defending_direct,-44.07,-8.36,-2.26,-25.78
1899585,Auckland FC v Wellington P FC,1,46:02.5,46:08.2,5.7,4177,Auckland FC,quick_break,defending_quick_break,2.71,26.26,31.01,19.21
1899585,Auckland FC v Wellington P FC,1,46:08.2,46:08.7,0.5,867,Wellington P FC,chaotic,chaotic,-30.76,-19.34,-28.73,-19.19
1899585,Auckland FC v Wellington P FC,1,46:08.7,46:15.5,6.8,4177,Auckland FC,finish,low_block,28.53,19.15,46.88,3.85
1899585,Auckland FC v Wellington P FC,1,47:01.9,47:02.9,1.0,4177,Auckland FC,set_play,defending_set_play,52.12,-32.54,47.56,-15.4
1899585,Auckland FC v Wellington P FC,1,47:22.1,47:26.7,4.6,867,Wellington P FC,build_up,high_block,-45.9,-9.18,-20.34,-2.68
1899585,Auckland FC v Wellington P FC,1,47:26.7,47:28.9,2.2,867,Wellington P FC,create,medium_block,-19.66,-1.93,-19.92,10.19
1899585,Auckland FC v Wellington P FC,1,47:28.9,47:31.7,2.8,867,Wellington P FC,build_up,high_block,-20.66,10.83,-20.05,20.56
1899585,Auckland FC v Wellington P FC,1,47:31.7,47:34.1,2.4,867,Wellington P FC,create,medium_block,-19.14,20.68,-19.9,25.58
1899585,Auckland FC v Wellington P FC,1,47:34.1,47:43.7,9.6,867,Wellington P FC,build_up,high_block,-20.52,25.74,-21.55,-21.13
1899585,Auckland FC v Wellington P FC,1,47:43.7,47:50.5,6.8,867,Wellington P FC,create,medium_block,-19.86,-20.7,17.66,8.8
1899585,Auckland FC v Wellington P FC,1,47:50.5,47:54.1,3.6,867,Wellington P FC,finish,low_block,18.54,9.01,43.78,14.18
1899585,Auckland FC v Wellington P FC,1,48:09.3,48:13.2,3.9,867,Wellington P FC,chaotic,chaotic,,,34.36,28.84
1899585,Auckland FC v Wellington P FC,1,49:09.6,49:16.7,7.1,867,Wellington P FC,set_play,defending_set_play,42.46,28.77,5.22,5.29
1899585,Auckland FC v Wellington P FC,1,49:16.7,49:36.2,19.5,867,Wellington P FC,create,medium_block,4.94,5.45,0.23,0.15
1899585,Auckland FC v Wellington P FC,2,45:00.2,45:05.6,5.4,4177,Auckland FC,chaotic,chaotic,-0.18,-0.52,16.5,19.19
1899585,Auckland FC v Wellington P FC,2,45:05.6,45:10.2,4.6,867,Wellington P FC,chaotic,chaotic,-17.29,-19.44,-14.95,-9.47
1899585,Auckland FC v Wellington P FC,2,45:10.2,45:29.3,19.1,4177,Auckland FC,finish,low_block,15.28,9.4,5.09,-7.74
1899585,Auckland FC v Wellington P FC,2,45:29.3,45:38.2,8.9,4177,Auckland FC,create,medium_block,4.55,-8.13,9.03,26.97
1899585,Auckland FC v Wellington P FC,2,45:38.2,45:39.5,1.3,867,Wellington P FC,chaotic,chaotic,-9.33,-26.78,-5.1,-24.21
1899585,Auckland FC v Wellington P FC,2,45:39.5,45:43.7,4.2,4177,Auckland FC,chaotic,chaotic,5.27,23.82,19.66,-11.46
1899585,Auckland FC v Wellington P FC,2,45:43.7,45:47.0,3.3,867,Wellington P FC,chaotic,chaotic,-19.76,12.4,8.58,21.03
1899585,Auckland FC v Wellington P FC,2,45:47.0,45:59.8,12.8,4177,Auckland FC,create,medium_block,-9.12,-20.88,6.64,-2.99
1899585,Auckland FC v Wellington P FC,2,45:59.8,46:08.9,9.1,4177,Auckland FC,finish,low_block,6.28,-3.37,28.04,-16.68
1899585,Auckland FC v Wellington P FC,2,46:08.9,46:14.4,5.5,867,Wellington P FC,chaotic,chaotic,-28.46,16.8,-22.71,35.43
1899585,Auckland FC v Wellington P FC,2,46:33.6,46:36.0,2.4,867,Wellington P FC,create,medium_block,-15.96,32.64,-19.83,29.19
1899585,Auckland FC v Wellington P FC,2,46:36.0,46:43.9,7.9,867,Wellington P FC,build_up,high_block,-20.17,28.82,-20.12,-26.41
1899585,Auckland FC v Wellington P FC,2,46:43.9,46:46.5,2.6,867,Wellington P FC,create,medium_block,-19.67,-26.44,-18.98,-22.56
1899585,Auckland FC v Wellington P FC,2,46:46.5,46:52.3,5.8,867,Wellington P FC,build_up,high_block,-20.06,-21.43,-22.35,0.54
1899585,Auckland FC v Wellington P FC,2,46:52.3,46:53.0,0.7,867,Wellington P FC,create,medium_block,-19.64,-0.42,-5.78,-5.69
1899585,Auckland FC v Wellington P FC,2,47:11.6,47:20.6,9.0,4177,Auckland FC,build_up,high_block,,,-42.14,-1.59
1899585,Auckland FC v Wellington P FC,2,47:20.6,47:24.2,3.6,4177,Auckland FC,direct,defending_direct,-41.01,-1.87,8.79,-11.13
1899585,Auckland FC v Wellington P FC,2,47:24.2,47:37.2,13.0,867,Wellington P FC,transition,defending_transition,-9.28,11.34,49.74,2.12
1899585,Auckland FC v Wellington P FC,2,48:02.3,48:15.2,12.9,4177,Auckland FC,build_up,high_block,,,-22.7,-16.86
1899585,Auckland FC v Wellington P FC,2,48:15.2,48:15.8,0.6,867,Wellington P FC,chaotic,chaotic,22.59,16.25,25.86,16.25
1899585,Auckland FC v Wellington P FC,2,48:15.8,48:18.2,2.4,4177,Auckland FC,build_up,high_block,-26.32,-16.14,-20.25,-15.15
1899585,Auckland FC v Wellington P FC,2,48:18.2,48:22.8,4.6,4177,Auckland FC,create,medium_block,-19.34,-15.81,-13.65,-21.0
1899585,Auckland FC v Wellington P FC,2,48:22.8,48:28.6,5.8,867,Wellington P FC,finish,low_block,13.46,20.62,30.41,6.74
1899585,Auckland FC v Wellington P FC,2,48:47.8,48:53.1,5.3,4177,Auckland FC,build_up,high_block,,,-21.13,18.98
1899585,Auckland FC v Wellington P FC,2,48:53.1,49:00.9,7.8,4177,Auckland FC,create,medium_block,-19.66,19.14,6.95,-9.14
1899585,Auckland FC v Wellington P FC,2,49:18.6,49:25.3,6.7,4177,Auckland FC,create,medium_block,,,,
1899585,Auckland FC v Wellington P FC,2,49:25.3,49:35.2,9.9,4177,Auckland FC,finish,low_block,25.92,32.05,23.3,9.56
1899585,Auckland FC v Wellington P FC,2,49:35.2,49:39.6,4.4,867,Wellington P FC,chaotic,chaotic,-23.06,-9.26,-1.98,-25.24
1899585,Auckland FC v Wellington P FC,2,49:39.6,49:46.7,7.1,4177,Auckland FC,create,medium_block,1.36,25.44,17.09,21.22
1899585,Auckland FC v Wellington P FC,2,49:46.7,49:55.3,8.6,4177,Auckland FC,finish,low_block,17.39,21.49,31.6,3.78
1899585,Auckland FC v Wellington P FC,2,51:27.2,51:28.2,1.0,4177,Auckland FC,set_play,defending_set_play,32.31,9.19,45.23,7.62
1899585,Auckland FC v Wellington P FC,2,51:51.1,51:53.6,2.5,867,Wellington P FC,build_up,high_block,-48.88,-4.04,-49.01,-19.66
1899585,Auckland FC v Wellington P FC,2,51:53.6,51:56.6,3.0,867,Wellington P FC,direct,defending_direct,-48.4,-20.2,-13.5,-17.42
1899585,Auckland FC v Wellington P FC,2,51:56.6,52:00.0,3.4,4177,Auckland FC,chaotic,chaotic,12.78,17.52,15.88,17.91
1899585,Auckland FC v Wellington P FC,2,52:00.0,52:03.6,3.6,867,Wellington P FC,chaotic,chaotic,-16.34,-18.07,-35.69,-13.73
1899585,Auckland FC v Wellington P FC,2,52:03.6,52:14.1,10.5,4177,Auckland FC,finish,low_block,35.82,13.84,24.22,-19.73
1899585,Auckland FC v Wellington P FC,2,52:14.1,52:18.3,4.2,867,Wellington P FC,chaotic,chaotic,-24.1,19.43,-1.5,20.13
1899585,Auckland FC v Wellington P FC,2,52:18.3,52:22.4,4.1,4177,Auckland FC,chaotic,chaotic,0.57,-20.77,17.08,-30.68
1899585,Auckland FC v Wellington P FC,2,53:57.4,54:11.3,13.9,4177,Auckland FC,set_play,defending_set_play,20.57,-30.84,44.28,-26.2
1899585,Auckland FC v Wellington P FC,2,54:11.3,54:16.2,4.9,867,Wellington P FC,chaotic,chaotic,-44.55,26.01,-46.28,36.97
1899585,Auckland FC v Wellington P FC,2,54:49.4,54:50.4,1.0,4177,Auckland FC,chaotic,chaotic,45.29,-29.23,45.48,-19.97
1899585,Auckland FC v Wellington P FC,2,55:02.7,55:05.2,2.5,4177,Auckland FC,chaotic,chaotic,45.16,-34.08,42.46,-32.23
1899585,Auckland FC v Wellington P FC,2,55:28.0,55:32.4,4.4,867,Wellington P FC,build_up,high_block,-29.08,34.03,-20.21,14.57
1899585,Auckland FC v Wellington P FC,2,55:32.4,55:36.2,3.8,867,Wellington P FC,create,medium_block,-19.99,14.29,-1.83,-15.88
1899585,Auckland FC v Wellington P FC,2,55:36.2,55:38.5,2.3,4177,Auckland FC,chaotic,chaotic,1.9,16.51,13.48,27.96
1899585,Auckland FC v Wellington P FC,2,55:38.5,55:46.2,7.7,867,Wellington P FC,create,medium_block,-13.39,-28.2,-6.11,-27.35
1899585,Auckland FC v Wellington P FC,2,55:46.2,55:49.2,3.0,4177,Auckland FC,chaotic,chaotic,6.77,27.74,23.59,33.68
1899585,Auckland FC v Wellington P FC,2,55:54.2,55:56.8,2.6,4177,Auckland FC,finish,low_block,14.69,32.03,7.03,26.44
1899585,Auckland FC v Wellington P FC,2,55:56.8,56:05.9,9.1,4177,Auckland FC,create,medium_block,6.08,25.81,11.88,-27.95
1899585,Auckland FC v Wellington P FC,2,56:05.9,56:07.6,1.7,4177,Auckland FC,finish,low_block,11.97,-28.24,5.07,-31.12
1899585,Auckland FC v Wellington P FC,2,56:07.6,56:10.1,2.5,4177,Auckland FC,create,medium_block,4.36,-31.1,-0.67,-23.45
1899585,Auckland FC v Wellington P FC,2,56:35.5,56:40.3,4.8,867,Wellington P FC,build_up,high_block,,,-27.28,-26.5
1899585,Auckland FC v Wellington P FC,2,56:40.3,56:43.3,3.0,867,Wellington P FC,direct,defending_direct,-26.41,-26.74,21.36,-18.82
1899585,Auckland FC v Wellington P FC,2,56:43.3,56:58.1,14.8,4177,Auckland FC,transition,defending_transition,-21.5,18.56,37.78,13.62
1899585,Auckland FC v Wellington P FC,2,56:58.1,57:06.5,8.4,867,Wellington P FC,build_up,high_block,-37.76,-14.04,-20.47,-22.18
1899585,Auckland FC v Wellington P FC,2,57:06.5,57:07.1,0.6,867,Wellington P FC,create,medium_block,-18.79,-21.77,-12.19,-20.4
1899585,Auckland FC v Wellington P FC,2,57:07.1,57:08.6,1.5,4177,Auckland FC,finish,low_block,11.62,20.39,6.18,16.79
1899585,Auckland FC v Wellington P FC,2,57:08.6,57:11.1,2.5,4177,Auckland FC,create,medium_block,5.37,16.07,4.85,8.76
1899585,Auckland FC v Wellington P FC,2,57:11.1,57:23.3,12.2,4177,Auckland FC,finish,low_block,5.57,8.66,48.35,17.88
1899585,Auckland FC v Wellington P FC,2,57:23.3,57:24.9,1.6,867,Wellington P FC,chaotic,chaotic,-48.15,-17.72,-48.38,-16.46
1899585,Auckland FC v Wellington P FC,2,58:39.2,58:42.6,3.4,867,Wellington P FC,direct,defending_direct,-43.9,-0.73,12.19,0.42
1899585,Auckland FC v Wellington P FC,2,58:42.6,58:45.9,3.3,4177,Auckland FC,chaotic,chaotic,-12.87,-0.32,-5.42,17.13
1899585,Auckland FC v Wellington P FC,2,58:45.9,58:47.8,1.9,867,Wellington P FC,chaotic,chaotic,5.3,-17.39,2.41,-18.59
1899585,Auckland FC v Wellington P FC,2,58:47.8,58:58.7,10.9,4177,Auckland FC,create,medium_block,-2.24,18.33,28.31,13.07
1899585,Auckland FC v Wellington P FC,2,58:58.7,59:04.5,5.8,867,Wellington P FC,build_up,high_block,-29.23,-12.97,-25.88,-32.5
1899585,Auckland FC v Wellington P FC,2,59:11.8,59:15.2,3.4,4177,Auckland FC,chaotic,chaotic,24.99,33.05,15.24,27.4
1899585,Auckland FC v Wellington P FC,2,59:15.2,59:20.5,5.3,867,Wellington P FC,create,medium_block,-14.68,-27.17,22.32,-29.29
1899585,Auckland FC v Wellington P FC,2,59:20.5,59:33.4,12.9,867,Wellington P FC,finish,low_block,22.8,-29.37,38.67,-2.54
1899585,Auckland FC v Wellington P FC,2,60:15.8,60:30.3,14.5,4177,Auckland FC,build_up,high_block,-45.35,1.76,-20.01,-28.14
1899585,Auckland FC v Wellington P FC,2,60:30.3,60:39.5,9.2,4177,Auckland FC,create,medium_block,-18.93,-28.47,21.95,1.9
1899585,Auckland FC v Wellington P FC,2,60:39.5,60:46.9,7.4,867,Wellington P FC,create,medium_block,-21.99,-1.76,-4.21,-12.65
1899585,Auckland FC v Wellington P FC,2,60:46.9,60:50.4,3.5,867,Wellington P FC,direct,defending_direct,-3.34,-12.53,36.74,-1.9
1899585,Auckland FC v Wellington P FC,2,60:50.4,60:55.5,5.1,4177,Auckland FC,chaotic,chaotic,-37.18,1.55,-36.01,-8.03
1899585,Auckland FC v Wellington P FC,2,61:10.2,61:13.4,3.2,4177,Auckland FC,direct,defending_direct,-14.8,-17.76,17.17,-27.01
1899585,Auckland FC v Wellington P FC,2,61:13.4,61:15.1,1.7,4177,Auckland FC,create,medium_block,17.66,-27.48,23.73,-29.48
1899585,Auckland FC v Wellington P FC,2,61:15.1,61:16.6,1.5,4177,Auckland FC,finish,low_block,24.03,-29.49,31.71,-23.09
1899585,Auckland FC v Wellington P FC,2,61:16.6,61:19.1,2.5,867,Wellington P FC,chaotic,chaotic,-32.8,21.93,-46.79,18.81
1899585,Auckland FC v Wellington P FC,2,62:11.4,62:31.4,20.0,4177,Auckland FC,set_play,defending_set_play,50.93,-32.25,-48.2,3.29
1899585,Auckland FC v Wellington P FC,2,62:31.4,62:51.0,19.6,867,Wellington P FC,build_up,high_block,-47.92,3.15,-20.44,-26.83
1899585,Auckland FC v Wellington P FC,2,62:51.0,62:53.5,2.5,867,Wellington P FC,create,medium_block,-19.32,-27.19,-19.86,-25.84
1899585,Auckland FC v Wellington P FC,2,62:53.5,63:22.9,29.4,867,Wellington P FC,build_up,high_block,-20.8,-25.48,-20.28,19.21
1899585,Auckland FC v Wellington P FC,2,63:22.9,63:35.2,12.3,867,Wellington P FC,create,medium_block,-19.93,19.12,38.16,-5.13
1899585,Auckland FC v Wellington P FC,2,63:35.2,63:42.9,7.7,4177,Auckland FC,build_up,high_block,-38.72,4.65,-20.12,18.79
1899585,Auckland FC v Wellington P FC,2,63:42.9,63:43.8,0.9,4177,Auckland FC,create,medium_block,-19.79,18.97,-18.12,19.19
1899585,Auckland FC v Wellington P FC,2,63:43.8,63:45.7,1.9,867,Wellington P FC,chaotic,chaotic,18.35,-18.59,23.72,-12.05
1899585,Auckland FC v Wellington P FC,2,63:45.7,63:47.4,1.7,4177,Auckland FC,chaotic,chaotic,-23.91,12.32,-33.4,15.86
1899585,Auckland FC v Wellington P FC,2,63:47.4,63:51.8,4.4,4177,Auckland FC,direct,defending_direct,-33.29,15.79,3.97,3.79
1899585,Auckland FC v Wellington P FC,2,64:02.2,64:12.4,10.2,867,Wellington P FC,create,medium_block,-7.55,-7.93,18.89,-21.54
1899585,Auckland FC v Wellington P FC,2,64:12.4,64:15.5,3.1,4177,Auckland FC,chaotic,chaotic,-17.83,21.13,11.22,8.24
1899585,Auckland FC v Wellington P FC,2,64:15.5,64:22.5,7.0,867,Wellington P FC,create,medium_block,-11.33,-7.81,-19.83,-18.86
1899585,Auckland FC v Wellington P FC,2,64:22.5,64:25.1,2.6,867,Wellington P FC,build_up,high_block,-20.28,-18.31,-20.08,-5.27
1899585,Auckland FC v Wellington P FC,2,64:25.1,64:27.6,2.5,867,Wellington P FC,create,medium_block,-19.11,-4.3,-19.8,-2.17
1899585,Auckland FC v Wellington P FC,2,64:27.6,64:37.2,9.6,867,Wellington P FC,build_up,high_block,-20.47,-1.54,-20.03,-0.32
1899585,Auckland FC v Wellington P FC,2,64:37.2,64:39.9,2.7,867,Wellington P FC,create,medium_block,-19.08,-0.99,0.3,-1.9
1899585,Auckland FC v Wellington P FC,2,64:39.9,64:46.3,6.4,4177,Auckland FC,create,medium_block,-0.35,1.72,4.96,9.64
1899585,Auckland FC v Wellington P FC,2,64:46.3,64:51.0,4.7,867,Wellington P FC,transition,defending_transition,-5.22,-9.97,22.9,-13.81
1899585,Auckland FC v Wellington P FC,2,64:51.0,64:54.4,3.4,4177,Auckland FC,build_up,high_block,-23.83,13.27,-20.8,29.76
1899585,Auckland FC v Wellington P FC,2,64:54.4,65:01.0,6.6,4177,Auckland FC,create,medium_block,-19.91,30.36,-17.2,33.05
1899585,Auckland FC v Wellington P FC,2,65:01.0,65:03.1,2.1,867,Wellington P FC,chaotic,chaotic,17.12,-33.13,12.76,-31.64
1899585,Auckland FC v Wellington P FC,2,65:11.3,65:19.1,7.8,867,Wellington P FC,create,medium_block,-15.87,-8.99,-13.75,-1.09
1899585,Auckland FC v Wellington P FC,2,65:19.1,65:22.6,3.5,867,Wellington P FC,direct,defending_direct,-12.9,-1.01,34.99,16.63
1899585,Auckland FC v Wellington P FC,2,65:22.6,65:23.6,1.0,4177,Auckland FC,chaotic,chaotic,-35.82,-17.35,-41.35,-25.28
1899585,Auckland FC v Wellington P FC,2,65:41.6,65:44.7,3.1,867,Wellington P FC,finish,low_block,23.43,31.39,5.47,23.38
1899585,Auckland FC v Wellington P FC,2,65:44.7,65:47.2,2.5,867,Wellington P FC,create,medium_block,5.2,21.65,4.99,-3.19
1899585,Auckland FC v Wellington P FC,2,65:47.2,65:48.5,1.3,867,Wellington P FC,finish,low_block,5.15,-3.33,5.11,-3.0
1899585,Auckland FC v Wellington P FC,2,65:48.5,65:56.9,8.4,867,Wellington P FC,create,medium_block,4.84,-2.35,-17.6,-27.38
1899585,Auckland FC v Wellington P FC,2,65:56.9,66:03.4,6.5,867,Wellington P FC,direct,defending_direct,-17.1,-27.91,38.69,-29.82
1899585,Auckland FC v Wellington P FC,2,66:03.4,66:12.9,9.5,4177,Auckland FC,build_up,high_block,-39.02,29.72,-37.19,-15.51
1899585,Auckland FC v Wellington P FC,2,66:31.7,66:36.6,4.9,4177,Auckland FC,direct,defending_direct,,,20.9,-9.91
1899585,Auckland FC v Wellington P FC,2,66:36.6,66:38.2,1.6,867,Wellington P FC,chaotic,chaotic,-20.42,10.03,-5.09,6.95
1899585,Auckland FC v Wellington P FC,2,66:38.2,66:42.4,4.2,4177,Auckland FC,chaotic,chaotic,5.23,-6.84,7.26,-6.28
1899585,Auckland FC v Wellington P FC,2,66:42.4,66:48.5,6.1,867,Wellington P FC,create,medium_block,-7.2,6.33,18.19,-16.93
1899585,Auckland FC v Wellington P FC,2,66:48.5,67:01.6,13.1,867,Wellington P FC,finish,low_block,18.89,-16.75,37.57,-17.61
1899585,Auckland FC v Wellington P FC,2,67:01.6,67:16.8,15.2,4177,Auckland FC,transition,defending_transition,-37.44,17.55,35.35,-0.12
1899585,Auckland FC v Wellington P FC,2,67:16.8,67:42.8,26.0,4177,Auckland FC,finish,low_block,34.88,-0.8,26.77,-18.74
1899585,Auckland FC v Wellington P FC,2,67:42.8,67:48.8,6.0,867,Wellington P FC,create,medium_block,-26.16,18.54,-4.23,24.73
1899585,Auckland FC v Wellington P FC,2,67:48.8,67:55.4,6.6,4177,Auckland FC,chaotic,chaotic,4.15,-24.46,23.46,-31.38
1899585,Auckland FC v Wellington P FC,2,69:18.0,69:22.1,4.1,4177,Auckland FC,set_play,defending_set_play,20.91,-32.86,53.89,2.89
1899585,Auckland FC v Wellington P FC,2,70:34.8,70:49.8,15.0,867,Wellington P FC,create,medium_block,-8.0,-2.41,-10.53,9.21
1899585,Auckland FC v Wellington P FC,2,70:49.8,70:53.6,3.8,867,Wellington P FC,direct,defending_direct,-9.26,9.57,40.74,22.64
1899585,Auckland FC v Wellington P FC,2,70:53.6,70:54.6,1.0,4177,Auckland FC,chaotic,chaotic,-40.76,-23.17,-38.35,-31.15
1899585,Auckland FC v Wellington P FC,2,71:00.6,71:03.5,2.9,867,Wellington P FC,chaotic,chaotic,35.8,34.74,30.17,24.85
1899585,Auckland FC v Wellington P FC,2,71:03.5,71:07.9,4.4,4177,Auckland FC,chaotic,chaotic,-30.1,-24.5,-21.91,-21.52
1899585,Auckland FC v Wellington P FC,2,71:07.9,71:11.1,3.2,867,Wellington P FC,chaotic,chaotic,21.33,21.72,27.63,30.67
1899585,Auckland FC v Wellington P FC,2,71:26.8,71:30.0,3.2,4177,Auckland FC,chaotic,chaotic,,,,
1899585,Auckland FC v Wellington P FC,2,71:30.0,71:31.7,1.7,867,Wellington P FC,create,medium_block,-5.28,28.4,-18.9,22.25
1899585,Auckland FC v Wellington P FC,2,71:31.7,71:54.7,23.0,867,Wellington P FC,build_up,high_block,-20.47,20.89,-20.35,-31.69
1899585,Auckland FC v Wellington P FC,2,71:54.7,71:57.7,3.0,867,Wellington P FC,direct,defending_direct,-19.28,-31.87,25.68,-28.36
1899585,Auckland FC v Wellington P FC,2,71:57.7,72:00.2,2.5,4177,Auckland FC,chaotic,chaotic,-26.28,28.49,-39.4,27.72
1899585,Auckland FC v Wellington P FC,2,72:00.2,72:02.3,2.1,867,Wellington P FC,chaotic,chaotic,39.82,-27.61,46.65,-25.36
1899585,Auckland FC v Wellington P FC,2,72:02.3,72:03.3,1.0,4177,Auckland FC,chaotic,chaotic,-47.05,25.27,-50.28,29.8
1899585,Auckland FC v Wellington P FC,2,72:16.5,72:16.8,0.3,867,Wellington P FC,create,medium_block,,,,
1899585,Auckland FC v Wellington P FC,2,72:16.8,72:24.8,8.0,867,Wellington P FC,finish,low_block,49.43,-32.22,38.62,2.2
1899585,Auckland FC v Wellington P FC,2,72:24.8,72:31.8,7.0,4177,Auckland FC,chaotic,chaotic,-39.22,-2.61,-22.58,20.92
1899585,Auckland FC v Wellington P FC,2,72:31.8,72:59.6,27.8,867,Wellington P FC,finish,low_block,22.46,-20.84,50.55,2.56
1899585,Auckland FC v Wellington P FC,2,72:59.6,73:42.5,42.9,867,Wellington P FC,create,medium_block,,,12.29,24.41
1899585,Auckland FC v Wellington P FC,2,73:52.6,74:01.5,8.9,867,Wellington P FC,create,medium_block,4.09,28.13,15.86,33.99
1899585,Auckland FC v Wellington P FC,2,74:04.9,74:05.9,1.0,867,Wellington P FC,chaotic,chaotic,20.73,36.15,22.39,36.02
1899585,Auckland FC v Wellington P FC,2,74:58.9,75:05.7,6.8,867,Wellington P FC,set_play,defending_set_play,49.53,24.91,-38.41,33.25
1899585,Auckland FC v Wellington P FC,2,75:14.7,75:23.2,8.5,867,Wellington P FC,create,medium_block,6.01,-27.33,10.58,-25.35
1899585,Auckland FC v Wellington P FC,2,75:23.2,75:24.1,0.9,867,Wellington P FC,finish,low_block,10.31,-25.1,7.05,-21.87
1899585,Auckland FC v Wellington P FC,2,75:24.1,75:32.0,7.9,867,Wellington P FC,create,medium_block,5.89,-20.97,20.25,-17.09
1899585,Auckland FC v Wellington P FC,2,75:56.3,76:06.2,9.9,4177,Auckland FC,create,medium_block,,,7.05,-24.39
1899585,Auckland FC v Wellington P FC,2,76:06.2,76:11.1,4.9,867,Wellington P FC,create,medium_block,-7.86,24.27,-16.93,20.07
1899585,Auckland FC v Wellington P FC,2,76:11.1,76:13.8,2.7,867,Wellington P FC,direct,defending_direct,-15.86,19.66,22.05,9.76
1899585,Auckland FC v Wellington P FC,2,76:13.8,76:25.3,11.5,4177,Auckland FC,transition,defending_transition,-22.32,-9.66,36.39,-16.73
1899585,Auckland FC v Wellington P FC,2,76:25.3,76:39.8,14.5,867,Wellington P FC,build_up,high_block,-36.97,16.24,-20.4,8.69
1899585,Auckland FC v Wellington P FC,2,76:39.8,77:00.9,21.1,867,Wellington P FC,create,medium_block,-19.22,8.15,19.64,25.88
1899585,Auckland FC v Wellington P FC,2,77:00.9,77:02.6,1.7,4177,Auckland FC,chaotic,chaotic,-19.48,-26.39,-6.5,-31.16
1899585,Auckland FC v Wellington P FC,2,77:02.6,77:06.3,3.7,867,Wellington P FC,chaotic,chaotic,6.54,31.22,-1.11,25.84
1899585,Auckland FC v Wellington P FC,2,77:06.3,77:09.6,3.3,4177,Auckland FC,chaotic,chaotic,1.34,-25.45,5.56,-21.64
1899585,Auckland FC v Wellington P FC,2,79:57.9,80:19.5,21.6,4177,Auckland FC,finish,low_block,6.36,-18.41,48.56,-21.61
1899585,Auckland FC v Wellington P FC,2,80:19.5,80:21.4,1.9,867,Wellington P FC,chaotic,chaotic,-48.78,19.53,-39.86,20.57
1899585,Auckland FC v Wellington P FC,2,80:40.9,81:18.6,37.7,4177,Auckland FC,finish,low_block,26.32,-29.09,42.17,-25.3
1899585,Auckland FC v Wellington P FC,2,81:18.6,81:22.1,3.5,867,Wellington P FC,chaotic,chaotic,-42.45,24.92,-38.25,29.12
1899585,Auckland FC v Wellington P FC,2,81:38.0,81:38.4,0.4,4177,Auckland FC,create,medium_block,,,,
1899585,Auckland FC v Wellington P FC,2,81:38.4,81:45.6,7.2,4177,Auckland FC,finish,low_block,31.96,-31.62,-5.87,30.37
1899585,Auckland FC v Wellington P FC,2,81:45.6,81:47.9,2.3,4177,Auckland FC,chaotic,chaotic,5.58,-30.32,4.84,-22.02
1899585,Auckland FC v Wellington P FC,2,81:47.9,81:51.9,4.0,867,Wellington P FC,create,medium_block,-4.47,21.82,31.54,10.98
1899585,Auckland FC v Wellington P FC,2,81:51.9,81:54.0,2.1,867,Wellington P FC,finish,low_block,32.34,10.91,51.04,3.75
1899585,Auckland FC v Wellington P FC,2,82:55.4,83:04.1,8.7,4177,Auckland FC,create,medium_block,-1.61,-0.86,-0.52,33.58
1899585,Auckland FC v Wellington P FC,2,83:04.1,83:05.2,1.1,867,Wellington P FC,chaotic,chaotic,0.11,-33.92,-2.52,-33.43
1899585,Auckland FC v Wellington P FC,2,83:15.1,83:16.8,1.7,4177,Auckland FC,chaotic,chaotic,18.62,32.37,31.59,30.97
1899585,Auckland FC v Wellington P FC,2,83:16.8,83:18.1,1.3,867,Wellington P FC,chaotic,chaotic,-31.76,-30.98,-26.27,-29.34
1899585,Auckland FC v Wellington P FC,2,83:18.1,83:19.6,1.5,4177,Auckland FC,chaotic,chaotic,26.21,29.21,31.07,25.73
1899585,Auckland FC v Wellington P FC,2,83:19.6,83:21.1,1.5,867,Wellington P FC,chaotic,chaotic,-31.11,-25.7,-21.61,-27.12
1899585,Auckland FC v Wellington P FC,2,83:21.1,83:21.5,0.4,4177,Auckland FC,chaotic,chaotic,21.64,27.12,23.89,26.21
1899585,Auckland FC v Wellington P FC,2,83:21.5,83:29.1,7.6,867,Wellington P FC,chaotic,chaotic,-24.11,-25.75,31.23,8.98
1899585,Auckland FC v Wellington P FC,2,83:53.3,84:00.0,6.7,4177,Auckland FC,create,medium_block,,,-9.43,-14.36
1899585,Auckland FC v Wellington P FC,2,84:00.0,84:07.5,7.5,867,Wellington P FC,quick_break,defending_quick_break,9.37,14.48,40.66,7.75
1899585,Auckland FC v Wellington P FC,2,84:07.5,84:15.9,8.4,4177,Auckland FC,build_up,high_block,-40.79,-7.54,-21.3,16.52
1899585,Auckland FC v Wellington P FC,2,84:15.9,84:35.5,19.6,4177,Auckland FC,create,medium_block,-19.84,16.14,1.14,-17.06
1899585,Auckland FC v Wellington P FC,2,84:49.1,84:56.7,7.6,4177,Auckland FC,create,medium_block,,,16.02,9.62
1899585,Auckland FC v Wellington P FC,2,84:56.7,85:03.6,6.9,867,Wellington P FC,transition,defending_transition,-16.06,-9.69,38.21,16.5
1899585,Auckland FC v Wellington P FC,2,85:03.6,85:04.6,1.0,4177,Auckland FC,chaotic,chaotic,-39.01,-17.17,-44.91,-24.99
1899585,Auckland FC v Wellington P FC,2,85:12.6,85:22.5,9.9,867,Wellington P FC,set_play,defending_set_play,49.25,30.78,5.14,-14.64
1899585,Auckland FC v Wellington P FC,2,85:22.5,85:22.8,0.3,867,Wellington P FC,create,medium_block,4.78,-14.84,4.72,-15.23
1899585,Auckland FC v Wellington P FC,2,85:22.8,85:25.3,2.5,867,Wellington P FC,finish,low_block,5.01,-15.76,5.05,-29.07
1899585,Auckland FC v Wellington P FC,2,85:25.3,85:28.9,3.6,867,Wellington P FC,create,medium_block,4.88,-29.69,-19.96,-28.22
1899585,Auckland FC v Wellington P FC,2,85:28.9,85:33.8,4.9,867,Wellington P FC,build_up,high_block,-21.75,-26.91,-43.86,-5.29
1899585,Auckland FC v Wellington P FC,2,85:33.8,85:37.2,3.4,867,Wellington P FC,direct,defending_direct,-43.26,-5.74,3.08,-11.96
1899585,Auckland FC v Wellington P FC,2,85:37.2,85:51.4,14.2,4177,Auckland FC,create,medium_block,-3.15,12.51,14.87,24.76
1899585,Auckland FC v Wellington P FC,2,85:51.4,86:01.9,10.5,4177,Auckland FC,finish,low_block,14.91,23.57,-32.55,-6.01
1899585,Auckland FC v Wellington P FC,2,86:01.9,86:04.8,2.9,4177,Auckland FC,chaotic,chaotic,32.47,6.28,24.53,9.98
1899585,Auckland FC v Wellington P FC,2,86:04.8,86:06.4,1.6,867,Wellington P FC,chaotic,chaotic,-24.32,-9.95,-18.78,-13.93
1899585,Auckland FC v Wellington P FC,2,86:06.4,86:26.7,20.3,4177,Auckland FC,finish,low_block,18.55,14.03,43.93,-30.03
1899585,Auckland FC v Wellington P FC,2,86:26.7,86:32.7,6.0,867,Wellington P FC,build_up,high_block,-43.78,30.08,-20.13,14.0
1899585,Auckland FC v Wellington P FC,2,86:32.7,86:41.2,8.5,867,Wellington P FC,create,medium_block,-19.72,13.74,14.01,26.01
1899585,Auckland FC v Wellington P FC,2,86:41.2,86:46.3,5.1,4177,Auckland FC,chaotic,chaotic,-15.31,-24.79,-21.5,-28.82
1899585,Auckland FC v Wellington P FC,2,87:30.5,87:31.5,1.0,4177,Auckland FC,direct,defending_direct,-23.15,-23.57,-4.65,-19.95
1899585,Auckland FC v Wellington P FC,2,87:48.7,88:16.1,27.4,867,Wellington P FC,create,medium_block,3.74,17.48,-4.87,9.27
1899585,Auckland FC v Wellington P FC,2,88:16.1,88:18.8,2.7,867,Wellington P FC,direct,defending_direct,-3.97,9.15,29.55,10.55
1899585,Auckland FC v Wellington P FC,2,88:18.8,88:22.0,3.2,867,Wellington P FC,create,medium_block,30.08,10.7,29.69,6.03
1899585,Auckland FC v Wellington P FC,2,88:22.0,88:30.5,8.5,4177,Auckland FC,transition,defending_transition,-29.87,-5.71,10.1,10.43
1899585,Auckland FC v Wellington P FC,2,88:30.5,88:31.8,1.3,867,Wellington P FC,chaotic,chaotic,-9.9,-10.87,-6.01,-15.72
1899585,Auckland FC v Wellington P FC,2,88:31.8,88:36.0,4.2,4177,Auckland FC,create,medium_block,5.96,16.33,22.13,26.74
1899585,Auckland FC v Wellington P FC,2,88:36.0,88:46.7,10.7,4177,Auckland FC,finish,low_block,22.59,26.52,46.32,0.1
1899585,Auckland FC v Wellington P FC,2,89:06.6,89:09.5,2.9,867,Wellington P FC,create,medium_block,,,-2.33,4.24
1899585,Auckland FC v Wellington P FC,2,89:09.5,89:14.1,4.6,4177,Auckland FC,chaotic,chaotic,2.34,-3.69,16.06,13.75
1899585,Auckland FC v Wellington P FC,2,89:14.1,89:28.4,14.3,867,Wellington P FC,create,medium_block,-16.41,-14.06,23.9,6.26
1899585,Auckland FC v Wellington P FC,2,89:28.4,89:39.3,10.9,867,Wellington P FC,finish,low_block,25.15,6.39,54.29,23.2
1899585,Auckland FC v Wellington P FC,2,90:21.7,90:25.8,4.1,4177,Auckland FC,direct,defending_direct,,,11.28,-22.57
1899585,Auckland FC v Wellington P FC,2,90:25.8,90:43.0,17.2,867,Wellington P FC,create,medium_block,-12.24,22.3,-2.99,0.85
1899585,Auckland FC v Wellington P FC,2,90:43.0,90:46.7,3.7,4177,Auckland FC,chaotic,chaotic,2.89,-1.31,0.04,-7.55
1899585,Auckland FC v Wellington P FC,2,90:46.7,90:48.7,2.0,867,Wellington P FC,chaotic,chaotic,-0.07,7.49,1.29,4.68
1899585,Auckland FC v Wellington P FC,2,91:00.6,91:01.1,0.5,867,Wellington P FC,create,medium_block,3.75,-8.41,4.66,-8.73
1899585,Auckland FC v Wellington P FC,2,91:01.1,91:52.6,51.5,867,Wellington P FC,finish,low_block,5.14,-9.12,11.89,29.14
1899585,Auckland FC v Wellington P FC,2,91:52.6,92:03.6,11.0,4177,Auckland FC,create,medium_block,-11.76,-29.05,10.81,-0.05
1899585,Auckland FC v Wellington P FC,2,92:03.6,92:30.3,26.7,4177,Auckland FC,finish,low_block,11.03,0.2,45.31,-3.63
1899585,Auckland FC v Wellington P FC,2,92:46.2,92:49.8,3.6,867,Wellington P FC,direct,defending_direct,,,36.5,15.17
1899585,Auckland FC v Wellington P FC,2,92:49.8,92:52.9,3.1,867,Wellington P FC,finish,low_block,37.1,15.22,47.0,4.35
1899585,Auckland FC v Wellington P FC,2,93:07.0,93:17.4,10.4,867,Wellington P FC,create,medium_block,14.83,32.37,23.58,-7.74
1899585,Auckland FC v Wellington P FC,2,93:53.2,93:59.4,6.2,4177,Auckland FC,direct,defending_direct,-47.16,6.53,8.34,14.47
1899585,Auckland FC v Wellington P FC,2,93:59.4,94:02.3,2.9,867,Wellington P FC,chaotic,chaotic,-8.58,-14.04,-13.41,-3.59
1899585,Auckland FC v Wellington P FC,2,94:02.3,94:02.9,0.6,4177,Auckland FC,chaotic,chaotic,13.56,3.44,13.45,2.34
1899585,Auckland FC v Wellington P FC,2,94:02.9,94:09.9,7.0,867,Wellington P FC,create,medium_block,-13.19,-2.11,14.86,7.76
1899585,Auckland FC v Wellington P FC,2,94:09.9,94:12.2,2.3,867,Wellington P FC,finish,low_block,15.0,7.27,30.27,-4.82
1899585,Auckland FC v Wellington P FC,2,94:53.3,94:58.6,5.3,4177,Auckland FC,direct,defending_direct,-39.54,5.05,-6.76,16.74
1899585,Auckland FC v Wellington P FC,2,94:58.6,95:04.8,6.2,4177,Auckland FC,create,medium_block,-6.83,17.23,29.49,29.11
1899585,Auckland FC v Wellington P FC,2,95:04.8,95:10.2,5.4,4177,Auckland FC,finish,low_block,30.17,29.12,50.63,5.88
1899585,Auckland FC v Wellington P FC,2,95:51.1,95:54.9,3.8,4177,Auckland FC,create,medium_block,,,50.24,31.33
1886347,Auckland FC v Newcastle,1,00:01.8,00:07.9,6.1,1805,Newcastle,create,medium_block,0.03,-0.36,-10.7,23.82
1886347,Auckland FC v Newcastle,1,00:07.9,00:09.7,1.8,1805,Newcastle,direct,defending_direct,-9.87,23.99,21.73,16.53
1886347,Auckland FC v Newcastle,1,00:17.5,00:22.2,4.7,4177,Auckland FC,build_up,high_block,-22.52,-7.98,-20.4,17.83
1886347,Auckland FC v Newcastle,1,00:22.2,00:27.3,5.1,4177,Auckland FC,create,medium_block,-19.24,19.52,29.2,26.16
1886347,Auckland FC v Newcastle,1,00:27.3,00:29.1,1.8,1805,Newcastle,chaotic,chaotic,-29.73,-26.19,-36.35,-29.24
1886347,Auckland FC v Newcastle,1,00:29.1,00:34.1,5.0,4177,Auckland FC,finish,low_block,36.14,29.18,44.22,24.33
1886347,Auckland FC v Newcastle,1,00:34.1,00:49.4,15.3,1805,Newcastle,build_up,high_block,-44.7,-22.57,-42.69,14.89
1886347,Auckland FC v Newcastle,1,00:49.4,00:51.6,2.2,1805,Newcastle,direct,defending_direct,-41.66,15.57,-3.54,22.0
1886347,Auckland FC v Newcastle,1,00:51.6,00:52.0,0.4,4177,Auckland FC,create,medium_block,3.2,-21.8,4.51,-20.41
1886347,Auckland FC v Newcastle,1,00:52.0,00:54.8,2.8,4177,Auckland FC,finish,low_block,5.27,-19.84,11.18,-17.74
1886347,Auckland FC v Newcastle,1,00:54.8,00:59.9,5.1,4177,Auckland FC,create,medium_block,11.03,-18.15,-13.14,-32.19
1886347,Auckland FC v Newcastle,1,01:12.6,01:19.6,7.0,4177,Auckland FC,create,medium_block,-16.07,-33.34,-23.5,4.04
1886347,Auckland FC v Newcastle,1,01:36.4,01:41.5,5.1,1805,Newcastle,chaotic,chaotic,33.07,-33.41,27.48,-36.5
1886347,Auckland FC v Newcastle,1,01:48.1,01:52.6,4.5,1805,Newcastle,finish,low_block,32.99,-32.06,6.02,-22.01
1886347,Auckland FC v Newcastle,1,01:52.6,01:58.8,6.2,1805,Newcastle,create,medium_block,5.34,-20.38,9.77,21.85
1886347,Auckland FC v Newcastle,1,01:58.8,02:00.7,1.9,1805,Newcastle,finish,low_block,10.28,23.18,6.89,28.12
1886347,Auckland FC v Newcastle,1,02:00.7,02:07.8,7.1,1805,Newcastle,create,medium_block,5.91,27.43,-19.73,-8.53
1886347,Auckland FC v Newcastle,1,02:07.8,02:10.6,2.8,1805,Newcastle,build_up,high_block,-20.34,-8.19,-21.0,-7.97
1886347,Auckland FC v Newcastle,1,02:10.6,02:21.7,11.1,1805,Newcastle,create,medium_block,-19.97,-8.73,22.33,3.77
1886347,Auckland FC v Newcastle,1,02:21.7,02:25.6,3.9,1805,Newcastle,finish,low_block,23.91,3.9,-45.78,-3.08
1886347,Auckland FC v Newcastle,1,02:25.6,02:33.6,8.0,1805,Newcastle,chaotic,chaotic,45.83,3.82,33.14,16.26
1886347,Auckland FC v Newcastle,1,02:33.6,02:39.8,6.2,4177,Auckland FC,build_up,high_block,-33.35,-16.15,-20.28,-28.49
1886347,Auckland FC v Newcastle,1,02:39.8,02:40.2,0.4,4177,Auckland FC,create,medium_block,-19.49,-27.84,-16.86,-25.36
1886347,Auckland FC v Newcastle,1,02:40.2,02:44.5,4.3,1805,Newcastle,chaotic,chaotic,16.46,24.68,30.37,17.26
1886347,Auckland FC v Newcastle,1,02:44.5,02:52.1,7.6,4177,Auckland FC,build_up,high_block,-30.74,-17.32,-27.43,-29.01
1886347,Auckland FC v Newcastle,1,02:52.1,02:59.5,7.4,1805,Newcastle,finish,low_block,27.84,29.25,5.3,15.3
1886347,Auckland FC v Newcastle,1,02:59.5,03:12.5,13.0,1805,Newcastle,create,medium_block,4.66,14.02,-19.9,-13.09
1886347,Auckland FC v Newcastle,1,03:12.5,03:42.4,29.9,1805,Newcastle,build_up,high_block,-20.63,-12.49,-20.76,-14.04
1886347,Auckland FC v Newcastle,1,03:42.4,03:45.2,2.8,1805,Newcastle,create,medium_block,-19.76,-13.7,-19.58,-27.91
1886347,Auckland FC v Newcastle,1,03:45.2,03:54.4,9.2,1805,Newcastle,build_up,high_block,-20.71,-27.26,-20.9,11.5
1886347,Auckland FC v Newcastle,1,03:54.4,04:19.6,25.2,1805,Newcastle,create,medium_block,-18.99,10.64,20.8,-29.47
1886347,Auckland FC v Newcastle,1,04:42.8,04:44.7,1.9,4177,Auckland FC,chaotic,chaotic,-24.82,34.5,-12.71,26.45
1886347,Auckland FC v Newcastle,1,04:44.7,04:47.4,2.7,1805,Newcastle,finish,low_block,12.83,-26.81,8.51,-27.53
1886347,Auckland FC v Newcastle,1,04:47.4,04:52.9,5.5,1805,Newcastle,create,medium_block,9.27,-27.16,17.1,-34.24
1886347,Auckland FC v Newcastle,1,05:04.4,05:08.8,4.4,1805,Newcastle,finish,low_block,22.49,-33.8,15.4,-29.89
1886347,Auckland FC v Newcastle,1,05:08.8,05:09.2,0.4,1805,Newcastle,create,medium_block,15.51,-29.16,15.33,-27.53
1886347,Auckland FC v Newcastle,1,05:09.2,05:15.5,6.3,4177,Auckland FC,chaotic,chaotic,-14.85,27.33,,
1886347,Auckland FC v Newcastle,1,05:22.3,05:23.3,1.0,4177,Auckland FC,chaotic,chaotic,,,2.32,29.64
1886347,Auckland FC v Newcastle,1,05:39.0,06:18.9,39.9,4177,Auckland FC,create,medium_block,-12.47,27.93,-4.51,28.82
1886347,Auckland FC v Newcastle,1,06:18.9,06:22.1,3.2,1805,Newcastle,chaotic,chaotic,4.84,-28.49,16.56,1.29
1886347,Auckland FC v Newcastle,1,06:22.1,06:27.8,5.7,4177,Auckland FC,chaotic,chaotic,-16.79,-1.5,10.18,-15.5
1886347,Auckland FC v Newcastle,1,06:27.8,06:31.3,3.5,1805,Newcastle,create,medium_block,-10.58,15.6,-19.65,22.2
1886347,Auckland FC v Newcastle,1,06:31.3,06:34.5,3.2,1805,Newcastle,build_up,high_block,-21.0,21.68,-39.66,10.36
1886347,Auckland FC v Newcastle,1,06:34.5,06:37.8,3.3,1805,Newcastle,direct,defending_direct,-38.96,10.77,6.9,22.25
1886347,Auckland FC v Newcastle,1,06:37.8,06:39.7,1.9,4177,Auckland FC,chaotic,chaotic,-7.43,-22.28,-6.57,-25.5
1886347,Auckland FC v Newcastle,1,06:39.7,06:41.2,1.5,1805,Newcastle,chaotic,chaotic,6.42,25.47,2.35,31.82
1886347,Auckland FC v Newcastle,1,06:41.2,06:42.5,1.3,4177,Auckland FC,chaotic,chaotic,-2.23,-31.99,-1.93,-34.87
1886347,Auckland FC v Newcastle,1,06:54.1,06:55.3,1.2,1805,Newcastle,chaotic,chaotic,-2.81,33.38,-4.21,27.8
1886347,Auckland FC v Newcastle,1,06:55.3,07:00.0,4.7,4177,Auckland FC,create,medium_block,4.44,-27.92,22.28,-19.78
1886347,Auckland FC v Newcastle,1,07:00.0,07:03.6,3.6,4177,Auckland FC,finish,low_block,22.58,-19.31,47.64,-3.59
1886347,Auckland FC v Newcastle,1,07:14.5,07:22.3,7.8,1805,Newcastle,build_up,high_block,,,-20.49,27.26
1886347,Auckland FC v Newcastle,1,07:22.3,07:22.7,0.4,1805,Newcastle,create,medium_block,-19.16,27.5,-16.31,27.77
1886347,Auckland FC v Newcastle,1,07:22.7,07:24.0,1.3,4177,Auckland FC,chaotic,chaotic,15.86,-27.7,22.33,-25.46
1886347,Auckland FC v Newcastle,1,07:24.0,07:33.5,9.5,1805,Newcastle,create,medium_block,-22.48,25.38,19.1,-19.89
1886347,Auckland FC v Newcastle,1,07:33.5,07:35.9,2.4,1805,Newcastle,finish,low_block,19.52,-19.99,37.01,1.85
1886347,Auckland FC v Newcastle,1,07:35.9,07:41.2,5.3,4177,Auckland FC,chaotic,chaotic,-36.88,-2.6,-31.23,-23.84
1886347,Auckland FC v Newcastle,1,07:41.2,07:45.7,4.5,1805,Newcastle,finish,low_block,30.27,23.7,8.88,27.0
1886347,Auckland FC v Newcastle,1,07:45.7,07:50.4,4.7,1805,Newcastle,create,medium_block,8.72,27.18,18.25,30.85
1886347,Auckland FC v Newcastle,1,07:50.4,07:50.5,0.1,4177,Auckland FC,create,medium_block,-19.24,-31.0,-19.24,-31.0
1886347,Auckland FC v Newcastle,1,07:50.5,08:03.1,12.6,4177,Auckland FC,build_up,high_block,-20.17,-31.13,-26.78,-34.73
1886347,Auckland FC v Newcastle,1,08:18.4,08:18.5,0.1,1805,Newcastle,create,medium_block,,,,
1886347,Auckland FC v Newcastle,1,08:18.5,08:23.5,5.0,1805,Newcastle,finish,low_block,26.81,30.76,5.42,18.4
1886347,Auckland FC v Newcastle,1,08:23.5,08:37.0,13.5,1805,Newcastle,create,medium_block,4.64,17.71,24.57,-33.43
1886347,Auckland FC v Newcastle,1,08:37.0,08:40.0,3.0,4177,Auckland FC,chaotic,chaotic,-24.97,33.65,-27.49,35.32
1886347,Auckland FC v Newcastle,1,08:42.0,08:45.0,3.0,4177,Auckland FC,chaotic,chaotic,-24.68,33.48,-12.21,36.49
1886347,Auckland FC v Newcastle,1,08:57.8,08:58.9,1.1,1805,Newcastle,chaotic,chaotic,20.11,-31.2,24.91,-27.77
1886347,Auckland FC v Newcastle,1,08:58.9,09:07.2,8.3,4177,Auckland FC,create,medium_block,-24.88,27.81,34.1,25.05
1886347,Auckland FC v Newcastle,1,09:07.2,09:10.5,3.3,4177,Auckland FC,finish,low_block,34.65,24.6,49.41,-6.01
1886347,Auckland FC v Newcastle,1,09:33.2,09:37.2,4.0,1805,Newcastle,build_up,high_block,,,-20.42,31.55
1886347,Auckland FC v Newcastle,1,09:37.2,09:38.8,1.6,1805,Newcastle,create,medium_block,-19.59,31.82,-24.11,33.74
1886347,Auckland FC v Newcastle,1,09:54.8,09:58.3,3.5,4177,Auckland FC,finish,low_block,20.47,-31.64,8.5,-30.4
1886347,Auckland FC v Newcastle,1,09:58.3,10:07.8,9.5,4177,Auckland FC,create,medium_block,6.66,-30.15,17.19,30.44
1886347,Auckland FC v Newcastle,1,10:07.8,10:13.3,5.5,4177,Auckland FC,finish,low_block,17.68,30.52,5.71,20.96
1886347,Auckland FC v Newcastle,1,10:13.3,10:14.6,1.3,4177,Auckland FC,create,medium_block,5.12,20.87,4.64,22.68
1886347,Auckland FC v Newcastle,1,10:14.6,10:19.4,4.8,4177,Auckland FC,finish,low_block,5.47,23.3,15.61,16.72
1886347,Auckland FC v Newcastle,1,10:19.4,10:21.2,1.8,4177,Auckland FC,create,medium_block,15.67,16.15,12.27,3.84
1886347,Auckland FC v Newcastle,1,10:21.2,10:22.7,1.5,4177,Auckland FC,finish,low_block,11.61,2.38,5.42,-8.85
1886347,Auckland FC v Newcastle,1,10:22.7,10:35.4,12.7,4177,Auckland FC,create,medium_block,5.12,-9.33,16.7,28.13
1886347,Auckland FC v Newcastle,1,10:35.4,10:40.8,5.4,1805,Newcastle,create,medium_block,-16.76,-28.16,-19.57,-13.26
1886347,Auckland FC v Newcastle,1,10:40.8,11:10.5,29.7,1805,Newcastle,build_up,high_block,-20.06,-12.58,-20.2,9.17
1886347,Auckland FC v Newcastle,1,11:10.5,11:28.8,18.3,1805,Newcastle,create,medium_block,-19.77,9.14,-3.85,-6.12
1886347,Auckland FC v Newcastle,1,11:54.3,11:56.8,2.5,4177,Auckland FC,chaotic,chaotic,-23.35,34.65,-16.26,32.7
1886347,Auckland FC v Newcastle,1,12:02.1,12:23.0,20.9,1805,Newcastle,create,medium_block,9.11,-32.51,3.46,-30.61
1886347,Auckland FC v Newcastle,1,12:23.0,12:25.0,2.0,4177,Auckland FC,chaotic,chaotic,-3.48,30.65,3.87,29.03
1886347,Auckland FC v Newcastle,1,12:25.0,12:32.9,7.9,1805,Newcastle,chaotic,chaotic,-4.29,-28.01,36.46,16.85
1886347,Auckland FC v Newcastle,1,13:09.6,13:22.7,13.1,1805,Newcastle,set_play,defending_set_play,51.2,31.96,30.35,-3.65
1886347,Auckland FC v Newcastle,1,13:22.7,13:26.7,4.0,4177,Auckland FC,chaotic,chaotic,-30.49,3.98,-30.88,23.99
1886347,Auckland FC v Newcastle,1,13:49.6,14:13.8,24.2,4177,Auckland FC,create,medium_block,-19.94,34.69,23.84,-22.4
1886347,Auckland FC v Newcastle,1,14:13.8,14:24.9,11.1,4177,Auckland FC,finish,low_block,23.85,-22.48,6.02,-22.22
1886347,Auckland FC v Newcastle,1,14:24.9,14:39.0,14.1,4177,Auckland FC,create,medium_block,4.84,-21.73,10.11,13.06
1886347,Auckland FC v Newcastle,1,14:39.0,14:41.5,2.5,1805,Newcastle,chaotic,chaotic,-10.15,-12.9,0.19,-24.46
1886347,Auckland FC v Newcastle,1,14:41.5,14:44.5,3.0,4177,Auckland FC,chaotic,chaotic,-0.08,24.92,14.26,18.66
1886347,Auckland FC v Newcastle,1,14:44.5,14:52.6,8.1,1805,Newcastle,create,medium_block,-14.42,-18.64,6.19,-25.45
1886347,Auckland FC v Newcastle,1,14:52.6,14:57.1,4.5,4177,Auckland FC,create,medium_block,-7.18,25.08,-19.22,10.66
1886347,Auckland FC v Newcastle,1,14:57.1,15:12.1,15.0,4177,Auckland FC,build_up,high_block,-20.14,9.76,-20.07,-3.72
1886347,Auckland FC v Newcastle,1,15:12.1,15:17.2,5.1,4177,Auckland FC,create,medium_block,-19.87,-3.19,12.52,21.71
1886347,Auckland FC v Newcastle,1,15:22.8,15:27.5,4.7,1805,Newcastle,build_up,high_block,-36.25,-32.25,-20.85,-11.91
1886347,Auckland FC v Newcastle,1,15:27.5,15:27.9,0.4,1805,Newcastle,create,medium_block,-19.31,-11.52,-16.62,-10.52
1886347,Auckland FC v Newcastle,1,15:27.9,15:32.1,4.2,4177,Auckland FC,finish,low_block,16.45,10.31,20.46,15.96
1886347,Auckland FC v Newcastle,1,15:38.6,15:44.1,5.5,4177,Auckland FC,chaotic,chaotic,30.55,34.46,43.66,30.15
1886347,Auckland FC v Newcastle,1,15:44.1,15:50.5,6.4,1805,Newcastle,chaotic,chaotic,-43.95,-29.96,-10.0,-24.81
1886347,Auckland FC v Newcastle,1,15:50.5,15:52.9,2.4,4177,Auckland FC,finish,low_block,9.55,24.61,5.13,6.17
1886347,Auckland FC v Newcastle,1,15:52.9,15:53.3,0.4,4177,Auckland FC,create,medium_block,5.07,5.52,4.99,3.84
1886347,Auckland FC v Newcastle,1,15:53.3,15:55.8,2.5,4177,Auckland FC,finish,low_block,5.08,3.42,5.72,-5.29
1886347,Auckland FC v Newcastle,1,15:55.8,15:58.4,2.6,4177,Auckland FC,create,medium_block,5.08,-5.69,4.95,-10.35
1886347,Auckland FC v Newcastle,1,15:58.4,16:01.7,3.3,4177,Auckland FC,finish,low_block,5.46,-11.11,6.36,-19.98
1886347,Auckland FC v Newcastle,1,16:01.7,16:07.6,5.9,4177,Auckland FC,create,medium_block,5.77,-19.18,27.59,-11.55
1886347,Auckland FC v Newcastle,1,16:07.6,16:11.1,3.5,1805,Newcastle,build_up,high_block,-27.98,11.54,-20.19,3.65
1886347,Auckland FC v Newcastle,1,16:11.1,16:24.0,12.9,1805,Newcastle,create,medium_block,-19.84,3.72,7.74,-22.19
1886347,Auckland FC v Newcastle,1,16:47.7,16:51.6,3.9,4177,Auckland FC,create,medium_block,-11.02,-9.28,38.3,-13.54
1886347,Auckland FC v Newcastle,1,16:51.6,16:58.6,7.0,1805,Newcastle,build_up,high_block,-39.24,13.38,-20.44,4.06
1886347,Auckland FC v Newcastle,1,16:58.6,17:06.3,7.7,1805,Newcastle,create,medium_block,-19.7,2.12,3.98,-10.01
1886347,Auckland FC v Newcastle,1,17:06.3,17:20.0,13.7,4177,Auckland FC,transition,defending_transition,-4.09,10.06,47.61,1.28
1886347,Auckland FC v Newcastle,1,17:20.0,17:35.3,15.3,1805,Newcastle,build_up,high_block,-48.15,-0.9,-20.23,21.25
1886347,Auckland FC v Newcastle,1,17:35.3,17:38.0,2.7,1805,Newcastle,create,medium_block,-19.09,22.64,-18.57,30.87
1886347,Auckland FC v Newcastle,1,17:38.0,17:41.4,3.4,1805,Newcastle,build_up,high_block,-20.08,30.55,-20.15,13.59
1886347,Auckland FC v Newcastle,1,17:41.4,17:47.3,5.9,1805,Newcastle,create,medium_block,-19.98,12.61,30.98,26.47
1886347,Auckland FC v Newcastle,1,17:47.3,17:54.4,7.1,1805,Newcastle,finish,low_block,31.48,27.05,46.65,16.18
1886347,Auckland FC v Newcastle,1,17:54.4,17:59.4,5.0,4177,Auckland FC,build_up,high_block,-46.05,-16.0,-34.99,-5.56
1886347,Auckland FC v Newcastle,1,17:59.4,18:04.1,4.7,1805,Newcastle,finish,low_block,35.19,5.77,44.35,-2.06
1886347,Auckland FC v Newcastle,1,18:27.4,18:32.3,4.9,4177,Auckland FC,build_up,high_block,-46.6,3.06,-21.06,20.7
1886347,Auckland FC v Newcastle,1,18:32.3,18:32.7,0.4,4177,Auckland FC,create,medium_block,-19.61,20.48,-16.8,20.04
1886347,Auckland FC v Newcastle,1,19:20.8,19:23.5,2.7,4177,Auckland FC,create,medium_block,-16.52,20.65,-4.72,32.52
1886347,Auckland FC v Newcastle,1,19:23.5,19:25.9,2.4,4177,Auckland FC,direct,defending_direct,-3.83,32.38,27.81,26.73
1886347,Auckland FC v Newcastle,1,19:25.9,19:36.4,10.5,1805,Newcastle,build_up,high_block,-28.61,-26.48,-20.07,-22.13
1886347,Auckland FC v Newcastle,1,19:36.4,19:36.8,0.4,1805,Newcastle,create,medium_block,-19.56,-21.76,-19.74,-21.09
1886347,Auckland FC v Newcastle,1,19:36.8,19:43.0,6.2,1805,Newcastle,build_up,high_block,-20.3,-20.9,-20.39,16.2
1886347,Auckland FC v Newcastle,1,19:43.0,19:44.7,1.7,1805,Newcastle,create,medium_block,-19.86,16.69,-17.26,24.84
1886347,Auckland FC v Newcastle,1,19:44.7,19:46.9,2.2,4177,Auckland FC,finish,low_block,16.47,-25.23,5.93,-30.35
1886347,Auckland FC v Newcastle,1,19:46.9,20:00.2,13.3,4177,Auckland FC,create,medium_block,5.37,-30.31,30.2,17.13
1886347,Auckland FC v Newcastle,1,20:00.2,20:05.9,5.7,1805,Newcastle,chaotic,chaotic,-30.62,-16.89,-25.92,-36.68
1886347,Auckland FC v Newcastle,1,20:13.0,20:20.2,7.2,4177,Auckland FC,finish,low_block,26.04,34.43,46.99,0.62
1886347,Auckland FC v Newcastle,1,20:20.2,20:40.3,20.1,1805,Newcastle,create,medium_block,-48.7,0.58,-7.89,-29.77
1886347,Auckland FC v Newcastle,1,20:40.3,20:40.4,0.1,4177,Auckland FC,finish,low_block,6.8,30.08,6.8,30.08
1886347,Auckland FC v Newcastle,1,20:40.4,20:45.8,5.4,4177,Auckland FC,create,medium_block,5.79,30.21,-18.87,27.26
1886347,Auckland FC v Newcastle,1,20:45.8,21:03.2,17.4,4177,Auckland FC,build_up,high_block,-20.06,25.68,-20.22,17.98
1886347,Auckland FC v Newcastle,1,21:03.2,21:12.6,9.4,4177,Auckland FC,create,medium_block,-19.83,18.2,23.32,22.43
1886347,Auckland FC v Newcastle,1,21:12.6,21:24.5,11.9,4177,Auckland FC,finish,low_block,23.85,22.39,43.37,1.4
1886347,Auckland FC v Newcastle,1,21:39.6,21:47.3,7.7,1805,Newcastle,create,medium_block,,,28.6,5.08
1886347,Auckland FC v Newcastle,1,21:47.3,21:50.1,2.8,4177,Auckland FC,chaotic,chaotic,-28.61,-5.43,-25.94,-15.74
1886347,Auckland FC v Newcastle,1,21:50.1,21:53.5,3.4,4177,Auckland FC,direct,defending_direct,-25.07,-16.48,14.7,-17.2
1886347,Auckland FC v Newcastle,1,21:53.5,21:54.6,1.1,1805,Newcastle,chaotic,chaotic,-14.61,17.16,-2.83,18.62
1886347,Auckland FC v Newcastle,1,21:54.6,21:59.0,4.4,4177,Auckland FC,create,medium_block,2.52,-18.84,7.17,-29.15
1886347,Auckland FC v Newcastle,1,21:59.0,21:59.7,0.7,4177,Auckland FC,finish,low_block,6.44,-28.95,5.15,-28.57
1886347,Auckland FC v Newcastle,1,21:59.7,22:04.5,4.8,4177,Auckland FC,create,medium_block,5.1,-28.56,20.15,-32.52
1886347,Auckland FC v Newcastle,1,22:04.5,22:07.5,3.0,4177,Auckland FC,finish,low_block,20.58,-32.24,37.91,-33.13
1886347,Auckland FC v Newcastle,1,23:07.9,23:10.9,3.0,4177,Auckland FC,set_play,defending_set_play,35.25,-30.25,50.07,4.92
1886347,Auckland FC v Newcastle,1,23:47.0,24:04.0,17.0,4177,Auckland FC,set_play,defending_set_play,51.17,32.25,5.92,-21.3
1886347,Auckland FC v Newcastle,1,24:04.0,24:30.5,26.5,4177,Auckland FC,create,medium_block,4.73,-20.74,-14.06,-10.44
1886347,Auckland FC v Newcastle,1,24:30.5,24:33.7,3.2,4177,Auckland FC,direct,defending_direct,-13.42,-11.08,21.95,-23.81
1886347,Auckland FC v Newcastle,1,24:33.7,24:36.7,3.0,4177,Auckland FC,create,medium_block,21.92,-23.68,15.56,-13.71
1886347,Auckland FC v Newcastle,1,24:36.7,24:47.0,10.3,4177,Auckland FC,finish,low_block,15.75,-13.52,-49.71,-25.7
1886347,Auckland FC v Newcastle,1,24:47.0,24:48.1,1.1,4177,Auckland FC,chaotic,chaotic,49.7,25.91,49.93,27.93
1886347,Auckland FC v Newcastle,1,25:18.6,25:21.5,2.9,1805,Newcastle,direct,defending_direct,-45.73,-1.55,-5.98,-28.42
1886347,Auckland FC v Newcastle,1,25:21.5,25:26.5,5.0,1805,Newcastle,create,medium_block,-5.11,-28.35,3.76,-36.58
1886347,Auckland FC v Newcastle,1,25:45.0,25:46.9,1.9,1805,Newcastle,chaotic,chaotic,,,19.35,-29.07
1886347,Auckland FC v Newcastle,1,25:46.9,25:47.0,0.1,4177,Auckland FC,create,medium_block,-19.89,28.89,-19.89,28.89
1886347,Auckland FC v Newcastle,1,25:47.0,25:56.2,9.2,4177,Auckland FC,build_up,high_block,-20.43,28.76,-20.12,-15.24
1886347,Auckland FC v Newcastle,1,25:56.2,26:01.6,5.4,4177,Auckland FC,create,medium_block,-19.61,-15.14,-18.96,-29.88
1886347,Auckland FC v Newcastle,1,26:01.6,26:09.8,8.2,4177,Auckland FC,build_up,high_block,-20.06,-29.42,-20.06,25.03
1886347,Auckland FC v Newcastle,1,26:09.8,26:32.9,23.1,4177,Auckland FC,create,medium_block,-18.46,25.73,16.31,32.1
1886347,Auckland FC v Newcastle,1,26:32.9,26:36.0,3.1,4177,Auckland FC,finish,low_block,16.55,32.12,6.57,23.59
1886347,Auckland FC v Newcastle,1,26:36.0,26:43.6,7.6,4177,Auckland FC,create,medium_block,5.53,22.62,20.81,-31.85
1886347,Auckland FC v Newcastle,1,26:43.6,27:10.6,27.0,4177,Auckland FC,finish,low_block,21.12,-32.2,49.47,16.82
1886347,Auckland FC v Newcastle,1,27:46.7,28:00.1,13.4,4177,Auckland FC,set_play,defending_set_play,51.86,32.64,47.23,7.09
1886347,Auckland FC v Newcastle,1,28:00.1,28:04.2,4.1,1805,Newcastle,chaotic,chaotic,-47.28,-5.91,-40.59,-25.3
1886347,Auckland FC v Newcastle,1,28:10.2,28:16.6,6.4,4177,Auckland FC,finish,low_block,39.86,33.88,42.93,6.77
1886347,Auckland FC v Newcastle,1,28:51.4,28:56.0,4.6,1805,Newcastle,build_up,high_block,-47.63,1.22,-41.74,-20.08
1886347,Auckland FC v Newcastle,1,28:56.0,28:58.2,2.2,1805,Newcastle,direct,defending_direct,-40.94,-20.04,-8.13,-12.22
1886347,Auckland FC v Newcastle,1,28:58.2,29:05.8,7.6,4177,Auckland FC,finish,low_block,7.43,12.13,13.58,28.02
1886347,Auckland FC v Newcastle,1,29:05.8,29:26.4,20.6,4177,Auckland FC,create,medium_block,13.36,27.92,21.57,22.53
1886347,Auckland FC v Newcastle,1,29:26.4,29:33.1,6.7,4177,Auckland FC,finish,low_block,22.35,23.44,44.94,-25.93
1886347,Auckland FC v Newcastle,1,29:33.1,29:33.9,0.8,1805,Newcastle,chaotic,chaotic,-45.08,26.69,-46.09,31.54
1886347,Auckland FC v Newcastle,1,29:44.3,29:47.2,2.9,1805,Newcastle,chaotic,chaotic,-50.85,33.8,-17.01,31.26
1886347,Auckland FC v Newcastle,1,29:47.2,29:49.4,2.2,4177,Auckland FC,finish,low_block,16.47,-31.2,5.91,-24.56
1886347,Auckland FC v Newcastle,1,29:49.4,29:55.2,5.8,4177,Auckland FC,create,medium_block,5.16,-24.32,9.33,17.72
1886347,Auckland FC v Newcastle,1,29:55.2,29:57.1,1.9,4177,Auckland FC,finish,low_block,9.49,17.97,6.54,16.33
1886347,Auckland FC v Newcastle,1,29:57.1,30:04.9,7.8,4177,Auckland FC,create,medium_block,5.75,15.77,21.68,-10.36
1886347,Auckland FC v Newcastle,1,30:04.9,30:06.5,1.6,1805,Newcastle,chaotic,chaotic,-20.64,9.91,1.22,-0.08
1886347,Auckland FC v Newcastle,1,30:06.5,30:08.6,2.1,4177,Auckland FC,create,medium_block,-1.11,0.88,4.29,9.23
1886347,Auckland FC v Newcastle,1,30:08.6,30:16.3,7.7,4177,Auckland FC,finish,low_block,5.02,9.54,6.41,11.74
1886347,Auckland FC v Newcastle,1,30:16.3,30:24.6,8.3,4177,Auckland FC,create,medium_block,5.46,11.76,19.68,29.88
1886347,Auckland FC v Newcastle,1,30:24.6,30:34.7,10.1,4177,Auckland FC,finish,low_block,20.6,30.5,44.94,7.61
1886347,Auckland FC v Newcastle,1,30:34.7,30:38.8,4.1,1805,Newcastle,build_up,high_block,-44.62,-7.0,-20.4,-25.09
1886347,Auckland FC v Newcastle,1,30:38.8,30:43.9,5.1,1805,Newcastle,create,medium_block,-19.93,-25.51,-2.81,-28.51
1886347,Auckland FC v Newcastle,1,31:21.8,31:23.2,1.4,1805,Newcastle,create,medium_block,-4.22,-28.48,-19.55,-26.7
1886347,Auckland FC v Newcastle,1,31:23.2,31:36.4,13.2,1805,Newcastle,build_up,high_block,-20.21,-26.7,-20.27,-19.06
1886347,Auckland FC v Newcastle,1,31:36.4,31:38.7,2.3,1805,Newcastle,create,medium_block,-19.84,-19.04,-12.83,-26.09
1886347,Auckland FC v Newcastle,1,31:38.7,31:48.0,9.3,4177,Auckland FC,create,medium_block,12.42,26.27,-19.49,-23.13
1886347,Auckland FC v Newcastle,1,31:48.0,31:58.1,10.1,4177,Auckland FC,build_up,high_block,-20.03,-23.22,-20.15,31.44
1886347,Auckland FC v Newcastle,1,31:58.1,31:58.8,0.7,4177,Auckland FC,create,medium_block,-19.98,31.33,-19.73,30.24
1886347,Auckland FC v Newcastle,1,31:58.8,32:04.3,5.5,4177,Auckland FC,build_up,high_block,-20.13,29.6,-20.0,-13.94
1886347,Auckland FC v Newcastle,1,32:04.3,32:09.3,5.0,4177,Auckland FC,create,medium_block,-19.69,-14.24,-19.85,-23.77
1886347,Auckland FC v Newcastle,1,32:09.3,32:18.0,8.7,4177,Auckland FC,build_up,high_block,-20.28,-23.59,-21.66,-23.63
1886347,Auckland FC v Newcastle,1,32:18.0,32:19.8,1.8,4177,Auckland FC,create,medium_block,-19.63,-23.66,3.2,-22.82
1886347,Auckland FC v Newcastle,1,32:19.8,32:23.6,3.8,1805,Newcastle,create,medium_block,-3.69,22.86,-19.35,12.48
1886347,Auckland FC v Newcastle,1,32:23.6,32:27.0,3.4,1805,Newcastle,build_up,high_block,-20.0,12.39,-21.51,14.73
1886347,Auckland FC v Newcastle,1,32:27.0,32:34.8,7.8,1805,Newcastle,create,medium_block,-19.91,15.31,16.58,-6.57
1886347,Auckland FC v Newcastle,1,32:34.8,32:38.4,3.6,1805,Newcastle,finish,low_block,17.09,-6.64,38.91,-19.09
1886347,Auckland FC v Newcastle,1,33:04.7,33:11.6,6.9,4177,Auckland FC,build_up,high_block,-46.21,10.3,-34.84,-19.92
1886347,Auckland FC v Newcastle,1,33:11.6,33:14.1,2.5,4177,Auckland FC,direct,defending_direct,-33.98,-20.19,3.32,-12.07
1886347,Auckland FC v Newcastle,1,33:14.1,33:17.6,3.5,1805,Newcastle,chaotic,chaotic,-3.29,11.39,19.29,1.56
1886347,Auckland FC v Newcastle,1,33:17.6,33:26.1,8.5,4177,Auckland FC,create,medium_block,-18.73,-1.61,23.14,23.75
1886347,Auckland FC v Newcastle,1,33:26.1,33:38.9,12.8,4177,Auckland FC,finish,low_block,24.42,24.21,45.14,1.27
1886347,Auckland FC v Newcastle,1,33:38.9,33:44.6,5.7,1805,Newcastle,chaotic,chaotic,-45.09,-0.65,-17.81,-6.92
1886347,Auckland FC v Newcastle,1,33:44.6,34:13.9,29.3,4177,Auckland FC,finish,low_block,17.76,7.16,34.39,1.23
1886347,Auckland FC v Newcastle,1,34:13.9,34:16.0,2.1,1805,Newcastle,chaotic,chaotic,-34.57,-1.17,-47.2,-2.12
1886347,Auckland FC v Newcastle,1,34:16.0,34:20.4,4.4,1805,Newcastle,direct,defending_direct,-46.37,-2.41,4.46,-0.46
1886347,Auckland FC v Newcastle,1,34:20.4,34:22.7,2.3,4177,Auckland FC,create,medium_block,-5.17,0.24,-18.9,-3.97
1886347,Auckland FC v Newcastle,1,34:22.7,34:41.6,18.9,4177,Auckland FC,build_up,high_block,-20.34,-3.91,-20.03,16.43
1886347,Auckland FC v Newcastle,1,34:41.6,35:01.8,20.2,4177,Auckland FC,create,medium_block,-19.8,16.44,-1.38,-8.08
1886347,Auckland FC v Newcastle,1,35:28.9,35:31.1,2.2,1805,Newcastle,chaotic,chaotic,-22.15,33.72,-1.72,26.95
1886347,Auckland FC v Newcastle,1,35:31.1,35:33.2,2.1,4177,Auckland FC,chaotic,chaotic,0.87,-26.77,-2.98,-28.21
1886347,Auckland FC v Newcastle,1,35:38.8,35:43.7,4.9,1805,Newcastle,chaotic,chaotic,-6.98,32.26,0.48,35.03
1886347,Auckland FC v Newcastle,1,35:47.6,36:15.4,27.8,4177,Auckland FC,create,medium_block,-13.98,-32.5,-1.8,27.86
1886347,Auckland FC v Newcastle,1,36:15.4,36:18.1,2.7,1805,Newcastle,chaotic,chaotic,2.26,-28.08,14.15,-35.29
1886347,Auckland FC v Newcastle,1,36:37.8,36:39.8,2.0,4177,Auckland FC,chaotic,chaotic,-10.95,34.72,2.88,19.07
1886347,Auckland FC v Newcastle,1,36:39.8,36:42.1,2.3,1805,Newcastle,chaotic,chaotic,-2.67,-18.2,10.21,-4.35
1886347,Auckland FC v Newcastle,1,36:42.1,36:49.5,7.4,4177,Auckland FC,create,medium_block,-10.52,4.16,-19.96,-17.66
1886347,Auckland FC v Newcastle,1,36:49.5,36:57.8,8.3,4177,Auckland FC,build_up,high_block,-20.67,-17.02,-27.06,31.12
1886347,Auckland FC v Newcastle,1,36:57.8,37:02.8,5.0,4177,Auckland FC,direct,defending_direct,-26.31,31.16,36.9,27.56
1886347,Auckland FC v Newcastle,1,38:03.3,38:23.3,20.0,4177,Auckland FC,set_play,defending_set_play,40.52,30.95,30.28,15.04
1886347,Auckland FC v Newcastle,1,38:23.3,38:37.5,14.2,4177,Auckland FC,finish,low_block,30.62,15.85,51.73,8.6
1886347,Auckland FC v Newcastle,1,38:37.5,38:53.9,16.4,1805,Newcastle,build_up,high_block,-51.7,-8.26,-25.39,23.4
1886347,Auckland FC v Newcastle,1,38:53.9,39:00.8,6.9,4177,Auckland FC,quick_break,defending_quick_break,25.45,-23.32,46.35,4.92
1886347,Auckland FC v Newcastle,1,39:48.1,39:54.2,6.1,1805,Newcastle,build_up,high_block,-44.06,-2.57,-21.46,13.36
1886347,Auckland FC v Newcastle,1,39:54.2,40:14.1,19.9,1805,Newcastle,create,medium_block,-19.8,12.28,-6.77,28.18
1886347,Auckland FC v Newcastle,1,40:14.1,40:17.9,3.8,1805,Newcastle,direct,defending_direct,-5.88,27.44,40.33,1.86
1886347,Auckland FC v Newcastle,1,40:17.9,40:25.9,8.0,4177,Auckland FC,build_up,high_block,-40.51,-1.6,-20.4,22.2
1886347,Auckland FC v Newcastle,1,40:25.9,40:29.0,3.1,4177,Auckland FC,create,medium_block,-18.81,23.46,-19.92,28.76
1886347,Auckland FC v Newcastle,1,40:29.0,40:43.7,14.7,4177,Auckland FC,build_up,high_block,-20.8,28.41,-20.58,-21.18
1886347,Auckland FC v Newcastle,1,40:43.7,41:00.9,17.2,4177,Auckland FC,create,medium_block,-19.61,-22.42,-7.78,34.37
1886347,Auckland FC v Newcastle,1,41:12.3,41:14.9,2.6,4177,Auckland FC,chaotic,chaotic,0.15,33.46,-3.82,35.25
1886347,Auckland FC v Newcastle,1,41:30.7,41:33.7,3.0,1805,Newcastle,create,medium_block,1.82,-33.36,1.24,-26.48
1886347,Auckland FC v Newcastle,1,41:33.7,41:34.5,0.8,4177,Auckland FC,chaotic,chaotic,-0.81,26.26,3.16,25.46
1886347,Auckland FC v Newcastle,1,41:34.5,41:36.2,1.7,1805,Newcastle,chaotic,chaotic,-3.32,-25.18,0.99,-17.18
1886347,Auckland FC v Newcastle,1,41:36.2,41:43.4,7.2,4177,Auckland FC,create,medium_block,-1.15,16.69,-18.48,-7.29
1886347,Auckland FC v Newcastle,1,41:43.4,41:49.8,6.4,4177,Auckland FC,build_up,high_block,-20.09,-7.29,-20.5,15.59
1886347,Auckland FC v Newcastle,1,41:49.8,41:52.3,2.5,4177,Auckland FC,create,medium_block,-19.25,14.84,-8.32,11.41
1886347,Auckland FC v Newcastle,1,42:10.7,42:20.8,10.1,4177,Auckland FC,create,medium_block,-8.58,12.41,46.5,4.71
1886347,Auckland FC v Newcastle,1,42:20.8,42:29.9,9.1,1805,Newcastle,chaotic,chaotic,-46.39,-3.68,-23.7,-28.41
1886347,Auckland FC v Newcastle,1,43:19.3,43:33.5,14.2,1805,Newcastle,build_up,high_block,-21.47,-25.3,-20.44,-33.37
1886347,Auckland FC v Newcastle,1,43:33.5,43:40.1,6.6,1805,Newcastle,create,medium_block,-19.93,-33.21,27.86,-17.27
1886347,Auckland FC v Newcastle,1,43:40.1,43:45.5,5.4,4177,Auckland FC,build_up,high_block,-27.81,16.91,-20.89,24.23
1886347,Auckland FC v Newcastle,1,43:45.5,43:56.0,10.5,4177,Auckland FC,create,medium_block,-19.47,23.38,28.03,19.26
1886347,Auckland FC v Newcastle,1,43:56.0,44:11.1,15.1,4177,Auckland FC,finish,low_block,28.79,19.01,5.52,4.36
1886347,Auckland FC v Newcastle,1,44:11.1,44:14.1,3.0,4177,Auckland FC,create,medium_block,5.12,3.66,4.9,4.06
1886347,Auckland FC v Newcastle,1,44:14.1,44:26.4,12.3,4177,Auckland FC,finish,low_block,5.27,5.31,5.61,4.44
1886347,Auckland FC v Newcastle,1,44:26.4,44:28.8,2.4,4177,Auckland FC,create,medium_block,5.24,3.5,4.87,-9.45
1886347,Auckland FC v Newcastle,1,44:28.8,44:39.7,10.9,4177,Auckland FC,finish,low_block,5.24,-10.6,5.42,-2.42
1886347,Auckland FC v Newcastle,1,44:39.7,44:45.2,5.5,4177,Auckland FC,create,medium_block,5.16,-3.19,13.68,-23.91
1886347,Auckland FC v Newcastle,1,44:45.2,44:46.9,1.7,4177,Auckland FC,finish,low_block,13.92,-23.9,29.2,-30.29
1886347,Auckland FC v Newcastle,1,45:07.3,45:15.5,8.2,1805,Newcastle,build_up,high_block,-36.34,34.39,-20.25,-18.78
1886347,Auckland FC v Newcastle,1,45:15.5,45:20.3,4.8,1805,Newcastle,create,medium_block,-19.46,-19.28,-19.62,-18.76
1886347,Auckland FC v Newcastle,1,45:20.3,45:24.8,4.5,1805,Newcastle,build_up,high_block,-20.39,-18.34,-20.76,6.33
1886347,Auckland FC v Newcastle,1,45:24.8,45:31.5,6.7,1805,Newcastle,create,medium_block,-19.27,6.26,29.51,-31.27
1886347,Auckland FC v Newcastle,1,45:31.5,45:36.2,4.7,1805,Newcastle,finish,low_block,29.77,-31.11,31.53,2.61
1886347,Auckland FC v Newcastle,1,45:52.3,45:59.1,6.8,1805,Newcastle,finish,low_block,24.94,33.25,-23.43,-29.14
1886347,Auckland FC v Newcastle,1,45:59.1,46:01.7,2.6,1805,Newcastle,chaotic,chaotic,22.61,28.44,16.84,22.11
1886347,Auckland FC v Newcastle,1,46:15.2,46:25.0,9.8,4177,Auckland FC,create,medium_block,-3.61,-16.07,2.14,32.78
1886347,Auckland FC v Newcastle,2,45:06.0,45:08.5,2.5,1805,Newcastle,chaotic,chaotic,-2.2,-33.32,-10.3,-19.94
1886347,Auckland FC v Newcastle,2,45:08.5,45:09.5,1.0,4177,Auckland FC,chaotic,chaotic,10.52,19.47,16.94,21.77
1886347,Auckland FC v Newcastle,2,45:22.6,45:24.6,2.0,1805,Newcastle,chaotic,chaotic,-22.9,-26.37,-24.33,-23.62
1886347,Auckland FC v Newcastle,2,45:24.6,45:33.7,9.1,4177,Auckland FC,finish,low_block,24.44,23.2,5.31,-28.05
1886347,Auckland FC v Newcastle,2,45:33.7,45:35.6,1.9,4177,Auckland FC,create,medium_block,5.51,-28.28,15.45,-29.44
1886347,Auckland FC v Newcastle,2,45:35.6,45:39.1,3.5,4177,Auckland FC,finish,low_block,16.29,-29.41,43.65,-10.43
1886347,Auckland FC v Newcastle,2,46:12.1,46:20.4,8.3,4177,Auckland FC,set_play,defending_set_play,51.36,-33.46,-5.63,-10.18
1886347,Auckland FC v Newcastle,2,46:20.4,46:21.9,1.5,1805,Newcastle,chaotic,chaotic,-4.36,-10.57,7.83,-15.99
1886347,Auckland FC v Newcastle,2,46:21.9,46:49.9,28.0,4177,Auckland FC,create,medium_block,-8.25,16.38,27.32,15.49
1886347,Auckland FC v Newcastle,2,46:49.9,47:36.9,47.0,4177,Auckland FC,finish,low_block,27.99,16.45,35.98,9.17
1886347,Auckland FC v Newcastle,2,47:36.9,47:42.3,5.4,1805,Newcastle,build_up,high_block,-36.02,-9.35,-21.38,-31.61
1886347,Auckland FC v Newcastle,2,47:42.3,47:48.9,6.6,4177,Auckland FC,chaotic,chaotic,21.46,31.82,10.49,25.35
1886347,Auckland FC v Newcastle,2,47:48.9,47:53.0,4.1,1805,Newcastle,chaotic,chaotic,-10.58,-25.28,4.27,-8.5
1886347,Auckland FC v Newcastle,2,48:04.9,48:05.9,1.0,1805,Newcastle,set_play,defending_set_play,1.08,-7.83,-0.03,-7.23
1886347,Auckland FC v Newcastle,2,48:05.9,48:15.2,9.3,1805,Newcastle,create,medium_block,-0.86,-7.86,25.04,-17.69
1886347,Auckland FC v Newcastle,2,48:15.2,48:23.1,7.9,1805,Newcastle,finish,low_block,25.6,-18.69,45.71,-6.43
1886347,Auckland FC v Newcastle,2,48:23.1,48:28.1,5.0,4177,Auckland FC,chaotic,chaotic,-44.7,6.66,1.06,28.59
1886347,Auckland FC v Newcastle,2,48:28.1,48:31.0,2.9,1805,Newcastle,create,medium_block,-1.42,-28.62,-19.26,-10.45
1886347,Auckland FC v Newcastle,2,48:31.0,48:38.7,7.7,1805,Newcastle,build_up,high_block,-20.09,-9.74,-36.55,-4.83
1886347,Auckland FC v Newcastle,2,48:38.7,48:41.2,2.5,1805,Newcastle,direct,defending_direct,-36.26,-5.3,2.46,-17.82
1886347,Auckland FC v Newcastle,2,48:41.2,49:00.7,19.5,4177,Auckland FC,create,medium_block,-2.67,18.06,17.53,-26.11
1886347,Auckland FC v Newcastle,2,49:00.7,49:04.6,3.9,4177,Auckland FC,finish,low_block,17.97,-26.45,23.02,-33.22
1886347,Auckland FC v Newcastle,2,49:08.3,49:10.8,2.5,4177,Auckland FC,chaotic,chaotic,27.33,-33.56,25.84,-28.6
1886347,Auckland FC v Newcastle,2,49:10.8,49:18.9,8.1,1805,Newcastle,create,medium_block,-25.15,28.42,-9.38,11.77
1886347,Auckland FC v Newcastle,2,49:18.9,49:21.8,2.9,1805,Newcastle,direct,defending_direct,-8.59,11.8,25.7,15.68
1886347,Auckland FC v Newcastle,2,49:21.8,49:22.8,1.0,4177,Auckland FC,chaotic,chaotic,-25.32,-15.99,-14.93,-21.11
1886347,Auckland FC v Newcastle,2,49:53.3,50:05.7,12.4,1805,Newcastle,create,medium_block,-27.09,3.96,-15.19,-35.42
1886347,Auckland FC v Newcastle,2,50:07.4,50:18.6,11.2,4177,Auckland FC,finish,low_block,19.28,35.87,47.61,14.77
1886347,Auckland FC v Newcastle,2,50:23.2,50:31.8,8.6,1805,Newcastle,build_up,high_block,-57.51,-4.3,-20.38,24.47
1886347,Auckland FC v Newcastle,2,50:31.8,50:42.1,10.3,1805,Newcastle,create,medium_block,-19.12,24.85,12.34,-26.25
1886347,Auckland FC v Newcastle,2,50:42.1,50:46.1,4.0,1805,Newcastle,finish,low_block,13.69,-26.37,32.88,-18.39
1886347,Auckland FC v Newcastle,2,51:46.1,52:06.1,20.0,1805,Newcastle,set_play,defending_set_play,31.78,-22.99,27.31,21.93
1886347,Auckland FC v Newcastle,2,52:06.1,52:07.8,1.7,1805,Newcastle,finish,low_block,27.62,21.95,41.37,2.24
1886347,Auckland FC v Newcastle,2,52:07.8,52:12.0,4.2,4177,Auckland FC,chaotic,chaotic,-41.33,-2.28,-27.12,-7.25
1886347,Auckland FC v Newcastle,2,52:12.0,52:14.9,2.9,1805,Newcastle,chaotic,chaotic,27.26,7.64,43.35,12.78
1886347,Auckland FC v Newcastle,2,52:14.9,52:15.9,1.0,4177,Auckland FC,chaotic,chaotic,-43.81,-13.0,-51.04,-19.18
1886347,Auckland FC v Newcastle,2,52:36.7,52:40.2,3.5,1805,Newcastle,chaotic,chaotic,,,29.8,34.48
1886347,Auckland FC v Newcastle,2,52:46.9,52:49.2,2.3,1805,Newcastle,chaotic,chaotic,26.47,34.35,30.68,31.02
1886347,Auckland FC v Newcastle,2,52:56.6,53:05.4,8.8,1805,Newcastle,finish,low_block,24.07,33.98,5.1,-14.4
1886347,Auckland FC v Newcastle,2,53:05.4,53:11.5,6.1,1805,Newcastle,create,medium_block,4.12,-14.19,-18.6,-7.75
1886347,Auckland FC v Newcastle,2,53:11.5,53:19.9,8.4,1805,Newcastle,build_up,high_block,-20.0,-7.25,-20.18,-3.46
1886347,Auckland FC v Newcastle,2,53:19.9,53:28.7,8.8,1805,Newcastle,create,medium_block,-19.74,-3.06,-20.11,10.55
1886347,Auckland FC v Newcastle,2,53:28.7,53:31.0,2.3,1805,Newcastle,direct,defending_direct,-19.48,10.2,15.13,-11.97
1886347,Auckland FC v Newcastle,2,53:31.0,53:34.7,3.7,4177,Auckland FC,chaotic,chaotic,-15.23,12.47,2.17,18.29
1886347,Auckland FC v Newcastle,2,53:34.7,53:40.0,5.3,1805,Newcastle,create,medium_block,-2.58,-18.59,22.56,-16.93
1886347,Auckland FC v Newcastle,2,53:40.0,53:44.9,4.9,1805,Newcastle,finish,low_block,23.92,-17.29,52.6,-3.97
1886347,Auckland FC v Newcastle,2,54:09.0,54:12.4,3.4,4177,Auckland FC,build_up,high_block,-46.88,-1.67,-40.93,-18.77
1886347,Auckland FC v Newcastle,2,54:12.4,54:15.5,3.1,4177,Auckland FC,direct,defending_direct,-39.8,-19.23,-1.51,-31.62
1886347,Auckland FC v Newcastle,2,54:41.1,55:01.1,20.0,4177,Auckland FC,create,medium_block,,,15.72,13.51
1886347,Auckland FC v Newcastle,2,55:01.1,55:14.8,13.7,4177,Auckland FC,finish,low_block,16.22,14.12,47.14,28.51
1886347,Auckland FC v Newcastle,2,55:14.8,55:16.6,1.8,1805,Newcastle,chaotic,chaotic,-47.34,-28.23,-43.98,-34.11
1886347,Auckland FC v Newcastle,2,55:21.2,55:27.9,6.7,4177,Auckland FC,finish,low_block,45.08,33.32,49.01,25.7
1886347,Auckland FC v Newcastle,2,55:27.9,55:35.7,7.8,1805,Newcastle,chaotic,chaotic,-49.03,-24.77,-13.56,-3.42
1886347,Auckland FC v Newcastle,2,55:35.7,55:47.3,11.6,4177,Auckland FC,finish,low_block,13.75,3.77,5.75,-22.14
1886347,Auckland FC v Newcastle,2,55:47.3,55:56.0,8.7,4177,Auckland FC,create,medium_block,5.2,-21.85,18.15,26.52
1886347,Auckland FC v Newcastle,2,55:56.0,55:59.9,3.9,4177,Auckland FC,finish,low_block,19.11,26.96,46.34,15.19
1886347,Auckland FC v Newcastle,2,55:59.9,56:14.4,14.5,1805,Newcastle,build_up,high_block,-46.81,-14.85,-20.65,31.81
1886347,Auckland FC v Newcastle,2,56:14.4,56:17.3,2.9,1805,Newcastle,create,medium_block,-19.46,31.29,-4.44,18.02
1886347,Auckland FC v Newcastle,2,56:17.3,56:19.9,2.6,4177,Auckland FC,chaotic,chaotic,4.41,-17.81,14.77,-10.82
1886347,Auckland FC v Newcastle,2,56:47.0,57:02.6,15.6,4177,Auckland FC,set_play,defending_set_play,14.48,-6.86,48.79,-2.26
1886347,Auckland FC v Newcastle,2,57:17.9,57:23.9,6.0,1805,Newcastle,build_up,high_block,-46.53,-0.16,-42.04,24.23
1886347,Auckland FC v Newcastle,2,57:23.9,57:26.2,2.3,1805,Newcastle,direct,defending_direct,-41.4,24.32,-7.47,17.67
1886347,Auckland FC v Newcastle,2,57:26.2,57:32.2,6.0,1805,Newcastle,create,medium_block,-6.64,17.84,22.44,13.46
1886347,Auckland FC v Newcastle,2,57:32.2,57:33.6,1.4,1805,Newcastle,finish,low_block,22.72,13.57,34.69,13.52
1886347,Auckland FC v Newcastle,2,57:33.6,57:35.2,1.6,4177,Auckland FC,chaotic,chaotic,-35.29,-13.41,-46.01,-6.88
1886347,Auckland FC v Newcastle,2,57:35.2,57:37.4,2.2,4177,Auckland FC,direct,defending_direct,-45.5,-6.77,-1.3,-5.64
1886347,Auckland FC v Newcastle,2,57:37.4,57:39.7,2.3,1805,Newcastle,create,medium_block,0.12,5.5,4.92,-3.88
1886347,Auckland FC v Newcastle,2,57:39.7,57:43.3,3.6,1805,Newcastle,finish,low_block,5.47,-4.11,5.05,-20.85
1886347,Auckland FC v Newcastle,2,57:43.3,57:57.4,14.1,1805,Newcastle,create,medium_block,4.68,-20.1,3.45,28.77
1886347,Auckland FC v Newcastle,2,58:35.1,58:39.3,4.2,1805,Newcastle,create,medium_block,4.48,28.47,21.57,32.82
1886347,Auckland FC v Newcastle,2,58:39.3,58:41.3,2.0,1805,Newcastle,finish,low_block,21.7,32.64,22.15,24.66
1886347,Auckland FC v Newcastle,2,58:41.3,58:59.7,18.4,4177,Auckland FC,create,medium_block,-22.27,-24.46,7.05,-34.73
1886347,Auckland FC v Newcastle,2,59:08.5,59:27.2,18.7,4177,Auckland FC,create,medium_block,4.7,-32.55,19.33,-12.57
1886347,Auckland FC v Newcastle,2,59:27.2,59:36.8,9.6,4177,Auckland FC,finish,low_block,20.59,-13.41,49.64,5.53
1886347,Auckland FC v Newcastle,2,59:36.8,59:44.4,7.6,1805,Newcastle,chaotic,chaotic,-49.68,-5.24,-27.07,2.61
1886347,Auckland FC v Newcastle,2,59:44.4,59:47.1,2.7,4177,Auckland FC,chaotic,chaotic,27.27,-3.31,40.22,-16.85
1886347,Auckland FC v Newcastle,2,60:35.6,60:41.9,6.3,1805,Newcastle,build_up,high_block,-44.97,-1.27,-20.43,-26.86
1886347,Auckland FC v Newcastle,2,60:41.9,60:43.7,1.8,1805,Newcastle,create,medium_block,-19.7,-26.75,-12.99,-27.0
1886347,Auckland FC v Newcastle,2,60:43.7,60:44.7,1.0,4177,Auckland FC,chaotic,chaotic,13.15,27.61,14.53,32.62
1886347,Auckland FC v Newcastle,2,61:16.1,61:21.1,5.0,4177,Auckland FC,set_play,defending_set_play,13.88,26.3,5.07,11.14
1886347,Auckland FC v Newcastle,2,61:21.1,61:23.0,1.9,4177,Auckland FC,create,medium_block,4.72,10.58,4.81,-5.33
1886347,Auckland FC v Newcastle,2,61:23.0,61:25.1,2.1,4177,Auckland FC,finish,low_block,5.05,-6.67,5.98,-15.71
1886347,Auckland FC v Newcastle,2,61:25.1,61:30.8,5.7,4177,Auckland FC,create,medium_block,5.37,-14.68,20.81,28.07
1886347,Auckland FC v Newcastle,2,61:30.8,61:35.8,5.0,4177,Auckland FC,finish,low_block,21.25,27.95,53.68,6.18
1886347,Auckland FC v Newcastle,2,62:10.6,62:16.1,5.5,4177,Auckland FC,set_play,defending_set_play,50.69,32.73,47.63,3.1
1886347,Auckland FC v Newcastle,2,62:46.1,63:00.0,13.9,1805,Newcastle,build_up,high_block,,,-36.0,-10.59
1886347,Auckland FC v Newcastle,2,65:09.2,65:27.1,17.9,4177,Auckland FC,set_play,defending_set_play,34.59,4.53,-31.55,28.68
1886347,Auckland FC v Newcastle,2,65:43.7,65:47.3,3.6,4177,Auckland FC,finish,low_block,29.88,-33.25,46.98,-26.42
1886347,Auckland FC v Newcastle,2,66:39.7,66:46.6,6.9,4177,Auckland FC,set_play,defending_set_play,51.04,-31.53,5.09,-14.68
1886347,Auckland FC v Newcastle,2,66:46.6,66:56.4,9.8,4177,Auckland FC,create,medium_block,4.63,-14.51,-19.16,-9.42
1886347,Auckland FC v Newcastle,2,66:56.4,67:01.0,4.6,4177,Auckland FC,build_up,high_block,-20.36,-8.15,-28.47,8.58
1886347,Auckland FC v Newcastle,2,67:01.0,67:05.1,4.1,4177,Auckland FC,direct,defending_direct,-27.52,8.97,35.38,7.77
1886347,Auckland FC v Newcastle,2,67:05.1,67:12.4,7.3,1805,Newcastle,build_up,high_block,-36.12,-7.56,-20.41,-13.81
1886347,Auckland FC v Newcastle,2,67:12.4,67:24.1,11.7,1805,Newcastle,create,medium_block,-19.63,-13.6,-6.59,29.94
1886347,Auckland FC v Newcastle,2,68:00.4,68:01.9,1.5,4177,Auckland FC,chaotic,chaotic,13.18,-34.09,30.31,-31.28
1886347,Auckland FC v Newcastle,2,68:01.9,68:02.6,0.7,1805,Newcastle,chaotic,chaotic,-30.59,31.17,-28.54,30.78
1886347,Auckland FC v Newcastle,2,68:02.6,68:05.3,2.7,4177,Auckland FC,chaotic,chaotic,28.53,-30.39,40.38,-18.91
1886347,Auckland FC v Newcastle,2,68:05.3,68:08.3,3.0,1805,Newcastle,chaotic,chaotic,-39.95,18.03,-9.12,2.14
1886347,Auckland FC v Newcastle,2,68:08.3,68:11.4,3.1,4177,Auckland FC,chaotic,chaotic,8.56,-2.29,23.83,9.01
1886347,Auckland FC v Newcastle,2,68:11.4,68:19.1,7.7,1805,Newcastle,create,medium_block,-24.04,-9.7,27.77,-30.88
1886347,Auckland FC v Newcastle,2,69:16.6,69:20.6,4.0,1805,Newcastle,set_play,defending_set_play,28.09,-30.09,5.07,-13.32
1886347,Auckland FC v Newcastle,2,69:20.6,69:29.7,9.1,1805,Newcastle,create,medium_block,4.13,-13.55,17.73,-15.04
1886347,Auckland FC v Newcastle,2,69:29.7,69:35.2,5.5,4177,Auckland FC,chaotic,chaotic,-18.45,15.4,-11.91,27.26
1886347,Auckland FC v Newcastle,2,70:08.7,70:14.0,5.3,4177,Auckland FC,create,medium_block,-12.77,25.83,-19.92,-16.45
1886347,Auckland FC v Newcastle,2,70:14.0,70:33.0,19.0,4177,Auckland FC,build_up,high_block,-20.17,-16.64,-20.47,33.25
1886347,Auckland FC v Newcastle,2,70:33.0,70:42.3,9.3,4177,Auckland FC,create,medium_block,-19.36,33.19,23.58,29.02
1886347,Auckland FC v Newcastle,2,70:42.3,70:51.4,9.1,4177,Auckland FC,finish,low_block,24.07,28.89,44.23,-25.34
1886347,Auckland FC v Newcastle,2,71:22.7,71:27.5,4.8,4177,Auckland FC,set_play,defending_set_play,49.46,-32.58,48.22,1.98
1886347,Auckland FC v Newcastle,2,71:37.3,71:46.1,8.8,1805,Newcastle,build_up,high_block,-51.31,-0.52,-20.46,-29.94
1886347,Auckland FC v Newcastle,2,71:46.1,71:59.1,13.0,1805,Newcastle,create,medium_block,-19.82,-29.43,24.16,7.88
1886347,Auckland FC v Newcastle,2,71:59.1,72:02.7,3.6,4177,Auckland FC,chaotic,chaotic,-24.33,-7.35,-19.12,-11.63
1886347,Auckland FC v Newcastle,2,72:13.8,72:32.4,18.6,1805,Newcastle,create,medium_block,,,2.82,29.62
1886347,Auckland FC v Newcastle,2,72:32.4,72:35.2,2.8,4177,Auckland FC,chaotic,chaotic,-2.74,-29.57,15.3,-20.4
1886347,Auckland FC v Newcastle,2,72:35.2,72:42.8,7.6,1805,Newcastle,create,medium_block,-15.37,20.06,24.77,-7.89
1886347,Auckland FC v Newcastle,2,72:42.8,72:50.2,7.4,1805,Newcastle,finish,low_block,25.62,-8.0,50.22,-2.13
1886347,Auckland FC v Newcastle,2,73:14.4,73:16.3,1.9,4177,Auckland FC,create,medium_block,,,-6.45,-24.53
1886347,Auckland FC v Newcastle,2,73:16.3,73:27.7,11.4,1805,Newcastle,create,medium_block,6.07,24.31,-16.08,-2.96
1886347,Auckland FC v Newcastle,2,73:27.7,73:32.5,4.8,4177,Auckland FC,quick_break,defending_quick_break,15.93,3.03,39.6,2.73
1886347,Auckland FC v Newcastle,2,74:04.4,74:23.3,18.9,1805,Newcastle,create,medium_block,,,12.51,-8.3
1886347,Auckland FC v Newcastle,2,74:23.3,74:26.5,3.2,1805,Newcastle,finish,low_block,12.61,-8.41,5.46,-14.37
1886347,Auckland FC v Newcastle,2,74:26.5,74:30.7,4.2,1805,Newcastle,create,medium_block,4.87,-15.18,-7.23,-32.72
1886347,Auckland FC v Newcastle,2,74:35.5,74:39.3,3.8,4177,Auckland FC,chaotic,chaotic,16.19,31.04,44.55,23.59
1886347,Auckland FC v Newcastle,2,75:31.2,75:33.1,1.9,4177,Auckland FC,set_play,defending_set_play,43.35,24.57,-52.29,10.64
1886347,Auckland FC v Newcastle,2,76:06.7,76:26.7,20.0,4177,Auckland FC,set_play,defending_set_play,51.27,-29.56,47.25,5.83
1886347,Auckland FC v Newcastle,2,76:26.7,76:28.1,1.4,4177,Auckland FC,finish,low_block,47.93,7.41,54.06,8.59
1886347,Auckland FC v Newcastle,2,77:26.6,77:32.2,5.6,1805,Newcastle,direct,defending_direct,-46.81,3.97,-0.81,-31.32
1886347,Auckland FC v Newcastle,2,77:32.2,77:42.9,10.7,4177,Auckland FC,quick_break,defending_quick_break,0.89,31.2,43.06,4.7
1886347,Auckland FC v Newcastle,2,77:42.9,78:12.6,29.7,4177,Auckland FC,finish,low_block,42.58,3.37,35.83,-4.84
1886347,Auckland FC v Newcastle,2,78:12.6,78:17.2,4.6,1805,Newcastle,build_up,high_block,-35.87,4.76,-20.22,12.35
1886347,Auckland FC v Newcastle,2,78:17.2,78:31.8,14.6,1805,Newcastle,create,medium_block,-19.55,13.32,37.3,14.48
1886347,Auckland FC v Newcastle,2,78:31.8,78:40.1,8.3,4177,Auckland FC,build_up,high_block,-37.95,-13.99,-46.0,-31.57
1886347,Auckland FC v Newcastle,2,78:40.1,78:43.2,3.1,4177,Auckland FC,direct,defending_direct,-44.78,-31.33,-6.06,-25.94
1886347,Auckland FC v Newcastle,2,78:43.2,78:44.2,1.0,1805,Newcastle,chaotic,chaotic,5.23,25.72,-0.69,25.21
1886347,Auckland FC v Newcastle,2,78:58.8,79:10.5,11.7,4177,Auckland FC,create,medium_block,5.26,-29.85,3.17,33.17
1886347,Auckland FC v Newcastle,2,79:22.6,79:32.3,9.7,1805,Newcastle,create,medium_block,1.77,-32.94,16.38,-32.35
1886347,Auckland FC v Newcastle,2,79:32.3,79:35.0,2.7,4177,Auckland FC,chaotic,chaotic,-16.08,32.59,3.11,30.05
1886347,Auckland FC v Newcastle,2,79:35.0,79:36.0,1.0,1805,Newcastle,chaotic,chaotic,-3.58,-29.9,0.09,-33.19
1886347,Auckland FC v Newcastle,2,79:38.5,79:39.1,0.6,4177,Auckland FC,chaotic,chaotic,10.31,29.89,18.84,29.37
1886347,Auckland FC v Newcastle,2,79:39.1,79:42.1,3.0,1805,Newcastle,chaotic,chaotic,-19.74,-29.42,-23.09,-32.72
1886347,Auckland FC v Newcastle,2,79:51.5,79:59.0,7.5,4177,Auckland FC,create,medium_block,4.25,27.58,12.0,-17.85
1886347,Auckland FC v Newcastle,2,79:59.0,80:07.7,8.7,4177,Auckland FC,finish,low_block,12.8,-17.73,6.23,-16.54
1886347,Auckland FC v Newcastle,2,80:07.7,80:18.3,10.6,4177,Auckland FC,create,medium_block,5.33,-16.36,13.66,30.33
1886347,Auckland FC v Newcastle,2,80:18.3,80:19.8,1.5,4177,Auckland FC,finish,low_block,13.66,30.34,10.31,30.06
1886347,Auckland FC v Newcastle,2,80:19.8,80:35.5,15.7,4177,Auckland FC,create,medium_block,10.04,29.68,12.74,-35.76
1886347,Auckland FC v Newcastle,2,80:37.6,80:40.8,3.2,4177,Auckland FC,chaotic,chaotic,15.91,-31.53,13.89,-22.95
1886347,Auckland FC v Newcastle,2,80:40.8,80:44.1,3.3,1805,Newcastle,chaotic,chaotic,-13.34,23.21,4.77,28.52
1886347,Auckland FC v Newcastle,2,80:44.1,80:44.2,0.1,4177,Auckland FC,chaotic,chaotic,-4.62,-28.51,-4.62,-28.51
1886347,Auckland FC v Newcastle,2,80:44.2,80:51.2,7.0,4177,Auckland FC,direct,defending_direct,-4.03,-28.44,46.73,-9.5
1886347,Auckland FC v Newcastle,2,80:51.2,81:01.1,9.9,1805,Newcastle,build_up,high_block,-46.52,9.33,-23.75,35.54
1886347,Auckland FC v Newcastle,2,81:12.8,81:17.1,4.3,4177,Auckland FC,finish,low_block,26.59,-32.64,29.59,-25.57
1886347,Auckland FC v Newcastle,2,81:17.1,81:20.7,3.6,1805,Newcastle,chaotic,chaotic,-29.68,25.19,-27.61,35.84
1886347,Auckland FC v Newcastle,2,81:34.1,81:37.7,3.6,1805,Newcastle,chaotic,chaotic,-17.66,31.54,-15.43,15.73
1886347,Auckland FC v Newcastle,2,81:37.7,81:44.9,7.2,4177,Auckland FC,finish,low_block,15.11,-15.43,5.91,2.92
1886347,Auckland FC v Newcastle,2,81:44.9,81:49.9,5.0,4177,Auckland FC,create,medium_block,5.16,2.55,4.31,-22.5
1886347,Auckland FC v Newcastle,2,81:49.9,81:52.6,2.7,4177,Auckland FC,finish,low_block,6.43,-22.55,13.04,-24.57
1886347,Auckland FC v Newcastle,2,81:52.6,81:56.3,3.7,4177,Auckland FC,create,medium_block,12.84,-24.55,10.69,-28.61
1886347,Auckland FC v Newcastle,2,81:56.3,82:02.8,6.5,4177,Auckland FC,finish,low_block,11.32,-28.93,6.75,-29.58
1886347,Auckland FC v Newcastle,2,82:02.8,82:11.9,9.1,4177,Auckland FC,create,medium_block,5.6,-29.3,16.2,29.35
1886347,Auckland FC v Newcastle,2,82:11.9,82:13.1,1.2,4177,Auckland FC,finish,low_block,16.72,29.22,22.81,25.82
1886347,Auckland FC v Newcastle,2,82:13.1,82:17.8,4.7,1805,Newcastle,build_up,high_block,-23.36,-25.89,-20.28,-16.99
1886347,Auckland FC v Newcastle,2,82:17.8,82:20.4,2.6,1805,Newcastle,create,medium_block,-19.86,-16.67,-5.1,-15.12
1886347,Auckland FC v Newcastle,2,82:38.2,82:49.5,11.3,4177,Auckland FC,create,medium_block,-9.03,-3.3,11.86,-22.85
1886347,Auckland FC v Newcastle,2,82:49.5,83:01.1,11.6,4177,Auckland FC,finish,low_block,12.04,-22.54,53.34,-1.68
1886347,Auckland FC v Newcastle,2,85:40.4,86:05.2,24.8,1805,Newcastle,create,medium_block,-3.03,2.4,16.2,-30.47
1886347,Auckland FC v Newcastle,2,86:05.2,86:18.4,13.2,1805,Newcastle,finish,low_block,16.98,-30.86,11.47,23.25
1886347,Auckland FC v Newcastle,2,86:18.4,86:36.3,17.9,1805,Newcastle,create,medium_block,11.59,23.66,15.69,-14.62
1886347,Auckland FC v Newcastle,2,87:25.0,87:26.0,1.0,4177,Auckland FC,direct,defending_direct,-40.4,-6.6,-20.88,-10.6
1886347,Auckland FC v Newcastle,2,88:17.6,88:22.3,4.7,4177,Auckland FC,set_play,defending_set_play,20.49,-19.93,48.85,0.36
1886347,Auckland FC v Newcastle,2,90:55.4,91:06.2,10.8,1805,Newcastle,create,medium_block,-9.11,0.29,21.79,-32.59
1886347,Auckland FC v Newcastle,2,91:29.1,91:32.9,3.8,1805,Newcastle,create,medium_block,18.58,-29.03,27.0,-6.99
1886347,Auckland FC v Newcastle,2,91:32.9,91:45.5,12.6,4177,Auckland FC,transition,defending_transition,-26.63,7.18,44.56,28.13
1886347,Auckland FC v Newcastle,2,92:21.5,92:28.4,6.9,4177,Auckland FC,set_play,defending_set_play,,,51.38,6.4
1886347,Auckland FC v Newcastle,2,92:49.9,92:50.9,1.0,4177,Auckland FC,set_play,defending_set_play,50.68,33.25,48.18,20.98
1886347,Auckland FC v Newcastle,2,93:01.0,93:17.7,16.7,1805,Newcastle,create,medium_block,-47.75,5.5,8.41,-21.82
1886347,Auckland FC v Newcastle,2,93:17.7,93:35.2,17.5,4177,Auckland FC,transition,defending_transition,-8.21,21.64,48.73,-32.24
1886347,Auckland FC v Newcastle,2,93:35.2,93:46.4,11.2,1805,Newcastle,build_up,high_block,-48.95,32.18,-20.98,18.79
1886347,Auckland FC v Newcastle,2,93:46.4,93:47.1,0.7,1805,Newcastle,create,medium_block,-19.5,18.84,-12.54,18.57
1886347,Auckland FC v Newcastle,2,93:47.1,93:48.2,1.1,4177,Auckland FC,chaotic,chaotic,12.32,-18.25,13.21,-15.0
1886347,Auckland FC v Newcastle,2,93:48.2,93:53.8,5.6,1805,Newcastle,chaotic,chaotic,-13.31,14.76,-5.1,25.64
1886347,Auckland FC v Newcastle,2,93:53.8,93:57.4,3.6,4177,Auckland FC,chaotic,chaotic,5.72,-25.74,41.6,-13.0
1886347,Auckland FC v Newcastle,2,93:57.4,94:08.8,11.4,1805,Newcastle,create,medium_block,-41.74,12.95,27.07,-10.29
1886347,Auckland FC v Newcastle,2,94:08.8,94:12.1,3.3,4177,Auckland FC,chaotic,chaotic,-27.49,10.39,-3.61,25.08
1886347,Auckland FC v Newcastle,2,94:12.1,94:15.6,3.5,1805,Newcastle,create,medium_block,2.7,-25.47,-19.15,-30.42
1886347,Auckland FC v Newcastle,2,94:15.6,94:24.8,9.2,1805,Newcastle,build_up,high_block,-20.58,-29.45,-20.31,-27.26
1886347,Auckland FC v Newcastle,2,94:24.8,94:30.0,5.2,1805,Newcastle,create,medium_block,-19.64,-27.91,27.32,-11.7
1886347,Auckland FC v Newcastle,2,94:42.6,94:50.6,8.0,1805,Newcastle,chaotic,chaotic,,,1.55,8.87
1886347,Auckland FC v Newcastle,2,94:50.6,94:53.0,2.4,4177,Auckland FC,chaotic,chaotic,-1.45,-9.02,9.32,-10.24
1886347,Auckland FC v Newcastle,2,95:14.7,95:20.4,5.7,4177,Auckland FC,finish,low_block,15.53,-12.42,16.65,-27.96
1886347,Auckland FC v Newcastle,2,95:20.4,95:49.3,28.9,1805,Newcastle,create,medium_block,-16.77,27.99,15.6,32.57
1886347,Auckland FC v Newcastle,2,95:49.3,95:51.0,1.7,1805,Newcastle,finish,low_block,15.44,32.43,12.99,22.38
1886347,Auckland FC v Newcastle,2,95:51.0,96:01.3,10.3,1805,Newcastle,create,medium_block,13.15,21.06,24.86,30.33
1886347,Auckland FC v Newcastle,2,96:01.3,96:21.4,20.1,1805,Newcastle,finish,low_block,25.19,30.29,23.75,-34.0
1886347,Auckland FC v Newcastle,2,96:30.5,96:37.1,6.6,1805,Newcastle,finish,low_block,17.52,-31.04,41.44,5.77
1886347,Auckland FC v Newcastle,2,96:37.1,96:53.2,16.1,4177,Auckland FC,chaotic,chaotic,-43.13,-6.15,-38.08,-19.6
