player_id,player_name,player_short_name,player_birthdate,team_id,team_name,teams_played,position_group,position_groups,profile_context_count,minutes,count_match,minutes_full_tip,minutes_full_otip,total_distance_full_all,total_metersperminute_full_all,running_distance_full_all,hsr_distance_full_all,hsr_count_full_all,sprint_distance_full_all,sprint_count_full_all,hi_distance_full_all,hi_count_full_all,medaccel_count_full_all,highaccel_count_full_all,meddecel_count_full_all,highdecel_count_full_all,explacceltohsr_count_full_all,timetohsr_top3,explacceltosprint_count_full_all,timetosprint_top3,psv99,psv99_top5,total_distance_full_tip,total_metersperminute_full_tip,running_distance_full_tip,hsr_distance_full_tip,hsr_count_full_tip,sprint_distance_full_tip,sprint_count_full_tip,hi_distance_full_tip,hi_count_full_tip,medaccel_count_full_tip,highaccel_count_full_tip,meddecel_count_full_tip,highdecel_count_full_tip,explacceltohsr_count_full_tip,explacceltosprint_count_full_tip,total_distance_full_otip,total_metersperminute_full_otip,running_distance_full_otip,hsr_distance_full_otip,hsr_count_full_otip,sprint_distance_full_otip,sprint_count_full_otip,hi_distance_full_otip,hi_count_full_otip,medaccel_count_full_otip,highaccel_count_full_otip,meddecel_count_full_otip,highdecel_count_full_otip,explacceltohsr_count_full_otip,explacceltosprint_count_full_otip,offballrun_count_total,offballrun_count_p30tip,behindrun_count_p30tip,comingshortrun_count_p30tip,crossreceiverrun_count_p30tip,droppingoffrun_count_p30tip,overlaprun_count_p30tip,pullinghalfspacerun_count_p30tip,pullingwiderun_count_p30tip,aheadoftheballrun_count_p30tip,supportrun_count_p30tip,underlaprun_count_p30tip,offballrun_count_shotwithin10s_p30tip,behindrun_count_shotwithin10s_p30tip,comingshortrun_count_shotwithin10s_p30tip,crossreceiverrun_count_shotwithin10s_p30tip,droppingoffrun_count_shotwithin10s_p30tip,overlaprun_count_shotwithin10s_p30tip,pullinghalfspacerun_count_shotwithin10s_p30tip,pullingwiderun_count_shotwithin10s_p30tip,aheadoftheballrun_count_shotwithin10s_p30tip,supportrun_count_shotwithin10s_p30tip,underlaprun_count_shotwithin10s_p30tip,offballrun_count_goalwithin10s_p30tip,behindrun_count_goalwithin10s_p30tip,comingshortrun_count_goalwithin10s_p30tip,crossreceiverrun_count_goalwithin10s_p30tip,droppingoffrun_count_goalwithin10s_p30tip,overlaprun_count_goalwithin10s_p30tip,pullinghalfspacerun_count_goalwithin10s_p30tip,pullingwiderun_count_goalwithin10s_p30tip,aheadoftheballrun_count_goalwithin10s_p30tip,supportrun_count_goalwithin10s_p30tip,underlaprun_count_goalwithin10s_p30tip,offballrun_count_targeted_p30tip,behindrun_count_targeted_p30tip,comingshortrun_count_targeted_p30tip,crossreceiverrun_count_targeted_p30tip,droppingoffrun_count_targeted_p30tip,overlaprun_count_targeted_p30tip,pullinghalfspacerun_count_targeted_p30tip,pullingwiderun_count_targeted_p30tip,aheadoftheballrun_count_targeted_p30tip,supportrun_count_targeted_p30tip,underlaprun_count_targeted_p30tip,offballrun_count_received_p30tip,behindrun_count_received_p30tip,comingshortrun_count_received_p30tip,crossreceiverrun_count_received_p30tip,droppingoffrun_count_received_p30tip,overlaprun_count_received_p30tip,pullinghalfspacerun_count_received_p30tip,pullingwiderun_count_received_p30tip,aheadoftheballrun_count_received_p30tip,supportrun_count_received_p30tip,underlaprun_count_received_p30tip,offballrun_avgdistance,behindrun_avgdistance,comingshortrun_avgdistance,crossreceiverrun_avgdistance,overlaprun_avgdistance,pullinghalfspacerun_avgdistance,pullingwiderun_avgdistance,aheadoftheballrun_avgdistance,supportrun_avgdistance,underlaprun_avgdistance,offballrun_count_abovehsr_p30tip,behindrun_count_abovehsr_p30tip,comingshortrun_count_abovehsr_p30tip,crossreceiverrun_count_abovehsr_p30tip,droppingoffrun_count_abovehsr_p30tip,overlaprun_count_abovehsr_p30tip,pullinghalfspacerun_count_abovehsr_p30tip,pullingwiderun_count_abovehsr_p30tip,aheadoftheballrun_count_abovehsr_p30tip,supportrun_count_abovehsr_p30tip,underlaprun_count_abovehsr_p30tip,offballrun_count_penaltyarea_p30tip,offballrun_count_dangerous_p30tip,behindrun_count_dangerous_p30tip,comingshortrun_count_dangerous_p30tip,crossreceiverrun_count_dangerous_p30tip,droppingoffrun_count_dangerous_p30tip,overlaprun_count_dangerous_p30tip,pullinghalfspacerun_count_dangerous_p30tip,pullingwiderun_count_dangerous_p30tip,aheadoftheballrun_count_dangerous_p30tip,supportrun_count_dangerous_p30tip,underlaprun_count_dangerous_p30tip,offballrun_count_dangerous_targeted_p30tip,behindrun_count_dangerous_targeted_p30tip,comingshortrun_count_dangerous_targeted_p30tip,crossreceiverrun_count_dangerous_targeted_p30tip,droppingoffrun_count_dangerous_targeted_p30tip,overlaprun_count_dangerous_targeted_p30tip,pullinghalfspacerun_count_dangerous_targeted_p30tip,pullingwiderun_count_dangerous_targeted_p30tip,aheadoftheballrun_count_dangerous_targeted_p30tip,supportrun_count_dangerous_targeted_p30tip,underlaprun_count_dangerous_targeted_p30tip,offballrun_count_dangerous_received_p30tip,behindrun_count_dangerous_received_p30tip,comingshortrun_count_dangerous_received_p30tip,crossreceiverrun_count_dangerous_received_p30tip,droppingoffrun_count_dangerous_received_p30tip,overlaprun_count_dangerous_received_p30tip,pullinghalfspacerun_count_dangerous_received_p30tip,pullingwiderun_count_dangerous_received_p30tip,aheadoftheballrun_count_dangerous_received_p30tip,supportrun_count_dangerous_received_p30tip,underlaprun_count_dangerous_received_p30tip,droppingoffrun_avgdistance,passopportunity_count_total,passopportunity_count_p30tip,pass_count_goalwithin10s_p30tip,pass_count_shotwithin10s_p30tip,pass_count_attempted_total,pass_count_attempted_p30tip,pass_count_completed_p30tip,pass_pct_completed,pass_avgxpass_attempted,pass_avgdistance,pass_count_longrange_attempted_p30tip,pass_count_onetouch_attempted_p30tip,pass_count_quickpass_attempted_p30tip,pass_count_onetouch_dangerous_attempted_p30tip,pass_count_quickpass_dangerous_attempted_p30tip,passopportunity_count_linebreak_p30tip,pass_count_linebreak_attempted_p30tip,pass_count_linebreak_completed_p30tip,passopportunity_count_torun_p30tip,pass_count_torun_attempted_p30tip,pass_count_torun_completed_p30tip,pass_pct_torun_completed,pass_avgxpass_torun_attempted,pass_count_torun_shotwithin10s_p30tip,pass_count_torun_goalwithin10s_p30tip,passopportunity_count_dangerous_p30tip,pass_count_dangerous_attempted_p30tip,pass_pct_dangerous_completed,pass_count_dangerous_completed_p30tip,pass_count_difficultpass_attempted_p30tip,explacceltosprint_count_full_all_pctile,explacceltosprint_count_full_all_z,hi_count_full_all_pctile,hi_count_full_all_z,hsr_count_full_all_pctile,hsr_count_full_all_z,hsr_distance_full_all_pctile,hsr_distance_full_all_z,medaccel_count_full_all_pctile,medaccel_count_full_all_z,meddecel_count_full_all_pctile,meddecel_count_full_all_z,offballrun_count_dangerous_p30tip_pctile,offballrun_count_dangerous_p30tip_z,offballrun_count_p30tip_pctile,offballrun_count_p30tip_z,offballrun_count_penaltyarea_p30tip_pctile,offballrun_count_penaltyarea_p30tip_z,offballrun_count_received_p30tip_pctile,offballrun_count_received_p30tip_z,offballrun_count_shotwithin10s_p30tip_pctile,offballrun_count_shotwithin10s_p30tip_z,offballrun_count_targeted_p30tip_pctile,offballrun_count_targeted_p30tip_z,pass_avgxpass_attempted_pctile,pass_avgxpass_attempted_z,pass_count_dangerous_completed_p30tip_pctile,pass_count_dangerous_completed_p30tip_z,pass_count_difficultpass_attempted_p30tip_pctile,pass_count_difficultpass_attempted_p30tip_z,pass_count_linebreak_completed_p30tip_pctile,pass_count_linebreak_completed_p30tip_z,pass_count_shotwithin10s_p30tip_pctile,pass_count_shotwithin10s_p30tip_z,pass_count_torun_completed_p30tip_pctile,pass_count_torun_completed_p30tip_z,psv99_pctile,psv99_z,running_distance_full_all_pctile,running_distance_full_all_z,sprint_count_full_all_pctile,sprint_count_full_all_z,sprint_distance_full_all_pctile,sprint_distance_full_all_z,total_metersperminute_full_all_pctile,total_metersperminute_full_all_z,intensity_z_score,total_distance_full_all_z,volume_z_score,highaccel_count_full_all_z,highdecel_count_full_all_z,explacceltohsr_count_full_all_z,timetohsr_top3_z,timetosprint_top3_z,explosiveness_z_score,movement_z_score,progression_z_score,profile_z_score,athletic_load_score,sprint_threat_score,off_ball_threat_score,passing_progression_score,reliability_score,profile_score,archetype,map_x,map_y
50992,Kai Trewin,K. Trewin,2001-05-18,2380,Melbourne City FC,Melbourne City FC,Central Defender,Central Defender; Midfield,2,2569.16,26,30.1526,24.4298,11506.7637,116.386,1775.2392,556.5009,49.3185,130.7555,7.9251,687.2564,57.2464,117.4544,4.2326,96.7352,9.7834,2.7311,0.7273,1.2272,1.3528,28.06,29.72,4351.4858,144.1098,761.745,185.6642,16.8517,30.0495,1.765,215.7137,18.6167,40.8507,1.1592,33.5264,2.6531,0.6202,0.1592,3918.9754,160.9347,813.8845,320.7335,28.1201,92.0835,4.7791,412.8242,32.8992,44.1785,1.617,31.4431,3.2726,0.922,0.3864,392.0,17.7446,0.0469,5.0688,0.0931,9.5043,0.0,0.1816,0.0931,0.6332,2.1236,0.0,0.2693,0.0,0.0,0.0469,0.0469,0.0,0.0462,0.0,0.0469,0.0892,0.0,0.0469,0.0,0.0,0.0,0.0469,0.0,0.0,0.0,0.0,0.0,0.0,6.7913,0.0469,1.404,0.0469,3.9385,0.0,0.1816,0.0462,0.3156,0.8148,0.0,6.745,0.0469,1.3578,0.0469,3.9385,0.0,0.1816,0.0462,0.3156,0.8148,0.0,11.7585,4.28,10.7754,6.6388,0.0,8.46,11.2694,10.5591,7.58,0.0,2.4861,0.0,0.5415,0.0,1.7168,0.0,0.0462,0.0462,0.0462,0.0892,0.0,0.27,0.4108,0.0,0.0,0.0931,0.0,0.0,0.0,0.0,0.1354,0.1823,0.0,0.1823,0.0,0.0,0.0469,0.0,0.0,0.0,0.0,0.0462,0.0892,0.0,0.1823,0.0,0.0,0.0469,0.0,0.0,0.0,0.0,0.0462,0.0892,0.0,13.3445,4023.0,182.0694,0.0462,1.7166,1464.0,66.2525,58.3383,88.0875,91.1593,19.7623,7.4686,15.3838,14.5717,0.3156,0.3618,51.1866,13.0752,9.8182,23.3533,7.6019,6.6553,87.1337,83.9748,0.4108,0.0931,7.9188,1.4465,68.4228,1.0432,6.8338,88.89,1.268,100.0,1.933,98.15,2.099,98.15,2.335,92.59,1.37,96.3,1.543,72.22,0.27,96.3,1.898,72.22,0.163,98.15,2.189,96.3,2.503,98.15,2.098,33.33,0.077,98.15,2.071,81.48,0.636,64.81,0.343,90.74,0.975,55.56,0.2,46.3,-0.173,100.0,2.778,87.04,1.162,85.19,0.977,98.15,2.006,1.969,1.827,2.289,-0.236,-0.183,-0.009,0.413,0.55,0.667,2.15,1.118,2.378,97.53,83.95,88.89,70.68,100.0,86.48,Depth runner,4.391,1.0363
51045,Anthony Cáceres,A. Cáceres,1992-09-29,869,Sydney Football Club,Sydney Football Club,Midfield,Midfield; Wide Attacker,2,2459.36,25,29.9991,22.3174,12234.9383,124.3672,2368.1404,772.2366,62.2429,152.956,9.1591,925.1926,71.402,121.1951,4.9569,107.3013,16.7267,3.121,0.63,0.7177,1.33,27.78,28.92,4655.8331,155.2376,975.2389,281.7843,23.8409,51.5961,3.1604,333.3804,27.0012,50.9603,1.6399,39.9581,4.1206,1.1998,0.1579,4164.5548,186.5822,1196.5469,443.7376,33.1955,92.7304,4.518,536.468,37.7135,39.5574,1.6017,29.7168,5.6026,0.8769,0.1591,736.0,33.7952,1.1032,9.5968,0.8261,1.1956,0.5488,1.0581,1.4244,6.66,9.3202,2.0684,0.914,0.0,0.0,0.0,0.044,0.0,0.0,0.0,0.2304,0.5076,0.1408,0.088,0.0,0.0,0.0,0.0,0.0,0.0,0.0,0.0,0.044,0.044,11.9419,0.276,3.3019,0.1408,0.5516,0.2744,0.3184,0.7776,2.0684,3.5319,0.6896,10.1474,0.1848,3.1259,0.0,0.5076,0.2744,0.2744,0.6456,1.6076,2.9418,0.5928,12.5939,13.3906,10.6693,18.5713,12.1166,13.4492,14.1873,12.995,12.7061,15.5806,5.6046,0.6,0.4168,0.1792,0.1408,0.1408,0.0,0.232,1.6505,1.1929,1.0592,2.202,5.6057,0.8271,0.044,0.8261,0.0,0.1336,0.0,0.0,1.4684,1.9265,0.3712,1.4668,0.1848,0.044,0.1408,0.0,0.0896,0.0,0.0,0.3184,0.5472,0.1408,1.106,0.1848,0.044,0.0,0.0,0.0896,0.0,0.0,0.2744,0.4152,0.088,12.4537,4718.0,216.6454,0.7831,4.7281,1261.0,57.9054,51.2911,88.5776,86.9411,13.22,1.6076,9.0898,10.7485,1.194,0.8261,38.6145,9.5022,7.8975,29.2998,10.6973,8.4518,79.9,72.2664,1.7004,0.2304,29.3454,6.7959,56.6457,3.8607,8.5447,81.67,0.779,98.33,2.231,98.33,2.2,98.33,2.252,98.33,1.594,96.67,1.652,63.33,0.009,68.33,0.32,65.0,-0.052,85.0,1.084,78.33,0.484,81.67,0.979,41.67,0.008,86.67,0.846,80.0,0.848,86.67,1.032,95.0,1.707,88.33,1.04,78.33,0.767,98.33,1.759,98.33,2.028,95.0,1.72,50.0,0.067,1.879,1.34,2.344,1.552,2.355,1.185,0.16,0.554,1.91,0.547,1.822,2.401,90.0,91.66,73.61,79.72,100.0,83.75,Depth runner,4.428,0.3624
965685,Liam  Gillion,L. Gillion,2002-10-17,4177,Auckland FC,Auckland FC,Wide Attacker,Wide Attacker,1,954.36,11,20.93,23.33,10924.18,125.91,1787.09,761.45,73.82,276.18,14.55,1037.64,88.36,110.55,7.55,86.45,18.09,5.36,0.65,2.0,1.35,29.92,31.08,3501.18,167.27,696.09,359.73,37.36,196.73,9.27,556.45,46.64,41.0,3.45,25.45,5.09,2.55,1.09,3911.45,167.69,884.0,337.82,28.91,64.64,4.18,402.45,33.09,37.55,2.0,27.91,6.27,1.0,0.36,119.0,52.48,3.97,3.97,4.41,1.32,0.44,2.2,4.41,23.81,6.61,1.32,3.09,0.88,0.0,0.44,0.0,0.0,0.0,0.0,1.32,0.44,0.0,0.0,0.0,0.0,0.0,0.0,0.0,0.0,0.0,0.0,0.0,0.0,16.32,1.76,1.32,1.32,0.0,0.44,0.0,1.76,7.94,1.32,0.44,11.47,0.88,1.32,1.32,0.0,0.44,0.0,1.32,4.85,0.88,0.44,14.53,24.38,7.76,22.96,16.34,9.95,13.23,14.31,9.95,16.1,18.96,3.09,0.0,2.2,0.44,0.44,0.44,1.32,9.26,0.88,0.88,7.94,20.73,3.53,0.0,4.41,0.0,0.0,0.0,0.0,9.7,2.65,0.44,6.17,1.32,0.0,1.32,0.0,0.0,0.0,0.0,2.65,0.44,0.44,4.85,0.44,0.0,1.32,0.0,0.0,0.0,0.0,2.2,0.44,0.44,13.54,343.0,151.26,0.0,3.53,89.0,39.25,29.1,74.16,77.33,10.72,0.0,10.58,5.29,3.09,0.44,7.06,2.65,2.2,54.24,9.7,7.06,72.73,69.03,0.88,0.0,59.09,10.14,52.17,5.29,11.47,77.68,0.571,96.43,1.689,96.43,1.799,91.07,1.407,82.14,0.955,64.29,0.441,94.64,1.509,96.43,1.453,83.93,1.006,75.0,0.459,94.64,1.429,87.5,0.691,42.86,0.134,82.14,0.727,89.29,1.167,80.36,0.477,71.43,0.485,41.07,-0.053,80.36,0.593,92.86,1.301,92.86,1.167,92.86,1.184,85.71,1.122,1.718,1.188,1.743,0.755,0.498,0.601,0.28,0.556,0.718,1.334,0.64,2.04,85.42,88.54,88.69,67.86,100.0,83.57,Depth runner,3.5218,0.3981
799092,Matthew Sheridan,M. Sheridan,2004-05-09,867,Wellington Phoenix FC,Wellington Phoenix FC,Central Defender,Central Defender; Full Back; Midfield; Wide Attacker,4,1775.61,20,22.8007,28.5204,10686.5007,119.9586,1757.7161,584.965,49.5323,115.104,6.7834,700.0692,56.3157,115.7448,4.811,98.6099,12.4092,3.2416,0.6591,0.8498,1.3351,28.8,28.8,3382.121,149.1281,632.0859,183.5301,15.0713,34.8469,1.7215,218.377,16.7929,33.718,1.3029,24.997,2.4064,0.6936,0.1055,4476.0739,157.2749,950.6841,356.0057,29.6846,73.7367,3.4877,429.7424,33.1677,54.3159,1.9777,41.5176,5.3176,1.2574,0.3,334.0,27.6647,0.5809,7.2895,0.4174,6.4613,0.5829,0.4999,1.1628,4.1399,5.8814,0.6634,0.2492,0.0831,0.0,0.0,0.0,0.0,0.0,0.0,0.0,0.1661,0.0,0.0,0.0,0.0,0.0,0.0,0.0,0.0,0.0,0.0,0.0,0.0,7.9506,0.3318,1.0748,0.0831,2.733,0.1682,0.0831,0.5804,1.0813,1.8207,0.0,7.1211,0.1661,0.9917,0.0,2.733,0.1682,0.0831,0.3343,0.913,1.7381,0.0,11.2151,15.979,9.1526,18.6838,14.1917,13.8297,11.6434,12.5802,11.2268,13.1029,3.8101,0.2492,0.1661,0.1682,0.7475,0.2492,0.1682,0.0826,1.2404,0.2487,0.5004,0.8326,1.9904,0.3322,0.0,0.4174,0.0,0.0831,0.0,0.0,0.5814,0.5004,0.0852,0.4979,0.2487,0.0,0.0831,0.0,0.0831,0.0,0.0,0.0,0.0831,0.0,0.3322,0.1661,0.0,0.0,0.0,0.0831,0.0,0.0,0.0,0.0831,0.0,17.8603,1519.0,125.8178,0.0,1.0808,561.0,46.4681,40.0088,85.6285,88.7655,15.1805,1.8247,10.6009,14.5749,0.1657,0.3318,27.914,8.6982,6.2936,18.7197,7.3709,5.9664,80.4281,80.8806,0.4153,0.0,6.4594,1.4086,71.1885,0.9956,5.2999,64.81,0.401,98.15,1.818,100.0,2.132,100.0,2.732,87.04,1.18,98.15,1.791,100.0,4.249,100.0,4.126,98.15,2.024,100.0,2.423,94.44,2.283,100.0,2.797,12.96,-0.113,94.44,1.938,50.0,-0.07,25.93,-0.731,62.96,0.191,37.04,-0.145,68.52,0.525,98.15,2.691,72.22,0.503,74.07,0.446,100.0,2.672,2.5,0.797,1.782,0.642,1.151,0.625,0.185,0.526,1.214,4.22,0.278,3.041,96.92,79.94,98.76,47.22,100.0,83.42,Depth runner,5.5166,1.3804
19052,Brandon Borrello,B. Borrello,1995-07-25,2902,Western Sydney Wanderers FC,Western Sydney Wanderers FC,Center Forward,Center Forward,1,2226.48,24,25.8,25.62,10760.92,116.0,1417.12,682.75,67.04,290.08,15.62,972.83,82.67,106.67,9.88,87.96,16.21,7.62,0.57,2.33,1.16,30.16,31.36,3881.25,150.43,667.96,379.75,35.96,171.17,8.67,550.92,44.62,44.42,3.71,28.88,5.04,2.92,1.08,3719.0,145.15,591.38,240.58,24.79,93.96,4.75,334.54,29.54,32.88,2.38,27.92,4.21,1.75,0.38,768.0,42.85,7.31,3.12,8.48,0.56,1.06,1.17,1.06,13.89,5.97,0.22,2.9,0.56,0.11,0.67,0.06,0.22,0.0,0.0,0.5,0.78,0.0,0.39,0.11,0.0,0.17,0.0,0.0,0.0,0.0,0.06,0.06,0.0,14.56,3.4,1.34,2.85,0.17,0.56,0.45,0.61,3.18,1.84,0.17,9.82,1.79,1.23,1.34,0.17,0.56,0.33,0.5,2.29,1.62,0.0,15.22,18.6,8.09,18.12,25.67,8.25,11.93,13.2,16.23,15.53,16.12,4.13,0.22,3.52,0.06,0.89,0.06,0.28,4.41,2.57,0.0,10.88,23.77,4.8,0.06,8.43,0.0,0.33,0.11,0.0,6.86,3.12,0.06,7.59,2.01,0.0,2.85,0.0,0.17,0.0,0.0,1.51,1.0,0.06,4.63,0.95,0.0,1.34,0.0,0.17,0.0,0.0,1.23,0.95,0.0,6.88,1816.0,101.32,0.67,3.74,494.0,27.56,21.98,79.76,79.1,14.4,1.84,8.48,2.96,1.79,0.67,5.97,1.28,0.89,35.26,11.1,8.15,73.37,71.17,2.29,0.67,29.18,7.03,64.29,4.52,6.64,89.13,1.33,91.3,1.316,91.3,1.228,86.96,1.278,80.43,0.891,80.43,0.774,67.39,0.551,84.78,0.832,71.74,0.453,86.96,0.979,93.48,1.604,76.09,0.617,73.91,0.324,84.78,1.244,80.43,0.89,80.43,0.344,93.48,1.731,91.3,1.257,78.26,0.915,69.57,0.414,93.48,1.47,93.48,1.728,45.65,-0.099,1.222,1.38,1.525,1.461,0.255,1.641,0.133,0.519,1.185,1.075,1.256,1.807,75.72,88.77,80.07,84.06,100.0,81.74,Depth runner,3.2319,0.7032
38673,Guillermo Luis May Bartesaghi,G. May,1998-03-11,4177,Auckland FC,Auckland FC,Center Forward,Center Forward,1,2649.36,28,23.43,24.63,10463.75,110.58,1706.96,746.68,66.79,184.75,11.36,931.43,78.14,121.93,10.68,99.79,25.82,7.25,0.7,1.36,1.42,27.8,28.98,3494.29,149.15,752.68,356.5,31.75,97.46,5.39,453.96,37.14,46.14,2.96,30.07,6.71,2.04,0.46,3716.36,150.91,770.25,332.25,28.86,70.82,4.43,403.07,33.29,36.71,2.61,31.79,8.32,1.75,0.29,577.0,49.9,5.1,6.92,9.95,0.17,0.35,3.55,2.16,16.26,5.19,0.26,1.99,0.26,0.17,0.61,0.0,0.09,0.09,0.0,0.35,0.43,0.0,0.35,0.0,0.09,0.17,0.0,0.09,0.0,0.0,0.0,0.0,0.0,18.77,1.99,3.37,3.37,0.09,0.26,1.47,1.38,5.19,1.47,0.17,12.02,0.69,3.2,1.21,0.09,0.17,1.04,1.12,3.29,1.21,0.0,13.53,14.36,8.86,18.76,14.23,10.5,11.75,12.51,14.93,14.16,13.4,2.16,0.43,3.2,0.0,0.26,0.35,0.43,4.5,1.9,0.17,12.28,24.47,4.67,0.17,9.77,0.0,0.17,0.26,0.09,6.75,2.51,0.09,8.04,1.9,0.09,3.29,0.0,0.17,0.09,0.09,1.64,0.69,0.09,3.72,0.69,0.09,1.21,0.0,0.09,0.09,0.09,0.95,0.52,0.0,12.05,1599.0,138.28,0.52,2.77,422.0,36.49,29.58,81.04,82.35,13.55,1.9,10.03,6.66,0.95,0.95,11.5,2.68,1.64,44.36,11.5,8.65,75.19,74.75,2.16,0.35,36.32,6.49,62.67,4.06,6.57,63.04,0.196,84.78,1.01,86.96,1.205,97.83,1.882,100.0,2.218,97.83,1.89,73.91,0.646,97.83,1.555,86.96,0.805,95.65,1.743,73.91,0.582,97.83,1.644,86.96,0.523,80.43,0.93,78.26,0.861,89.13,1.178,82.61,0.86,95.65,1.453,17.39,-0.746,93.48,1.781,65.22,0.379,63.04,0.251,19.57,-0.862,0.46,1.08,1.509,1.824,2.359,1.436,0.539,0.875,1.769,1.489,1.259,1.858,82.25,65.58,87.68,85.51,100.0,80.42,Depth runner,3.2404,0.9355
560992,Daniel Wilmering,D. Wilmering,2000-12-19,1805,Newcastle United Jets FC,Newcastle United Jets FC,Full Back,Full Back,1,2083.83,21,29.72,28.14,11308.14,113.96,1613.81,781.1,74.29,320.48,16.29,1101.57,90.57,128.0,9.14,108.43,20.86,7.19,0.59,2.52,1.21,29.87,31.24,4133.9,139.12,709.95,347.0,33.05,160.52,7.67,507.52,40.71,44.33,3.67,33.86,5.57,2.81,1.0,4033.1,143.31,693.62,363.86,34.19,139.33,7.24,503.19,41.43,52.05,2.81,36.05,6.86,1.95,0.71,382.0,26.41,0.69,1.45,0.76,3.39,2.97,0.14,3.18,8.71,4.7,0.41,0.97,0.0,0.0,0.07,0.0,0.14,0.0,0.07,0.55,0.14,0.0,0.07,0.0,0.0,0.07,0.0,0.0,0.0,0.0,0.0,0.0,0.0,11.27,0.35,0.76,0.21,1.73,1.24,0.0,1.52,3.94,1.52,0.0,9.54,0.21,0.76,0.14,1.52,0.9,0.0,1.45,3.39,1.18,0.0,14.71,21.78,10.07,19.7,21.49,13.64,12.38,14.32,14.99,14.72,8.37,0.48,0.0,0.28,0.21,2.28,0.0,0.21,2.83,1.87,0.21,2.28,4.98,0.55,0.07,0.76,0.0,0.62,0.07,0.0,1.73,0.97,0.21,1.73,0.28,0.0,0.21,0.0,0.0,0.0,0.0,0.76,0.48,0.0,1.31,0.14,0.0,0.14,0.0,0.0,0.0,0.0,0.69,0.35,0.0,11.04,1999.0,138.2,0.14,2.56,685.0,47.36,37.75,79.71,81.21,15.59,1.8,10.65,8.23,1.18,0.97,27.52,7.05,5.39,48.26,15.97,12.44,77.92,74.63,0.83,0.14,26.69,6.08,40.91,2.49,11.96,92.31,1.241,100.0,2.144,100.0,2.19,94.23,1.862,98.08,2.039,100.0,2.142,67.31,0.219,57.69,0.183,67.31,0.299,78.85,0.652,67.31,0.533,78.85,0.684,38.46,-0.264,75.0,0.505,78.85,0.595,53.85,-0.045,69.23,0.7,92.31,1.716,76.92,0.678,88.46,1.148,98.08,1.883,96.15,1.908,53.85,0.239,1.68,1.538,2.038,2.18,0.859,2.282,-0.134,0.223,2.031,0.537,1.075,2.094,89.1,92.95,69.55,67.95,100.0,80.32,Balanced contributor,3.9643,-0.1457
560894,Alexandar Popovic,A. Popovic,2002-09-07,869,Sydney Football Club,Sydney Football Club,Central Defender,Central Defender,1,1458.15,15,27.84,21.8,10580.87,108.84,1534.13,502.2,44.0,145.93,8.07,648.13,52.07,114.47,5.53,91.2,12.87,3.07,0.72,0.8,1.72,28.93,30.74,3605.67,129.5,502.8,111.4,10.67,21.67,1.07,133.07,11.73,37.27,1.4,30.07,2.87,0.47,0.0,3596.13,164.99,788.07,336.87,28.87,117.33,5.4,454.2,34.27,42.67,2.07,28.73,3.93,0.93,0.47,151.0,11.48,0.08,0.68,0.3,8.28,0.08,0.08,0.38,0.46,1.14,0.0,0.08,0.0,0.08,0.0,0.0,0.0,0.0,0.0,0.0,0.0,0.0,0.0,0.0,0.0,0.0,0.0,0.0,0.0,0.0,0.0,0.0,0.0,4.41,0.0,0.3,0.08,3.5,0.0,0.0,0.08,0.08,0.38,0.0,4.26,0.0,0.3,0.0,3.42,0.0,0.0,0.08,0.08,0.38,0.0,11.07,4.88,6.09,6.2,5.66,10.8,10.63,11.81,13.84,0.0,0.61,0.0,0.0,0.0,0.46,0.0,0.0,0.08,0.08,0.0,0.0,0.38,0.53,0.08,0.0,0.23,0.08,0.0,0.08,0.0,0.08,0.0,0.0,0.08,0.0,0.0,0.08,0.0,0.0,0.0,0.0,0.0,0.0,0.0,0.0,0.0,0.0,0.0,0.0,0.0,0.0,0.0,0.0,0.0,0.0,11.36,2417.0,183.69,0.15,2.13,785.0,59.66,54.49,91.34,92.17,16.42,3.04,8.21,12.24,0.15,0.0,49.47,12.69,10.64,19.08,7.37,6.23,84.54,82.3,0.3,0.08,2.96,0.91,41.67,0.38,5.62,61.11,0.287,87.04,1.291,88.89,1.276,90.74,1.577,83.33,1.037,79.63,0.81,84.26,0.57,77.78,0.491,81.48,0.527,72.22,0.646,83.33,0.432,72.22,0.664,44.44,0.158,72.22,0.219,57.41,0.077,68.52,0.594,96.3,1.485,46.3,-0.013,72.22,0.647,94.44,1.589,88.89,1.246,90.74,1.492,72.22,0.597,1.327,0.665,1.39,1.734,1.386,0.412,0.388,1.045,1.012,0.785,0.655,1.456,84.57,82.1,78.55,64.2,100.0,78.22,Depth runner,2.7905,0.1299
23922,Ben Garuccio,B. Garuccio,1995-06-15,1803,Western United,Western United,Full Back,Full Back,1,1604.63,17,27.87,26.37,11211.59,118.78,1790.47,800.35,70.59,233.53,13.59,1033.88,84.18,121.71,7.53,102.06,21.29,5.47,0.61,2.06,1.33,28.84,30.4,3918.65,140.62,720.53,297.59,25.59,88.76,4.47,386.35,30.06,37.0,2.47,29.71,5.12,1.88,0.59,4101.18,155.52,827.35,431.24,37.24,124.53,6.82,555.76,44.06,51.18,2.76,34.41,7.71,1.76,0.82,339.0,29.35,0.69,1.04,0.43,4.16,2.94,0.17,1.73,9.87,7.45,0.87,0.87,0.09,0.0,0.09,0.0,0.17,0.0,0.0,0.35,0.17,0.0,0.17,0.0,0.0,0.0,0.0,0.0,0.0,0.0,0.09,0.09,0.0,11.26,0.52,0.43,0.09,1.3,1.82,0.0,0.35,4.33,2.25,0.17,9.52,0.35,0.35,0.09,1.13,1.65,0.0,0.35,3.38,2.08,0.17,14.76,23.42,8.61,21.14,23.73,15.51,11.46,12.92,15.17,16.59,10.3,0.43,0.0,0.17,0.61,2.16,0.09,0.17,3.64,2.68,0.35,1.56,5.54,0.43,0.0,0.43,0.0,0.61,0.0,0.0,2.34,1.65,0.09,2.42,0.35,0.0,0.09,0.0,0.35,0.0,0.0,0.87,0.78,0.0,1.99,0.26,0.0,0.09,0.0,0.35,0.0,0.0,0.61,0.69,0.0,12.44,1702.0,147.38,0.69,2.94,536.0,46.41,37.15,80.04,79.23,16.14,3.03,12.12,8.23,2.42,0.69,29.44,5.54,3.98,40.09,12.64,9.87,78.08,70.66,0.95,0.09,34.98,7.45,55.81,4.16,12.9,76.92,0.661,92.31,1.543,96.15,1.733,98.08,2.073,90.38,1.311,96.15,1.269,71.15,0.453,76.92,0.606,40.38,-0.331,76.92,0.644,59.62,0.312,76.92,0.68,23.08,-0.732,98.08,2.038,86.54,0.887,28.85,-0.654,92.31,1.162,73.08,0.519,49.04,-0.266,98.08,2.251,84.62,0.874,73.08,0.478,92.31,1.257,1.572,1.391,1.884,0.795,0.985,0.68,-0.05,0.422,1.016,0.494,1.079,1.736,94.55,79.65,66.98,66.99,100.0,77.74,Balanced contributor,3.2564,0.1588
23418,Luis Felipe Gallegos Leiva,F. Gallegos,1991-12-03,4177,Auckland FC,Auckland FC,Midfield,Midfield,1,1918.18,22,20.92,24.01,11140.27,127.77,2210.45,815.86,63.36,155.18,8.95,971.05,72.32,105.14,3.27,92.77,10.05,1.95,0.75,0.45,1.39,27.35,29.34,3492.41,166.95,808.64,233.09,19.45,54.86,2.86,287.95,22.32,30.0,1.0,23.91,2.18,0.32,0.0,4424.36,184.27,1205.18,525.0,38.23,92.05,4.64,617.05,42.86,45.73,1.0,34.55,4.14,0.59,0.18,294.0,38.16,0.52,9.09,0.78,2.21,1.43,1.56,0.78,7.4,12.07,2.34,0.78,0.0,0.0,0.0,0.0,0.13,0.0,0.0,0.26,0.39,0.0,0.13,0.0,0.0,0.0,0.0,0.0,0.0,0.0,0.0,0.13,0.0,12.07,0.26,1.95,0.39,0.91,0.78,0.26,0.39,2.47,4.28,0.39,9.73,0.13,1.95,0.13,0.91,0.65,0.26,0.39,1.69,3.5,0.13,14.51,49.58,10.18,22.03,36.58,12.6,19.17,14.83,13.82,15.35,8.44,0.52,0.52,0.52,0.0,1.04,0.26,0.39,2.6,1.69,0.91,2.86,6.88,0.52,0.0,0.78,0.0,0.78,0.0,0.0,1.69,2.08,1.04,2.34,0.26,0.0,0.39,0.0,0.39,0.0,0.0,0.39,0.65,0.26,1.69,0.13,0.0,0.13,0.0,0.39,0.0,0.0,0.26,0.65,0.13,8.71,1217.0,157.95,0.52,3.11,369.0,47.89,39.97,83.47,83.48,16.18,2.99,11.16,10.9,0.91,1.43,25.05,6.75,5.19,25.83,9.21,6.49,70.42,71.39,1.17,0.26,19.47,5.32,56.1,2.99,8.7,58.33,0.012,100.0,2.323,100.0,2.333,100.0,2.653,56.67,0.183,56.67,0.248,73.33,0.24,83.33,0.679,70.0,0.199,83.33,0.918,71.67,0.268,83.33,1.018,18.33,-0.889,70.0,0.296,83.33,0.911,66.67,0.112,75.0,0.459,66.67,0.232,63.33,0.389,90.0,1.244,96.67,1.919,96.67,1.781,73.33,0.595,2.107,0.46,1.905,-0.275,-0.525,-0.293,0.544,0.63,-0.415,0.643,0.373,1.397,79.45,85.83,77.5,63.33,100.0,77.21,Depth runner,2.7585,-0.0184
771857,Harry Politidis,H. Politidis,2002-06-28,2380,Melbourne City FC,Melbourne City FC,Wide Attacker,Wide Attacker,1,876.15,11,25.06,20.32,9899.64,124.28,1622.45,795.55,78.18,295.27,17.0,1090.82,95.18,111.0,9.27,90.36,22.73,7.09,0.66,2.64,1.26,29.79,30.6,3702.91,147.77,713.55,415.0,40.18,183.91,9.36,598.91,49.55,46.09,4.18,30.91,6.45,3.36,1.64,3357.82,165.25,738.45,314.91,30.0,85.45,4.91,400.36,34.91,34.45,2.27,26.09,6.73,1.73,0.45,312.0,40.0,3.72,1.15,6.28,1.41,1.28,1.67,3.97,14.87,4.36,1.28,1.79,0.26,0.0,0.26,0.0,0.0,0.13,0.0,0.9,0.13,0.13,0.13,0.0,0.0,0.13,0.0,0.0,0.0,0.0,0.0,0.0,0.0,12.82,2.05,0.0,1.67,0.9,0.51,0.13,1.54,3.72,1.54,0.77,9.49,1.03,0.0,0.9,0.9,0.51,0.13,1.41,2.82,1.15,0.64,14.96,18.84,7.9,15.93,23.44,12.85,13.07,15.16,12.87,17.74,14.62,2.82,0.0,1.79,0.26,0.77,0.26,0.26,5.77,1.67,1.03,8.21,20.13,2.82,0.0,6.15,0.0,0.51,0.77,0.0,7.18,1.92,0.77,5.51,1.15,0.0,1.67,0.0,0.26,0.0,0.0,1.54,0.51,0.38,3.46,0.64,0.0,0.9,0.0,0.26,0.0,0.0,1.03,0.26,0.38,8.05,722.0,92.56,0.13,2.44,239.0,30.64,25.38,82.85,80.66,12.75,0.77,8.21,5.64,2.31,1.03,7.69,1.92,1.54,32.44,11.54,8.72,75.55,69.68,1.67,0.0,29.1,7.95,58.07,4.62,7.18,89.29,1.287,98.21,2.262,98.21,2.275,98.21,1.717,87.5,0.993,76.79,0.8,91.07,1.4,67.86,0.374,89.29,1.109,50.0,-0.071,53.57,0.13,42.86,-0.058,67.86,0.316,73.21,0.4,39.29,-0.161,64.29,-0.005,42.86,-0.22,71.43,0.557,73.21,0.489,71.43,0.7,98.21,1.952,94.64,1.476,82.14,0.879,1.909,0.359,1.689,1.819,1.766,2.018,0.317,0.415,1.912,0.588,0.193,2.02,85.71,91.96,65.78,59.82,97.35,76.05,Balanced contributor,3.7203,-0.7094
51005,Dylan Pierias,D. Pierias,2000-02-20,866,Adelaide United Football Club,Adelaide United Football Club,Full Back,Full Back,1,2165.46,22,28.65,27.27,11208.86,113.88,1528.32,704.0,69.91,357.45,16.68,1061.45,86.59,115.32,9.0,100.55,20.05,6.91,0.64,2.95,1.18,31.21,32.7,3952.27,137.95,599.95,340.82,36.23,237.41,10.27,578.23,46.5,38.86,3.95,29.59,5.0,3.14,1.55,3984.0,146.08,734.09,305.27,27.45,95.68,4.59,400.95,32.05,45.18,2.59,34.09,5.82,1.86,0.68,450.0,29.11,3.49,0.39,1.49,1.49,2.33,0.19,2.07,11.97,5.11,0.58,1.16,0.39,0.0,0.06,0.0,0.26,0.0,0.06,0.19,0.19,0.0,0.32,0.19,0.0,0.0,0.0,0.0,0.0,0.0,0.06,0.06,0.0,12.29,1.81,0.13,0.13,0.71,1.23,0.06,0.97,5.5,1.49,0.26,10.22,1.03,0.13,0.13,0.65,1.03,0.06,0.97,4.59,1.36,0.26,15.77,21.39,6.52,24.25,18.6,10.88,12.27,14.0,14.22,26.5,11.77,2.33,0.0,0.39,0.06,1.36,0.0,0.13,4.79,2.26,0.45,2.72,6.21,1.42,0.0,1.42,0.0,0.45,0.06,0.13,1.62,0.91,0.19,1.75,0.52,0.0,0.13,0.0,0.26,0.0,0.06,0.52,0.19,0.06,1.42,0.32,0.0,0.13,0.0,0.26,0.0,0.06,0.39,0.19,0.06,12.9,1801.0,116.5,0.19,1.88,593.0,38.36,29.43,76.73,79.16,15.61,1.75,8.86,6.08,1.29,0.52,13.52,3.17,2.07,41.27,12.36,7.96,64.4,65.2,0.97,0.19,26.91,6.79,30.48,2.07,10.48,96.15,1.784,96.15,1.77,94.23,1.649,92.31,1.019,73.08,0.571,86.54,1.062,76.92,0.732,73.08,0.571,76.92,0.684,84.62,0.947,86.54,0.955,86.54,1.046,19.23,-0.748,59.62,0.119,67.31,0.136,5.77,-1.478,47.12,-0.127,38.46,-0.371,98.08,1.905,75.0,0.615,100.0,2.029,100.0,2.517,50.0,0.222,1.677,1.387,1.713,2.06,0.622,2.021,0.076,0.173,1.5,1.031,-0.828,1.538,78.85,96.8,80.77,39.58,100.0,75.84,Depth runner,3.2144,-1.1102
51683,Lucas Mauragis,L. Mauragis,2001-09-04,870,Central Coast Mariners Football Club,Central Coast Mariners Football Club,Full Back,Full Back; Wide Attacker,2,1598.76,17,25.9722,28.3237,10918.9007,115.8591,1596.2496,697.0284,65.0487,216.7435,12.9053,913.7814,77.954,115.4831,7.6756,97.0166,21.0278,5.5808,0.7,1.4192,1.42,28.7,29.8,3743.1444,144.1157,661.3704,358.2473,33.4959,139.7855,7.2382,498.0328,40.7436,40.7645,3.0,29.0988,6.4192,2.3146,0.7618,4095.06,144.6629,754.2081,291.681,26.5433,67.043,3.9624,358.7239,30.5152,46.7547,2.5237,33.4401,6.8664,1.5237,0.362,294.0,37.3831,1.1472,0.7618,1.4002,3.4325,4.5787,0.0,4.4502,10.5538,9.2811,1.7776,1.0187,0.257,0.0,0.0,0.0,0.1285,0.0,0.0,0.3855,0.1285,0.1285,0.257,0.0,0.0,0.0,0.0,0.1285,0.0,0.0,0.1285,0.0,0.0,14.4911,0.5048,0.5048,0.2559,0.8902,2.1649,0.0,2.1649,5.3386,2.0345,0.6333,12.5869,0.3855,0.5048,0.1285,0.8902,1.9079,0.0,2.0364,4.7053,1.5235,0.5048,14.8243,14.35,10.36,16.3984,25.9159,0.0,11.6946,13.0498,15.2892,16.4628,12.5903,0.7618,0.0,0.3825,0.0,2.6707,0.0,0.3855,4.1995,3.3103,0.8892,3.8111,8.7733,0.8902,0.0,1.4002,0.0,1.651,0.0,0.1285,2.2934,1.651,0.7607,3.0533,0.257,0.0,0.2559,0.0,0.8892,0.0,0.0,1.1472,0.257,0.257,2.4127,0.257,0.0,0.1285,0.0,0.6322,0.0,0.0,0.8902,0.257,0.257,9.15,849.0,107.9528,0.1285,2.2853,286.0,36.3643,28.4783,78.2203,79.5685,14.8481,1.2757,5.9718,4.9612,1.2757,0.5048,18.4355,6.234,4.7032,36.4899,13.7364,10.0418,73.1287,70.475,0.5048,0.257,20.8567,5.9789,57.4362,3.4296,10.0447,46.15,-0.147,86.54,0.956,86.54,1.049,86.54,0.942,75.0,0.59,67.31,0.577,94.23,1.8,96.15,1.759,94.23,1.638,98.08,1.972,71.15,0.641,98.08,1.828,25.0,-0.652,92.31,1.368,57.69,0.0,38.46,-0.342,61.54,0.366,78.85,0.599,40.38,-0.394,84.62,1.039,75.0,0.618,61.54,0.202,69.23,0.64,0.732,0.946,1.101,0.92,0.908,0.783,0.328,0.572,0.521,2.013,0.449,1.495,78.21,66.02,91.99,58.98,100.0,75.3,Depth runner,2.576,0.9719
51008,Tomoki Imai,T. Imai,1990-11-29,1803,Western United,Western United,Central Defender,Central Defender; Full Back,2,2522.96,26,26.5929,28.7237,10625.3787,109.4932,1373.4094,483.1931,45.8346,151.6879,8.5909,634.881,54.4339,108.6282,4.7919,93.5301,9.347,3.3257,0.679,0.9538,1.2444,29.68,30.34,3448.2617,129.8891,479.4285,111.7253,11.0745,28.9909,1.6814,140.7162,12.7473,30.6583,1.3399,25.2813,2.192,0.7667,0.1513,4186.0149,145.7576,708.9449,322.443,29.4396,110.7046,5.3399,433.1561,34.7795,48.6689,2.1069,37.178,3.4414,1.3007,0.4216,236.0,12.6376,0.0527,0.3785,0.0,8.5649,0.2634,0.0,0.4265,0.9652,1.8198,0.1591,0.0,0.0,0.0,0.0,0.0,0.0,0.0,0.0,0.0,0.0,0.0,0.0,0.0,0.0,0.0,0.0,0.0,0.0,0.0,0.0,0.0,0.0,4.8711,0.0,0.0527,0.0,3.103,0.158,0.0,0.1601,0.646,0.6987,0.0527,4.7637,0.0,0.0527,0.0,3.0493,0.158,0.0,0.1601,0.5923,0.6987,0.0527,12.1062,9.33,12.7268,0.0,36.15,0.0,9.1573,12.1286,12.9463,17.5824,1.7133,0.0,0.0,0.0,0.5903,0.2634,0.0,0.0537,0.1064,0.5329,0.1591,0.1591,0.486,0.0527,0.0,0.0,0.0527,0.0527,0.0,0.0,0.0527,0.1601,0.1064,0.1053,0.0,0.0,0.0,0.0,0.0527,0.0,0.0,0.0,0.0,0.0527,0.1053,0.0,0.0,0.0,0.0,0.0527,0.0,0.0,0.0,0.0,0.0527,10.7674,3077.0,164.753,0.0527,0.5376,1190.0,63.7204,56.5383,88.3648,92.4887,18.195,3.2693,10.7591,12.0491,0.3171,0.0,40.7474,10.659,7.9774,22.1157,8.7818,7.2305,82.548,87.7425,0.2128,0.0,3.859,0.9083,43.5291,0.3248,5.2992,72.22,0.64,92.59,1.584,94.44,1.56,88.89,1.312,68.52,0.385,88.89,1.118,77.78,0.459,83.33,0.751,55.56,-0.204,85.19,0.959,37.96,-0.443,85.19,0.942,50.0,0.183,66.67,0.065,48.15,-0.07,37.04,-0.218,35.19,-0.479,72.22,0.488,88.89,1.354,83.33,0.797,92.59,1.546,94.44,1.688,77.78,0.719,1.603,0.721,1.346,0.613,-0.405,0.729,0.251,0.404,0.58,0.581,-0.008,1.183,83.33,88.58,70.83,51.55,100.0,74.73,High-output carrier,2.4381,-0.4155
176224,Phillip Cancar,P. Cancar,2001-05-11,1805,Newcastle United Jets FC,Newcastle United Jets FC,Central Defender,Central Defender; Full Back,2,1050.0,11,28.2836,28.5026,10288.181,107.7439,1221.9798,438.0909,42.2413,164.1483,8.2863,602.2337,50.5276,116.0173,5.2772,94.6127,12.9313,3.7319,0.7538,1.3623,1.5963,29.74,29.74,3611.3407,127.7806,445.117,107.3561,10.4702,39.7616,1.3696,147.1177,11.8398,35.4875,1.4611,28.7556,2.6468,0.6386,0.1775,3936.2183,138.1275,624.5105,285.4011,26.3787,104.6743,4.9158,390.0754,31.2945,48.2617,2.2763,35.0,4.5453,1.8225,0.6386,91.0,11.2221,0.0,0.4896,0.1214,4.6815,0.9833,0.0,0.2442,0.9819,3.0799,0.615,0.0,0.0,0.0,0.0,0.0,0.0,0.0,0.0,0.0,0.0,0.0,0.0,0.0,0.0,0.0,0.0,0.0,0.0,0.0,0.0,0.0,0.0,4.0691,0.0,0.1214,0.1214,1.6043,0.2442,0.0,0.0,0.7378,1.1086,0.1214,3.6996,0.0,0.1214,0.0,1.6043,0.2442,0.0,0.0,0.7378,0.9819,0.0,12.7463,0.0,12.8344,2.86,15.7372,0.0,9.9293,14.6158,11.7423,18.9227,2.218,0.0,0.0,0.0,0.6124,0.491,0.0,0.0,0.0,0.6163,0.4936,0.2442,0.7365,0.0,0.0,0.1214,0.0,0.1214,0.0,0.0,0.1214,0.1214,0.2455,0.1214,0.0,0.0,0.1214,0.0,0.0,0.0,0.0,0.0,0.0,0.0,0.0,0.0,0.0,0.0,0.0,0.0,0.0,0.0,0.0,0.0,0.0,11.2797,1551.0,191.2221,0.1214,1.6023,568.0,70.0283,66.3307,94.7206,95.0331,16.1424,2.4635,9.8619,18.9868,0.0,0.0,45.2493,10.3569,8.6332,21.9452,6.7781,6.2845,92.6867,90.2108,0.1214,0.1214,6.1631,1.2327,56.6139,0.7404,3.0799,92.59,1.578,83.33,1.099,81.48,1.003,79.63,0.683,88.89,1.21,90.74,1.262,90.74,1.09,74.07,0.433,68.52,0.078,61.11,0.299,37.96,-0.443,66.67,0.459,96.3,0.385,88.89,1.225,9.26,-1.092,50.0,-0.018,87.04,0.834,50.0,0.015,94.44,1.411,59.26,0.05,90.74,1.37,98.15,2.111,66.67,0.393,1.157,0.297,0.792,1.35,1.417,1.233,0.501,0.879,1.595,0.452,0.351,1.209,78.09,89.5,66.51,63.58,100.0,74.68,Balanced contributor,2.3624,-0.3009
957737,Dylan Leonard,D. Leonard,2007-08-30,1803,Western United,Western United,Central Defender,Central Defender,1,2609.01,27,26.74,28.46,11033.3,114.18,1528.7,519.96,45.74,116.11,7.89,636.07,53.63,116.7,4.74,95.37,11.85,2.59,0.7,0.78,1.57,27.79,29.44,3701.44,138.45,551.48,116.0,11.11,19.04,1.33,135.04,12.44,33.78,1.11,27.52,2.44,0.26,0.04,4278.37,150.31,758.81,349.78,29.67,85.78,4.96,435.56,34.63,49.19,2.04,35.52,4.56,1.07,0.44,216.0,11.66,0.0,0.49,0.11,10.2,0.0,0.0,0.16,0.22,0.43,0.05,0.0,0.0,0.0,0.0,0.0,0.0,0.0,0.0,0.0,0.0,0.0,0.0,0.0,0.0,0.0,0.0,0.0,0.0,0.0,0.0,0.0,0.0,4.8,0.0,0.16,0.05,4.1,0.0,0.0,0.16,0.16,0.11,0.05,4.75,0.0,0.16,0.0,4.1,0.0,0.0,0.16,0.16,0.11,0.05,11.89,0.0,12.92,5.11,0.0,0.0,17.21,10.9,14.55,18.83,0.92,0.0,0.0,0.0,0.76,0.0,0.0,0.0,0.05,0.05,0.05,0.11,0.16,0.0,0.0,0.11,0.0,0.0,0.0,0.0,0.0,0.05,0.0,0.05,0.0,0.0,0.05,0.0,0.0,0.0,0.0,0.0,0.0,0.0,0.0,0.0,0.0,0.0,0.0,0.0,0.0,0.0,0.0,0.0,0.0,11.7,3766.0,203.31,0.27,0.92,1391.0,75.09,61.6,82.03,87.61,19.1,4.64,12.96,19.43,0.38,0.22,67.97,18.84,12.31,24.29,9.02,7.07,78.44,77.13,0.11,0.0,6.1,2.48,36.96,0.92,13.23,59.26,0.241,90.74,1.484,92.59,1.545,94.44,1.825,90.74,1.286,92.59,1.362,46.3,-0.362,79.63,0.532,46.3,-0.366,82.41,0.951,37.96,-0.443,81.48,0.899,11.11,-0.205,90.74,1.727,100.0,3.58,88.89,1.103,51.85,-0.007,64.81,0.408,33.33,-0.427,92.59,1.562,85.19,1.142,77.78,0.48,94.44,1.594,1.444,1.233,1.595,0.534,0.867,-0.184,0.321,0.843,0.703,0.285,1.717,1.567,92.59,73.76,62.35,67.9,100.0,74.67,Balanced contributor,2.8704,0.6795
51000,Jordan Courtney-Perkins,J. Courtney-Perkins,2002-11-06,869,Sydney Football Club,Sydney Football Club,Full Back,Central Defender; Full Back; Wide Attacker,3,1917.6,20,28.6719,21.8209,11535.022,120.1685,1920.1057,813.2017,67.641,231.5429,13.2253,1044.7459,80.8663,124.5001,7.2495,101.6007,20.6125,4.5497,0.7042,1.6675,1.44,28.78,29.56,4297.15,149.7662,834.3604,336.4643,28.2295,83.2435,4.638,419.7078,32.8742,47.9539,2.501,37.0526,6.0292,1.5117,0.6067,3651.161,168.1582,824.4434,403.9696,33.7881,136.0268,6.875,540.0045,40.6631,43.7943,2.4502,28.8518,6.3107,1.5942,0.4526,555.0,32.2593,1.3975,1.2769,2.0341,5.1692,2.325,0.1738,3.1407,8.7756,7.3258,0.6406,0.6406,0.0575,0.0,0.115,0.0,0.0575,0.0,0.0,0.4107,0.0,0.0,0.1725,0.0,0.0,0.0575,0.0,0.0,0.0,0.0,0.115,0.0,0.0,10.3487,0.5844,0.1163,0.5269,1.5668,0.7556,0.0,1.3388,3.8324,1.5712,0.0575,9.0053,0.2875,0.1163,0.2875,1.5668,0.7556,0.0,1.3388,3.3128,1.2755,0.0575,13.0451,15.4852,8.2459,13.29,20.1495,7.0618,14.1153,12.7641,12.9692,17.25,7.7296,0.8131,0.0,0.6356,0.4042,1.2819,0.0,0.4107,2.2698,1.6269,0.2875,3.6069,8.0797,1.0444,0.0,1.9766,0.0,0.5257,0.0,0.115,2.7334,1.2165,0.4682,2.1493,0.3462,0.0,0.5269,0.0,0.0575,0.0,0.115,0.9311,0.1725,0.0,1.3397,0.115,0.0,0.2875,0.0,0.0575,0.0,0.115,0.6991,0.0575,0.0,9.8413,1953.0,113.5057,0.23,1.8586,690.0,40.1062,34.1752,85.1101,87.0581,14.2033,1.2197,8.3137,8.7212,0.5257,0.4688,23.2529,4.9379,3.6046,25.9188,10.0556,8.0166,80.5307,79.8443,0.5831,0.0575,10.0566,2.3257,50.0,1.1587,6.3319,61.54,0.166,90.38,1.23,90.38,1.369,100.0,2.214,96.15,1.634,92.31,1.206,92.31,1.511,86.54,1.023,92.31,1.46,71.15,0.421,46.15,-0.198,69.23,0.357,88.46,1.118,23.08,-0.718,11.54,-1.152,23.08,-0.816,44.23,-0.153,42.31,-0.345,43.27,-0.321,100.0,3.06,78.85,0.738,71.15,0.445,100.0,1.55,1.594,1.883,2.126,0.554,0.786,-0.177,0.346,0.605,0.613,0.955,-0.693,1.394,96.47,74.2,76.28,38.78,100.0,73.93,Depth runner,2.9567,-0.8662
51675,Angus Thurgate,A. Thurgate,2000-02-08,1803,Western United,Western United,Midfield,Midfield,1,2717.4,28,26.81,28.86,12606.75,129.9,2267.32,651.07,54.18,146.64,8.36,797.71,62.54,112.82,3.39,99.46,13.25,1.75,0.72,0.36,1.57,27.9,29.68,4260.29,158.91,845.93,173.04,15.79,33.5,2.0,206.54,17.79,35.79,1.04,30.43,3.32,0.5,0.04,5101.39,176.79,1235.14,431.29,34.39,106.86,4.89,538.14,39.29,49.82,0.89,37.07,4.93,0.36,0.07,525.0,26.98,0.41,8.22,0.67,1.85,0.31,0.41,0.82,4.73,7.97,1.59,0.93,0.0,0.05,0.0,0.05,0.0,0.0,0.0,0.26,0.46,0.1,0.15,0.0,0.0,0.0,0.0,0.0,0.0,0.0,0.1,0.05,0.0,8.89,0.21,3.24,0.1,0.51,0.15,0.21,0.21,1.59,2.21,0.46,7.97,0.21,3.19,0.0,0.51,0.15,0.21,0.21,1.28,1.8,0.41,12.56,19.86,9.95,12.55,14.93,11.27,10.41,14.3,14.32,14.54,3.19,0.1,0.05,0.1,0.1,0.05,0.0,0.1,1.44,0.87,0.36,3.39,7.14,0.31,0.0,0.57,0.05,0.1,0.05,0.0,2.16,2.98,0.93,1.85,0.15,0.0,0.05,0.0,0.0,0.0,0.0,0.77,0.57,0.31,1.44,0.15,0.0,0.0,0.0,0.0,0.0,0.0,0.67,0.36,0.26,9.74,2828.0,145.36,0.26,3.14,818.0,42.04,34.08,81.05,84.04,15.8,2.06,11.72,9.46,1.44,1.34,24.72,6.27,5.04,18.25,6.07,4.37,72.03,71.62,1.03,0.15,22.31,5.6,55.04,3.08,8.28,48.33,-0.246,90.0,1.346,90.0,1.237,90.0,1.141,80.0,0.858,81.67,0.895,75.0,0.287,41.67,-0.24,76.67,0.401,63.33,0.216,80.0,0.509,58.33,0.063,20.0,-0.744,73.33,0.353,73.33,0.74,61.67,0.061,78.33,0.483,28.33,-0.642,85.83,0.872,93.33,1.43,93.33,1.613,93.33,1.547,83.33,0.925,1.514,1.639,1.894,-0.145,0.856,-0.545,0.448,0.857,0.084,0.239,0.083,1.116,86.39,83.47,65.83,55.83,100.0,73.82,High-output carrier,2.3367,-0.4753
33430,Gabriel Cléùr,G. Cléùr,1998-01-31,2902,Western Sydney Wanderers FC,Western Sydney Wanderers FC,Full Back,Full Back,1,1824.8,20,24.91,25.77,10631.9,116.53,1551.45,688.4,63.45,200.35,12.1,888.75,75.55,112.5,8.05,97.75,18.85,5.25,0.65,1.35,1.37,28.58,29.96,3559.95,142.9,597.05,276.3,26.25,97.35,5.1,373.65,31.35,35.6,2.85,28.15,4.75,1.85,0.6,3964.6,153.86,752.65,348.85,30.75,88.55,5.05,437.4,35.8,45.5,2.35,32.8,5.8,1.35,0.35,500.0,33.12,0.53,0.79,0.79,3.91,3.11,0.13,2.72,10.33,9.41,1.39,1.39,0.07,0.0,0.13,0.0,0.26,0.0,0.0,0.6,0.2,0.13,0.2,0.0,0.0,0.07,0.0,0.0,0.0,0.0,0.07,0.07,0.0,12.45,0.2,0.46,0.53,1.59,1.39,0.0,0.99,3.64,3.05,0.6,10.8,0.13,0.4,0.2,1.59,1.13,0.0,0.99,3.05,2.78,0.53,14.17,23.76,9.17,25.08,22.55,18.09,12.7,14.03,12.02,18.14,10.66,0.4,0.0,0.4,0.33,2.32,0.0,0.26,3.71,2.72,0.53,2.25,4.11,0.53,0.0,0.79,0.0,0.6,0.0,0.0,0.86,0.99,0.33,1.59,0.2,0.0,0.53,0.0,0.2,0.0,0.0,0.2,0.4,0.07,1.06,0.13,0.0,0.2,0.0,0.2,0.0,0.0,0.13,0.33,0.07,9.98,2002.0,132.6,0.46,3.18,709.0,46.96,39.28,83.64,79.83,14.72,1.85,15.1,8.88,1.52,0.73,24.9,8.28,6.42,34.04,13.18,10.46,79.4,70.66,1.26,0.26,17.35,5.43,57.32,3.11,12.05,44.23,-0.234,80.77,0.73,84.62,0.852,82.69,0.848,60.58,0.244,71.15,0.678,51.92,-0.143,90.38,1.147,65.38,0.273,92.31,1.198,92.31,1.465,88.46,1.103,28.85,-0.59,88.46,1.074,80.77,0.623,63.46,0.399,94.23,1.454,84.62,0.793,38.46,-0.504,80.77,0.759,65.38,0.318,48.08,-0.068,75.0,0.782,0.633,0.51,0.735,1.242,0.271,0.475,0.118,0.488,0.395,1.053,1.258,1.208,75.16,60.58,80.13,73.4,100.0,72.7,Connector creator,1.9546,1.171
26766,Bart Vriends,B. Vriends,1991-05-09,866,Adelaide United Football Club,Adelaide United Football Club,Central Defender,Central Defender,1,2271.94,23,27.62,26.58,10900.65,110.36,1546.0,447.96,39.39,98.96,5.96,546.91,45.35,117.61,5.04,90.09,12.35,3.13,0.67,0.57,1.39,27.6,29.28,3834.43,138.8,635.17,121.78,11.96,19.48,1.09,141.26,13.04,39.0,1.39,27.83,3.0,0.91,0.04,3894.22,146.48,694.52,281.3,23.04,70.74,3.35,352.04,26.39,45.96,1.96,32.43,3.57,0.87,0.22,309.0,16.25,0.11,1.42,0.47,11.41,0.0,0.05,0.21,0.26,2.31,0.0,0.05,0.0,0.0,0.0,0.05,0.0,0.0,0.0,0.0,0.0,0.0,0.0,0.0,0.0,0.0,0.0,0.0,0.0,0.0,0.0,0.0,0.0,5.84,0.05,0.47,0.11,4.21,0.0,0.0,0.11,0.05,0.84,0.0,5.73,0.05,0.47,0.0,4.21,0.0,0.0,0.11,0.05,0.84,0.0,10.02,8.84,13.11,7.79,0.0,25.69,13.2,10.72,8.84,0.0,0.32,0.0,0.05,0.0,0.21,0.0,0.0,0.0,0.0,0.05,0.0,0.47,0.53,0.05,0.0,0.47,0.0,0.0,0.0,0.0,0.0,0.0,0.0,0.11,0.0,0.0,0.11,0.0,0.0,0.0,0.0,0.0,0.0,0.0,0.0,0.0,0.0,0.0,0.0,0.0,0.0,0.0,0.0,0.0,0.0,9.83,3065.0,161.21,0.21,0.95,1210.0,63.64,56.6,88.93,92.76,18.03,2.89,10.47,11.62,0.21,0.11,48.39,13.89,11.2,14.2,6.31,5.52,87.5,87.3,0.16,0.05,1.37,0.63,16.67,0.11,5.63,46.3,-0.241,74.07,0.456,75.93,0.562,83.33,0.82,94.44,1.388,75.93,0.662,84.26,0.57,94.44,1.563,85.19,0.825,92.59,1.559,76.85,0.104,94.44,1.525,62.96,0.204,38.89,-0.535,59.26,0.082,79.63,0.765,54.63,0.03,25.93,-0.368,31.48,-0.606,96.3,1.648,50.0,0.027,48.15,-0.102,81.48,0.881,0.5,1.066,0.961,0.99,1.121,0.486,0.221,0.6,0.857,1.449,0.046,1.121,84.26,55.86,87.96,53.55,100.0,72.34,High-output carrier,2.0876,0.3272
23909,Kosta Barbarouses,K. Barbarouses,1990-02-19,867,Wellington Phoenix FC,Wellington Phoenix FC,Center Forward,Center Forward; Wide Attacker,2,2512.6,26,25.3809,29.9327,10514.7345,108.7979,1349.5916,698.1048,73.2024,301.5461,17.2373,999.6509,90.4398,116.8883,11.0419,95.7295,21.9284,8.3874,0.66,3.0017,1.16,30.3,30.98,3475.71,136.9153,562.8062,341.9476,36.2408,188.5339,9.5829,530.4815,45.8237,44.0017,3.4607,27.3857,5.3089,2.4625,1.2705,4079.2635,136.2871,628.0124,295.3893,30.2286,92.3787,5.6894,387.768,35.918,42.178,2.9983,36.9407,8.0785,2.3054,0.4607,604.0,34.0,8.78,3.04,6.19,0.11,0.45,0.96,0.9,10.19,2.93,0.45,2.25,1.07,0.0,0.34,0.0,0.11,0.0,0.0,0.62,0.11,0.0,0.17,0.11,0.0,0.0,0.0,0.0,0.0,0.0,0.06,0.0,0.0,14.75,5.07,1.63,2.2,0.11,0.17,0.23,0.51,4.05,0.56,0.23,9.4,2.93,1.58,0.68,0.11,0.17,0.17,0.28,2.81,0.45,0.23,15.44,16.12,7.7,19.01,35.29,12.41,13.35,14.25,15.02,27.48,13.23,5.18,0.34,2.7,0.0,0.34,0.11,0.28,3.1,0.9,0.28,7.99,17.84,5.91,0.06,6.08,0.0,0.17,0.17,0.0,4.0,1.35,0.11,6.75,3.04,0.0,2.14,0.0,0.06,0.06,0.0,1.18,0.28,0.0,3.15,1.46,0.0,0.62,0.0,0.06,0.0,0.0,0.84,0.17,0.0,8.93,1364.0,76.77,0.28,1.69,454.0,25.55,18.74,73.35,76.32,13.0,0.79,9.51,3.6,1.01,0.84,3.1,0.9,0.56,31.01,10.86,6.81,62.69,69.13,1.01,0.17,22.68,6.08,54.63,3.32,6.98,97.83,2.115,97.83,1.841,97.83,1.779,91.3,1.423,93.48,1.78,91.3,1.507,34.78,-0.253,41.3,-0.076,26.09,-0.273,84.78,0.833,80.43,0.874,80.43,0.663,41.3,0.154,71.74,0.424,84.78,1.032,71.74,-0.024,43.48,-0.111,78.26,0.733,82.61,1.014,52.17,0.096,95.65,1.885,97.83,1.889,13.04,-1.113,1.134,1.132,1.661,1.988,1.507,2.065,0.414,0.519,2.085,0.377,0.479,1.603,73.19,93.84,57.97,65.22,100.0,72.29,Balanced contributor,3.1502,-0.5243
51681,Steven Ugarković,S. Ugarković,1994-08-19,2380,Melbourne City FC,Melbourne City FC,Midfield,Center Forward; Midfield,2,1896.86,20,29.584,23.7331,12438.0878,131.1292,2269.0307,715.3132,58.2228,115.2278,7.9693,830.541,66.192,111.2532,4.1527,94.2722,13.047,2.5587,0.74,0.7603,1.41,27.85,28.6,4821.0804,162.9363,961.8375,290.2381,25.1241,61.1362,3.2136,351.3743,28.3377,41.6828,1.5046,32.2652,3.4462,0.859,0.359,4276.2868,180.1789,1112.7801,382.5737,28.9367,48.2394,3.0538,430.8131,31.9815,40.8967,1.6524,29.1478,4.7981,0.8005,0.1524,536.0,32.3582,1.3322,8.9354,1.9951,1.4504,0.7248,0.9681,1.6282,7.9724,6.8234,0.547,0.5427,0.0561,0.0,0.0,0.0,0.0561,0.0,0.0,0.1216,0.2433,0.0561,0.0561,0.0,0.0,0.0,0.0,0.0561,0.0,0.0,0.0,0.0,0.0,8.5716,0.6644,2.1709,0.5462,0.5427,0.1216,0.3649,0.4866,1.9915,1.3891,0.3037,6.7033,0.4211,2.0492,0.1166,0.5427,0.1216,0.2433,0.4866,1.5057,1.0293,0.1778,12.8938,19.6231,9.8526,15.4771,22.131,7.1457,10.83,12.7274,14.9575,21.5167,7.1801,0.9018,0.6644,0.9068,0.0561,0.4866,0.0,0.1778,2.0505,1.5108,0.4254,3.2014,7.1809,0.6031,0.0,1.9951,0.0,0.2433,0.0,0.0561,2.057,1.7541,0.4815,1.6921,0.2433,0.0,0.5462,0.0,0.1216,0.0,0.0,0.3649,0.1778,0.2382,0.7809,0.1216,0.0,0.1166,0.0,0.1216,0.0,0.0,0.1778,0.0561,0.1778,9.79,2002.0,120.8423,0.1216,2.5342,646.0,38.9963,34.2841,87.6939,88.3352,15.7544,2.057,12.8011,7.0027,1.2055,0.7291,19.3715,4.1632,3.5039,17.626,6.2171,4.8245,78.3506,77.1334,0.963,0.1216,19.3168,4.8279,68.0795,3.2022,4.1024,86.67,0.901,95.0,1.711,95.0,1.72,93.33,1.73,76.67,0.721,61.67,0.393,76.67,0.295,65.0,0.202,73.33,0.329,45.0,-0.289,63.33,-0.113,55.0,-0.033,68.33,0.369,75.0,0.43,21.67,-0.963,36.67,-0.461,53.33,0.015,33.33,-0.454,80.0,0.828,95.0,1.435,91.67,1.41,78.33,0.686,88.33,1.116,1.903,1.503,1.941,0.681,0.768,0.475,0.512,0.655,0.63,0.076,-0.354,1.225,85.0,87.5,63.06,48.06,100.0,72.07,High-output carrier,2.6943,-1.1333
50955,Nishan Velupillay,N. Velupillay,2001-05-07,868,Melbourne Victory Football Club,Melbourne Victory Football Club,Wide Attacker,Wide Attacker,1,1405.44,16,23.61,21.87,10084.31,114.8,1449.44,664.0,64.25,269.31,13.75,933.31,78.0,109.88,6.62,86.38,19.12,4.75,0.69,1.62,1.46,29.57,30.92,3538.62,149.85,648.38,345.31,32.12,172.31,7.56,517.62,39.69,42.69,2.81,26.5,4.75,2.06,0.88,3328.12,152.19,636.62,269.94,25.69,77.81,3.94,347.75,29.62,36.62,2.0,27.62,6.06,1.25,0.38,471.0,46.01,4.3,4.4,5.08,0.2,0.88,2.05,2.74,17.58,7.62,1.17,2.93,0.59,0.0,0.68,0.0,0.1,0.0,0.1,1.07,0.39,0.0,0.29,0.1,0.0,0.1,0.0,0.0,0.0,0.0,0.1,0.0,0.0,16.22,2.44,1.56,1.86,0.1,0.39,0.78,1.17,6.06,1.66,0.2,10.94,0.88,1.47,1.17,0.1,0.39,0.68,0.98,3.81,1.37,0.1,14.79,16.7,8.31,21.38,21.91,13.84,14.48,13.27,16.55,12.37,15.63,2.93,0.2,2.34,0.0,0.68,0.2,0.88,5.67,2.64,0.1,9.67,19.24,3.03,0.1,4.98,0.0,0.29,0.2,0.0,6.45,3.71,0.49,6.45,1.66,0.0,1.76,0.0,0.1,0.0,0.0,2.25,0.59,0.1,3.81,0.78,0.0,1.07,0.0,0.1,0.0,0.0,1.37,0.39,0.1,13.88,1119.0,109.31,0.49,3.81,313.0,30.57,24.52,80.19,78.72,13.31,1.47,8.6,5.18,1.56,1.37,6.35,1.56,1.17,32.33,10.16,8.21,80.77,72.02,1.95,0.39,32.14,8.6,71.59,6.15,6.94,67.86,0.146,85.71,0.819,78.57,0.754,66.07,0.521,75.0,0.898,62.5,0.434,89.29,1.238,85.71,0.894,96.43,1.664,71.43,0.317,91.07,1.269,83.93,0.67,53.57,0.21,91.07,1.147,35.71,-0.235,41.07,-0.275,78.57,0.666,60.71,0.37,58.93,0.314,55.36,0.068,89.29,0.91,91.07,1.079,31.25,-0.536,0.399,0.508,0.716,0.179,0.779,0.101,0.426,0.729,0.332,1.233,0.41,1.049,62.65,75.3,86.31,60.12,100.0,71.8,Depth runner,1.6683,0.7114
51651,Lachlan Rose,L. Rose,1999-05-10,1805,Newcastle United Jets FC,Newcastle United Jets FC,Center Forward,Center Forward,1,928.4,11,24.44,23.29,10016.64,118.67,1487.64,755.55,78.36,330.18,18.73,1085.73,97.09,110.27,9.18,85.73,23.82,6.27,0.73,1.73,1.51,30.41,31.24,3430.27,140.35,528.64,335.18,35.82,183.45,9.64,518.64,45.45,40.45,3.64,24.64,7.18,2.36,0.64,3816.27,163.86,811.82,353.73,35.64,120.64,7.0,474.36,42.64,40.45,2.45,31.09,8.27,1.36,0.36,192.0,44.19,14.27,1.38,12.66,0.0,0.23,1.84,0.92,11.97,0.69,0.23,0.92,0.69,0.0,0.0,0.0,0.0,0.0,0.0,0.23,0.0,0.0,0.0,0.0,0.0,0.0,0.0,0.0,0.0,0.0,0.0,0.0,0.0,13.58,4.6,1.15,5.06,0.0,0.0,0.46,0.92,1.38,0.0,0.0,5.98,2.07,0.92,1.15,0.0,0.0,0.46,0.92,0.46,0.0,0.0,14.01,16.3,7.44,14.13,30.75,9.18,23.02,11.42,13.72,27.2,14.04,6.44,0.0,3.68,0.0,0.23,0.0,0.92,2.53,0.0,0.23,15.19,28.77,9.44,0.0,12.66,0.0,0.0,0.23,0.0,5.98,0.23,0.23,7.82,2.07,0.0,5.06,0.0,0.0,0.0,0.0,0.69,0.0,0.0,2.07,0.46,0.0,1.15,0.0,0.0,0.0,0.0,0.46,0.0,0.0,0.0,88.0,20.25,0.0,0.92,35.0,8.05,5.98,74.29,77.56,14.97,0.0,3.68,0.92,0.46,0.69,0.46,0.0,0.0,13.35,4.14,2.99,72.22,77.11,0.69,0.0,11.51,2.76,66.67,1.84,1.38,80.43,0.629,100.0,2.29,100.0,2.24,100.0,1.965,86.96,1.204,71.74,0.564,91.3,1.229,89.13,0.969,95.65,1.537,40.22,-0.354,28.26,-0.62,67.39,0.377,60.87,0.23,30.43,-0.588,6.52,-1.297,17.39,-0.647,23.91,-0.803,23.91,-0.761,84.78,1.091,82.61,0.747,100.0,2.267,100.0,2.29,63.04,0.276,2.015,0.628,1.997,1.144,1.921,0.894,0.633,0.998,0.983,0.67,-0.839,1.441,84.06,94.2,68.66,27.17,100.0,70.8,High-output carrier,3.1474,-1.3008
771855,Alessandro Lopane,A. Lopane,2004-04-09,2380,Melbourne City FC,Melbourne City FC,Midfield,Midfield,1,591.29,7,28.34,19.52,11072.71,131.09,2056.29,658.29,56.43,105.0,6.86,763.29,63.29,109.0,3.86,99.14,11.86,2.71,0.69,0.71,1.44,26.91,27.44,4463.57,157.51,853.43,309.29,26.14,56.0,3.57,365.29,29.71,44.14,1.43,35.29,3.57,1.0,0.29,3617.43,185.28,1010.71,313.43,25.0,42.57,1.86,356.0,26.86,36.29,1.29,27.86,3.43,0.71,0.0,241.0,42.03,1.05,7.67,3.31,0.52,0.52,1.4,1.92,15.0,6.98,3.66,0.87,0.0,0.0,0.0,0.0,0.17,0.0,0.0,0.17,0.52,0.0,0.52,0.0,0.0,0.0,0.0,0.17,0.0,0.0,0.17,0.17,0.0,14.3,0.17,4.19,0.7,0.17,0.17,0.0,0.87,5.23,2.09,0.7,11.51,0.0,3.84,0.17,0.17,0.17,0.0,0.87,4.19,1.74,0.35,12.46,14.21,8.58,18.71,13.3,9.37,15.76,12.4,12.57,14.37,8.89,0.35,0.35,1.4,0.0,0.35,0.17,0.35,3.31,1.22,1.4,6.28,10.29,0.52,0.0,3.31,0.0,0.35,0.17,0.0,2.79,2.62,0.52,2.44,0.0,0.0,0.7,0.0,0.0,0.0,0.0,0.7,1.05,0.0,1.57,0.0,0.0,0.17,0.0,0.0,0.0,0.0,0.52,0.87,0.0,8.62,691.0,120.5,0.35,2.79,226.0,39.41,34.35,87.17,88.3,14.0,0.87,13.43,8.89,1.22,0.87,9.77,2.96,2.27,22.49,7.5,5.93,79.07,78.37,1.05,0.0,25.28,4.53,61.54,2.79,3.49,80.0,0.757,93.33,1.421,93.33,1.506,91.67,1.207,68.33,0.522,80.0,0.864,86.67,0.859,88.33,0.997,91.67,1.502,93.33,1.627,76.67,0.413,93.33,1.687,66.67,0.36,64.17,0.17,9.17,-1.212,21.67,-0.881,66.67,0.213,50.0,0.001,53.33,0.002,78.33,0.741,81.67,0.835,68.33,0.406,86.67,1.11,1.322,0.405,1.116,0.364,0.256,0.666,0.352,0.693,0.542,1.371,-0.448,1.227,83.06,78.05,88.33,46.39,65.7,70.79,Depth runner,2.3997,-0.1945
795505,Eli Adams,E. Adams,2002-03-12,1805,Newcastle United Jets FC,Newcastle United Jets FC,Center Forward,Center Forward; Midfield; Wide Attacker,3,1956.78,22,26.2023,25.4677,10856.0429,122.0354,1615.1451,684.3009,64.2476,211.2565,12.8194,895.5533,77.0671,107.9338,5.9089,91.4249,15.0571,4.4568,0.6798,1.3163,1.4407,29.3,30.56,3923.0937,149.8194,670.4161,327.4746,29.0916,114.2058,6.0905,441.6804,35.1822,40.3212,2.1353,28.2243,3.3669,1.4983,0.3618,4038.0357,158.5508,791.6316,315.2333,30.0202,86.184,5.0492,401.4173,35.0681,41.5605,1.9542,33.877,5.733,1.3654,0.4116,492.0,37.5484,3.8169,4.1967,6.4101,0.61,0.6873,1.8356,1.7566,13.3572,4.0477,0.8402,1.7552,0.4583,0.0,0.456,0.0,0.0783,0.0,0.0763,0.5346,0.1553,0.0,0.5316,0.1546,0.0,0.2323,0.0,0.0,0.0,0.0,0.1533,0.0,0.0,12.1352,1.5302,0.9933,1.908,0.3057,0.4574,0.3827,1.0703,3.9703,1.4527,0.077,7.7079,0.915,0.838,0.6113,0.3057,0.307,0.3827,0.7597,2.5189,0.9939,0.077,14.23,19.1195,9.0031,17.3259,19.687,11.4898,11.9633,13.4694,15.1485,11.3574,8.9298,2.2916,0.1517,2.0617,0.0,0.5357,0.0,0.1553,2.595,0.9904,0.1533,8.3982,16.0267,2.9006,0.0,6.1834,0.077,0.5357,0.0,0.0,4.5793,1.2954,0.4553,4.7316,0.9906,0.0,1.908,0.0,0.384,0.0,0.0,0.9939,0.3817,0.077,2.2153,0.6834,0.0,0.6113,0.0,0.2287,0.0,0.0,0.4583,0.1517,0.077,7.9107,1083.0,82.6557,0.3073,2.0596,294.0,22.4383,17.4009,78.2518,78.7368,14.858,1.2188,6.106,4.3505,0.7627,0.7666,5.722,1.912,1.3741,24.5758,7.5562,5.6473,74.3995,72.5844,0.9157,0.2309,24.3451,5.5713,59.6635,3.203,6.2575,58.7,0.145,82.61,0.937,80.43,0.978,89.13,1.293,84.78,1.001,89.13,1.101,28.26,-0.499,60.87,0.288,39.13,-0.171,69.57,0.246,69.57,0.318,52.17,0.025,71.74,0.302,67.39,0.344,73.91,0.731,84.78,0.882,58.7,0.221,54.35,0.278,60.87,0.31,91.3,1.348,82.61,0.753,78.26,0.623,78.26,0.75,1.179,1.477,1.547,-0.34,0.002,-0.109,0.476,0.903,0.088,0.044,0.598,0.979,85.87,75.0,53.26,68.48,100.0,70.65,Balanced contributor,1.9476,-0.0648
51717,Walter Scott,W. Scott,1999-10-02,1804,Macarthur FC,Macarthur FC,Full Back,Full Back; Wide Attacker,2,834.15,10,22.5609,22.963,9619.4135,114.363,1488.5359,660.3005,61.8064,272.0035,13.9138,932.3015,75.7203,110.1903,6.7447,87.3214,22.7053,5.2734,0.7353,1.3402,1.48,30.43,30.96,3409.3006,151.0392,655.7463,334.1473,29.1498,163.1451,7.3402,497.2998,36.4875,37.917,2.5087,26.8308,5.9606,1.8764,0.613,3253.9618,142.4416,636.7276,264.1671,26.1673,88.1894,4.7647,352.364,30.9394,43.1734,1.9332,28.5743,6.764,1.1043,0.1043,234.0,41.0638,2.1098,1.0537,2.1022,2.4567,7.1918,0.176,4.9109,10.1767,9.4801,1.4006,1.4082,0.0,0.0,0.0,0.176,0.176,0.0,0.0,0.5281,0.5281,0.0,0.176,0.0,0.0,0.0,0.0,0.0,0.0,0.0,0.0,0.176,0.0,12.9856,1.4058,0.176,0.3521,1.0561,2.2807,0.0,2.1047,3.6864,1.7526,0.176,10.5312,0.528,0.176,0.0,1.0561,1.9286,0.0,2.1047,3.1583,1.5842,0.0,16.4935,19.5092,11.8041,16.9896,23.7137,26.77,11.745,13.6878,16.2592,14.96,14.5646,1.4057,0.176,1.0561,0.0,4.3854,0.0,0.5281,2.6303,3.689,0.7041,3.3344,10.8833,1.0537,0.176,2.1022,0.0,2.9848,0.0,0.176,2.2783,1.4006,0.7041,2.2807,0.352,0.0,0.3521,0.0,0.3521,0.0,0.0,0.8802,0.176,0.176,0.8802,0.0,0.0,0.0,0.0,0.176,0.0,0.0,0.5281,0.176,0.0,10.9287,720.0,126.3495,0.176,1.9286,259.0,45.4517,34.3951,75.9896,80.8108,15.8684,1.7578,8.7709,13.8657,0.8802,1.2322,19.4782,5.6151,2.8088,33.1679,12.6335,9.1231,72.2706,70.416,0.8802,0.0,19.4782,5.9672,36.7801,2.2807,12.2839,42.31,-0.247,82.69,0.746,78.85,0.649,69.23,0.54,48.08,-0.023,23.08,-0.752,100.0,2.678,98.08,2.288,88.46,1.221,88.46,1.081,94.23,1.506,92.31,1.293,32.69,-0.358,73.08,0.313,84.62,0.696,15.38,-1.159,50.0,-0.068,63.46,0.171,86.54,1.191,67.31,0.366,86.54,0.995,86.54,1.111,59.62,0.324,0.956,-1.029,0.296,0.119,1.399,0.497,0.476,0.671,-0.029,2.103,-0.136,1.086,58.34,75.0,93.59,53.21,92.68,70.14,Depth runner,1.8266,0.8262
808580,Kealey Adamson,K. Adamson,2003-02-17,1804,Macarthur FC,Macarthur FC,Full Back,Full Back; Wide Attacker,2,2269.8,24,25.9739,25.8782,10841.773,114.6312,1532.6302,674.2133,62.0461,205.2025,12.2862,879.4158,74.3323,124.2338,7.574,98.248,25.1161,5.4579,0.67,1.4579,1.36,28.56,29.74,3842.6186,147.9565,691.0324,302.8595,26.3641,88.1377,4.806,390.9971,31.1701,41.1319,2.496,29.248,6.7901,1.5437,0.3323,3745.4266,144.7565,649.678,316.7685,29.6661,100.6673,5.8236,417.4358,35.4897,47.0239,2.4102,31.6803,6.6917,1.7138,0.6201,539.0,31.862,0.764,1.3022,1.0083,3.7816,3.3727,0.1146,4.3766,7.3291,8.2181,1.5948,0.823,0.0573,0.0,0.1146,0.0,0.3533,0.0,0.059,0.0,0.2387,0.0,0.1163,0.0,0.0,0.0,0.0,0.0573,0.0,0.059,0.0,0.0,0.0,12.0613,0.4775,0.5287,0.5287,1.8908,1.7111,0.0,2.1308,2.0683,2.4863,0.2387,10.5199,0.1814,0.4714,0.1814,1.7762,1.6538,0.0,2.0067,1.7723,2.2476,0.2387,14.0335,11.26,8.0516,15.8629,24.4716,6.61,12.096,10.7034,14.5451,19.02,8.4542,0.1814,0.0,0.2405,0.7067,2.1885,0.0,0.6528,1.178,2.4846,0.8308,3.071,5.6797,0.5348,0.0,0.9415,0.0,0.8308,0.0573,0.0,1.5948,1.3005,0.4106,2.1903,0.296,0.0,0.5287,0.0,0.4106,0.0,0.0,0.6494,0.2387,0.0573,1.356,0.0573,0.0,0.1814,0.0,0.4106,0.0,0.0,0.4775,0.1814,0.0573,12.33,2457.0,145.2475,0.4163,2.0145,814.0,48.1233,38.4788,79.944,82.0975,15.421,2.3643,10.9371,9.2226,0.5921,0.4106,26.7179,8.8041,6.501,32.987,11.6468,8.1543,70.0153,72.9071,0.6528,0.1163,17.3824,5.0277,36.2707,1.8903,11.2292,51.92,-0.098,76.92,0.615,80.77,0.678,76.92,0.693,94.23,1.603,75.0,0.746,73.08,0.511,84.62,0.966,84.62,0.991,86.54,1.077,55.77,0.207,84.62,0.965,46.15,-0.054,55.77,-0.046,75.0,0.368,65.38,0.434,53.85,0.037,46.15,-0.281,34.62,-0.522,76.92,0.642,69.23,0.387,55.77,0.012,65.38,0.381,0.398,0.829,0.765,0.833,2.104,0.669,0.202,0.472,0.988,0.985,0.154,0.981,77.56,61.54,78.21,57.05,100.0,69.8,High-output carrier,1.7848,0.1781
11885,Daniel Arzani,D. Arzani,1999-01-04,868,Melbourne Victory Football Club,Melbourne Victory Football Club,Wide Attacker,Midfield; Wide Attacker,2,1480.43,19,21.731,18.6332,8781.6603,112.6188,1304.1644,640.7201,62.6699,228.3704,13.4663,869.0905,76.1268,100.226,7.4744,78.2106,21.0449,5.3242,0.62,1.6953,1.27,29.28,30.88,3332.0157,153.3322,678.3477,369.8241,34.4295,146.1504,7.7147,515.9839,42.1442,42.4888,3.4274,27.4663,6.0838,2.587,0.6902,2629.2138,141.1483,484.8913,219.6781,20.9357,57.9448,3.3292,277.6229,24.2649,29.5062,1.8404,21.5307,4.995,1.1646,0.3242,544.0,53.9011,2.8741,7.0346,2.1808,1.1851,1.7849,2.4777,6.8332,19.32,9.1165,1.0857,3.0716,0.1949,0.297,0.1949,0.0,0.1949,0.0,0.0,1.4848,0.696,0.0,0.1021,0.0,0.0,0.0,0.0,0.0,0.0,0.0,0.1021,0.0,0.0,24.5711,1.6889,3.3686,0.7888,0.4984,1.1878,0.9929,3.5701,7.7249,4.0646,0.696,20.5126,1.0857,3.1737,0.297,0.4984,1.0857,0.8909,3.1737,6.6419,3.3686,0.297,14.5468,22.6722,10.1969,17.47,18.8134,10.59,15.3604,14.7893,13.3641,20.07,16.742,1.8811,0.4918,0.696,0.1021,1.2838,0.297,1.9859,6.6419,2.8706,0.4918,4.8534,14.1674,1.9832,0.0,1.9859,0.1021,0.4918,0.1949,0.1021,5.7474,3.2731,0.297,5.3484,1.1878,0.0,0.7888,0.0,0.297,0.0,0.0,1.7849,1.1878,0.1021,3.6687,0.696,0.0,0.297,0.0,0.1949,0.0,0.0,1.4879,0.9929,0.0,10.7576,1915.0,189.7509,0.8909,6.1464,499.0,49.4468,37.2523,75.3335,75.6474,13.3925,1.6862,11.0996,8.5203,1.6889,2.1808,18.2359,4.7606,3.5635,54.8949,16.6492,11.7895,70.8207,66.1557,2.6792,0.1949,57.1685,13.973,55.3704,7.7272,14.9632,71.43,0.231,71.43,0.662,71.43,0.582,57.14,0.309,50.0,0.079,44.64,-0.317,60.71,0.315,98.21,1.575,46.43,-0.168,98.21,2.877,92.86,1.41,98.21,2.458,26.79,0.042,96.43,1.918,100.0,2.248,91.07,1.472,100.0,2.177,98.21,1.686,53.57,0.083,35.71,-0.463,85.71,0.819,67.86,0.453,21.43,-0.862,0.069,-0.546,0.125,0.708,1.306,0.571,0.17,0.431,0.475,1.725,2.078,1.48,46.72,67.86,82.44,85.42,100.0,69.54,Depth runner,1.8998,2.3895
50951,Jake Brimmer,J. Brimmer,1998-04-03,4177,Auckland FC,Auckland FC,Midfield,Center Forward; Midfield,2,1218.68,15,21.484,20.4163,9623.0491,118.4444,1579.4536,584.0143,51.0669,131.1427,7.3374,715.1571,58.3969,100.5315,4.0673,84.6632,10.4636,2.7289,0.6898,0.669,1.28,27.89,28.7,3245.3857,151.1012,634.0004,219.0702,18.7964,47.0047,2.47,266.0749,21.2591,35.7243,1.3975,26.7962,2.6622,1.0665,0.0,3430.4823,168.0888,804.6897,328.2922,27.6019,74.0706,3.198,402.3628,30.8072,35.8722,1.0002,28.1988,3.331,0.6692,0.1323,158.0,31.7545,0.4024,8.2377,2.4088,2.8168,0.2047,1.6039,3.0165,6.6297,5.8248,0.6022,0.8069,0.0,0.2047,0.0,0.2047,0.0,0.0,0.0,0.2012,0.2047,0.0,0.0,0.0,0.0,0.0,0.0,0.0,0.0,0.0,0.0,0.0,0.0,12.6598,0.2012,3.822,0.6072,1.4041,0.0,1.0067,1.4077,1.8051,2.2096,0.2047,11.6552,0.0,3.822,0.2012,1.2029,0.0,1.0067,1.4077,1.8051,2.2096,0.0,12.4237,9.24,10.2421,11.7396,24.96,9.96,13.5642,14.64,12.5029,12.1196,5.0243,0.2012,0.2047,0.8069,0.0,0.2047,0.0,0.6057,2.0063,0.8034,0.2012,3.8194,5.225,0.2012,0.0,2.4088,0.0,0.0,0.0,0.0,1.8066,0.6072,0.2012,0.8069,0.0,0.0,0.6072,0.0,0.0,0.0,0.0,0.2012,0.0,0.0,0.4024,0.0,0.0,0.2012,0.0,0.0,0.0,0.0,0.2012,0.0,0.0,9.5131,1086.0,218.251,0.401,3.8149,312.0,62.7029,51.4508,81.289,84.7528,14.1652,3.0115,11.4569,15.6769,1.0032,1.6039,44.6128,13.2676,10.4472,28.339,13.6665,10.0513,72.6671,78.6842,0.8069,0.0,19.8972,5.4223,40.4179,2.2146,10.4487,75.0,0.639,81.67,0.932,80.0,0.865,76.67,0.525,40.0,-0.222,31.67,-0.535,60.0,-0.06,61.67,0.152,81.67,0.564,96.67,1.685,73.33,0.311,86.67,1.195,28.33,-0.559,55.0,-0.194,96.67,1.623,96.67,1.899,83.33,1.003,93.33,1.699,83.33,0.863,23.33,-0.815,85.0,1.082,88.33,1.122,20.0,-0.851,0.519,-0.76,0.119,0.589,-0.347,0.69,0.351,0.491,-0.006,0.745,1.818,0.939,45.56,81.39,76.67,75.55,100.0,68.87,Depth runner,1.2912,1.6662
26095,Andreas  Kuen,A. Kuen,1995-03-24,2380,Melbourne City FC,Melbourne City FC,Center Forward,Center Forward; Midfield; Wide Attacker,3,1571.38,19,26.0545,20.164,10263.0396,124.1173,1756.7191,633.5541,55.5097,134.0642,8.2032,767.6184,63.717,105.8219,4.8998,88.8439,10.8084,3.4321,0.7044,0.8998,1.4588,29.4,29.4,3976.4434,152.6564,747.0602,276.6194,24.1033,65.3362,3.4189,341.9597,27.5181,42.9188,1.8431,30.7784,3.3736,1.1108,0.2635,3474.1126,172.3109,853.7544,322.6629,26.572,59.6933,3.1059,382.3604,29.682,33.6802,1.6832,26.5294,3.4273,1.1577,0.5304,593.0,43.6015,2.7232,7.7927,3.4542,0.5143,0.145,2.3501,2.7198,16.6916,6.0318,1.1766,1.4724,0.0735,0.2199,0.2202,0.0,0.0,0.0,0.0,0.4414,0.3683,0.1436,0.1436,0.0,0.0,0.0,0.0,0.0,0.0,0.0,0.1436,0.0,0.0,14.1865,1.0257,2.6476,1.0303,0.1484,0.0,0.1484,1.324,5.3677,1.9149,0.5905,11.1033,0.516,2.5755,0.5122,0.1484,0.0,0.1484,1.1783,3.9702,1.6184,0.4414,13.4039,18.4531,9.3845,16.8315,5.8767,11.782,9.7341,14.3253,15.6092,10.8776,7.3522,1.0285,0.1436,0.9557,0.0,0.0,0.1436,0.0721,3.4573,1.1041,0.4435,5.6621,13.7478,1.6891,0.0721,3.3106,0.0,0.0735,0.0715,0.0,5.2914,2.9434,0.2923,3.8956,0.6602,0.0,0.9581,0.0,0.0,0.0,0.0,1.5452,0.5878,0.1481,2.2797,0.3669,0.0,0.4401,0.0,0.0,0.0,0.0,1.0316,0.3689,0.0721,12.3788,1274.0,93.6725,0.5888,3.3835,427.0,31.3994,25.953,82.638,79.3741,13.3035,1.1003,12.0608,5.4436,1.84,1.4748,8.3802,2.5727,1.6919,27.718,10.1463,7.4987,74.1387,68.2356,2.202,0.3683,28.3075,7.7951,61.5134,4.7792,7.8638,39.13,-0.341,54.35,0.035,60.87,0.196,76.09,0.814,78.26,0.817,82.61,0.858,21.74,-0.808,86.96,0.909,17.39,-0.859,91.3,1.425,50.0,0.0,71.74,0.525,76.09,0.341,91.3,1.421,93.48,1.399,93.48,1.236,91.3,1.411,86.96,1.002,63.04,0.38,100.0,2.015,32.61,-0.43,34.78,-0.459,86.96,1.043,0.814,0.877,0.903,-0.798,-0.928,-0.676,0.553,0.928,-0.53,0.254,1.477,0.835,79.71,51.09,56.52,88.77,100.0,68.16,Progression hub,1.3478,1.0759
133853,Jaiden Kucharski,J. Kucharski,2002-06-25,869,Sydney Football Club,Sydney Football Club,Center Forward,Center Forward; Wide Attacker,2,165.0,2,25.8791,22.9966,10202.7242,117.5074,1431.5619,730.4836,70.0798,296.2739,18.4914,1026.7575,88.5712,107.2395,8.8685,86.7653,21.6056,6.2457,0.0,1.3772,0.0,31.4,31.4,3530.9425,137.8553,519.7293,362.0673,40.8341,212.205,12.1142,574.2724,52.9484,44.8169,3.6228,29.8341,6.0,3.2457,0.6228,3752.2211,164.6409,784.3475,308.2395,26.7371,75.1659,5.0,383.4053,31.7371,37.1941,2.0,28.2113,4.8685,1.3772,0.7543,64.0,39.3918,10.4616,0.0,11.6956,0.0,0.0,0.6185,0.0,15.3878,1.2308,0.0,3.6923,1.8462,0.0,0.6185,0.0,0.0,0.0,0.0,1.2339,0.0,0.0,0.6185,0.6185,0.0,0.0,0.0,0.0,0.0,0.0,0.0,0.0,0.0,16.0002,4.3078,0.0,4.3078,0.0,0.0,0.6185,0.0,6.157,0.6154,0.0,8.6185,3.6923,0.0,0.6185,0.0,0.0,0.0,0.0,4.3077,0.0,0.0,16.0473,17.7969,0.0,16.286,0.0,24.32,0.0,14.2937,16.12,0.0,13.5417,3.6954,0.0,3.6955,0.0,0.0,0.0,0.0,4.9262,1.2308,0.0,10.4616,28.9297,6.7724,0.0,11.6956,0.0,0.0,0.0,0.0,9.2308,1.2308,0.0,11.6925,2.4616,0.0,4.3078,0.0,0.0,0.0,0.0,4.3078,0.6154,0.0,5.5385,2.4616,0.0,0.6185,0.0,0.0,0.0,0.0,2.4647,0.0,0.0,0.0,78.0,48.0105,0.0,1.8462,23.0,14.1541,9.234,67.3428,74.2486,19.9174,1.8462,2.4648,3.6924,1.2308,0.6154,1.8462,0.6154,0.6154,27.6958,8.6156,4.9232,60.4282,71.116,1.2339,0.0,20.308,6.7694,47.3265,3.077,4.9233,69.57,0.217,95.65,1.714,95.65,1.5,95.65,1.729,82.61,0.941,76.09,0.662,93.48,1.25,71.74,0.477,63.04,0.348,78.26,0.562,100.0,2.494,86.96,0.968,26.09,0.028,56.52,0.258,63.04,0.176,76.09,0.038,50.0,0.03,50.0,-0.005,100.0,1.788,71.74,0.483,97.83,2.206,95.65,1.815,56.52,0.113,1.915,0.816,1.7,1.002,1.436,0.881,-1.649,-1.067,1.633,1.302,0.114,1.973,79.71,92.39,82.25,53.62,35.0,68.07,Depth runner,3.8193,-0.3307
800322,Joshua Inserra,J. Inserra,2005-01-21,868,Melbourne Victory Football Club,Melbourne Victory Football Club,Full Back,Full Back,1,448.45,5,24.66,20.82,10402.2,115.98,1533.8,679.8,68.8,290.8,15.8,970.6,84.6,121.6,6.4,96.0,23.2,4.4,0.77,1.6,1.7,29.68,29.68,3680.8,149.24,702.2,262.4,27.0,105.2,5.2,367.6,32.2,39.4,1.6,30.2,5.0,1.2,0.6,3375.8,162.17,669.6,360.8,34.0,165.8,8.0,526.6,42.0,42.0,2.2,28.2,6.8,1.4,0.6,97.0,30.65,0.32,0.0,0.63,5.37,4.42,0.0,2.21,7.9,9.16,0.63,1.26,0.0,0.0,0.0,0.0,0.0,0.0,0.0,0.63,0.63,0.0,0.0,0.0,0.0,0.0,0.0,0.0,0.0,0.0,0.0,0.0,0.0,11.69,0.32,0.0,0.0,1.9,1.9,0.0,0.63,4.42,2.53,0.0,10.11,0.32,0.0,0.0,1.9,1.26,0.0,0.63,3.79,2.21,0.0,14.62,47.35,0.0,27.2,22.85,0.0,10.48,12.41,12.56,34.36,7.58,0.32,0.0,0.32,0.63,2.53,0.0,0.0,0.63,2.53,0.63,1.9,3.48,0.0,0.0,0.63,0.0,1.58,0.0,0.0,0.0,0.95,0.32,0.63,0.0,0.0,0.0,0.0,0.63,0.0,0.0,0.0,0.0,0.0,0.32,0.0,0.0,0.0,0.0,0.32,0.0,0.0,0.0,0.0,0.0,10.59,391.0,123.54,0.63,3.48,149.0,47.08,39.81,84.56,83.43,15.11,1.9,10.11,12.95,0.32,0.0,26.22,9.16,6.95,33.81,13.59,11.06,81.4,75.39,1.58,0.0,9.79,3.16,50.0,1.58,9.16,59.62,0.081,94.23,1.582,92.31,1.512,78.85,0.754,88.46,1.298,61.54,0.438,38.46,-0.405,82.69,0.792,55.77,-0.034,82.69,0.899,90.38,1.177,82.69,0.833,55.77,0.261,38.46,-0.331,40.38,-0.274,73.08,0.628,99.04,1.819,88.46,1.073,72.12,0.504,78.85,0.649,96.15,1.7,90.38,1.42,71.15,0.666,1.196,0.161,1.213,-0.177,1.544,-0.316,0.622,1.037,0.23,0.681,1.065,1.291,78.85,81.57,72.11,65.86,49.83,67.49,Depth runner,2.2862,0.6624
624628,Jesse Randall,J. Randall,2002-08-19,4177,Auckland FC,Auckland FC,Center Forward,Center Forward; Wide Attacker,2,331.08,5,16.7815,18.8055,8100.5303,122.326,1366.9174,656.4157,66.822,237.5777,13.6078,893.9935,80.4299,90.2128,9.0043,75.5904,15.4255,6.8046,0.77,2.4009,1.37,30.8,30.8,2533.0663,152.1647,510.0812,268.4821,28.6093,139.6629,7.4038,408.145,36.013,29.5977,3.4023,19.1896,4.8061,2.602,1.4009,3145.8296,167.7023,727.7017,336.9511,31.013,79.9221,4.8032,416.8731,35.8162,34.6107,2.602,26.2026,4.6093,2.0014,0.4009,59.0,50.1146,15.2876,0.0,11.8925,0.0,1.6994,0.0,1.6994,16.1365,3.3969,0.0,1.7015,0.8518,0.0,0.0,0.0,0.0,0.0,0.0,0.8497,0.0,0.0,0.8518,0.8518,0.0,0.0,0.0,0.0,0.0,0.0,0.0,0.0,0.0,21.2334,6.7941,0.0,5.9442,0.0,0.8497,0.0,0.0,5.9439,1.7015,0.0,11.0405,2.5494,0.0,2.5472,0.0,0.8497,0.0,0.0,5.0981,0.0,0.0,13.8209,14.665,0.0,17.6214,23.32,0.0,17.92,11.2633,9.462,0.0,16.9905,5.9442,0.0,3.3969,0.0,1.6994,0.0,0.0,5.0981,0.8497,0.0,16.1413,32.2784,11.8925,0.0,11.8925,0.0,0.8497,0.0,0.0,5.9481,1.6994,0.0,12.7401,5.0966,0.0,5.9442,0.0,0.0,0.0,0.0,0.8497,0.8497,0.0,5.0945,1.6975,0.0,2.5472,0.0,0.0,0.0,0.0,0.8497,0.0,0.0,0.0,75.0,63.7012,0.8518,2.5494,27.0,22.9325,16.1387,67.6938,71.9006,9.238,0.0,7.6435,3.3969,1.6975,0.0,0.8497,0.0,0.0,35.6724,13.5875,10.1927,75.0,66.5504,0.8518,0.8518,26.3316,6.7938,75.0,5.0984,5.9481,93.48,1.413,89.13,1.164,89.13,1.208,80.43,1.03,30.43,-0.54,39.13,-0.392,100.0,1.704,100.0,1.577,97.83,1.776,89.13,1.403,67.39,0.258,100.0,2.245,13.04,-0.116,95.65,1.64,69.57,0.602,17.39,-0.647,76.09,0.661,97.83,2.056,93.48,1.366,58.7,0.178,89.13,0.955,86.96,0.992,82.61,0.791,1.559,-1.308,0.351,1.064,0.083,1.19,0.758,0.806,0.261,1.913,0.91,1.568,63.4,88.77,92.39,61.6,36.79,67.48,Depth runner,2.5867,1.2995
965695,Samuel Klein,S. Klein,2004-03-15,1802,Brisbane Roar FC,Brisbane Roar FC,Midfield,Midfield,1,1448.7,15,27.27,27.48,12456.47,128.98,2028.6,619.33,50.6,112.93,6.53,732.27,57.13,113.93,2.67,98.67,9.27,1.8,0.77,0.47,1.7,26.87,27.86,4308.6,158.0,788.53,216.07,18.93,43.13,2.0,259.2,20.93,37.13,0.87,27.87,2.4,0.53,0.07,4757.2,173.11,1061.87,365.47,27.73,61.53,3.07,427.0,30.8,46.47,0.93,36.53,3.4,0.6,0.07,406.0,34.35,1.27,8.55,1.44,1.27,0.34,1.27,0.76,12.1,5.92,1.44,1.27,0.25,0.08,0.17,0.0,0.0,0.0,0.0,0.34,0.42,0.0,0.08,0.0,0.0,0.08,0.0,0.0,0.0,0.0,0.0,0.0,0.0,9.98,0.51,3.38,0.51,0.93,0.0,0.17,0.17,2.45,1.61,0.25,8.55,0.34,3.22,0.17,0.93,0.0,0.17,0.17,1.95,1.52,0.08,11.92,15.77,8.15,14.09,19.71,9.21,10.25,12.44,14.64,19.11,4.99,0.51,0.0,0.42,0.0,0.17,0.0,0.0,2.37,0.85,0.68,4.15,9.05,0.85,0.0,1.44,0.08,0.08,0.08,0.08,4.23,1.61,0.59,1.78,0.34,0.0,0.51,0.0,0.0,0.0,0.0,0.42,0.51,0.0,1.1,0.25,0.0,0.17,0.0,0.0,0.0,0.0,0.25,0.42,0.0,6.79,1368.0,115.75,0.0,1.78,420.0,35.54,30.21,85.0,88.49,15.44,1.52,10.75,8.04,0.34,0.42,14.89,4.15,2.2,15.15,5.58,4.4,78.79,79.5,1.02,0.0,12.95,2.28,59.26,1.35,4.32,60.0,0.069,78.33,0.805,78.33,0.809,85.0,0.849,81.67,0.956,78.33,0.818,81.67,0.634,71.67,0.366,83.33,0.69,73.33,0.447,85.0,1.056,73.33,0.39,70.0,0.409,21.67,-0.74,25.83,-0.874,20.0,-0.904,28.33,-0.566,30.0,-0.629,51.67,-0.033,75.0,0.651,73.33,0.663,75.0,0.623,75.0,0.782,0.849,1.518,1.165,-0.925,-0.861,-0.482,0.608,1.022,-0.467,0.693,-1.098,0.412,78.89,70.55,78.05,32.64,100.0,67.4,Depth runner,1.0781,-0.7018
560916,Noah Botić,N. Botić,2002-01-11,1803,Western United,Western United,Center Forward,Center Forward,1,2034.48,24,24.26,24.75,10407.62,122.78,1476.62,633.71,62.62,209.0,12.54,842.71,75.17,104.12,7.96,85.08,16.5,6.12,0.62,1.58,1.37,28.98,30.16,3581.88,147.65,616.67,309.88,29.83,117.54,6.54,427.42,36.38,39.46,2.75,25.62,4.62,2.08,0.62,3955.88,159.86,709.54,283.83,27.96,83.38,4.46,367.21,32.42,36.67,2.29,30.12,5.71,1.83,0.29,577.0,40.43,9.25,3.01,9.11,0.0,0.07,1.75,1.26,13.8,2.1,0.07,1.26,0.56,0.0,0.35,0.0,0.0,0.0,0.0,0.35,0.0,0.0,0.35,0.14,0.0,0.14,0.0,0.0,0.0,0.0,0.07,0.0,0.0,10.93,3.01,1.12,2.52,0.0,0.07,0.42,0.49,3.15,0.14,0.0,6.03,1.33,0.98,0.56,0.0,0.0,0.35,0.49,2.24,0.07,0.0,14.1,15.02,7.57,18.22,4.95,10.06,11.69,12.24,18.78,18.68,12.12,3.99,0.0,3.57,0.0,0.0,0.14,0.07,3.71,0.56,0.07,10.93,25.64,7.71,0.07,9.04,0.0,0.07,0.07,0.0,7.22,1.47,0.0,6.52,2.45,0.07,2.52,0.0,0.07,0.0,0.0,1.26,0.14,0.0,2.73,1.12,0.0,0.56,0.0,0.0,0.0,0.0,0.98,0.07,0.0,0.0,821.0,57.52,0.35,2.31,259.0,18.15,13.73,75.68,76.58,11.78,0.21,8.48,3.64,1.82,0.98,1.4,0.28,0.21,20.39,7.85,5.82,74.11,72.58,1.26,0.21,18.5,5.32,67.11,3.57,4.69,76.09,0.454,76.09,0.809,78.26,0.832,78.26,0.815,73.91,0.669,67.39,0.503,80.43,0.804,76.09,0.584,76.09,0.466,43.48,-0.337,43.48,-0.238,32.61,-0.269,47.83,0.17,76.09,0.595,54.35,0.079,47.83,-0.413,69.57,0.446,60.87,0.346,52.17,0.085,80.43,0.695,78.26,0.681,76.09,0.591,84.78,0.855,0.919,1.023,1.097,0.59,0.318,0.811,0.289,0.806,0.468,0.216,0.265,0.85,76.81,73.19,58.7,59.42,100.0,67.39,Balanced contributor,1.6933,-0.1911
114464,Germán Julio César Ferreyra,G. Ferreyra,1996-01-13,2380,Melbourne City FC,Melbourne City FC,Central Defender,Central Defender,1,1567.52,16,30.3,23.63,10474.06,106.91,1367.75,416.56,39.69,108.31,7.06,524.88,46.75,112.69,4.25,90.0,11.88,2.94,0.69,0.75,1.48,28.32,30.04,3821.31,126.1,525.44,127.81,12.0,19.38,1.38,147.19,13.38,37.12,1.25,29.75,2.88,0.81,0.12,3546.5,150.11,654.0,246.31,23.19,78.0,4.12,324.31,27.31,41.94,1.88,28.12,2.88,1.19,0.44,173.0,11.3,0.0,0.46,0.07,10.45,0.0,0.0,0.0,0.0,0.33,0.0,0.0,0.0,0.0,0.0,0.0,0.0,0.0,0.0,0.0,0.0,0.0,0.0,0.0,0.0,0.0,0.0,0.0,0.0,0.0,0.0,0.0,0.0,4.9,0.0,0.07,0.0,4.77,0.0,0.0,0.0,0.0,0.07,0.0,4.9,0.0,0.07,0.0,4.77,0.0,0.0,0.0,0.0,0.07,0.0,12.29,0.0,14.08,12.87,0.0,0.0,0.0,0.0,4.89,0.0,1.76,0.0,0.0,0.07,1.7,0.0,0.0,0.0,0.0,0.0,0.0,0.07,0.07,0.0,0.0,0.07,0.0,0.0,0.0,0.0,0.0,0.0,0.0,0.0,0.0,0.0,0.0,0.0,0.0,0.0,0.0,0.0,0.0,0.0,0.0,0.0,0.0,0.0,0.0,0.0,0.0,0.0,0.0,0.0,0.0,12.43,2394.0,156.36,0.13,1.18,901.0,58.85,53.62,91.12,93.38,19.85,4.96,7.77,13.39,0.13,0.07,45.85,13.0,10.78,19.86,7.84,7.12,90.83,90.53,0.26,0.07,2.16,0.59,33.33,0.2,4.77,57.41,0.172,79.63,0.63,77.78,0.608,72.22,0.382,79.63,0.839,74.07,0.651,38.89,-0.589,75.93,0.451,38.89,-0.498,88.89,1.044,37.96,-0.443,87.04,0.959,81.48,0.254,54.63,-0.283,37.04,-0.314,74.07,0.637,72.22,0.314,66.67,0.433,58.33,0.072,81.48,0.769,77.78,0.662,61.11,0.215,59.26,0.237,0.426,0.531,0.748,-0.21,0.882,0.25,0.288,0.722,0.376,0.218,0.271,0.561,74.38,67.44,61.27,64.35,100.0,67.04,Balanced contributor,1.1054,0.0004
50959,Stefan Mauk,S. Mauk,1995-10-12,866,Adelaide United Football Club,Adelaide United Football Club,Midfield,Center Forward; Midfield,2,2112.82,25,25.1465,22.7527,10184.3056,120.4032,1569.6757,625.2464,53.1387,142.4988,7.9146,767.7453,61.0533,107.819,3.8143,92.5069,10.7168,2.2015,0.7908,0.6741,1.57,27.48,28.54,3657.0856,145.4193,611.8945,282.371,23.0558,67.9867,3.0854,350.3576,26.1412,39.3493,1.2123,28.3644,3.0975,0.6435,0.1588,3804.2669,167.3195,822.3704,309.745,26.0013,67.484,3.5128,377.229,29.5141,40.8089,1.2123,32.594,3.7583,0.5286,0.1256,547.0,33.6613,2.0333,3.2587,7.3252,0.3725,0.2455,1.8471,1.4773,9.2927,6.9527,0.8593,0.9835,0.0593,0.0593,0.3089,0.0,0.0,0.0593,0.0,0.2476,0.2476,0.0,0.0,0.0,0.0,0.0,0.0,0.0,0.0,0.0,0.0,0.0,0.0,9.5412,0.9206,0.8636,1.4745,0.127,0.0593,0.4318,0.8593,2.8332,1.8435,0.127,6.5246,0.2455,0.7366,0.4952,0.127,0.0593,0.4318,0.7979,1.9697,1.5345,0.127,13.9416,12.3634,7.3585,21.6047,15.96,9.7902,8.1421,11.3735,15.1209,14.3982,8.3073,1.0498,0.0,3.3221,0.0,0.127,0.1883,0.0,1.3517,1.8435,0.4318,9.1721,17.4791,1.7878,0.0593,7.2575,0.0,0.127,0.0613,0.0,3.751,3.8738,0.5545,4.369,0.8021,0.0593,1.4745,0.0,0.0,0.0,0.0,1.2924,0.7407,0.0,2.0883,0.1863,0.0593,0.4952,0.0,0.0,0.0,0.0,0.7343,0.6117,0.0,9.13,1477.0,90.8864,0.5545,2.6491,518.0,31.8729,25.5397,80.1297,82.6375,14.0154,1.1661,13.8413,6.2118,1.7876,0.6137,9.7245,3.3835,2.8883,21.4119,9.4176,7.5685,80.3765,79.0797,1.6015,0.3069,17.783,5.0441,68.8013,3.4448,5.4802,76.67,0.654,86.67,1.197,86.67,1.113,88.33,0.904,63.33,0.419,55.0,0.223,95.0,2.164,66.67,0.309,96.67,2.604,41.67,-0.36,83.33,0.595,71.67,0.258,15.0,-1.108,78.33,0.584,33.33,-0.401,31.67,-0.67,58.33,0.104,78.33,0.676,68.33,0.503,21.67,-0.847,90.0,1.382,90.0,1.433,26.67,-0.547,0.727,-0.309,0.428,0.315,-0.237,0.024,0.674,0.857,-0.03,1.078,-0.271,0.647,56.94,83.33,75.84,49.16,100.0,67.01,Depth runner,1.1957,0.177
133498,Francis De Vries,F. De Vries,1994-11-28,4177,Auckland FC,Auckland FC,Full Back,Full Back,1,2530.44,27,22.81,24.47,10484.81,111.87,1428.74,663.89,59.63,245.11,11.96,909.0,71.59,111.22,5.74,92.67,15.37,4.19,0.72,1.74,1.36,29.16,30.38,3389.59,148.62,595.3,290.78,24.67,116.19,5.11,406.96,29.78,35.48,1.89,26.33,3.85,1.26,0.56,3584.3,146.49,638.15,312.81,28.26,106.89,5.22,419.7,33.48,43.93,2.33,31.15,5.0,1.37,0.67,324.0,29.4,0.36,0.82,0.64,3.09,5.17,0.0,2.18,6.9,9.89,0.36,1.45,0.0,0.0,0.18,0.0,0.45,0.0,0.0,0.36,0.45,0.0,0.18,0.0,0.0,0.0,0.0,0.0,0.0,0.0,0.09,0.09,0.0,10.07,0.09,0.18,0.18,1.27,1.91,0.0,1.0,2.99,2.36,0.09,9.08,0.0,0.09,0.18,1.27,1.91,0.0,0.91,2.45,2.27,0.0,16.71,14.49,10.43,26.35,27.91,0.0,15.77,14.0,14.96,19.02,9.62,0.09,0.0,0.36,0.27,3.36,0.0,0.36,1.63,3.27,0.27,1.91,4.45,0.18,0.0,0.54,0.0,1.0,0.0,0.18,0.91,1.45,0.18,1.0,0.0,0.0,0.09,0.0,0.27,0.0,0.0,0.36,0.18,0.09,0.73,0.0,0.0,0.09,0.0,0.27,0.0,0.0,0.18,0.18,0.0,9.9,1499.0,136.04,0.45,2.81,545.0,49.46,35.76,72.29,73.74,15.89,2.63,14.61,8.08,1.72,0.82,32.85,10.89,6.62,42.2,15.7,10.44,66.48,64.84,0.91,0.09,22.78,7.9,48.28,3.81,18.51,63.46,0.258,67.31,0.357,67.31,0.38,71.15,0.58,51.92,0.096,46.15,-0.019,61.54,-0.001,78.85,0.613,57.69,-0.025,73.08,0.453,96.15,1.599,59.62,0.258,5.77,-2.029,96.15,1.717,98.08,2.629,69.23,0.486,86.54,1.004,82.69,0.784,56.73,0.027,55.77,-0.007,57.69,0.265,82.69,0.668,40.38,-0.202,0.26,0.286,0.279,-0.745,-0.748,-0.512,0.412,0.472,-0.487,0.605,1.539,0.65,55.45,66.51,71.15,73.08,100.0,66.03,Connector creator,0.8266,1.5322
560986,Keegan Jelacic,K. Jelacic,2002-07-31,1802,Brisbane Roar FC,Brisbane Roar FC,Wide Attacker,Center Forward; Full Back; Midfield; Wide Attacker,4,1961.38,21,25.4266,27.8353,11431.4701,122.3166,1773.7575,682.6088,63.0152,209.2654,11.7124,891.8742,74.7276,110.6021,5.3138,90.8952,14.8143,3.8948,0.6968,0.8942,1.47,29.5,30.12,3880.9413,152.4717,713.3051,271.6269,26.1825,93.9426,4.7484,365.5618,30.9323,40.1261,1.9362,26.7834,4.185,1.4162,0.2359,4394.5625,158.1047,903.9642,364.5562,31.1696,98.0369,4.8666,462.5855,36.0272,41.8819,1.7993,33.7545,4.9412,1.2772,0.1438,512.0,39.0109,3.1261,4.494,2.5134,1.1424,0.7646,1.296,2.9689,15.0075,6.6278,1.0643,1.9813,0.0772,0.0772,0.2317,0.0,0.0772,0.0772,0.0772,0.7637,0.6083,0.0,0.457,0.0,0.0,0.0772,0.0,0.0,0.0,0.0,0.3089,0.0772,0.0,14.0948,1.0659,1.5256,0.8387,0.3797,0.457,0.3025,1.2966,5.4825,2.2842,0.457,11.5814,0.5354,1.4484,0.4561,0.3797,0.457,0.3025,1.0671,4.4995,2.1319,0.3089,12.8912,16.4027,7.784,19.8924,23.6486,9.9024,12.6266,11.7808,13.9571,18.226,9.5263,1.6034,0.1545,0.916,0.0759,0.5329,0.2304,0.5329,3.8114,0.9881,0.6887,4.3413,12.4961,2.135,0.1545,2.5134,0.0772,0.1545,0.0,0.0,5.1036,1.9023,0.457,3.8875,0.4604,0.0,0.8387,0.0772,0.0772,0.0,0.0,1.524,0.6846,0.2317,2.9727,0.1536,0.0,0.4561,0.0772,0.0772,0.0,0.0,1.4468,0.6095,0.1545,7.8144,1752.0,133.4842,0.3797,3.655,495.0,37.7151,31.3894,83.3901,82.9401,14.0794,2.0578,10.0574,5.7881,1.8267,1.2958,9.4476,2.2125,1.5266,34.9708,10.363,8.1525,79.5181,75.0884,2.0595,0.2317,34.822,7.8478,73.1924,5.7116,7.6984,25.0,-0.666,69.64,0.544,73.21,0.619,76.79,0.69,83.93,0.959,78.57,0.849,46.43,0.011,60.71,0.289,37.5,-0.363,76.79,0.488,60.71,0.321,67.86,0.215,82.14,0.441,83.93,0.933,50.0,-0.001,62.5,-0.015,75.0,0.566,57.14,0.348,55.36,0.258,89.29,1.253,57.14,0.257,58.93,0.161,73.21,0.586,0.742,1.599,1.191,-0.629,-0.398,-0.6,0.451,0.744,-0.404,0.196,0.495,0.716,78.57,57.74,58.33,68.45,100.0,65.88,Balanced contributor,1.2812,0.2395
795506,Clayton Taylor,C. Taylor,2004-03-01,1805,Newcastle United Jets FC,Newcastle United Jets FC,Wide Attacker,Center Forward; Wide Attacker,2,1537.6,18,25.8229,25.8256,10567.5855,123.2793,1683.193,762.4855,68.5695,234.6842,12.8796,997.1697,81.4491,106.8789,5.8626,92.2556,13.6588,4.6241,0.61,1.3936,1.27,29.14,29.94,3881.7134,150.4113,671.0644,391.1737,35.2112,174.2712,8.4025,565.4449,43.6138,41.2644,2.6418,26.4106,3.7651,2.2962,0.9601,3969.1274,153.7588,854.8146,313.3702,26.6987,46.9314,2.8804,360.3015,29.579,39.7696,1.4513,34.4114,4.7651,0.7696,0.1152,471.0,41.6083,3.096,4.7734,4.0609,0.35,0.6148,1.1477,3.2695,19.2542,4.0671,0.9743,2.2101,0.6148,0.0,0.4383,0.0,0.0,0.0,0.0851,0.5297,0.4445,0.0883,0.5297,0.0851,0.0,0.0851,0.0,0.0,0.0,0.0,0.2648,0.0851,0.0,13.7777,1.7687,1.5039,1.1508,0.0851,0.2648,0.3563,1.4093,5.7381,1.2328,0.268,10.6912,1.239,1.3242,0.618,0.0851,0.1797,0.3563,1.1444,4.4139,1.0625,0.268,15.0451,19.3659,10.114,17.069,28.36,7.7536,13.9999,14.8282,17.7842,16.6581,13.6043,2.0272,0.4383,1.4125,0.0,0.6148,0.0,0.7094,6.7154,1.3273,0.35,6.0913,13.8692,2.3015,0.0851,3.8906,0.0,0.4445,0.0,0.0,5.4796,1.4976,0.1797,4.5085,1.1444,0.0,1.0562,0.0,0.1797,0.0,0.0,1.589,0.4445,0.0851,2.8312,0.7094,0.0,0.5328,0.0,0.0851,0.0,0.0,1.0593,0.35,0.0851,4.78,851.0,75.18,0.35,2.5601,251.0,22.1711,15.1057,68.1705,73.5367,12.9495,0.4445,5.8264,4.064,0.8796,0.8796,5.4732,1.6741,1.1444,28.2749,9.1905,5.7413,62.3181,64.647,1.5008,0.2648,26.8561,6.0061,53.2201,3.1843,7.2483,55.36,-0.107,91.07,1.109,91.07,1.226,92.86,1.417,69.64,0.644,83.93,0.974,57.14,0.26,73.21,0.513,62.5,0.303,66.07,0.25,71.43,0.55,60.71,0.147,12.5,-0.074,37.5,-0.302,41.07,-0.14,39.29,-0.293,48.21,-0.143,28.57,-0.538,48.21,-0.028,78.57,0.922,78.57,0.631,73.21,0.55,78.57,0.729,1.152,0.9,1.176,-0.289,-0.714,-0.002,0.134,0.431,-0.014,0.412,-0.324,0.817,82.44,73.21,65.18,34.52,100.0,65.81,High-output carrier,1.6275,-0.4466
795511,Nathan Paull,N. Paull,2003-08-21,870,Central Coast Mariners Football Club,Central Coast Mariners Football Club,Central Defender,Central Defender; Full Back,2,2052.39,21,27.6362,29.2179,10666.8115,109.1333,1277.0349,417.6146,40.1561,98.4827,6.5734,516.0973,46.7294,109.2527,5.3809,85.8242,11.2903,3.0927,0.6717,0.5734,1.41,28.17,29.6,3550.3885,128.36,450.0256,105.2965,10.0979,21.255,1.0937,126.5543,11.1987,33.4817,1.5712,25.0459,2.4786,0.5235,0.0499,4132.0557,141.409,658.2819,274.237,25.0062,70.4215,3.665,344.6585,28.6712,47.9044,1.9562,33.2872,4.4319,1.0937,0.2862,126.0,13.0351,0.1044,1.0362,0.4177,7.7559,0.2087,0.1044,0.4177,0.4154,2.4862,0.1044,0.0,0.0,0.0,0.0,0.0,0.0,0.0,0.0,0.0,0.0,0.0,0.0,0.0,0.0,0.0,0.0,0.0,0.0,0.0,0.0,0.0,0.0,3.2038,0.0,0.2089,0.1044,2.0679,0.0,0.0,0.1044,0.311,0.3108,0.1044,3.0993,0.0,0.2089,0.0,2.0679,0.0,0.0,0.1044,0.311,0.3108,0.1044,9.6284,15.33,9.22,5.98,22.4933,9.2,6.13,8.7661,8.3285,17.59,0.9295,0.1044,0.1044,0.0,0.3133,0.1044,0.0,0.0,0.0,0.2066,0.1044,0.5141,0.6185,0.1044,0.0,0.4177,0.0,0.0,0.0,0.0,0.0,0.1044,0.0,0.1044,0.0,0.0,0.1044,0.0,0.0,0.0,0.0,0.0,0.0,0.0,0.0,0.0,0.0,0.0,0.0,0.0,0.0,0.0,0.0,0.0,0.0,9.9338,1564.0,161.8162,0.0,0.4175,543.0,56.1834,49.6622,88.3745,91.0772,16.039,2.0723,8.2802,11.0672,0.2087,0.0,46.4594,12.62,10.8629,23.2782,9.6213,8.9008,93.0211,88.7871,0.1043,0.0,3.8269,1.0338,64.4976,0.6184,5.9992,48.15,-0.233,77.78,0.628,79.63,0.681,74.07,0.397,70.37,0.455,53.7,0.097,88.89,0.793,87.04,0.841,87.04,0.971,55.56,-0.074,37.96,-0.443,53.7,-0.062,31.48,0.071,83.33,0.885,66.67,0.252,75.93,0.662,25.93,-0.627,96.3,1.324,54.63,-0.069,61.11,0.321,64.81,0.381,44.44,-0.118,75.93,0.652,0.519,0.773,0.627,1.508,0.583,0.44,0.227,0.627,0.477,0.478,0.667,0.774,68.83,60.95,68.36,63.27,100.0,65.7,Balanced contributor,1.3816,0.4191
51649,Aleksandar Šušnjar,A. Šušnjar,1995-08-19,1805,Newcastle United Jets FC,Newcastle United Jets FC,Central Defender,Central Defender,1,1282.45,13,29.59,27.0,10449.0,105.92,1197.23,368.15,34.92,97.0,5.46,465.15,40.38,109.62,3.85,87.69,8.92,2.15,0.83,0.46,1.6,27.93,29.4,3810.92,128.78,478.69,99.0,10.0,17.69,0.85,116.69,10.85,33.77,0.92,28.08,2.23,0.31,0.08,3672.85,136.02,549.38,235.85,21.62,70.92,3.15,306.77,24.77,45.0,1.62,32.15,3.0,1.0,0.23,118.0,10.38,0.0,1.23,0.18,5.54,0.18,0.18,0.7,0.88,1.5,0.0,0.09,0.0,0.0,0.0,0.0,0.0,0.0,0.0,0.0,0.09,0.0,0.0,0.0,0.0,0.0,0.0,0.0,0.0,0.0,0.0,0.0,0.0,4.84,0.0,0.62,0.09,2.82,0.09,0.09,0.26,0.35,0.53,0.0,4.75,0.0,0.62,0.09,2.82,0.09,0.0,0.26,0.35,0.53,0.0,9.7,0.0,7.23,20.02,21.36,7.12,13.83,8.16,10.53,0.0,0.26,0.0,0.0,0.0,0.09,0.0,0.0,0.0,0.0,0.18,0.0,0.44,0.53,0.0,0.0,0.09,0.09,0.0,0.09,0.0,0.18,0.09,0.0,0.18,0.0,0.0,0.0,0.0,0.0,0.0,0.0,0.09,0.09,0.0,0.18,0.0,0.0,0.0,0.0,0.0,0.0,0.0,0.09,0.09,0.0,9.12,2712.0,238.58,0.35,2.2,943.0,82.96,76.89,92.68,93.05,18.58,8.09,14.52,16.71,0.35,0.18,59.91,14.87,12.05,23.58,9.41,8.18,86.92,82.88,0.53,0.0,13.55,2.38,70.37,1.67,6.51,37.04,-0.494,42.59,-0.161,40.74,-0.13,42.59,-0.293,74.07,0.496,66.67,0.345,84.26,0.57,66.67,0.244,83.33,0.726,82.41,0.951,86.11,0.541,83.33,0.923,68.52,0.228,100.0,3.82,77.78,0.487,87.04,1.024,98.15,1.572,87.04,0.964,40.74,-0.295,57.41,-0.072,42.59,-0.262,40.74,-0.168,53.7,0.053,-0.225,0.499,0.01,-0.817,-0.622,-0.73,0.756,0.884,-0.828,0.932,2.104,0.573,56.17,40.74,81.02,86.42,100.0,65.47,Connector creator,0.4818,2.3785
133854,Adrian Segecic,A. Segecic,2004-06-01,869,Sydney Football Club,Sydney Football Club,Wide Attacker,Center Forward; Midfield; Wide Attacker,3,1043.5,12,25.0938,21.7159,10643.7141,122.2061,1738.3216,658.5709,64.4899,221.9199,12.5513,880.4908,77.0364,110.1077,6.7451,88.0279,19.5171,4.3234,0.7434,1.2364,1.5056,29.8,29.8,3836.5453,153.1462,699.7388,313.0367,29.4482,115.2495,5.7483,428.2862,35.1964,43.4842,2.2216,27.5141,5.3104,1.8095,0.6563,3740.5768,172.3149,882.4654,305.4215,29.3467,90.1913,5.0091,395.6128,34.3558,39.8316,2.1798,30.1712,5.9571,1.0929,0.0869,404.0,43.4563,7.6382,4.0886,3.5493,0.2147,0.2153,1.5047,1.3974,17.4248,7.2074,0.2153,2.4707,0.4294,0.108,0.3239,0.0,0.0,0.2152,0.0,0.8604,0.5377,0.0,0.4312,0.0,0.0,0.108,0.0,0.0,0.0,0.0,0.2152,0.108,0.0,13.6603,3.0138,1.612,0.8586,0.0,0.1073,0.3232,0.5374,4.9457,2.2583,0.0,9.3585,1.8311,1.3967,0.3239,0.0,0.1073,0.2152,0.43,3.2257,1.8283,0.0,14.2188,16.9104,8.8138,19.0081,28.6302,12.3645,10.9161,13.2699,16.065,31.3613,12.6945,3.5519,0.0,1.2906,0.0,0.2153,0.1079,0.322,4.518,2.5806,0.1073,6.0274,21.4038,5.3764,0.2153,3.4414,0.0,0.2153,0.0,0.0,8.6077,3.4442,0.1073,6.8842,2.2619,0.108,0.7507,0.0,0.1073,0.0,0.0,2.5842,1.0759,0.0,4.41,1.2885,0.108,0.3239,0.0,0.1073,0.0,0.0,1.8277,0.7539,0.0,14.94,884.0,95.0934,0.1073,2.1478,245.0,26.3523,21.7263,79.7122,79.7121,12.8929,0.9667,4.6237,4.5204,1.3976,0.7521,9.79,1.5066,1.2906,26.3551,8.281,6.2379,76.4582,70.7601,1.2909,0.2152,26.1402,6.3458,54.9488,3.3346,5.9143,48.21,-0.283,82.14,0.738,80.36,0.78,64.29,0.472,78.57,0.917,67.86,0.586,98.21,1.632,80.36,0.673,60.71,0.278,46.43,-0.106,83.93,0.81,57.14,0.122,58.93,0.264,44.64,-0.229,23.21,-0.553,50.0,-0.187,32.14,-0.409,33.93,-0.356,75.89,0.497,85.71,1.123,75.0,0.526,66.07,0.355,71.43,0.569,0.813,0.961,1.083,0.257,0.888,-0.249,0.622,0.8,0.167,0.695,-0.32,0.833,75.0,68.3,71.13,40.48,100.0,65.4,High-output carrier,1.5899,-0.2494
51648,Jake Hollman,J. Hollman,2001-08-26,1804,Macarthur FC,Macarthur FC,Midfield,Center Forward; Midfield; Wide Attacker,3,1722.8,20,23.5089,24.348,10513.6218,121.7721,1618.3776,545.9425,46.9741,124.0744,6.6582,670.0169,53.6396,97.2573,3.6431,81.793,11.2142,2.0958,0.7501,0.3854,1.6,28.7,29.42,3652.0854,155.4845,728.794,251.5343,20.5407,49.9623,2.4347,301.4966,22.9754,33.8001,1.2249,24.2788,3.1274,0.6745,0.0509,3890.691,159.912,740.5125,261.6518,23.4363,66.2787,2.961,327.9304,26.3974,37.9234,0.8576,29.1051,3.0915,0.3418,0.0509,442.0,35.9509,1.9497,5.8538,2.5194,0.9765,0.4854,2.1134,2.8462,9.1128,9.4339,0.652,1.6259,0.2418,0.1636,0.1606,0.0,0.0,0.0,0.0,0.2425,0.8117,0.0,0.1606,0.0,0.0,0.0,0.0,0.0,0.0,0.0,0.0,0.1606,0.0,12.7716,0.9786,2.4397,0.8124,0.4884,0.3277,0.3277,1.4648,3.2546,2.3567,0.3224,10.4116,0.5672,2.276,0.3284,0.4884,0.2418,0.3277,1.386,2.6029,2.1173,0.0788,12.5928,14.1213,9.951,20.6072,18.5948,10.8786,9.9194,12.2125,13.4165,20.76,6.8334,0.5714,0.2418,0.976,0.0818,0.3224,0.0811,0.1606,2.1949,1.7907,0.4084,4.7195,10.1666,1.387,0.0818,2.4405,0.0,0.1648,0.1606,0.0,2.6042,3.0933,0.2436,3.2576,0.5713,0.0,0.7335,0.0,0.1648,0.0,0.0,0.6509,1.0583,0.0788,1.9525,0.2459,0.0,0.2425,0.0,0.0788,0.0,0.0,0.4073,0.8935,0.0788,7.9192,2076.0,168.86,0.2436,2.8499,608.0,49.4579,42.3765,85.6629,87.8389,15.103,2.5245,15.7804,7.3245,1.2215,0.8968,24.2377,5.9394,4.3902,28.3083,9.6005,7.9684,82.9851,80.6503,1.1359,0.0,22.8597,5.6892,62.2849,3.4146,5.9384,50.0,-0.173,66.67,0.456,66.67,0.376,61.67,0.176,28.33,-0.51,21.67,-0.812,85.0,0.837,75.0,0.497,88.33,0.907,86.67,1.189,93.33,1.628,88.33,1.228,58.33,0.24,76.67,0.564,40.0,-0.215,51.67,-0.16,70.0,0.259,81.67,0.841,93.33,1.575,31.67,-0.688,75.0,0.73,83.33,0.929,33.33,-0.335,0.662,-0.044,0.12,0.129,-0.023,-0.109,0.544,0.895,-0.668,1.217,0.508,0.631,40.56,71.67,86.11,63.06,100.0,65.28,Depth runner,0.9227,1.0863
799453,Nathan Walker,N. Walker,2006-01-30,867,Wellington Phoenix FC,Wellington Phoenix FC,Full Back,Full Back; Midfield; Wide Attacker,3,325.32,4,24.3778,27.0095,9895.8025,119.3223,1444.3887,792.1287,73.4862,322.2037,15.3495,1114.3324,88.8357,128.3208,8.8174,100.4976,29.8096,6.92,0.0,2.9336,0.0,31.1,31.1,3484.0313,143.8186,574.0397,375.8849,35.2672,202.1386,8.7982,578.0235,44.0654,43.9326,3.1331,26.9516,7.2469,3.1331,1.0609,3828.4344,142.4051,715.3113,350.1017,32.3768,89.0778,5.0609,439.1795,37.4377,54.8729,2.9143,40.82,13.4297,1.9143,0.8422,72.0,33.3841,2.7838,0.4643,3.7124,2.3217,1.8574,0.0,5.0977,12.517,3.2425,1.393,0.4643,0.0,0.0,0.0,0.0,0.0,0.0,0.0,0.4643,0.0,0.0,0.0,0.0,0.0,0.0,0.0,0.0,0.0,0.0,0.0,0.0,0.0,14.3742,1.393,0.4643,0.9286,0.4643,0.0,0.0,2.3195,6.955,0.9287,0.9287,8.8045,0.0,0.4643,0.0,0.4643,0.0,0.0,1.8573,5.0977,0.4643,0.4643,17.8372,17.8373,4.61,40.5489,17.72,0.0,11.1634,17.2341,14.96,21.58,12.9812,1.8573,0.0,2.3195,0.0,0.9287,0.0,0.4643,5.562,0.9287,0.9287,4.6333,9.7388,0.4643,0.0,3.7124,0.0,0.4643,0.0,0.0,3.2482,0.9287,0.9287,4.169,0.0,0.0,0.9286,0.0,0.0,0.0,0.0,2.3217,0.0,0.9287,2.786,0.0,0.0,0.0,0.0,0.0,0.0,0.0,2.3217,0.0,0.4643,5.58,185.0,85.7668,0.0,0.0,65.0,30.136,24.5718,82.5126,83.9568,14.2789,0.9286,10.6596,4.6333,0.9287,0.4643,7.878,0.9287,0.4643,22.2524,6.955,5.562,81.3888,78.733,0.0,0.0,11.5928,3.2425,57.14,1.8574,5.5642,94.23,1.763,98.08,1.981,98.08,2.09,96.15,1.983,100.0,2.077,84.62,1.054,98.08,2.202,92.31,1.185,98.08,2.357,63.46,0.334,32.69,-0.589,96.15,1.786,61.54,0.385,50.0,-0.076,5.77,-1.391,1.92,-2.171,3.85,-2.413,5.77,-1.488,96.15,1.805,61.54,0.091,94.23,1.532,98.08,1.937,94.23,1.371,2.436,-0.609,0.936,1.903,3.478,2.03,-2.609,-1.788,3.184,1.519,-2.398,1.78,89.1,96.15,80.13,21.48,36.15,65.21,Depth runner,3.9095,-2.5021
25534,Anas Ouahim,A. Ouahim,1997-09-23,869,Sydney Football Club,Sydney Football Club,Midfield,Midfield; Wide Attacker,2,1240.59,15,25.0999,18.5759,10136.3908,122.1937,1772.0113,577.1026,48.3155,92.6952,6.1245,669.796,54.44,100.1207,4.3523,81.8219,12.453,2.8495,0.79,0.5507,1.61,27.63,27.63,3729.8444,148.6111,673.0653,257.2801,21.67,48.6217,2.9413,305.9036,24.6095,41.9725,1.741,28.9833,3.7012,0.8878,0.1397,3392.7397,182.6718,923.3183,290.5932,23.281,38.0201,1.774,328.6115,25.055,31.55,1.2642,23.8435,3.259,0.815,0.1397,432.0,36.3168,2.3562,2.4362,3.5329,0.5055,0.5055,1.5956,1.8481,14.0409,8.408,1.0958,1.6013,0.1647,0.0,0.1647,0.1647,0.0863,0.0,0.0,0.4214,0.4214,0.1704,0.0863,0.0,0.0,0.0,0.0,0.0863,0.0,0.0,0.0,0.0,0.0,11.769,1.0095,1.0053,0.5019,0.2488,0.2488,0.5076,0.6723,5.1306,1.7639,0.6723,9.1623,0.5019,0.9269,0.3372,0.2488,0.2488,0.5076,0.586,4.0354,1.1778,0.586,12.4984,13.3467,7.0827,18.2301,12.6169,8.7157,9.1908,11.4367,14.8849,13.4687,6.8103,1.0958,0.0,1.0895,0.0842,0.0,0.0863,0.2488,2.5204,1.3425,0.3372,5.0474,12.6115,1.3446,0.0,3.5329,0.0,0.1647,0.1647,0.0,3.4477,3.1963,0.7528,3.0238,0.5076,0.0,0.5019,0.0,0.0863,0.0863,0.0,1.2636,0.2488,0.3372,2.099,0.2509,0.0,0.3372,0.0,0.0863,0.0863,0.0,0.9248,0.1704,0.2509,7.2364,1403.0,117.9538,0.5019,4.1211,383.0,32.2009,27.2392,84.6565,80.5516,12.6047,1.0053,9.0797,5.8056,1.3446,1.0958,8.3233,2.2694,2.1047,33.2908,10.3412,8.5794,82.9038,71.526,2.0206,0.3351,33.0373,7.228,68.3795,4.9608,6.9734,66.67,0.3,70.0,0.536,71.67,0.537,71.67,0.462,36.67,-0.258,23.33,-0.81,88.33,1.28,78.33,0.528,90.0,1.032,76.67,0.691,91.67,1.588,78.33,0.927,10.0,-1.648,91.67,1.542,61.67,0.207,18.33,-0.937,90.0,1.239,90.0,1.093,73.33,0.635,48.33,-0.187,66.67,0.453,51.67,0.069,36.67,-0.269,0.482,-0.347,0.146,0.897,0.512,0.842,0.672,0.908,-0.022,1.17,0.497,0.731,47.78,66.95,83.89,60.28,100.0,64.99,Depth runner,1.127,0.9085
51036,Nicolas Milanovic,N. Milanovic,2001-11-14,2902,Western Sydney Wanderers FC,Western Sydney Wanderers FC,Wide Attacker,Center Forward; Wide Attacker,2,2087.41,23,24.6926,25.6871,10775.315,118.7072,1491.354,612.7366,59.2495,238.4319,12.8741,851.1685,72.1141,101.2896,6.0859,84.433,14.996,4.5229,0.62,1.6947,1.26,31.2,31.2,3701.0863,150.1979,670.5472,333.9599,31.447,140.1918,7.2235,474.1517,38.6704,38.7622,2.4371,24.9416,4.3912,1.7806,0.9123,3857.2447,150.175,669.934,232.413,21.7072,80.8265,3.433,313.2395,25.1402,35.5831,1.6488,29.9248,3.956,1.0018,0.2194,685.0,38.6436,4.8531,3.7198,4.4591,0.3925,1.1307,0.6734,2.8232,14.946,5.019,0.6168,2.3087,0.5613,0.1682,0.2243,0.0,0.0,0.0,0.1121,1.0746,0.1682,0.0,0.5046,0.1682,0.0,0.0,0.0,0.0,0.0,0.0561,0.2243,0.0561,0.0,16.1342,2.599,2.1405,1.6922,0.2803,0.2243,0.0561,1.748,6.0381,1.1868,0.1682,11.8996,1.2995,1.9723,0.5049,0.2803,0.2243,0.0561,1.4677,4.9071,1.0746,0.1121,14.7544,17.1231,8.9998,17.3907,20.71,7.9595,9.6964,15.3113,14.8838,21.29,12.4147,2.7672,0.3367,1.5798,0.0,0.6728,0.1124,0.337,5.1875,0.9067,0.5046,6.0954,13.256,2.9369,0.0,4.4028,0.0,0.2803,0.0561,0.0,3.8319,1.5798,0.1682,4.5713,1.2998,0.0,1.6359,0.0,0.0,0.0,0.0,1.1871,0.3364,0.1121,2.3648,0.7292,0.0,0.4485,0.0,0.0,0.0,0.0,0.8507,0.2803,0.0561,5.92,2136.0,120.5008,0.4485,3.4949,592.0,33.3969,26.2359,78.3747,77.6289,13.7313,1.1871,10.2074,4.7939,1.1876,0.7289,9.3648,2.5984,1.8041,37.8,11.3939,8.5145,74.6824,67.1851,2.4296,0.3364,30.7444,6.4324,61.8553,3.9446,9.0284,69.64,0.23,67.86,0.325,57.14,0.208,51.79,0.055,51.79,0.17,55.36,0.255,55.36,0.149,58.93,0.257,64.29,0.304,83.93,0.573,75.0,0.648,82.14,0.651,44.64,0.15,55.36,0.069,66.07,0.411,71.43,0.188,69.64,0.462,67.86,0.482,93.75,1.611,58.93,0.221,76.79,0.63,76.79,0.607,53.57,0.047,0.728,1.068,0.68,-0.151,-0.348,-0.085,0.17,0.415,-0.124,0.526,0.384,0.74,56.55,70.98,69.94,62.5,100.0,64.95,Balanced contributor,1.2409,0.3574
735578,Mark Natta,M. Natta,2002-11-28,1805,Newcastle United Jets FC,Newcastle United Jets FC,Central Defender,Central Defender; Full Back,2,1838.6,19,28.0839,28.748,10101.0185,104.3472,1167.9872,365.2873,36.2902,108.1153,6.1299,473.401,42.4201,106.7028,4.7549,87.6442,10.4933,3.4838,0.7022,1.2241,1.3906,30.0,30.22,3535.7462,125.8807,431.3841,96.0192,9.5047,24.3649,1.2208,120.3841,10.7239,32.9383,1.2628,27.5227,2.4806,0.7352,0.2679,3806.9538,132.3893,583.582,233.8526,22.7288,75.6954,3.6931,309.5412,26.4202,44.8588,2.0032,33.6995,3.4787,1.3164,0.5308,115.0,9.0968,0.0,0.241,0.0794,5.9302,0.1588,0.0,0.2373,0.4784,1.9005,0.0794,0.0794,0.0,0.0,0.0,0.0,0.0,0.0,0.0,0.0794,0.0,0.0,0.0,0.0,0.0,0.0,0.0,0.0,0.0,0.0,0.0,0.0,0.0,3.8785,0.0,0.0831,0.0,2.6096,0.0,0.0,0.1625,0.3213,0.7119,0.0,3.8008,0.0,0.0831,0.0,2.5319,0.0,0.0,0.1625,0.3213,0.7119,0.0,12.1406,0.0,15.13,40.6,35.09,0.0,18.362,6.2658,8.9057,14.67,1.1109,0.0,0.0,0.0794,0.4737,0.1588,0.0,0.0,0.2382,0.0831,0.0794,0.2419,0.3961,0.0,0.0831,0.0794,0.1625,0.0,0.0,0.0,0.0,0.0794,0.0,0.0794,0.0,0.0,0.0,0.0794,0.0,0.0,0.0,0.0,0.0,0.0,0.0,0.0,0.0,0.0,0.0,0.0,0.0,0.0,0.0,0.0,0.0,11.5129,2350.0,185.9633,0.241,1.6622,891.0,70.5089,65.5251,92.9088,93.2948,18.9087,5.1426,10.1282,22.0773,0.0,0.0831,64.7298,16.5375,14.2445,22.4745,8.3902,7.9119,94.2811,89.3553,0.5569,0.0831,3.0898,0.6362,88.0688,0.5531,5.0678,87.04,1.26,53.7,0.093,55.56,0.082,38.89,-0.333,62.96,0.171,64.81,0.338,70.37,0.233,55.56,-0.044,66.67,0.07,66.67,0.361,81.48,0.425,64.81,0.344,75.93,0.247,81.48,0.702,44.44,-0.177,94.44,1.693,88.89,0.908,81.48,0.829,98.15,1.656,48.15,-0.216,51.85,0.125,59.26,0.209,40.74,-0.241,0.379,0.062,0.015,0.557,0.178,0.925,0.329,0.601,0.598,0.327,1.092,0.662,51.54,65.12,67.59,77.78,100.0,64.54,Connector creator,1.0188,0.763
104563,Nathaniel Atkinson,N. Atkinson,1999-06-13,2380,Melbourne City FC,Melbourne City FC,Full Back,Full Back; Midfield; Wide Attacker,3,2537.66,27,29.5029,22.6545,11227.1621,119.5161,1727.0813,665.1588,60.1697,186.2125,11.2318,851.3781,71.4015,111.4194,5.6285,95.2613,15.8201,4.4052,0.7315,1.1642,1.3,28.78,29.58,4237.7952,143.6194,736.9022,267.1653,25.0619,74.8339,4.2011,341.9993,29.2562,40.93,2.048,31.8175,4.5584,1.5303,0.3768,3773.4966,166.5871,798.0699,341.6916,29.2972,96.4691,5.1341,438.1607,34.438,40.6265,1.8347,28.2111,4.7964,1.2749,0.4512,690.0,30.2124,0.8303,2.3236,0.7455,3.5486,2.6749,0.528,2.187,7.8362,8.187,1.3581,1.0929,0.0882,0.0,0.1301,0.0,0.1289,0.0,0.0451,0.3506,0.2656,0.0882,0.0431,0.0,0.0,0.0,0.0,0.0,0.0,0.0,0.0431,0.0,0.0,9.6784,0.3087,0.9167,0.2624,1.4021,1.0057,0.0,0.6576,2.4499,2.0587,0.6103,8.1023,0.1764,0.7919,0.1762,1.357,0.9219,0.0,0.6576,1.7515,1.8406,0.4363,13.3701,21.6709,8.8147,18.1459,24.6639,10.8232,12.1938,12.514,13.5127,15.682,6.4779,0.5711,0.0451,0.1754,0.0451,1.5301,0.0,0.0882,1.6632,1.619,0.7444,2.6294,6.2599,0.4366,0.0862,0.6563,0.0,0.8735,0.0431,0.0,2.1015,1.5799,0.4802,1.7527,0.2205,0.0,0.2624,0.0,0.2602,0.0,0.0,0.4797,0.2656,0.2643,1.1804,0.0882,0.0,0.1762,0.0,0.2151,0.0,0.0,0.3043,0.2226,0.174,8.2743,3326.0,145.6444,0.1289,2.7135,1050.0,45.9775,39.32,85.4996,85.505,15.3941,2.9323,10.0239,9.68,0.6539,0.4417,28.4622,8.4047,7.271,24.3467,8.7609,7.4418,84.5709,77.8324,0.9212,0.0,17.7343,4.7717,58.5618,2.846,7.5284,32.69,-0.469,65.38,0.339,73.08,0.447,73.08,0.594,55.77,0.119,57.69,0.337,78.85,0.753,80.77,0.729,71.15,0.605,48.08,0.029,78.85,0.806,53.85,0.119,75.0,0.751,80.77,0.832,23.08,-0.781,78.85,0.766,80.77,0.887,25.0,-0.612,43.27,-0.321,96.15,1.855,50.0,-0.007,38.46,-0.301,96.15,1.412,0.691,1.415,1.119,-0.841,-0.616,-0.312,0.46,0.372,-0.498,0.635,0.618,0.776,74.04,51.76,68.59,60.58,100.0,64.47,Balanced contributor,1.3784,0.6157
51013,Brendan Hamill,B. Hamill,1992-09-18,868,Melbourne Victory Football Club,Melbourne Victory Football Club,Central Defender,Central Defender,1,1955.4,20,27.59,24.98,9998.1,102.26,1167.65,466.2,45.55,158.5,9.1,624.7,54.65,115.6,5.5,92.55,13.35,4.15,0.62,1.45,1.3,29.34,30.88,3395.5,123.09,411.0,100.1,10.05,26.8,1.7,126.9,11.75,31.2,1.35,25.45,2.65,0.55,0.15,3514.4,140.68,567.5,310.85,29.45,115.95,5.9,426.8,35.35,47.75,2.45,32.55,4.45,1.85,0.85,112.0,8.19,0.07,0.95,0.15,6.51,0.0,0.07,0.29,0.0,0.15,0.0,0.0,0.0,0.0,0.0,0.0,0.0,0.0,0.0,0.0,0.0,0.0,0.0,0.0,0.0,0.0,0.0,0.0,0.0,0.0,0.0,0.0,0.0,2.34,0.0,0.07,0.07,2.05,0.0,0.0,0.15,0.0,0.0,0.0,2.34,0.0,0.07,0.07,2.05,0.0,0.0,0.15,0.0,0.0,0.0,12.06,5.18,12.68,3.69,0.0,4.41,6.67,0.0,21.75,0.0,0.51,0.0,0.0,0.0,0.44,0.0,0.0,0.0,0.0,0.07,0.0,0.29,0.29,0.07,0.0,0.15,0.0,0.0,0.0,0.0,0.0,0.07,0.0,0.07,0.0,0.0,0.07,0.0,0.0,0.0,0.0,0.0,0.0,0.0,0.07,0.0,0.0,0.07,0.0,0.0,0.0,0.0,0.0,0.0,0.0,12.35,1888.0,138.07,0.15,0.95,761.0,55.65,49.73,89.36,90.51,20.21,6.0,8.48,15.87,0.15,0.0,32.4,10.9,8.19,13.02,5.48,4.9,89.33,82.44,0.15,0.07,3.0,0.95,38.46,0.37,7.97,98.15,1.779,94.44,1.611,90.74,1.516,87.04,1.075,85.19,1.163,83.33,0.988,57.41,-0.034,47.22,-0.247,74.07,0.229,29.63,-0.546,37.96,-0.443,25.93,-0.583,22.22,0.025,68.52,0.191,88.89,1.159,44.44,-0.153,54.63,0.03,18.52,-0.678,81.48,1.034,46.3,-0.218,98.15,1.84,96.3,1.919,25.93,-0.63,0.997,-0.067,0.894,1.689,1.629,1.752,0.054,0.479,2.025,-0.383,0.149,0.96,70.37,91.98,45.37,49.54,100.0,64.39,Balanced contributor,2.0647,-1.0192
133495,Cameron Drew Howieson,C. Howieson,1994-12-22,4177,Auckland FC,Auckland FC,Midfield,Center Forward; Midfield,2,245.89,3,19.8431,22.0347,10293.0787,122.9818,2050.9091,766.5335,60.5337,128.7202,7.8039,895.2537,68.3376,116.8617,7.0096,103.1704,13.9904,3.701,0.0,0.299,0.0,27.4,27.4,3159.0361,161.6144,701.7455,281.8648,22.6077,49.7942,2.4019,331.659,25.0096,35.5337,1.701,24.4308,2.701,1.4019,0.0,3963.0106,180.2815,1125.9063,417.9581,34.3183,58.6817,4.1029,476.6398,38.4212,43.5145,2.1029,34.2251,6.8971,1.0,0.0,68.0,50.5584,1.4873,5.2016,9.6622,0.7418,0.7455,2.2299,2.2262,21.5583,6.6922,0.0,0.0,0.0,0.0,0.0,0.0,0.0,0.0,0.0,0.0,0.0,0.0,0.0,0.0,0.0,0.0,0.0,0.0,0.0,0.0,0.0,0.0,0.0,13.3831,0.7455,2.2299,2.9743,0.0,0.7455,0.0,0.7418,5.9494,0.0,0.0,5.9457,0.0,1.4844,1.487,0.0,0.7455,0.0,0.7418,1.487,0.0,0.0,14.188,14.812,11.728,15.8524,8.9,10.21,16.752,11.6848,20.852,0.0,12.6376,1.4873,1.4844,2.9743,0.0,0.0,0.0,0.7418,4.4624,1.4873,0.0,9.6622,23.0456,0.7418,0.0,8.917,0.0,0.7455,0.0,0.0,9.6665,2.9714,0.0,4.4587,0.0,0.0,2.9743,0.0,0.7455,0.0,0.0,0.7455,0.0,0.0,2.2325,0.0,0.0,1.487,0.0,0.7455,0.0,0.0,0.0,0.0,0.0,23.91,145.0,107.8083,0.0,6.6885,49.0,36.4312,30.4818,83.2432,79.4504,12.238,0.7455,14.1286,6.6922,0.7418,0.0,11.1494,2.2299,1.4844,20.0756,7.4337,5.9467,82.0,76.5068,2.2262,0.0,20.073,3.7169,100.0,3.7169,9.6625,33.33,-0.421,96.67,1.925,96.67,1.996,95.0,2.2,88.33,1.213,88.33,1.253,100.0,3.174,96.67,1.699,98.33,2.791,33.33,-0.591,10.83,-0.985,90.0,1.412,5.0,-1.934,83.33,0.756,93.33,1.303,8.33,-1.148,100.0,3.219,53.33,0.008,65.0,0.433,76.67,0.723,86.67,1.324,85.0,1.056,40.0,-0.147,1.559,-0.221,1.223,3.775,1.175,1.916,-1.854,-1.126,2.703,1.452,0.732,2.242,80.83,76.95,71.53,57.22,35.0,63.14,High-output carrier,4.0987,0.0901
560891,Jed Drew,J. Drew,2003-08-29,1804,Macarthur FC,Macarthur FC,Wide Attacker,Midfield; Wide Attacker,2,817.02,11,20.4881,22.7125,8783.6337,118.2058,1194.6859,597.96,64.9874,333.4788,15.4698,931.4388,80.4572,95.9874,7.5422,78.0778,15.4578,6.5422,0.64,2.7349,1.17,30.94,31.68,3010.0296,147.005,523.9844,339.1514,36.3615,226.5607,10.0844,565.7121,46.4458,35.5242,3.0,22.9096,4.2651,2.7289,1.4578,3254.903,143.0884,537.1545,214.6392,22.5356,82.4004,3.7469,297.0397,26.2825,33.5476,2.1807,26.2107,4.4578,1.7229,0.7289,261.0,42.9527,7.7315,0.8189,5.1043,0.1638,2.1394,0.9838,2.8024,17.1124,4.2763,1.8118,3.1235,1.3208,0.0,0.0,0.1638,0.165,0.0,0.0,1.3193,0.1638,0.0,0.3275,0.3275,0.0,0.0,0.0,0.0,0.0,0.0,0.0,0.0,0.0,17.1212,4.608,0.3275,1.8106,0.1638,0.8201,0.0,0.8189,6.2522,1.9744,0.3275,10.3686,2.7962,0.3275,0.0,0.1638,0.6563,0.0,0.4913,4.7688,0.9917,0.1638,15.9749,18.0316,7.38,17.6,26.0645,8.0649,11.78,15.1666,15.6,13.9833,17.6152,5.2646,0.1638,1.4831,0.0,1.648,0.0,0.6551,6.2534,1.9744,0.1638,7.5712,15.143,3.6239,0.0,4.9405,0.0,0.8201,0.1638,0.1638,4.1126,1.1555,0.1638,6.0896,1.8121,0.0,1.6468,0.0,0.3287,0.0,0.0,1.4831,0.8189,0.0,2.1396,0.6563,0.0,0.0,0.0,0.3287,0.0,0.0,0.8189,0.3275,0.0,7.13,559.0,92.0003,0.4913,2.3034,169.0,27.815,19.9171,72.3231,76.0077,13.705,0.3275,5.7621,2.8024,1.648,0.6551,5.2619,0.9917,0.4913,37.6937,10.3662,6.4172,62.4841,62.9148,1.4843,0.4913,28.4686,8.8905,38.846,3.785,9.2195,91.07,1.393,89.29,1.026,87.5,0.835,42.86,-0.079,37.5,-0.28,41.07,-0.329,71.43,0.492,76.79,0.629,78.57,0.866,62.5,0.164,96.43,1.462,91.07,0.863,30.36,0.061,51.79,-0.009,71.43,0.47,19.64,-0.77,37.5,-0.309,37.5,-0.29,91.07,1.404,25.0,-0.863,96.43,1.461,98.21,2.06,51.79,-0.028,0.829,-0.545,0.284,0.75,-0.222,1.569,0.243,0.274,0.569,0.912,-0.184,0.847,47.92,84.52,79.46,41.37,90.78,63.04,Depth runner,1.4644,0.005
23883,James Donachie,J. Donachie,1993-05-14,1803,Western United,Western United,Central Defender,Central Defender,1,465.15,5,23.84,29.61,10699.2,115.0,1389.0,446.6,46.8,143.0,9.0,589.6,55.8,105.6,4.0,87.2,8.6,2.6,0.8,1.2,0.0,29.2,29.2,3246.6,136.18,461.2,64.8,7.8,24.0,1.6,88.8,9.4,26.4,0.6,21.6,2.0,0.2,0.0,4532.0,153.06,746.0,338.8,32.2,105.2,6.2,444.0,38.4,49.0,2.0,37.6,3.8,1.0,0.4,32.0,9.37,0.0,0.29,0.59,6.44,0.0,0.0,0.59,0.29,1.17,0.0,0.0,0.0,0.0,0.0,0.0,0.0,0.0,0.0,0.0,0.0,0.0,0.0,0.0,0.0,0.0,0.0,0.0,0.0,0.0,0.0,0.0,0.0,2.93,0.0,0.0,0.0,2.05,0.0,0.0,0.29,0.0,0.59,0.0,2.93,0.0,0.0,0.0,2.05,0.0,0.0,0.29,0.0,0.59,0.0,12.37,0.0,10.4,12.26,0.0,0.0,11.83,26.33,14.4,0.0,1.46,0.0,0.0,0.0,1.17,0.0,0.0,0.0,0.29,0.0,0.0,0.59,0.88,0.0,0.0,0.59,0.0,0.0,0.0,0.0,0.29,0.0,0.0,0.0,0.0,0.0,0.0,0.0,0.0,0.0,0.0,0.0,0.0,0.0,0.0,0.0,0.0,0.0,0.0,0.0,0.0,0.0,0.0,0.0,0.0,11.51,641.0,187.77,0.0,0.29,229.0,67.08,58.88,87.78,92.62,16.5,2.05,9.67,14.65,0.0,0.0,49.21,12.01,9.37,22.56,7.62,6.15,80.77,85.84,0.0,0.0,0.59,0.0,0.0,0.0,5.86,85.19,1.205,96.3,1.754,96.3,1.709,81.48,0.801,53.7,0.048,59.26,0.28,96.3,1.452,62.96,0.018,90.74,1.222,48.15,-0.179,37.96,-0.443,48.15,-0.227,51.85,0.193,18.52,-0.842,64.81,0.188,57.41,0.207,20.37,-0.784,43.52,-0.053,79.63,0.902,87.04,0.873,96.3,1.783,87.04,1.393,96.3,1.747,1.679,0.813,1.507,-0.589,-0.785,-0.172,0.656,-1.274,0.145,0.434,-0.284,1.017,79.01,87.66,64.04,42.75,51.68,62.91,High-output carrier,2.2147,-0.6316
795510,Brian Kaltak,B. Kaltak,1993-09-30,870,Central Coast Mariners Football Club,Central Coast Mariners Football Club,Central Defender,Central Defender,1,2561.78,26,27.59,29.62,10711.46,108.72,1279.73,406.77,38.54,112.88,6.5,519.65,45.04,118.12,5.46,93.31,12.88,3.69,0.59,1.42,1.22,28.74,30.46,3622.96,131.33,467.92,89.15,8.35,14.54,0.88,103.69,9.23,36.12,1.38,27.12,2.58,0.62,0.08,4195.92,141.67,645.85,281.46,26.04,87.42,3.96,368.88,30.0,50.19,2.19,35.65,4.12,1.58,0.65,117.0,10.74,0.0,1.65,0.0,7.9,0.0,0.0,0.0,0.0,1.19,0.0,0.0,0.0,0.0,0.0,0.0,0.0,0.0,0.0,0.0,0.0,0.0,0.0,0.0,0.0,0.0,0.0,0.0,0.0,0.0,0.0,0.0,0.0,4.5,0.0,0.55,0.0,3.21,0.0,0.0,0.0,0.0,0.73,0.0,4.41,0.0,0.55,0.0,3.12,0.0,0.0,0.0,0.0,0.73,0.0,11.22,0.0,11.31,0.0,0.0,0.0,0.0,0.0,11.36,0.0,0.55,0.0,0.0,0.0,0.28,0.0,0.0,0.0,0.0,0.28,0.0,0.0,0.0,0.0,0.0,0.0,0.0,0.0,0.0,0.0,0.0,0.0,0.0,0.0,0.0,0.0,0.0,0.0,0.0,0.0,0.0,0.0,0.0,0.0,0.0,0.0,0.0,0.0,0.0,0.0,0.0,0.0,0.0,0.0,0.0,11.18,2011.0,184.65,0.09,0.55,720.0,66.11,57.48,86.95,91.4,19.73,5.97,10.1,10.83,0.0,0.09,43.98,13.22,9.55,16.89,6.89,6.24,90.67,88.55,0.09,0.0,1.29,0.28,66.67,0.18,7.07,96.3,1.71,72.22,0.418,74.07,0.43,66.67,0.246,96.3,1.445,87.04,1.089,19.44,-0.765,68.52,0.325,19.44,-0.73,75.93,0.74,37.96,-0.443,75.93,0.718,37.04,0.096,47.22,-0.339,83.33,0.745,59.26,0.262,37.96,-0.464,48.15,-0.008,66.67,0.468,62.96,0.335,60.19,0.339,68.52,0.371,70.37,0.575,0.551,0.829,0.563,1.628,1.391,1.181,-0.046,0.371,1.941,-0.037,0.076,0.815,75.93,72.07,49.54,52.16,100.0,62.86,High-output carrier,1.688,-0.7082
966120,Benjamin Gibson,B. Gibson,2003-01-03,1805,Newcastle United Jets FC,Newcastle United Jets FC,Center Forward,Center Forward,1,629.44,8,25.5,23.25,9369.62,119.08,1407.5,679.5,66.38,229.88,13.25,909.38,79.62,110.88,7.0,96.62,17.5,4.25,0.73,1.25,1.42,29.09,29.56,3387.38,132.83,494.75,287.88,28.25,121.12,6.12,409.0,34.38,40.75,2.75,28.62,4.38,1.12,0.75,3703.38,159.28,775.0,341.25,33.75,83.25,4.88,424.5,38.62,41.0,2.0,35.25,7.75,1.5,0.25,229.0,36.48,8.6,0.96,10.99,0.0,0.0,1.27,1.27,11.31,2.07,0.0,1.59,0.48,0.0,0.64,0.0,0.0,0.16,0.0,0.32,0.0,0.0,0.16,0.0,0.0,0.16,0.0,0.0,0.0,0.0,0.0,0.0,0.0,11.95,3.51,0.32,2.87,0.0,0.0,0.64,0.8,3.19,0.64,0.0,6.05,1.43,0.32,0.96,0.0,0.0,0.48,0.64,2.07,0.16,0.0,14.83,16.12,4.87,15.76,0.0,11.16,13.88,14.16,15.59,0.0,12.75,4.62,0.16,3.98,0.0,0.0,0.16,0.32,2.07,1.43,0.0,12.11,25.65,6.21,0.0,10.99,0.0,0.0,0.32,0.0,6.37,1.75,0.0,6.69,2.07,0.0,2.87,0.0,0.0,0.16,0.0,1.12,0.48,0.0,2.87,0.96,0.0,0.96,0.0,0.0,0.16,0.0,0.8,0.0,0.0,0.0,226.0,36.01,0.48,1.91,74.0,11.79,8.44,71.62,72.1,11.99,0.16,3.82,2.07,0.96,0.48,0.64,0.16,0.16,18.48,6.69,4.62,69.05,66.61,1.43,0.16,17.21,4.94,64.52,3.19,3.66,53.26,0.068,86.96,1.11,84.78,1.169,84.78,1.248,91.3,1.257,93.48,1.591,82.61,0.806,50.0,0.179,84.78,0.763,45.65,-0.33,60.87,0.132,47.83,-0.02,15.22,-0.104,65.22,0.335,41.3,-0.349,41.3,-0.469,54.35,0.087,45.65,-0.123,56.52,0.162,65.22,0.369,84.78,0.863,82.61,0.884,67.39,0.334,1.023,-0.026,0.807,0.155,0.537,-0.223,0.633,0.875,0.39,0.327,-0.135,0.721,81.52,74.46,61.96,43.84,69.94,62.8,High-output carrier,1.4887,-0.3805
560917,Rhys Bozinovski,R. Bozinovski,2004-07-03,1803,Western United,Western United,Midfield,Midfield,1,2042.64,24,23.78,25.37,10817.08,127.09,1890.58,531.75,47.21,130.29,6.79,662.04,54.0,108.5,4.46,93.46,14.17,2.96,0.65,0.96,1.21,28.18,30.14,3753.17,157.86,728.54,175.17,15.33,37.21,1.83,212.38,17.17,36.5,1.33,29.5,3.0,0.71,0.08,4322.12,170.37,1014.17,325.0,28.71,86.83,3.92,411.83,32.62,45.58,1.67,34.33,5.75,1.17,0.33,440.0,29.19,0.33,13.93,0.07,1.33,0.07,0.4,0.2,3.12,9.16,0.6,0.53,0.07,0.2,0.0,0.0,0.0,0.0,0.0,0.07,0.2,0.0,0.0,0.0,0.0,0.0,0.0,0.0,0.0,0.0,0.0,0.0,0.0,8.49,0.27,4.38,0.07,0.53,0.0,0.13,0.0,0.4,2.65,0.07,7.43,0.2,4.05,0.0,0.53,0.0,0.13,0.0,0.33,2.19,0.0,11.24,20.64,9.64,4.06,13.84,11.24,8.6,12.3,12.96,18.39,3.05,0.27,0.53,0.0,0.13,0.0,0.13,0.0,0.66,0.93,0.4,0.73,3.32,0.27,0.0,0.07,0.0,0.07,0.0,0.0,0.86,1.92,0.13,0.86,0.2,0.0,0.07,0.0,0.0,0.0,0.0,0.13,0.4,0.07,0.53,0.13,0.0,0.0,0.0,0.0,0.0,0.0,0.07,0.33,0.0,8.82,2332.0,154.71,0.27,3.12,687.0,45.58,38.74,85.01,87.85,14.89,1.33,10.35,10.22,0.8,1.39,22.95,5.57,4.38,21.36,7.76,6.24,80.34,80.01,0.66,0.07,22.36,4.78,58.33,2.79,5.97,96.67,1.473,68.33,0.492,68.33,0.405,55.0,0.046,66.67,0.479,60.0,0.315,48.33,-0.406,55.0,-0.058,35.0,-0.613,55.0,0.001,60.0,-0.134,51.67,-0.057,60.0,0.243,64.17,0.17,41.67,-0.202,50.0,-0.163,76.67,0.467,61.67,0.129,88.33,1.118,60.0,0.2,80.0,0.798,86.67,1.099,70.0,0.49,0.759,0.2,0.513,1.014,1.252,0.981,0.224,0.403,1.111,-0.245,0.214,0.643,63.33,79.17,50.83,59.03,100.0,62.77,Balanced contributor,1.3134,-0.5228
211,Adam Taggart,A. Taggart,1993-06-02,871,Perth Glory Football Club,Perth Glory Football Club,Center Forward,Center Forward,1,2322.72,24,22.29,32.04,10515.04,108.64,1413.42,572.67,59.54,184.08,11.0,756.75,70.54,119.38,10.46,99.46,21.67,7.38,0.63,1.25,1.35,28.83,29.98,3087.92,138.53,533.83,288.08,29.71,120.83,6.5,408.92,36.21,43.08,3.42,26.29,5.67,2.5,0.67,4423.04,138.05,755.33,249.38,24.21,48.46,3.0,297.83,27.21,42.38,2.67,38.25,6.96,1.92,0.08,354.0,35.78,9.6,1.31,8.69,0.0,0.71,0.91,0.51,11.22,2.73,0.1,2.83,0.81,0.0,0.71,0.0,0.2,0.0,0.0,0.81,0.3,0.0,0.3,0.1,0.0,0.2,0.0,0.0,0.0,0.0,0.0,0.0,0.0,15.46,4.75,0.71,3.84,0.0,0.51,0.4,0.4,3.94,0.91,0.0,7.18,2.12,0.4,1.11,0.0,0.4,0.1,0.3,2.02,0.71,0.0,13.72,15.39,7.8,15.5,10.45,7.68,11.39,12.14,14.33,27.1,11.62,4.85,0.2,3.34,0.0,0.3,0.1,0.0,2.12,0.61,0.1,8.99,25.27,8.09,0.1,8.59,0.0,0.1,0.0,0.0,6.77,1.52,0.1,10.01,3.54,0.0,3.84,0.0,0.0,0.0,0.0,2.02,0.61,0.0,4.35,1.62,0.0,1.11,0.0,0.0,0.0,0.0,1.21,0.4,0.0,0.0,524.0,52.96,0.3,1.82,198.0,20.01,15.16,75.76,74.46,12.89,0.61,10.81,3.13,2.83,0.81,1.41,0.61,0.2,23.24,8.89,6.27,70.46,70.66,1.11,0.2,21.12,5.66,57.14,3.23,5.15,53.26,0.068,67.39,0.496,67.39,0.557,60.87,0.239,97.83,1.996,95.65,1.859,78.26,0.754,47.83,0.107,47.83,-0.022,58.7,0.062,91.3,1.525,83.7,0.836,28.26,0.041,69.57,0.362,65.22,0.271,45.65,-0.424,47.83,0.006,73.91,0.522,50.0,-0.021,67.39,0.397,58.7,0.287,60.87,0.242,10.87,-1.135,-0.151,1.132,0.806,1.724,1.45,1.508,0.32,0.779,1.561,0.696,0.169,0.86,66.67,58.51,67.94,55.07,100.0,62.75,Balanced contributor,1.6003,-0.0233
23926,Nikola Mileusnić,N. Mileusnić,1993-07-17,871,Perth Glory Football Club,Perth Glory Football Club,Wide Attacker,Center Forward; Wide Attacker,2,576.83,8,18.7363,23.9125,8864.1008,122.6831,1405.977,666.551,65.1019,264.0419,13.5091,930.593,78.611,103.486,9.0,80.0384,22.0,6.9818,0.66,2.3841,1.28,30.91,31.44,2795.9471,149.4413,512.5909,308.3484,30.1704,152.0768,7.2137,460.4252,37.3841,37.2339,2.6159,20.9749,5.8932,1.8478,1.0,3767.2507,157.5728,786.4623,319.9667,28.618,92.8449,4.2772,412.8116,32.8862,41.875,2.875,31.7932,7.3387,2.259,0.6159,78.0,46.4021,5.3521,2.9739,2.9774,0.5926,1.1888,0.0,7.136,19.038,6.5404,0.5961,2.3812,0.0,0.0,0.0,0.0,0.5926,0.0,0.0,0.5961,1.1888,0.0,0.0,0.0,0.0,0.0,0.0,0.0,0.0,0.0,0.0,0.0,0.0,18.4393,0.5961,1.1888,0.5961,0.0,1.1888,0.0,1.7848,8.3286,4.1627,0.5961,11.8956,0.5961,0.5961,0.0,0.0,1.1888,0.0,1.7848,5.3518,2.3812,0.0,13.252,15.9524,10.293,24.864,13.8269,0.0,11.0087,12.4913,12.5217,22.28,15.469,3.5703,0.0,1.1888,0.0,0.5926,0.0,0.0,7.7325,1.7818,0.5961,5.3521,13.088,2.3779,0.0,2.9774,0.0,0.0,0.0,0.0,5.3513,2.3779,0.0,2.9709,0.0,0.0,0.5961,0.0,0.0,0.0,0.0,1.1888,1.1891,0.0,1.1891,0.0,0.0,0.0,0.0,0.0,0.0,0.0,0.5961,0.5961,0.0,16.86,176.0,104.6971,0.0,2.9739,54.0,32.1192,19.0347,59.7481,73.4907,12.9002,0.5961,8.9246,4.7586,1.1891,0.5961,7.1398,2.3809,1.1888,30.9311,11.306,5.3548,48.8065,64.9311,1.7883,0.0,27.3627,7.73,11.2276,1.7852,10.1104,85.71,1.001,87.5,0.87,89.29,0.847,69.64,0.544,57.14,0.356,51.79,-0.149,50.0,0.118,89.29,0.927,51.79,0.021,82.14,0.572,76.79,0.721,92.86,1.145,10.71,-0.076,12.5,-0.986,82.14,0.746,44.64,-0.261,57.14,0.125,17.86,-0.68,89.29,1.38,44.64,-0.091,87.5,0.833,89.29,0.999,75.0,0.64,1.226,-0.48,0.354,1.652,1.567,1.929,0.317,0.446,1.345,0.714,-0.246,1.141,64.28,85.12,73.81,37.5,64.09,61.81,Depth runner,2.0611,-0.4522
698137,Isaac Hughes,I. Hughes,2004-03-25,867,Wellington Phoenix FC,Wellington Phoenix FC,Central Defender,Central Defender,1,2293.68,24,25.03,29.78,10029.88,104.95,1182.42,378.42,35.71,117.29,5.92,495.71,41.62,113.71,5.12,92.25,10.04,3.79,0.63,1.04,1.11,28.88,31.0,3213.92,128.39,414.75,101.54,9.5,25.17,1.17,126.71,10.67,32.62,1.17,25.38,1.96,0.62,0.04,4039.04,135.61,599.33,228.62,20.88,77.79,3.29,306.42,24.17,52.58,2.21,39.0,3.75,1.67,0.5,199.0,12.64,0.13,0.44,0.06,9.59,0.19,0.0,0.19,0.7,1.21,0.13,0.0,0.0,0.0,0.0,0.0,0.0,0.0,0.0,0.0,0.0,0.0,0.0,0.0,0.0,0.0,0.0,0.0,0.0,0.0,0.0,0.0,0.0,5.02,0.06,0.0,0.0,4.07,0.0,0.0,0.06,0.51,0.32,0.0,4.89,0.0,0.0,0.0,4.0,0.0,0.0,0.06,0.51,0.32,0.0,11.83,14.16,13.54,3.45,26.01,0.0,12.08,12.67,10.99,9.56,2.35,0.13,0.0,0.0,1.91,0.06,0.0,0.0,0.13,0.13,0.0,0.13,0.13,0.06,0.0,0.06,0.0,0.0,0.0,0.0,0.0,0.0,0.0,0.06,0.06,0.0,0.0,0.0,0.0,0.0,0.0,0.0,0.0,0.0,0.0,0.0,0.0,0.0,0.0,0.0,0.0,0.0,0.0,0.0,0.0,11.57,2716.0,172.52,0.06,0.51,1012.0,64.28,56.91,88.54,92.65,18.27,4.07,8.89,16.07,0.06,0.06,47.39,11.81,9.72,25.73,8.96,7.94,88.65,88.17,0.19,0.0,2.03,0.38,50.0,0.19,5.59,79.63,0.838,48.15,-0.007,50.0,-0.008,50.0,-0.15,81.48,0.953,81.48,0.949,42.59,-0.438,85.19,0.752,50.0,-0.3,87.04,1.038,37.96,-0.443,90.74,1.032,54.63,0.196,50.93,-0.311,55.56,0.064,62.96,0.313,31.48,-0.513,83.33,0.843,70.37,0.6,53.7,-0.145,48.15,0.004,79.63,0.52,50.0,-0.128,0.102,-0.027,-0.051,1.112,-0.053,1.305,0.087,0.223,1.146,0.387,0.154,0.481,60.8,62.96,65.59,56.48,100.0,61.8,Balanced contributor,0.8551,0.0062
808964,Hayden Matthews,H. Matthews,2004-06-19,869,Sydney Football Club,Sydney Football Club,Central Defender,Central Defender,1,1063.04,11,30.04,21.19,10114.36,104.66,1305.0,429.91,43.0,149.36,8.73,579.27,51.73,105.64,5.18,81.45,11.73,3.18,0.66,0.82,1.3,29.48,30.72,3687.09,122.74,465.55,109.55,11.73,24.55,1.36,134.09,13.09,35.55,1.18,27.18,2.64,0.55,0.09,3270.0,154.31,638.45,264.64,25.64,106.0,5.18,370.64,30.82,38.36,1.91,25.64,3.18,1.09,0.55,91.0,9.15,0.0,0.5,0.0,7.14,0.0,0.0,0.1,0.6,0.8,0.0,0.1,0.0,0.0,0.0,0.1,0.0,0.0,0.0,0.0,0.0,0.0,0.0,0.0,0.0,0.0,0.0,0.0,0.0,0.0,0.0,0.0,0.0,3.72,0.0,0.1,0.0,2.91,0.0,0.0,0.0,0.3,0.4,0.0,3.72,0.0,0.1,0.0,2.91,0.0,0.0,0.0,0.3,0.4,0.0,10.71,0.0,15.37,0.0,0.0,0.0,25.02,9.73,7.3,0.0,0.9,0.0,0.1,0.0,0.6,0.0,0.0,0.0,0.2,0.0,0.0,0.0,0.2,0.0,0.0,0.0,0.0,0.0,0.0,0.0,0.2,0.0,0.0,0.0,0.0,0.0,0.0,0.0,0.0,0.0,0.0,0.0,0.0,0.0,0.0,0.0,0.0,0.0,0.0,0.0,0.0,0.0,0.0,0.0,0.0,10.65,1590.0,159.79,0.0,0.6,615.0,61.81,55.07,89.1,92.73,16.79,2.41,12.86,13.37,0.2,0.0,41.31,10.85,8.14,13.37,4.52,3.92,86.67,85.57,0.1,0.0,2.21,0.5,60.0,0.3,5.33,62.96,0.333,85.19,1.248,85.19,1.121,77.78,0.569,55.56,0.052,25.93,-0.482,50.0,-0.261,58.33,-0.032,19.44,-0.73,64.81,0.311,89.81,0.651,62.96,0.249,59.26,0.202,62.04,-0.004,51.85,-0.056,40.74,-0.168,40.74,-0.402,14.81,-1.169,85.19,1.166,66.67,0.459,94.44,1.627,92.59,1.609,48.15,-0.183,0.903,0.079,0.956,1.203,0.806,0.548,0.188,0.479,0.429,0.044,-0.415,0.542,59.88,83.02,57.56,44.91,100.0,61.79,Balanced contributor,1.2917,-0.7652
13542,Bozhidar Kraev,B. Kraev,1997-06-23,2902,Western Sydney Wanderers FC,Western Sydney Wanderers FC,Wide Attacker,Wide Attacker,1,2035.73,23,24.89,24.46,10587.48,119.61,1690.61,672.78,59.91,186.52,10.3,859.3,70.22,114.87,6.43,98.17,17.17,4.3,0.66,0.87,1.5,28.48,29.92,3757.26,150.95,694.7,335.48,29.78,120.91,5.65,456.39,35.43,43.48,2.39,29.48,4.39,1.7,0.22,3802.22,155.43,846.91,295.0,24.35,50.48,3.0,345.48,27.35,42.83,2.13,34.04,5.87,1.3,0.17,736.0,42.41,4.03,5.36,5.3,0.52,0.92,1.33,3.17,14.98,6.63,0.17,1.27,0.12,0.06,0.23,0.0,0.0,0.06,0.0,0.35,0.4,0.06,0.06,0.0,0.0,0.0,0.0,0.0,0.0,0.0,0.0,0.06,0.0,12.91,1.15,1.96,1.73,0.0,0.52,0.17,1.15,4.32,1.79,0.12,10.2,0.86,1.79,0.69,0.0,0.4,0.17,1.09,3.52,1.61,0.06,14.05,17.47,7.79,19.65,27.57,9.9,10.68,13.66,14.57,9.07,10.89,1.79,0.06,2.25,0.0,0.75,0.12,0.29,3.98,1.61,0.06,6.11,16.77,2.65,0.0,5.3,0.0,0.4,0.0,0.0,5.42,2.94,0.06,4.26,0.63,0.0,1.73,0.0,0.17,0.0,0.0,1.21,0.46,0.06,2.82,0.58,0.0,0.69,0.0,0.12,0.0,0.0,0.98,0.46,0.0,8.41,1959.0,112.89,0.23,3.46,588.0,33.88,29.27,86.4,84.61,12.65,0.86,9.39,7.26,0.98,1.21,8.41,1.79,1.61,30.02,9.51,7.89,83.03,78.03,1.9,0.17,22.82,5.88,73.53,4.32,5.82,21.43,-0.693,55.36,0.166,60.71,0.28,73.21,0.601,94.64,1.321,94.64,1.518,82.14,0.789,75.0,0.582,66.07,0.31,60.71,0.119,42.86,-0.389,44.64,-0.039,91.07,0.532,62.5,0.253,21.43,-0.582,66.07,0.046,67.86,0.44,54.46,0.252,28.57,-0.553,82.14,0.949,41.07,-0.195,35.71,-0.186,60.71,0.182,0.141,0.916,0.623,0.062,0.246,-0.268,0.317,0.791,0.259,0.28,0.205,0.477,76.78,43.45,61.9,60.56,100.0,61.37,Balanced contributor,0.8327,0.1072
698141,Lukas Kelly-Heald,L. Kelly-Heald,2005-03-18,867,Wellington Phoenix FC,Wellington Phoenix FC,Midfield,Full Back; Midfield; Wide Attacker,3,861.7,10,22.0685,28.1987,10591.3668,122.5779,1772.0066,622.7377,52.1611,156.4572,8.3947,779.1949,60.5558,114.4297,5.9568,97.1217,14.0031,3.9882,0.8011,0.7237,1.97,29.0,29.0,3192.0645,145.8617,581.8164,167.6833,14.8229,48.9905,1.8709,216.6737,16.6938,34.0665,1.4086,24.4709,2.939,0.8004,0.1922,4492.5782,159.9444,1011.7405,397.64,32.7373,98.115,4.8999,495.7551,37.6372,55.3643,2.2394,40.3324,6.5401,1.4631,0.3004,160.0,27.2352,1.3592,4.9384,2.2141,3.062,0.6811,0.8537,2.0435,7.1487,4.767,0.1693,0.1693,0.0,0.0,0.0,0.0,0.0,0.0,0.1693,0.0,0.0,0.0,0.0,0.0,0.0,0.0,0.0,0.0,0.0,0.0,0.0,0.0,0.0,7.8306,0.1693,1.5325,1.021,0.6811,0.0,0.0,1.0218,1.7043,1.532,0.1693,5.7853,0.1693,1.3632,0.1697,0.6811,0.0,0.0,0.6788,1.3612,1.189,0.1693,14.3872,14.1314,11.7474,33.7952,26.0659,8.8615,16.0863,12.0959,15.0447,10.64,6.128,0.8513,0.1693,1.5321,0.0,0.6811,0.0,0.5095,1.7023,0.6811,0.0,1.8748,6.64,0.5124,0.0,2.2141,0.0,0.3409,0.0,0.0,2.2134,1.1899,0.1693,1.7027,0.0,0.0,1.021,0.0,0.0,0.0,0.0,0.3386,0.1693,0.1693,0.5083,0.0,0.0,0.1697,0.0,0.0,0.0,0.0,0.1693,0.0,0.1693,7.4093,707.0,120.3408,0.0,0.678,249.0,42.3809,34.8951,82.0119,84.14,13.4081,0.5106,11.063,9.7024,0.8513,0.1716,18.5528,4.257,2.5502,22.9756,10.7242,8.1717,76.6256,73.6986,0.5087,0.0,6.6382,2.5535,36.9664,1.1927,6.8062,85.0,0.796,85.0,1.147,85.0,0.996,86.67,0.881,85.0,1.0,71.67,0.669,71.67,0.197,45.0,-0.219,56.67,-0.177,30.0,-0.655,26.67,-0.713,41.67,-0.255,23.33,-0.718,18.33,-0.84,58.33,0.139,25.0,-0.785,10.0,-1.416,85.0,0.925,96.67,1.838,46.67,-0.187,95.0,1.631,98.33,1.816,38.33,-0.21,1.292,0.018,0.786,2.635,1.18,2.279,0.707,1.363,1.475,-0.353,-0.896,0.652,68.89,91.11,45.28,36.66,95.74,60.65,Balanced contributor,1.6519,-1.6806
152111,Kota Mizunuma,K. Mizunuma,1990-02-22,1805,Newcastle United Jets FC,Newcastle United Jets FC,Wide Attacker,Full Back; Wide Attacker,2,716.34,8,25.7987,24.3448,10423.8598,116.3058,1811.6865,708.2404,59.9799,153.4187,9.9013,861.6591,69.8885,115.6792,8.2367,96.7057,19.6051,4.9936,0.72,0.7569,0.0,27.68,27.88,3637.8023,141.4761,752.1235,343.3438,26.9936,81.5603,4.8748,424.9041,31.8684,43.1591,3.0064,29.4223,5.1518,2.3885,0.5064,3698.6608,151.9471,828.7065,304.7596,26.7102,52.3976,3.5064,357.1572,30.2166,44.4406,2.6051,33.6252,6.8419,0.9799,0.1252,205.0,41.5448,1.8233,4.8613,3.2402,3.0426,1.0137,1.6227,4.4601,14.39,6.8933,0.2052,1.8238,0.0,0.0,0.2052,0.2052,0.0,0.2052,0.0,0.6079,0.6079,0.0,0.2052,0.0,0.0,0.2052,0.0,0.0,0.0,0.0,0.0,0.0,0.0,15.1955,1.2189,2.0289,1.2123,1.6216,0.2052,1.0107,1.8203,4.8618,1.2158,0.0,12.7684,0.6044,2.0289,0.6079,1.6216,0.0,1.0107,1.6227,4.2539,1.0107,0.0,12.432,14.4014,8.3454,17.2647,20.5851,11.0931,7.8642,12.3648,17.2538,18.57,10.1335,1.4205,0.4027,1.0148,0.0,0.6044,0.0,0.2052,3.8522,2.4312,0.2052,4.4556,11.9583,1.0102,0.0,3.2402,0.0,0.0,0.0,0.0,4.2585,3.4419,0.0,3.4419,0.6109,0.0,1.2123,0.0,0.0,0.0,0.0,0.8131,0.8131,0.0,2.2306,0.2017,0.0,0.6079,0.0,0.0,0.0,0.0,0.8131,0.6079,0.0,7.7184,572.0,115.9194,0.6079,4.6577,186.0,37.6963,28.3702,75.1298,76.0649,14.4208,2.4312,11.9588,9.5262,1.8238,1.8233,9.7277,3.2413,2.0254,40.7352,14.3889,9.3219,64.7384,65.3911,2.6323,0.4027,24.3179,7.092,46.6856,3.2402,11.9542,17.86,-0.819,53.57,0.138,62.5,0.288,85.71,0.923,96.43,1.39,91.07,1.383,44.64,-0.087,71.43,0.508,39.29,-0.32,91.07,0.806,57.14,0.164,78.57,0.45,32.14,0.064,39.29,-0.275,92.86,1.317,78.57,0.35,87.5,1.214,82.14,0.778,12.5,-1.19,94.64,1.391,33.93,-0.323,26.79,-0.692,44.64,-0.311,-0.157,0.783,0.684,1.18,0.912,0.3,0.536,-1.561,1.292,0.31,0.751,0.862,77.68,39.88,63.69,68.75,79.59,60.34,Balanced contributor,1.3946,0.3125
795520,Tate Russell,T. Russell,1999-08-24,1803,Western United,Western United,Full Back,Central Defender; Full Back,2,2200.54,23,27.0286,27.9488,10999.0118,114.9311,1517.34,696.9636,65.331,284.4597,15.0876,981.4233,80.4186,111.2198,6.6384,93.0232,17.9124,4.9915,0.61,1.9531,1.3,30.01,31.64,3654.4593,135.3089,564.574,229.7907,21.7322,91.1765,4.252,320.9672,25.9841,33.9752,2.0864,25.8419,4.2209,1.3458,0.2593,4213.2963,150.74,756.9884,404.924,36.6073,171.4302,8.7469,576.3542,45.3543,49.1112,2.6542,34.5446,6.7791,1.8271,0.9531,367.0,23.02,1.25,0.38,0.44,5.02,1.69,0.06,2.95,6.02,4.7,0.5,0.56,0.0,0.0,0.0,0.0,0.06,0.0,0.0,0.38,0.13,0.0,0.0,0.0,0.0,0.0,0.0,0.0,0.0,0.0,0.0,0.0,0.0,9.28,0.44,0.13,0.19,2.01,0.56,0.0,1.57,2.82,1.44,0.13,7.84,0.06,0.06,0.0,1.94,0.5,0.0,1.57,2.26,1.38,0.06,14.27,16.24,8.17,15.47,26.39,17.04,13.27,13.48,14.57,18.98,5.71,0.5,0.06,0.06,0.38,1.25,0.0,0.25,1.94,1.07,0.19,1.69,3.64,0.94,0.0,0.44,0.06,0.25,0.0,0.0,1.25,0.5,0.19,1.38,0.25,0.0,0.19,0.0,0.19,0.0,0.0,0.44,0.25,0.06,0.63,0.0,0.0,0.0,0.0,0.13,0.0,0.0,0.31,0.19,0.0,10.77,2097.0,131.51,0.19,1.63,704.0,44.15,34.62,78.41,81.74,16.81,2.76,10.35,9.28,0.75,0.75,30.42,8.34,5.02,33.8,10.6,7.59,71.6,74.23,0.69,0.0,15.99,4.26,44.12,1.88,10.35,71.15,0.526,88.46,1.188,88.46,1.084,84.62,0.942,50.0,0.096,48.08,0.03,41.35,-0.339,36.54,-0.303,44.23,-0.217,46.15,-0.084,38.46,-0.376,48.08,-0.023,40.38,-0.139,51.92,-0.055,64.42,0.095,46.15,-0.205,33.65,-0.431,28.85,-0.543,78.85,0.806,73.08,0.546,92.31,1.434,88.46,1.316,67.31,0.444,1.153,1.068,1.246,0.028,-0.004,0.234,-0.05,0.372,0.112,-0.28,-0.428,0.52,68.59,83.98,42.47,44.23,100.0,60.1,Balanced contributor,1.312,-0.9687
7252,Mathew Leckie,M. Leckie,1991-02-04,2380,Melbourne City FC,Melbourne City FC,Midfield,Midfield,1,537.06,6,25.3,21.95,10473.67,117.01,1568.0,506.5,52.0,173.5,9.5,680.0,61.5,112.33,5.17,97.17,17.0,3.67,0.62,0.83,1.35,28.83,29.3,3663.5,144.79,621.33,215.83,23.0,71.17,4.33,287.0,27.33,40.5,1.67,31.17,4.83,1.5,0.17,3658.5,166.7,795.0,263.0,25.5,89.17,4.17,352.17,29.67,40.67,2.17,30.33,4.5,1.5,0.17,118.0,28.29,2.64,3.6,2.64,1.44,0.0,0.96,1.2,10.31,5.03,0.48,0.48,0.0,0.0,0.0,0.0,0.0,0.0,0.0,0.48,0.0,0.0,0.0,0.0,0.0,0.0,0.0,0.0,0.0,0.0,0.0,0.0,0.0,10.55,0.96,2.4,0.48,0.72,0.0,0.24,0.24,4.08,1.44,0.0,8.15,0.48,2.16,0.0,0.72,0.0,0.0,0.24,3.36,1.2,0.0,11.75,15.85,7.6,16.93,0.0,13.38,18.25,11.91,8.73,6.11,5.75,1.44,0.24,0.72,0.24,0.0,0.0,0.0,2.4,0.72,0.0,3.12,8.63,1.44,0.0,2.64,0.0,0.0,0.0,0.0,2.64,1.92,0.0,1.92,0.48,0.0,0.48,0.0,0.0,0.0,0.0,0.96,0.0,0.0,1.2,0.24,0.0,0.0,0.0,0.0,0.0,0.0,0.96,0.0,0.0,10.0,529.0,126.82,0.24,2.64,161.0,38.6,28.29,73.29,81.58,14.39,0.48,11.03,5.51,1.2,0.72,13.19,3.12,1.92,34.76,10.55,8.39,79.55,74.37,1.44,0.0,29.73,6.47,55.56,3.6,9.35,91.67,1.101,88.33,1.242,82.5,0.977,43.33,-0.186,78.33,0.815,73.33,0.673,80.0,0.558,48.33,-0.132,71.67,0.298,66.67,0.288,52.5,-0.214,75.0,0.561,13.33,-1.382,81.67,0.682,90.0,1.176,15.0,-1.0,56.67,0.097,86.67,1.015,95.0,1.689,20.0,-0.852,100.0,2.205,100.0,2.282,16.67,-1.073,0.591,-0.076,0.721,1.783,2.473,1.877,0.128,0.58,1.822,0.263,0.195,1.005,53.33,85.42,65.7,57.22,59.67,60.01,Balanced contributor,1.9522,-0.4509
795533,Jarrod Carluccio,J. Carluccio,2001-02-08,871,Perth Glory Football Club,Perth Glory Football Club; Western Sydney Wanderers FC,Wide Attacker,Full Back; Wide Attacker,3,544.93,6,19.3635,31.8171,11083.2899,121.3246,1769.5611,790.9749,71.2017,242.8849,13.461,1033.8598,84.6627,122.1262,7.0627,99.3053,22.077,4.2644,0.83,1.2159,0.0,29.15,29.15,2906.2015,151.9693,560.083,264.5984,24.0653,85.7576,4.585,350.356,28.6503,34.4597,2.7085,22.0059,4.3685,1.2159,0.5171,4983.5649,156.5487,1018.7384,478.1086,40.8009,143.9101,7.0873,622.0188,47.8882,60.5837,2.3542,42.9063,9.2302,1.6988,0.5217,89.0,32.3601,1.0919,2.5461,0.3655,3.2737,1.4545,0.3655,4.3653,10.1815,8.0001,0.73,1.0955,0.0,0.0,0.0,0.0,0.365,0.0,0.0,0.7305,0.0,0.0,0.0,0.0,0.0,0.0,0.0,0.0,0.0,0.0,0.0,0.0,0.0,13.8199,0.3655,0.7269,0.0,2.1846,1.0955,0.0,2.5493,3.6348,2.9083,0.365,10.9116,0.3655,0.7269,0.0,2.1846,1.0955,0.0,1.8224,2.1838,2.5429,0.0,12.5063,19.0263,9.98,5.35,15.7472,4.3,12.1731,12.9259,12.1219,20.05,8.3655,0.3655,0.7269,0.0,0.0,1.0955,0.0,0.0,3.6352,1.8224,0.73,1.8224,5.454,1.0919,0.0,0.3655,0.0,0.0,0.0,0.0,2.5493,1.4574,0.0,2.1838,0.3655,0.0,0.0,0.0,0.0,0.0,0.0,1.4569,0.3655,0.0,1.0919,0.3655,0.0,0.0,0.0,0.0,0.0,0.0,0.7305,0.0,0.0,9.953,330.0,119.9854,0.0,2.5429,115.0,41.809,33.4464,80.0,82.6718,15.4186,1.0891,8.0,8.359,0.365,1.4545,15.9949,1.8196,1.4545,38.1797,10.1783,8.3659,82.0592,77.0011,1.4538,0.0,19.9946,4.7303,66.9047,3.2698,8.0004,46.43,-0.306,94.64,1.379,94.64,1.513,96.43,1.676,100.0,1.936,96.43,1.623,10.71,-1.271,33.93,-0.286,8.93,-1.321,69.64,0.309,32.14,-0.563,64.29,0.156,80.36,0.426,41.07,-0.26,53.57,0.093,58.93,-0.067,46.43,-0.154,62.5,0.427,50.0,-0.02,87.5,1.237,83.93,0.818,78.57,0.675,67.86,0.438,1.24,1.317,1.561,0.453,1.588,-0.297,0.939,-1.561,1.351,-0.606,0.101,1.087,90.48,75.0,36.61,57.14,60.55,59.88,High-output carrier,2.2346,-1.1444
133501,Logan Rogerson,L. Rogerson,1998-05-28,4177,Auckland FC,Auckland FC,Wide Attacker,Center Forward; Wide Attacker,2,1859.8,23,20.5176,21.5497,10132.6486,124.9794,1647.9405,789.863,69.2138,245.335,13.8261,1035.198,83.0399,104.0376,6.1549,86.7839,14.7306,4.1353,0.69,0.8597,1.29,29.7,30.32,3171.6833,154.5743,603.8507,275.3754,26.2272,104.0471,5.3429,379.4321,31.5701,36.3822,2.1403,25.3968,3.5315,1.3092,0.2946,3765.8756,174.8034,861.1637,445.9371,35.3828,120.2789,6.4832,566.216,41.8659,39.119,2.3625,28.61,5.2082,1.4348,0.2223,364.0,36.7132,4.8389,1.4117,4.9414,0.7106,1.0043,1.3104,3.6348,13.1141,4.8413,0.9063,0.9063,0.1009,0.0,0.1042,0.1042,0.1042,0.0,0.0,0.5021,0.0,0.0,0.1042,0.0,0.0,0.0,0.0,0.0,0.0,0.0,0.1042,0.0,0.0,12.7067,1.8149,0.5021,1.4117,0.3032,0.4074,0.7073,1.7148,4.4331,1.0043,0.4074,9.3754,1.1076,0.5021,0.5021,0.3032,0.3032,0.5083,1.7148,3.3255,0.8053,0.3032,14.0603,13.4578,8.45,16.7886,14.26,6.9538,15.781,14.1222,14.66,18.5497,10.6911,2.219,0.1042,1.7178,0.1042,0.6064,0.0,0.2052,3.9347,1.3074,0.5021,5.6454,12.9101,2.0197,0.199,4.9414,0.0,0.0,0.1042,0.1042,3.3246,2.1222,0.1042,3.2298,0.8044,0.0,1.4117,0.0,0.0,0.1042,0.0,0.5021,0.4074,0.0,1.6136,0.4008,0.0,0.5021,0.0,0.0,0.1042,0.0,0.3032,0.3032,0.0,8.87,896.0,90.3683,0.3032,2.4159,269.0,27.133,20.375,74.8668,77.9199,12.8671,0.5021,5.1445,5.3497,0.9095,0.8053,5.0403,1.1085,0.9095,30.966,9.3816,6.0532,64.5358,68.4989,1.1085,0.199,20.1665,5.5454,44.8542,2.5202,7.2602,19.64,-0.704,92.86,1.242,92.86,1.296,94.64,1.666,58.93,0.403,66.07,0.471,48.21,0.086,46.43,0.09,55.36,0.133,48.21,-0.102,25.0,-0.752,41.07,-0.082,46.43,0.166,26.79,-0.627,42.86,-0.136,32.14,-0.465,41.07,-0.236,32.14,-0.423,67.86,0.418,75.0,0.793,91.07,0.935,80.36,0.713,83.93,0.983,1.539,0.547,1.141,-0.109,-0.421,-0.403,0.426,0.462,-0.397,-0.128,-0.375,0.608,78.57,74.4,44.05,36.9,100.0,59.57,High-output carrier,1.3595,-0.7572
23925,Ryan Kitto,R. Kitto,1994-08-09,866,Adelaide United Football Club,Adelaide United Football Club,Full Back,Full Back; Wide Attacker,2,1938.98,20,27.9328,26.3227,10635.7692,109.6157,1435.0744,596.1532,59.6072,219.7606,12.4634,815.9138,72.0706,116.0479,7.7136,100.6373,20.1879,5.4453,0.62,1.7555,1.33,28.84,30.06,3686.6213,132.0862,543.2505,221.2536,22.5929,95.4767,4.6204,316.7303,27.2132,37.2192,2.6004,29.0679,4.7007,1.7883,0.5547,3844.1658,146.0945,710.5588,322.2483,30.2698,105.5143,5.5766,427.7626,35.8555,48.2483,2.6113,35.2573,7.6185,2.011,0.6113,301.0,21.2849,0.638,0.5676,1.2764,2.9669,1.6964,0.2125,1.1983,5.731,4.1029,2.8951,0.9231,0.0,0.0,0.0,0.0,0.2843,0.0,0.0711,0.2836,0.1421,0.1421,0.0711,0.0,0.0,0.0,0.0,0.0,0.0,0.0,0.0,0.0,0.0711,7.6412,0.4958,0.0704,0.0704,0.8528,0.8521,0.0704,0.6389,2.6163,1.4124,0.5685,6.3632,0.1414,0.0704,0.0,0.8528,0.781,0.0704,0.6389,2.2617,1.1992,0.3553,13.565,12.5562,5.9366,17.8759,18.4998,6.2074,15.1736,11.9874,12.5533,17.7012,7.1443,0.5669,0.0704,0.4248,0.2843,1.1274,0.0,0.1421,1.695,0.9853,1.8381,3.8152,6.1485,0.2836,0.0704,1.2764,0.0,0.4974,0.0,0.0,1.8362,0.9853,1.1992,1.6224,0.1414,0.0704,0.0704,0.0,0.2843,0.0,0.0,0.7794,0.0,0.2843,1.0641,0.0,0.0704,0.0,0.0,0.2132,0.0,0.0,0.5662,0.0,0.2132,9.34,1815.0,128.3444,0.3553,2.6198,686.0,48.5069,38.8927,79.7099,82.2667,15.2514,1.7677,12.1621,9.4051,0.6389,0.2132,35.0085,10.3289,7.2816,28.8552,10.8869,7.9216,72.0391,70.5343,1.5545,0.1421,14.637,3.3203,57.7887,1.9096,11.1775,65.38,0.277,71.15,0.402,65.38,0.377,48.08,-0.162,78.85,0.655,88.46,1.074,75.0,0.706,30.77,-0.553,96.15,1.642,28.85,-0.724,61.54,0.429,32.69,-0.605,48.08,-0.014,57.69,-0.028,73.08,0.352,80.77,0.771,73.08,0.773,36.54,-0.389,49.04,-0.266,57.69,0.033,71.15,0.453,65.38,0.251,28.85,-0.678,-0.24,0.516,0.416,0.953,0.662,0.657,-0.008,0.422,0.737,0.187,0.491,0.424,62.18,60.74,54.17,61.54,100.0,59.46,Balanced contributor,0.7117,0.2506
560893,Ethan Alagich,E. Alagich,2003-12-18,866,Adelaide United Football Club,Adelaide United Football Club,Midfield,Full Back; Midfield,2,2538.28,26,28.2166,26.3473,12174.0584,124.702,1959.5291,492.7395,43.0707,101.5269,5.1517,594.2664,48.2223,109.0385,3.4608,95.3087,14.1521,2.3852,0.62,0.7691,1.34,29.7,29.7,4362.4242,154.6717,726.7994,133.0957,13.5369,32.6505,1.3454,165.7462,14.8823,34.0376,0.8841,28.153,2.8456,0.4617,0.077,4546.0543,172.5004,1079.0515,334.2327,26.7284,62.3417,2.6528,396.5743,29.3812,47.0027,1.4613,36.1571,5.3459,0.8076,0.3459,498.0,26.3164,0.321,8.2956,0.321,0.6873,0.5251,0.8497,0.842,5.5514,7.3454,1.5879,0.4721,0.0,0.0,0.0566,0.0,0.0566,0.0566,0.0,0.0,0.2077,0.1039,0.0566,0.0,0.0,0.0,0.0,0.0,0.0,0.0,0.0,0.0,0.0566,8.986,0.1039,3.1157,0.1605,0.2644,0.1569,0.2077,0.4213,1.484,2.6945,0.3682,7.9285,0.0566,3.0119,0.1039,0.2644,0.1569,0.1605,0.3741,1.2196,2.4302,0.1605,11.7612,14.44,9.4931,21.49,26.4889,8.05,11.5865,12.6424,11.7434,15.407,3.4312,0.1039,0.1039,0.1039,0.0566,0.2608,0.0,0.0566,1.3785,0.6343,0.7423,2.2754,4.8116,0.1039,0.0,0.2644,0.0566,0.2077,0.0,0.0,1.4257,1.7939,0.95,1.4823,0.0,0.0,0.1605,0.0,0.0566,0.0,0.0,0.3682,0.5287,0.3682,1.1141,0.0,0.0,0.1039,0.0,0.0566,0.0,0.0,0.321,0.4721,0.1605,12.5488,3285.0,173.6226,0.3682,2.0583,1041.0,55.0183,47.8826,87.0245,88.2658,14.8453,2.5928,15.7484,14.7474,0.9536,1.3218,27.904,6.6559,5.1833,19.7173,7.1907,5.9763,83.0922,77.8331,0.5854,0.0566,21.0868,4.8075,58.0176,2.8006,6.552,88.33,0.926,55.0,-0.085,55.0,-0.09,38.33,-0.312,70.0,0.526,65.0,0.493,58.33,-0.135,38.33,-0.295,66.67,-0.024,58.33,0.2,48.33,-0.227,60.0,0.092,65.0,0.351,68.33,0.176,53.33,0.035,65.0,0.11,38.33,-0.352,55.0,0.02,100.0,2.453,68.33,0.425,51.67,-0.052,63.33,0.311,56.67,0.119,0.769,1.291,0.504,-0.068,1.245,0.256,0.128,0.567,0.61,-0.075,0.113,0.545,58.89,66.11,55.0,57.5,100.0,59.26,Balanced contributor,1.1157,-0.3691
26844,Riku Danzaki,R. Danzaki,2000-05-31,1803,Western United,Western United,Wide Attacker,Wide Attacker,1,2135.64,26,23.07,24.33,9476.46,115.37,1401.42,651.08,64.15,229.69,12.96,880.77,77.12,105.08,8.77,89.15,19.62,6.46,0.59,1.58,1.24,29.58,32.02,3154.58,136.75,543.35,289.69,27.96,119.15,6.23,408.85,34.19,39.62,3.08,26.88,4.69,2.35,0.62,3639.23,149.58,717.19,318.88,30.19,99.5,5.08,418.38,35.27,38.04,2.77,30.92,7.0,2.0,0.54,598.0,37.69,3.91,4.73,3.84,1.01,0.5,0.88,2.96,15.25,4.16,0.44,2.08,0.32,0.19,0.13,0.06,0.06,0.06,0.13,0.76,0.32,0.06,0.57,0.19,0.0,0.06,0.0,0.06,0.0,0.0,0.25,0.0,0.0,12.98,1.76,1.39,0.82,0.57,0.19,0.25,1.07,5.55,1.2,0.19,9.83,1.01,1.32,0.44,0.57,0.19,0.25,1.01,4.03,0.95,0.06,13.79,16.83,9.03,19.54,17.56,9.69,13.5,13.58,12.91,19.29,11.47,2.65,0.25,1.64,0.13,0.32,0.06,0.5,4.66,0.95,0.32,5.99,14.31,2.46,0.13,3.78,0.0,0.19,0.06,0.0,5.29,2.14,0.25,4.35,1.26,0.13,0.82,0.0,0.13,0.0,0.0,1.32,0.57,0.13,2.96,0.88,0.13,0.44,0.0,0.13,0.0,0.0,0.88,0.5,0.0,9.25,1273.0,80.24,0.76,2.96,408.0,25.72,18.34,71.32,75.37,13.36,0.69,8.76,4.41,2.21,1.32,5.61,1.7,1.26,32.52,10.65,7.31,68.64,69.11,1.64,0.57,29.69,8.07,57.03,4.6,7.75,66.07,0.102,83.93,0.745,76.79,0.743,62.5,0.404,62.5,0.491,71.43,0.689,64.29,0.341,53.57,0.175,58.93,0.264,57.14,0.02,64.29,0.42,46.43,-0.024,23.21,0.026,71.43,0.39,51.79,0.015,48.21,-0.209,55.36,0.116,42.86,0.039,60.71,0.322,42.86,-0.108,80.36,0.657,71.43,0.474,33.93,-0.451,0.364,0.016,0.418,1.51,0.916,1.502,0.06,0.384,1.146,0.244,0.082,0.706,59.53,69.64,57.44,48.81,100.0,59.23,Balanced contributor,1.2667,-0.2526
972648,Lawrence Wong,L. Wong,2007-10-06,2380,Melbourne City FC,Melbourne City FC,Midfield,Center Forward; Midfield,2,213.84,3,24.0321,17.4147,9310.1134,130.1392,1771.028,614.3043,53.3048,96.6149,5.6524,710.9192,58.9572,100.3851,4.6524,79.6899,12.524,2.9572,0.0,0.6096,0.0,27.6,27.6,3591.9328,150.0992,713.3423,257.486,24.9144,43.3101,2.3048,300.7961,27.2192,41.5188,1.6952,30.476,4.9572,0.6952,0.0,3251.0633,186.5075,903.076,300.0164,23.1712,44.1712,2.3476,344.1875,25.5188,29.2567,0.6524,19.476,2.6096,0.6524,0.0,107.0,45.0485,1.2608,6.3182,3.3707,0.0,0.8412,2.1073,1.6858,17.2629,8.4194,3.7923,0.843,0.0,0.0,0.0,0.0,0.0,0.0,0.0,0.4215,0.4215,0.0,0.0,0.0,0.0,0.0,0.0,0.0,0.0,0.0,0.0,0.0,0.0,11.7846,0.0,2.5251,1.2627,0.0,0.4215,0.0,0.4197,3.7896,2.5288,0.843,9.6818,0.0,2.5251,0.0,0.0,0.4215,0.0,0.4197,3.7896,2.1073,0.4215,12.9184,26.7121,8.0114,14.4623,9.9877,7.3003,9.76,14.1858,12.0119,17.1971,9.6792,1.2608,0.0,0.843,0.0,0.8412,0.0,0.0,4.2074,0.8412,1.6842,7.1559,18.104,0.8412,0.0,3.3707,0.0,0.0,0.4197,0.0,6.7389,4.6279,2.1028,5.0494,0.0,0.0,1.2627,0.0,0.0,0.0,0.0,1.6876,1.6876,0.4215,2.9466,0.0,0.0,0.0,0.0,0.0,0.0,0.0,1.6876,1.2661,0.0,0.0,185.0,77.889,0.0,4.2119,66.0,27.7856,22.7362,82.1546,84.1387,11.2975,0.4197,7.5798,4.2082,0.4197,1.2608,7.579,2.1073,1.2608,21.0486,9.2658,7.1585,76.0301,77.6235,2.9492,0.0,23.1543,6.3137,59.7294,3.7878,5.0557,71.67,0.469,83.33,0.988,88.33,1.132,81.67,0.803,38.33,-0.235,15.0,-1.016,96.67,2.277,91.67,1.246,95.0,1.836,81.67,0.898,75.0,0.369,80.0,0.932,21.67,-0.719,85.0,0.8,30.0,-0.574,3.33,-1.224,91.67,1.309,75.0,0.507,71.67,0.608,45.0,-0.19,60.0,0.208,58.33,0.176,85.0,0.962,1.188,-1.012,0.044,1.222,0.542,0.978,-1.854,-1.126,1.123,1.463,0.033,1.214,58.06,71.95,86.67,51.11,35.0,59.17,Depth runner,2.1321,0.2826
795521,Alexander Badolato,A. Badolato,2005-02-23,868,Melbourne Victory Football Club,Melbourne Victory Football Club,Midfield,Midfield,1,75.37,1,15.8,17.85,9360.0,124.19,1746.0,594.0,56.0,113.0,7.0,707.0,63.0,99.0,4.0,83.0,12.0,4.0,0.0,0.0,0.0,27.3,27.3,2884.0,182.53,701.0,290.0,27.0,80.0,4.0,370.0,31.0,26.0,1.0,20.0,4.0,0.0,0.0,3227.0,180.78,888.0,285.0,25.0,32.0,1.0,317.0,26.0,40.0,1.0,27.0,3.0,1.0,0.0,41.0,78.05,7.61,9.52,0.0,0.0,0.0,15.23,3.81,22.84,15.23,3.81,1.9,0.0,0.0,0.0,0.0,0.0,0.0,0.0,1.9,0.0,0.0,0.0,0.0,0.0,0.0,0.0,0.0,0.0,0.0,0.0,0.0,0.0,15.23,3.81,1.9,0.0,0.0,0.0,1.9,0.0,5.71,1.9,0.0,11.42,3.81,0.0,0.0,0.0,0.0,1.9,0.0,3.81,1.9,0.0,13.31,22.89,8.22,0.0,0.0,17.09,10.43,9.92,15.34,6.94,15.23,3.81,0.0,0.0,0.0,0.0,3.81,1.9,3.81,1.9,0.0,3.81,17.13,5.71,0.0,0.0,0.0,0.0,0.0,0.0,5.71,5.71,0.0,1.9,1.9,0.0,0.0,0.0,0.0,0.0,0.0,0.0,0.0,0.0,1.9,1.9,0.0,0.0,0.0,0.0,0.0,0.0,0.0,0.0,0.0,0.0,61.0,116.12,0.0,1.9,22.0,41.88,34.26,81.82,76.2,10.46,1.9,24.75,9.52,1.9,0.0,3.81,1.9,1.9,30.46,15.23,13.32,87.5,72.8,1.9,0.0,28.55,5.71,100.0,5.71,9.52,9.17,-1.277,91.67,1.392,91.67,1.454,80.0,0.617,33.33,-0.356,28.33,-0.696,93.33,2.1,100.0,3.959,80.0,0.561,91.67,1.591,95.0,2.068,95.0,1.966,1.67,-2.776,93.33,2.015,91.67,1.245,13.33,-1.006,31.67,-0.474,100.0,3.046,61.67,0.345,38.33,-0.272,83.33,0.907,76.67,0.625,48.33,0.04,0.846,-0.972,0.357,0.516,0.316,2.294,-1.854,-1.126,0.859,2.37,0.681,1.607,53.33,67.09,92.5,55.28,35.0,59.15,Depth runner,2.6102,1.3635
159688,Jordi Valadon,J. Valadon,2003-03-04,868,Melbourne Victory Football Club,Melbourne Victory Football Club,Midfield,Midfield,1,2748.04,29,25.92,23.46,11544.59,121.84,1941.38,545.34,48.41,112.17,6.52,657.52,54.93,102.45,3.83,87.76,12.0,2.86,0.64,0.86,1.26,27.86,29.5,4126.48,159.2,834.55,162.97,14.66,26.38,1.41,189.34,16.07,33.31,0.86,25.69,2.52,0.55,0.07,4065.86,173.34,944.52,349.24,29.41,80.07,3.76,429.31,33.17,41.24,1.62,29.76,4.34,1.28,0.41,507.0,27.07,0.43,7.37,0.37,1.28,0.32,0.75,0.64,4.22,10.95,0.75,0.59,0.0,0.11,0.05,0.0,0.0,0.0,0.0,0.21,0.16,0.05,0.0,0.0,0.0,0.0,0.0,0.0,0.0,0.0,0.0,0.0,0.0,7.85,0.27,2.19,0.11,0.53,0.0,0.16,0.32,1.39,2.56,0.32,7.26,0.27,2.19,0.05,0.53,0.0,0.16,0.32,1.12,2.35,0.27,11.94,14.9,10.47,14.89,22.05,10.83,12.07,11.32,12.87,10.87,2.72,0.16,0.11,0.05,0.21,0.16,0.0,0.16,0.8,0.85,0.21,1.92,6.25,0.37,0.11,0.37,0.0,0.32,0.05,0.0,2.03,2.51,0.48,1.87,0.21,0.05,0.11,0.0,0.0,0.0,0.0,0.75,0.48,0.27,1.44,0.21,0.05,0.05,0.0,0.0,0.0,0.0,0.53,0.37,0.21,11.25,2514.0,134.23,0.32,2.72,811.0,43.3,38.66,89.27,87.91,14.9,1.92,9.98,11.16,1.07,0.69,19.86,4.7,4.16,16.6,6.51,5.29,81.15,76.49,0.85,0.11,16.55,4.27,71.25,3.04,5.18,94.17,1.187,71.67,0.585,73.33,0.548,60.0,0.171,45.0,-0.053,40.0,-0.236,68.33,0.126,43.33,-0.233,60.0,-0.16,53.33,-0.067,67.5,-0.037,43.33,-0.249,63.33,0.259,71.67,0.328,31.67,-0.524,45.0,-0.238,61.67,0.159,36.67,-0.263,81.67,0.837,65.0,0.366,71.67,0.658,73.33,0.602,35.0,-0.324,0.449,0.785,0.754,0.332,0.316,0.855,0.192,0.466,0.396,-0.12,-0.093,0.381,52.78,75.7,55.97,51.67,100.0,58.95,Balanced contributor,0.8718,-0.4715
962802,Ryan White,R. White,2004-05-23,866,Adelaide United Football Club,Adelaide United Football Club,Midfield,Midfield,1,96.53,1,31.42,23.75,13173.0,136.46,2702.0,567.0,50.0,74.0,6.0,641.0,56.0,114.0,3.0,104.0,9.0,3.0,0.0,2.0,0.0,26.2,26.2,5212.0,165.9,1092.0,216.0,20.0,39.0,4.0,255.0,24.0,48.0,1.0,37.0,4.0,1.0,1.0,4519.0,190.27,1403.0,339.0,27.0,33.0,2.0,372.0,29.0,38.0,1.0,33.0,2.0,1.0,0.0,42.0,39.75,1.89,15.14,0.95,0.95,0.0,3.79,1.89,3.79,11.36,0.0,0.95,0.0,0.0,0.0,0.0,0.0,0.0,0.0,0.0,0.95,0.0,0.0,0.0,0.0,0.0,0.0,0.0,0.0,0.0,0.0,0.0,0.0,9.46,0.0,3.79,0.0,0.0,0.0,0.95,0.0,0.0,4.73,0.0,9.46,0.0,3.79,0.0,0.0,0.0,0.95,0.0,0.0,4.73,0.0,11.46,21.63,8.96,7.18,0.0,12.4,12.92,12.2,13.24,0.0,3.79,0.95,0.0,0.95,0.0,0.0,0.0,0.0,0.95,0.95,0.0,3.79,6.62,1.89,0.0,0.95,0.0,0.0,0.95,0.0,0.0,2.84,0.0,0.95,0.0,0.0,0.0,0.0,0.0,0.0,0.0,0.0,0.95,0.0,0.95,0.0,0.0,0.0,0.0,0.0,0.0,0.0,0.0,0.95,0.0,4.53,178.0,168.45,0.0,1.89,49.0,46.37,41.64,89.8,90.32,14.95,0.95,8.52,14.2,0.0,0.0,20.82,2.84,2.84,17.98,6.62,5.68,85.71,84.6,0.95,0.0,15.14,0.95,100.0,0.95,3.79,100.0,4.453,75.83,0.692,75.0,0.738,66.67,0.369,83.33,0.962,95.0,1.333,70.0,0.193,85.0,0.81,78.33,0.553,80.0,0.81,81.67,0.541,68.33,0.234,81.67,0.884,12.5,-0.993,15.0,-1.09,30.0,-0.687,30.0,-0.481,46.67,-0.102,25.0,-0.621,100.0,2.848,65.0,0.388,33.33,-0.443,100.0,1.942,0.842,2.094,1.941,-0.567,-0.978,1.032,-1.854,-1.126,2.095,0.608,-0.821,1.333,86.8,60.83,77.22,35.97,35.0,58.92,High-output carrier,2.9013,-1.3728
51007,Lachlan Wales,L. Wales,1997-10-19,871,Perth Glory Football Club,Perth Glory Football Club,Wide Attacker,Wide Attacker,1,444.25,5,21.69,28.63,10442.4,117.52,1641.6,665.6,64.6,188.6,12.4,854.2,77.0,113.8,9.4,97.0,22.0,5.2,0.7,1.2,1.56,28.12,28.12,3355.8,154.74,666.4,308.8,27.8,100.4,6.0,409.2,33.8,39.6,3.2,25.2,4.6,1.8,0.6,4201.8,146.78,852.4,317.8,32.0,78.4,5.0,396.2,37.0,46.8,3.0,39.4,9.2,1.8,0.4,156.0,43.39,1.67,5.84,5.01,0.28,0.0,1.95,5.01,14.19,8.07,1.39,1.67,0.28,0.28,0.0,0.0,0.0,0.0,0.28,0.28,0.56,0.0,0.28,0.28,0.0,0.0,0.0,0.0,0.0,0.0,0.0,0.0,0.0,16.13,0.56,2.78,1.39,0.0,0.0,0.56,2.23,5.01,3.06,0.56,11.68,0.28,2.23,0.28,0.0,0.0,0.56,1.95,3.89,2.23,0.28,14.9,19.94,9.96,20.51,0.0,8.01,14.46,14.92,14.33,22.89,13.63,1.39,0.0,2.5,0.0,0.0,0.0,0.83,5.84,1.95,1.11,6.68,15.58,1.11,0.0,5.01,0.0,0.0,0.0,0.0,4.73,3.89,0.83,5.56,0.28,0.0,1.39,0.0,0.0,0.0,0.0,1.95,1.67,0.28,3.34,0.0,0.0,0.28,0.0,0.0,0.0,0.0,1.95,1.11,0.0,18.18,405.0,112.65,0.28,2.78,118.0,32.82,26.15,79.66,81.27,13.11,0.83,10.57,4.73,0.56,0.83,6.12,1.95,1.39,31.43,9.73,6.4,65.72,69.03,1.67,0.28,29.76,7.51,59.26,4.45,6.95,44.64,-0.323,79.46,0.735,82.14,0.792,67.86,0.536,92.86,1.23,92.86,1.411,73.21,0.572,78.57,0.667,73.21,0.527,78.57,0.515,48.21,0.011,80.36,0.651,75.0,0.349,66.07,0.316,37.5,-0.232,57.14,-0.114,50.0,-0.0,35.71,-0.296,19.64,-0.84,73.21,0.77,69.64,0.478,41.07,-0.154,48.21,-0.13,0.107,0.798,0.907,1.9,1.567,0.47,0.463,0.885,1.18,0.6,0.005,0.883,75.74,54.16,72.02,53.57,49.36,58.49,High-output carrier,1.588,-0.1548
811820,Kasey Bos,K. Bos,2004-05-08,868,Melbourne Victory Football Club,Melbourne Victory Football Club,Full Back,Full Back; Wide Attacker,2,2204.98,23,26.0937,24.2796,11288.356,117.2126,1623.6862,700.3073,59.9204,180.6449,10.8442,880.9522,70.7548,103.5809,5.427,83.1252,15.5723,3.6211,0.66,1.2815,1.38,28.4,30.08,3970.3058,152.1459,687.4605,283.9498,24.4753,88.6193,4.6018,372.5691,29.0771,33.8059,1.9223,24.602,4.0485,1.1941,0.2621,3748.7227,154.4601,747.3238,360.7693,29.193,75.0655,4.3493,435.8348,33.552,41.0666,2.0193,27.3875,5.2231,1.2329,0.398,507.0,28.84,1.14,0.91,0.85,2.39,1.88,0.11,2.62,10.81,7.0,1.14,0.85,0.06,0.0,0.06,0.0,0.0,0.0,0.0,0.68,0.06,0.0,0.17,0.06,0.0,0.0,0.0,0.0,0.0,0.0,0.06,0.06,0.0,10.12,0.85,0.34,0.23,0.97,0.51,0.06,1.48,4.04,1.65,0.0,8.53,0.63,0.34,0.11,0.85,0.51,0.06,1.48,3.19,1.37,0.0,14.03,16.49,9.59,15.35,20.53,3.49,13.7,13.88,13.45,20.32,7.91,0.74,0.0,0.34,0.06,0.97,0.0,0.28,3.53,1.42,0.57,2.67,7.79,0.57,0.0,0.8,0.0,0.91,0.0,0.06,3.75,1.19,0.51,2.1,0.34,0.0,0.23,0.0,0.23,0.0,0.06,1.19,0.06,0.0,1.71,0.28,0.0,0.11,0.0,0.23,0.0,0.06,1.02,0.0,0.0,9.26,2278.0,129.56,0.28,2.5,750.0,42.66,35.38,82.93,84.19,13.92,1.14,9.44,7.51,0.57,0.51,19.68,4.21,2.96,35.43,11.03,8.59,77.84,75.86,0.91,0.06,16.21,3.92,55.07,2.16,8.36,38.46,-0.321,63.46,0.278,69.23,0.416,90.38,0.978,26.92,-0.789,11.54,-1.327,90.38,1.39,71.15,0.532,75.0,0.64,57.69,0.215,57.69,0.267,61.54,0.276,65.38,0.44,65.38,0.202,30.77,-0.523,19.23,-1.094,67.31,0.627,53.85,-0.078,26.92,-0.669,92.31,1.21,42.31,-0.152,34.62,-0.392,80.77,0.926,0.516,1.508,0.899,-1.015,-0.689,-1.042,0.16,0.505,-1.115,0.693,-0.143,0.316,60.9,50.32,68.91,50.32,100.0,58.49,Balanced contributor,0.6298,0.3137
51017,Tim Payne,T. Payne,1994-01-10,867,Wellington Phoenix FC,Wellington Phoenix FC,Full Back,Central Defender; Full Back; Wide Attacker,3,1794.97,19,23.9604,29.4289,10221.866,108.1938,1329.3528,648.3016,60.4943,306.6585,14.5071,954.9602,75.0014,102.3208,6.6796,90.5244,15.203,5.4693,0.58,2.3649,1.2,30.17,31.8,3142.4703,131.2547,485.3651,251.7403,24.912,152.9118,6.5167,404.6521,31.4371,31.4297,2.7374,23.1564,4.2644,2.0512,1.1592,4104.6501,139.4752,670.2672,345.3176,29.0581,125.3626,5.7801,470.6802,34.8382,45.8482,2.3138,35.2672,5.7877,1.8446,0.4227,297.0,22.3676,1.8049,1.7301,1.133,2.5617,1.4341,0.0732,1.8066,7.2279,4.1388,0.4493,1.1277,0.2296,0.0,0.0732,0.0,0.0732,0.0,0.0,0.6039,0.0732,0.0732,0.1546,0.0,0.0,0.0732,0.0,0.0,0.0,0.0,0.0732,0.0,0.0,9.7153,1.0544,0.8282,0.1546,1.0565,0.9783,0.0,0.6772,3.5384,1.2823,0.1546,8.2034,0.5307,0.755,0.1546,1.0565,0.9783,0.0,0.6772,2.9345,0.9783,0.1546,15.4195,21.6031,10.5969,21.4539,26.1384,6.04,11.1464,16.753,14.4412,15.4471,8.0549,1.3556,0.0,0.5307,0.0732,0.9051,0.0,0.0732,3.5367,1.2775,0.3028,2.1125,4.4418,0.6755,0.0732,1.133,0.0,0.6023,0.0,0.0,1.0516,0.9051,0.0,1.6538,0.3011,0.0,0.1546,0.0,0.3744,0.0,0.0,0.5307,0.3011,0.0,1.3527,0.1546,0.0,0.1546,0.0,0.3744,0.0,0.0,0.4493,0.2279,0.0,8.8999,1752.0,131.9253,0.4496,2.7107,572.0,43.0702,34.5603,80.3647,81.0419,14.8616,2.0306,10.3933,7.6063,1.2062,0.2279,22.4434,6.4751,4.8186,41.3384,14.382,10.3117,73.0133,71.9576,1.5058,0.0732,18.8965,4.8163,41.2506,1.8837,9.7893,84.62,1.046,78.85,0.678,75.0,0.487,63.46,0.409,21.15,-0.935,36.54,-0.313,59.62,-0.005,32.69,-0.397,61.54,0.152,50.0,0.073,82.69,0.883,55.77,0.132,36.54,-0.304,53.85,-0.052,53.85,-0.079,40.38,-0.292,78.85,0.883,80.77,0.724,82.69,0.953,28.85,-0.627,90.38,1.217,94.23,1.681,15.38,-0.978,0.362,-0.113,0.291,0.063,-0.797,0.679,-0.176,0.206,-0.055,0.175,0.295,0.319,40.7,81.73,57.05,57.37,100.0,58.46,Balanced contributor,0.5572,0.2099
966113,William  Freney,W. Freney,2005-11-04,871,Perth Glory Football Club,Perth Glory Football Club,Midfield,Midfield; Wide Attacker,2,445.48,6,16.4414,25.1274,9832.406,131.9891,1963.8015,579.3619,46.4582,85.6832,5.3264,665.0451,51.7846,101.0691,2.9791,89.7637,10.5064,2.4791,0.92,0.3473,0.0,26.62,26.62,2688.3858,163.5291,614.5787,124.5984,10.3602,13.9566,0.6318,138.555,10.992,27.9855,0.8264,20.1592,1.9582,0.0,0.0,4425.3734,175.9438,1179.9415,414.5143,31.4244,68.6574,3.2154,483.1717,34.6398,44.7154,0.9791,36.6945,4.9164,0.6527,0.0,78.0,36.2529,3.7186,9.7591,1.395,0.9283,0.9296,3.2506,1.8617,8.3629,6.0419,0.0,2.3223,0.9309,0.0,0.0,0.0,0.0,0.0,0.0,0.9309,0.4654,0.0,0.0,0.0,0.0,0.0,0.0,0.0,0.0,0.0,0.0,0.0,0.0,12.0889,1.3963,3.2542,0.0,0.9283,0.4654,0.9309,0.4654,3.2531,1.395,0.0,10.6926,1.3963,3.2542,0.0,0.9283,0.4654,0.9309,0.4654,2.3223,0.9296,0.0,12.0481,15.14,9.6222,17.7695,29.8493,12.4089,14.79,8.0249,12.9881,0.0,4.1815,1.3963,0.0,0.4654,0.4642,0.4642,0.4654,0.0,0.9309,0.0,0.0,4.1827,8.3667,2.3223,0.0,1.395,0.0,0.0,0.0,0.0,3.7186,0.9309,0.0,1.3963,0.4654,0.0,0.0,0.0,0.0,0.0,0.0,0.4654,0.4654,0.0,0.4654,0.4654,0.0,0.0,0.0,0.0,0.0,0.0,0.0,0.0,0.0,10.46,298.0,138.4956,0.0,2.7864,96.0,44.6166,31.1404,69.9797,80.1535,12.9722,1.8592,14.4096,9.7629,1.8579,1.8605,16.2665,5.5801,3.2568,19.5185,8.3704,4.6469,49.7519,77.1304,0.9309,0.0,21.8456,6.9715,43.2815,2.7901,9.2974,46.67,-0.282,65.0,0.271,63.33,0.315,73.33,0.483,43.33,-0.175,46.67,-0.042,78.33,0.51,76.67,0.522,85.0,0.703,90.0,1.301,96.67,2.747,85.0,1.023,8.33,-1.752,66.67,0.17,88.33,1.154,35.0,-0.545,65.0,0.21,31.67,-0.528,44.17,-0.252,70.0,0.439,53.33,0.039,45.0,-0.123,91.67,1.249,0.619,-0.592,0.064,-0.59,-0.328,0.375,1.087,-1.126,-0.228,1.317,-0.429,0.506,65.0,54.31,85.28,49.17,49.5,58.39,Box-movement threat,0.878,0.3311
50978,Callum Timmins,C. Timmins,1999-12-23,1805,Newcastle United Jets FC,Newcastle United Jets FC,Midfield,Midfield,1,2092.86,22,28.69,27.17,12104.09,127.24,2201.23,581.45,46.18,74.5,4.5,655.95,50.68,117.05,3.45,103.86,11.32,1.91,0.65,0.23,1.67,26.27,28.66,4456.86,155.33,968.91,199.32,15.91,17.86,1.0,217.18,16.91,42.14,1.09,33.14,2.77,0.41,0.0,4573.59,168.31,1044.14,352.09,27.18,52.36,2.27,404.45,29.45,46.77,1.05,36.36,4.23,0.5,0.05,464.0,32.01,0.07,14.21,0.76,0.9,0.07,0.55,0.55,5.24,9.45,0.21,0.48,0.07,0.0,0.07,0.0,0.0,0.0,0.0,0.14,0.21,0.0,0.0,0.0,0.0,0.0,0.0,0.0,0.0,0.0,0.0,0.0,0.0,9.38,0.07,3.93,0.28,0.41,0.07,0.14,0.21,1.66,2.62,0.0,8.42,0.07,3.66,0.07,0.41,0.07,0.14,0.14,1.38,2.48,0.0,11.23,35.1,10.03,10.23,30.67,12.3,10.26,12.74,12.17,13.0,2.62,0.07,0.34,0.14,0.14,0.07,0.07,0.14,0.76,0.83,0.07,1.38,3.17,0.0,0.0,0.76,0.0,0.0,0.0,0.0,0.97,1.45,0.0,0.69,0.0,0.0,0.28,0.0,0.0,0.0,0.0,0.28,0.14,0.0,0.48,0.0,0.0,0.07,0.0,0.0,0.0,0.0,0.28,0.14,0.0,8.49,2466.0,170.13,0.28,1.72,710.0,48.98,44.43,90.7,91.52,16.05,2.55,10.14,10.35,0.21,0.48,24.15,4.9,4.0,18.35,6.62,6.0,90.62,82.14,0.55,0.14,15.38,2.35,76.47,1.79,4.14,25.0,-0.618,61.67,0.16,61.67,0.282,75.0,0.502,90.0,1.23,91.67,1.32,46.67,-0.433,63.33,0.173,49.17,-0.365,70.0,0.395,52.5,-0.214,66.67,0.21,88.33,1.195,36.67,-0.462,23.33,-0.947,41.67,-0.292,26.67,-0.612,57.5,0.03,27.5,-0.56,88.33,1.214,39.17,-0.39,38.33,-0.429,71.67,0.513,0.217,1.235,0.749,-0.08,0.023,-0.343,0.224,0.984,0.074,-0.045,-0.362,0.176,79.72,44.44,58.06,45.7,100.0,58.38,High-output carrier,0.5168,-0.4978
26920,Yuto Misao,Y. Misao,1991-04-16,871,Perth Glory Football Club,Perth Glory Football Club,Full Back,Full Back,1,752.64,8,25.38,29.62,10776.12,114.55,1516.75,645.25,60.62,219.38,12.25,864.62,72.88,117.25,6.25,101.5,16.62,4.75,0.73,1.25,1.38,28.0,28.42,3591.88,141.51,580.38,244.5,23.0,91.12,4.25,335.62,27.25,38.88,2.25,29.5,4.0,1.62,0.5,4325.88,146.04,794.75,370.38,32.5,111.38,6.0,481.75,38.5,49.62,2.38,36.75,6.25,1.75,0.38,61.0,25.08,0.0,1.23,0.0,4.52,4.93,0.0,3.7,5.76,4.11,0.82,1.64,0.0,0.0,0.0,0.0,0.41,0.0,0.0,0.82,0.41,0.0,0.0,0.0,0.0,0.0,0.0,0.0,0.0,0.0,0.0,0.0,0.0,8.22,0.0,0.41,0.0,1.23,1.23,0.0,1.23,2.47,1.23,0.41,7.4,0.0,0.41,0.0,1.23,1.23,0.0,1.23,2.47,0.82,0.0,15.24,0.0,10.76,0.0,25.02,0.0,9.5,15.19,10.59,24.15,6.17,0.0,0.41,0.0,0.82,2.47,0.0,0.0,1.23,0.82,0.41,0.82,2.88,0.0,0.0,0.0,0.0,1.64,0.0,0.0,0.0,0.41,0.82,1.64,0.0,0.0,0.0,0.0,1.23,0.0,0.0,0.0,0.0,0.41,1.23,0.0,0.0,0.0,0.0,1.23,0.0,0.0,0.0,0.0,0.0,13.16,279.0,114.72,0.41,3.29,96.0,39.47,33.72,85.42,81.97,15.36,1.23,8.63,5.76,0.41,0.82,24.67,6.17,5.35,34.54,13.98,10.69,76.47,77.13,2.06,0.41,17.68,5.76,50.0,2.88,9.87,36.54,-0.36,73.08,0.478,76.92,0.502,61.54,0.376,80.77,0.794,90.38,1.192,28.85,-0.655,50.0,-0.008,20.19,-0.978,42.31,-0.275,98.08,2.02,34.62,-0.399,44.23,-0.084,82.69,0.863,55.77,-0.054,50.0,-0.063,96.15,1.588,86.54,0.901,15.38,-1.035,71.15,0.542,67.31,0.374,63.46,0.245,61.54,0.364,0.062,0.729,0.647,-0.307,-0.382,0.01,0.454,0.505,-0.002,-0.062,1.056,0.448,73.08,53.53,45.68,69.23,83.63,57.98,Balanced contributor,0.6987,0.638
11117,Zinédine Machach,Z. Machach,1996-01-05,868,Melbourne Victory Football Club,Melbourne Victory Football Club,Midfield,Center Forward; Midfield,2,2244.58,26,24.0125,20.8107,9803.6106,113.5596,1386.6336,420.0947,40.0056,116.1014,6.2313,536.1961,46.2369,93.392,3.501,78.2376,12.5758,1.8483,0.71,0.4997,1.48,28.37,30.5,3572.3992,148.7958,665.2526,261.509,23.5821,83.8477,3.847,345.3566,27.429,35.9266,1.3466,25.7694,3.5003,0.9238,0.1537,3193.1762,153.425,580.8164,135.3832,12.8435,25.5654,1.1537,160.9486,13.9972,29.9259,0.8078,23.5416,2.5381,0.2306,0.1153,586.0,36.53,1.0,4.18,1.75,0.44,0.12,2.18,2.12,13.65,9.91,1.18,2.43,0.12,0.12,0.31,0.0,0.0,0.06,0.12,1.0,0.62,0.06,0.06,0.0,0.0,0.06,0.0,0.0,0.0,0.0,0.0,0.0,0.0,13.65,0.56,1.99,0.69,0.06,0.06,0.5,1.18,4.99,2.93,0.69,10.47,0.25,1.87,0.37,0.06,0.06,0.44,0.81,3.86,2.24,0.5,13.23,19.8,9.5,20.63,6.11,9.81,9.06,13.57,13.8,18.09,7.79,0.69,0.19,0.62,0.0,0.0,0.19,0.06,3.3,2.24,0.5,4.55,12.72,0.75,0.12,1.75,0.06,0.0,0.19,0.0,4.8,4.55,0.5,4.36,0.31,0.06,0.69,0.0,0.0,0.0,0.0,1.93,1.06,0.31,3.12,0.19,0.0,0.37,0.0,0.0,0.0,0.0,1.62,0.75,0.19,6.88,2283.0,142.31,0.56,4.99,635.0,39.58,32.48,82.05,80.72,12.62,0.87,13.15,5.42,1.5,1.37,11.1,2.99,2.31,40.83,12.72,10.35,81.37,75.43,2.74,0.25,43.64,10.35,70.48,7.29,8.48,61.67,0.154,43.33,-0.284,36.67,-0.456,18.33,-0.979,20.0,-0.849,11.67,-1.156,90.0,1.3,80.0,0.545,86.67,0.843,88.33,1.213,100.0,2.92,91.67,1.492,11.67,-1.605,100.0,3.014,76.67,0.821,23.33,-0.867,96.67,1.909,96.67,1.822,90.0,1.285,5.0,-1.444,70.0,0.508,80.0,0.71,10.0,-1.608,-0.561,-0.615,-0.642,-0.025,0.565,-0.421,0.416,0.744,-0.657,1.609,1.693,0.489,18.06,59.44,89.44,67.5,100.0,57.87,Box-movement threat,0.194,2.5854
51659,Daniel De Silva,Daniel De Silva,1997-03-06,1804,Macarthur FC,Macarthur FC,Midfield,Center Forward; Midfield,2,231.82,3,21.3487,23.6299,9388.0662,120.2024,1557.3436,567.4212,46.5698,73.5566,4.0887,640.9777,50.6585,100.9002,4.6962,91.2794,12.9623,2.6962,0.0,0.6962,0.0,26.95,26.95,3445.5337,163.9472,788.3831,380.8934,27.9246,51.4679,2.3925,432.3612,30.3171,35.5454,1.6962,26.0643,4.4811,1.0,0.3038,3436.3849,145.1811,636.0003,150.6675,15.949,17.3038,0.6962,167.9713,16.6452,36.3792,0.6075,33.898,3.0,0.3038,0.0,129.0,62.5002,0.9678,8.2336,7.2663,2.4234,1.94,2.9108,2.9108,17.9249,15.5047,2.4228,2.425,0.4864,0.0,0.4828,0.0,0.0,0.0,0.0,0.0,1.4507,0.0,0.4828,0.0,0.0,0.4828,0.0,0.0,0.0,0.0,0.0,0.0,0.0,16.96,0.4864,2.9043,2.425,0.4864,0.4828,0.9708,0.9708,3.3906,3.3942,1.4536,13.0778,0.4864,1.9365,1.4571,0.4864,0.4828,0.4828,0.9708,3.3906,2.9113,0.4828,14.6048,29.01,9.8024,22.5648,21.1005,14.1338,10.9543,13.1362,14.2791,17.401,13.5658,0.9678,1.4536,2.9078,0.0,1.4571,0.4828,0.9708,1.9386,3.3923,0.0,13.0825,22.2888,0.9678,0.4864,6.7835,0.0,0.0,0.0,0.0,6.787,6.7813,0.4828,6.2971,0.4864,0.0,2.425,0.0,0.0,0.0,0.0,1.4507,1.4571,0.4828,4.3585,0.4864,0.0,1.4571,0.0,0.0,0.0,0.0,1.4507,0.9692,0.0,14.382,298.0,144.3875,0.0,3.8792,82.0,39.7308,34.883,86.7623,84.2147,12.7267,0.0,8.7234,6.7799,2.425,0.4864,23.742,5.3334,4.359,43.1215,12.1122,10.1771,83.8095,76.9071,1.4542,0.0,38.7604,8.717,73.0953,6.2971,5.8135,78.33,0.717,60.0,0.158,65.0,0.328,68.33,0.373,41.67,-0.189,50.0,0.104,98.33,3.037,98.33,2.681,100.0,4.095,98.33,2.252,98.33,2.912,100.0,2.486,25.0,-0.699,96.67,2.386,38.33,-0.265,48.33,-0.17,85.0,1.053,95.0,1.751,55.0,0.037,18.33,-0.887,36.67,-0.604,31.67,-0.455,23.33,-0.578,-0.004,-0.949,-0.676,1.27,0.731,0.649,-1.854,-1.126,1.423,3.38,1.348,1.74,43.61,55.83,98.89,64.72,35.0,57.63,Box-movement threat,2.4132,2.6356
810406,Charbel Shamoon,C. Shamoon,2004-02-10,1803,Western United,Western United,Full Back,Full Back,1,1126.68,12,24.87,29.63,11233.58,119.65,1611.42,683.17,59.08,192.25,10.75,875.42,69.83,104.0,5.42,93.58,16.42,4.25,0.77,1.08,1.63,28.36,29.44,3540.67,142.39,530.83,195.0,17.67,54.0,3.08,249.0,20.75,28.75,1.75,23.67,3.58,1.08,0.25,4603.83,155.39,909.33,437.92,35.83,129.33,6.25,567.25,42.08,48.33,2.42,36.25,6.58,1.67,0.58,214.0,24.8,0.12,0.46,0.12,3.13,2.2,0.0,2.78,8.34,6.72,0.93,0.58,0.0,0.0,0.0,0.0,0.12,0.0,0.0,0.35,0.12,0.0,0.0,0.0,0.0,0.0,0.0,0.0,0.0,0.0,0.0,0.0,0.0,10.31,0.0,0.12,0.0,1.16,0.81,0.0,1.74,4.75,1.62,0.12,8.34,0.0,0.12,0.0,0.81,0.58,0.0,1.74,3.59,1.51,0.0,13.29,22.45,10.51,47.4,18.56,0.0,13.65,12.24,12.21,18.77,5.79,0.12,0.0,0.0,0.23,1.04,0.0,0.35,2.2,1.27,0.58,1.51,4.64,0.12,0.0,0.12,0.0,0.58,0.0,0.12,1.97,1.04,0.7,0.81,0.0,0.0,0.0,0.0,0.0,0.0,0.0,0.7,0.0,0.12,0.46,0.0,0.0,0.0,0.0,0.0,0.0,0.0,0.46,0.0,0.0,11.55,1170.0,135.59,0.35,2.9,393.0,45.54,38.59,84.73,84.32,12.97,0.93,6.61,10.43,0.0,0.93,26.65,4.87,3.71,34.3,11.82,9.97,84.31,81.5,1.27,0.23,21.09,4.17,69.44,2.9,9.5,30.77,-0.575,53.85,0.191,63.46,0.312,80.77,0.791,28.85,-0.74,53.85,0.106,63.46,0.078,48.08,-0.048,36.54,-0.375,53.85,0.132,40.38,-0.332,67.31,0.343,67.31,0.471,84.62,0.881,50.0,-0.169,26.92,-0.77,89.42,1.114,76.92,0.565,23.08,-0.706,86.54,1.133,36.54,-0.187,44.23,-0.201,98.08,1.44,0.585,1.424,0.809,-1.021,-0.441,-0.456,0.622,0.921,-0.89,-0.042,0.701,0.339,66.99,46.47,51.6,65.86,100.0,57.53,Balanced contributor,0.5935,0.4857
795526,Zachary Sapsford,Z. Sapsford,2002-08-16,2902,Western Sydney Wanderers FC,Western Sydney Wanderers FC,Center Forward,Center Forward,1,1406.0,20,19.33,19.73,8784.15,124.95,1326.0,541.65,48.05,160.15,8.55,701.8,56.6,69.2,4.05,57.1,8.8,3.0,0.67,1.0,1.37,29.02,30.86,3036.0,157.03,549.15,286.05,25.45,112.2,5.15,398.25,30.6,27.2,1.6,17.9,2.55,0.9,0.35,3225.35,163.47,630.3,205.9,17.3,38.55,1.9,244.45,19.2,22.0,1.0,19.15,2.3,0.6,0.15,570.0,46.12,8.98,1.38,6.55,0.08,0.16,1.54,3.72,19.17,4.37,0.16,3.07,1.21,0.0,0.32,0.0,0.0,0.16,0.0,1.21,0.16,0.0,0.73,0.24,0.0,0.16,0.0,0.0,0.0,0.0,0.32,0.0,0.0,16.99,4.85,0.81,2.1,0.0,0.16,0.24,2.18,5.42,1.21,0.0,11.33,2.99,0.49,0.89,0.0,0.16,0.16,1.86,3.96,0.81,0.0,14.72,15.92,6.55,18.62,44.56,6.72,14.23,13.79,14.79,28.95,14.0,4.21,0.08,2.1,0.0,0.16,0.08,0.57,5.5,1.21,0.08,8.66,22.9,5.34,0.0,6.31,0.0,0.08,0.24,0.08,8.17,2.59,0.08,8.17,2.99,0.0,2.02,0.0,0.08,0.16,0.08,2.02,0.81,0.0,4.85,1.86,0.0,0.81,0.0,0.08,0.08,0.08,1.46,0.49,0.0,9.96,751.0,60.76,0.24,2.91,215.0,17.39,11.73,67.44,67.45,13.27,0.4,6.23,1.78,1.21,0.49,1.86,0.73,0.57,27.99,9.3,6.15,66.09,63.87,1.78,0.24,22.41,6.31,55.13,3.48,7.04,45.65,-0.224,36.96,-0.446,34.78,-0.471,52.17,-0.053,2.17,-2.367,2.17,-2.135,60.87,0.433,95.65,1.167,43.48,-0.105,93.48,1.504,95.65,1.795,93.48,1.21,8.7,-0.388,73.91,0.533,86.96,1.056,73.91,-0.012,84.78,0.985,69.57,0.475,54.35,0.113,45.65,-0.015,39.13,-0.341,41.3,-0.093,89.13,1.16,0.277,-0.617,-0.49,-1.183,-1.368,-0.915,0.445,0.806,-1.963,1.282,0.575,0.045,38.04,44.56,80.44,66.3,100.0,57.13,Box-movement threat,-0.3165,1.713
458606,Tass Mourdoukoutas,T. Mourdoukoutas,1999-03-03,871,Perth Glory Football Club,Perth Glory Football Club,Central Defender,Central Defender,1,674.03,7,25.59,28.81,10723.43,111.37,1344.14,411.0,37.29,88.71,5.86,499.71,43.14,105.43,3.57,86.57,9.29,2.29,0.82,1.0,1.61,27.21,27.64,3390.86,132.52,454.14,71.29,7.57,8.71,0.29,80.0,7.86,31.29,0.57,24.86,2.29,0.0,0.0,4284.43,148.73,711.71,307.43,25.57,71.0,4.43,378.43,30.0,46.0,1.29,34.43,3.43,0.86,0.43,58.0,15.35,0.0,0.26,0.0,13.23,0.0,0.0,0.0,0.0,1.85,0.0,0.0,0.0,0.0,0.0,0.0,0.0,0.0,0.0,0.0,0.0,0.0,0.0,0.0,0.0,0.0,0.0,0.0,0.0,0.0,0.0,0.0,0.0,5.82,0.0,0.26,0.0,5.29,0.0,0.0,0.0,0.0,0.26,0.0,5.82,0.0,0.26,0.0,5.29,0.0,0.0,0.0,0.0,0.26,0.0,11.01,0.0,18.14,0.0,0.0,0.0,0.0,0.0,8.78,0.0,0.79,0.0,0.0,0.0,0.79,0.0,0.0,0.0,0.0,0.0,0.0,0.0,0.53,0.0,0.0,0.0,0.0,0.0,0.0,0.0,0.0,0.53,0.0,0.0,0.0,0.0,0.0,0.0,0.0,0.0,0.0,0.0,0.0,0.0,0.0,0.0,0.0,0.0,0.0,0.0,0.0,0.0,0.0,0.0,0.0,11.19,592.0,156.64,0.0,0.53,237.0,62.71,50.27,80.17,90.27,20.09,5.56,16.14,12.17,0.26,0.0,44.45,12.7,8.2,24.34,7.94,7.14,90.0,88.8,0.0,0.0,2.12,0.53,0.0,0.0,7.67,75.93,0.746,59.26,0.182,62.96,0.237,68.52,0.305,51.85,0.029,57.41,0.196,84.26,0.57,92.59,1.36,19.44,-0.73,94.44,1.615,37.96,-0.443,92.59,1.513,18.52,0.006,18.52,-0.842,87.04,1.021,46.3,-0.15,33.33,-0.488,69.44,0.443,18.52,-0.974,77.78,0.652,46.3,-0.031,33.33,-0.45,87.04,1.07,0.188,0.844,0.495,-1.242,-0.434,-0.557,0.722,0.897,-0.689,0.916,-0.003,0.319,66.98,50.93,70.21,45.53,74.89,56.74,Balanced contributor,0.5334,0.5654
11887,Andrew  Nabbout,A. Nabbout,1992-12-17,2380,Melbourne City FC,Melbourne City FC,Center Forward,Center Forward,1,191.16,2,28.25,25.35,10841.0,113.42,1356.5,699.5,69.5,246.5,15.5,946.0,85.0,104.0,6.5,90.0,13.5,4.0,0.0,0.5,0.0,29.65,29.65,3913.0,138.51,548.5,304.5,35.0,165.5,7.5,470.0,42.5,40.5,3.0,29.0,3.5,2.5,0.5,3920.0,154.64,683.5,337.5,28.0,68.5,5.0,406.0,33.0,34.5,1.5,31.0,4.5,0.0,0.0,70.0,37.48,13.39,2.14,10.17,0.0,0.0,0.0,0.0,8.57,3.21,0.0,1.61,0.54,0.0,0.0,0.0,0.0,0.0,0.0,0.54,0.54,0.0,0.0,0.0,0.0,0.0,0.0,0.0,0.0,0.0,0.0,0.0,0.0,14.46,4.82,1.61,4.28,0.0,0.0,0.0,0.0,2.68,1.07,0.0,7.5,2.68,1.61,1.07,0.0,0.0,0.0,0.0,1.61,0.54,0.0,13.39,14.89,7.42,11.79,0.0,0.0,0.0,12.83,17.6,0.0,13.39,8.03,0.0,1.07,0.0,0.0,0.0,0.0,3.75,0.54,0.0,10.71,26.24,10.17,0.0,10.17,0.0,0.0,0.0,0.0,4.28,1.61,0.0,9.64,3.21,0.0,4.28,0.0,0.0,0.0,0.0,1.07,1.07,0.0,4.28,1.61,0.0,1.07,0.0,0.0,0.0,0.0,1.07,0.54,0.0,0.0,82.0,43.91,0.0,0.54,23.0,12.31,8.03,65.22,75.43,18.74,1.61,3.21,2.14,0.54,0.0,1.61,1.07,0.54,18.2,5.89,3.75,63.64,70.44,0.0,0.0,14.99,3.21,50.0,1.61,3.75,19.57,-0.809,93.48,1.473,93.48,1.448,93.48,1.436,71.74,0.659,84.78,0.967,84.78,0.886,54.35,0.281,69.57,0.411,65.22,0.174,63.04,0.155,73.91,0.592,36.96,0.1,21.74,-0.745,43.48,-0.311,69.57,-0.046,19.57,-1.144,36.96,-0.463,67.39,0.556,56.52,0.129,91.3,1.44,89.13,1.117,28.26,-0.462,1.076,1.461,1.521,-0.072,-0.339,-0.362,-1.649,-1.067,0.574,0.533,-0.566,0.932,71.38,75.73,68.48,38.05,35.0,56.5,Balanced contributor,2.0422,-0.7814
560987,Trent Ostler,T. Ostler,2002-04-03,871,Perth Glory Football Club,Perth Glory Football Club,Wide Attacker,Full Back; Wide Attacker,2,1596.42,18,20.6438,29.4099,10650.5774,120.0207,1654.275,694.4027,63.9076,212.4607,12.4251,906.8711,76.3327,117.8576,6.899,102.8244,18.0117,4.5117,0.6766,1.4349,1.3506,29.08,30.02,3137.1086,153.3317,594.6596,289.3478,26.1387,120.0988,5.9291,409.4466,32.0679,36.8376,2.5592,24.9893,4.1243,1.7805,0.5,4433.3499,150.7425,878.9186,356.8005,31.36,80.193,4.7747,436.9936,36.1271,49.582,2.1661,41.2195,7.3165,1.3972,0.4466,194.0,37.2064,3.2581,2.6864,2.8733,0.9569,1.9165,0.9564,3.259,14.7718,6.1351,0.3811,0.1942,0.0,0.0,0.0,0.0,0.0,0.0,0.0,0.1942,0.0,0.0,0.0,0.0,0.0,0.0,0.0,0.0,0.0,0.0,0.0,0.0,0.0,11.1232,0.5721,0.5753,0.7663,0.191,1.1474,0.0,1.5363,5.3687,0.7663,0.1942,7.865,0.3852,0.3811,0.0,0.191,0.9564,0.0,1.5363,3.646,0.5721,0.1942,14.3008,21.769,9.5714,10.2393,17.0087,8.05,10.7013,14.5232,15.3081,18.93,12.8486,1.9206,0.0,0.5753,0.0,0.9601,0.0,0.1942,7.0946,1.9169,0.1942,4.0308,9.0188,2.1075,0.0,2.8733,0.0,0.0,0.0,0.0,2.8733,1.1474,0.0,2.1107,0.3852,0.0,0.7663,0.0,0.0,0.0,0.0,0.9564,0.0,0.0,0.9605,0.191,0.0,0.0,0.0,0.0,0.0,0.0,0.7695,0.0,0.0,16.7501,610.0,116.9903,0.0,2.8733,177.0,33.9504,24.7382,73.1756,76.5813,14.8146,1.3416,6.136,7.2871,1.1543,0.9605,11.6946,2.681,1.3421,31.4558,9.3981,7.4776,79.4244,70.3679,1.5317,0.0,22.6315,5.9458,42.1496,2.4959,9.9726,57.14,-0.061,73.21,0.679,75.0,0.717,80.36,0.798,98.21,1.574,100.0,1.946,25.0,-0.623,50.0,0.133,35.71,-0.481,17.86,-0.505,10.71,-1.463,26.79,-0.421,37.5,0.093,25.0,-0.639,78.57,0.703,53.57,-0.149,51.79,0.06,44.64,0.1,46.43,-0.076,76.79,0.816,71.43,0.486,64.29,0.21,64.29,0.243,0.587,0.967,0.954,0.352,0.476,-0.094,0.377,0.557,0.784,-0.685,0.037,0.462,82.14,65.78,27.68,48.51,100.0,56.24,High-output carrier,1.0556,-0.8497
27003,Kazuki Nagasawa,K. Nagasawa,1991-12-16,867,Wellington Phoenix FC,Wellington Phoenix FC,Midfield,Center Forward; Midfield; Wide Attacker,3,1219.42,15,22.9408,26.3002,9886.307,121.1658,1608.9139,465.2781,38.2715,94.7147,4.7498,560.0004,43.0213,96.1078,3.4848,82.5077,8.8879,2.0136,0.7188,0.4369,0.0,27.9,27.9,3558.9584,155.3474,735.1203,232.9337,17.9678,54.6746,2.2286,287.6084,20.1909,37.307,1.1307,26.1747,2.6808,0.5142,0.0644,3950.7385,150.2823,760.6861,205.3146,18.0059,32.5716,1.613,237.8881,19.6113,40.9903,1.1786,33.7086,3.2384,0.7766,0.0,383.0,42.0657,1.5357,13.0658,2.852,0.6558,0.3323,0.547,1.4305,12.0839,9.441,0.1137,1.5363,0.2198,0.0,0.547,0.0,0.0,0.0,0.1137,0.3323,0.3323,0.0,0.2186,0.0,0.0,0.0,0.0,0.0,0.0,0.0,0.2186,0.0,0.0,15.2677,0.773,4.6169,1.204,0.3323,0.1137,0.1137,0.9845,4.3884,2.7421,0.0,11.6378,0.2198,4.5033,0.547,0.3323,0.0,0.1137,0.4372,3.0748,2.4185,0.0,12.9553,14.2298,9.5049,18.8138,13.61,16.0005,11.5498,13.7352,13.7395,6.72,8.1239,0.9923,0.3323,1.3137,0.0,0.3323,0.1137,0.1137,3.076,1.8673,0.0,3.2985,9.8824,1.0959,0.1137,2.7471,0.0,0.2186,0.0,0.0,3.1835,2.5244,0.0,3.0795,0.553,0.0,1.204,0.0,0.1137,0.0,0.0,0.9854,0.2238,0.0,1.5406,0.1101,0.0,0.547,0.0,0.0,0.0,0.0,0.6606,0.2238,0.0,8.73,1542.0,169.3469,0.2186,2.5253,486.0,53.3723,47.6647,89.2349,87.0277,16.1055,4.059,16.3674,10.7594,1.3184,0.5518,24.2713,6.4766,5.165,24.8235,9.7781,7.691,79.2619,74.1747,0.8744,0.1137,12.9601,3.6251,56.2894,2.1989,6.5885,55.0,-0.026,30.0,-0.605,21.67,-0.663,30.0,-0.564,26.67,-0.611,26.67,-0.743,83.33,0.785,90.0,1.0,75.0,0.366,95.0,1.678,88.33,1.484,96.67,1.978,46.67,0.03,53.33,-0.204,55.0,0.05,63.33,0.103,51.67,0.009,80.0,0.727,85.83,0.872,30.0,-0.719,45.0,-0.261,53.33,0.124,31.67,-0.429,-0.257,-0.549,-0.701,-0.042,-1.026,-0.213,0.444,-1.126,-0.45,1.411,0.238,0.173,29.17,48.47,88.06,58.33,100.0,56.12,Box-movement threat,-0.0424,1.2651
13244,Alex Gersbach,A. Gersbach,1997-05-08,2902,Western Sydney Wanderers FC,Western Sydney Wanderers FC,Full Back,Full Back,1,559.08,6,25.56,26.52,10676.17,114.57,1508.83,643.17,58.0,168.83,11.0,812.0,69.0,110.0,6.83,94.67,16.5,5.33,0.71,2.5,1.39,28.1,28.18,3516.5,137.59,570.17,255.17,24.33,82.17,5.33,337.33,29.67,34.67,2.17,26.67,4.0,1.67,0.67,3958.83,149.28,746.17,330.83,27.83,72.5,4.0,403.33,31.83,47.5,2.0,35.0,5.5,1.67,1.0,138.0,26.9,0.0,0.58,0.97,3.12,3.31,0.0,2.92,8.38,6.24,1.36,1.17,0.0,0.0,0.39,0.0,0.0,0.0,0.0,0.58,0.19,0.0,0.19,0.0,0.0,0.19,0.0,0.0,0.0,0.0,0.0,0.0,0.0,10.14,0.0,0.19,0.39,0.78,1.17,0.0,1.17,3.9,1.95,0.58,8.77,0.0,0.0,0.39,0.78,0.97,0.0,0.97,3.51,1.75,0.39,14.02,0.0,4.88,17.03,17.35,0.0,12.51,13.45,15.75,20.8,7.99,0.0,0.0,0.19,0.0,1.75,0.0,0.39,2.14,2.53,0.97,2.73,4.68,0.0,0.0,0.78,0.0,0.97,0.0,0.0,1.17,1.17,0.58,1.36,0.0,0.0,0.39,0.0,0.39,0.0,0.0,0.39,0.0,0.19,1.17,0.0,0.0,0.39,0.0,0.39,0.0,0.0,0.39,0.0,0.0,7.75,629.0,122.61,0.19,2.73,224.0,43.66,33.92,77.68,77.89,16.12,2.73,13.26,8.77,0.78,0.78,23.39,6.63,4.09,35.67,13.45,9.94,73.91,69.05,1.36,0.19,22.42,5.65,55.17,3.12,15.01,88.46,1.216,51.92,0.113,55.77,0.179,59.62,0.353,46.15,-0.045,55.77,0.256,65.38,0.095,61.54,0.254,80.77,0.692,61.54,0.319,88.46,0.977,63.46,0.283,13.46,-1.048,90.38,1.083,92.31,1.542,32.69,-0.606,82.69,0.907,75.0,0.551,17.31,-0.944,69.23,0.493,45.19,-0.094,28.85,-0.586,63.46,0.368,-0.038,0.577,0.348,0.193,-0.417,0.55,0.37,0.522,0.164,0.547,0.814,0.532,57.69,49.2,70.19,64.42,62.12,55.92,Balanced contributor,0.7798,0.8222
808608,Austin Ayoubi,A. Ayoubi,2001-07-27,866,Adelaide United Football Club,Adelaide United Football Club,Wide Attacker,Wide Attacker,1,270.8,4,21.88,18.4,7865.25,116.19,1072.0,552.25,58.75,238.25,12.25,790.5,71.0,94.75,7.5,69.75,21.0,5.75,0.73,3.5,1.34,30.1,30.1,3010.25,137.59,497.0,308.0,32.25,154.75,7.75,462.75,40.0,46.0,4.0,28.75,6.25,2.75,1.75,2733.0,148.5,467.0,187.0,20.5,68.5,2.75,255.5,23.25,25.75,1.5,19.25,4.5,1.0,0.75,53.0,40.4,6.86,0.76,9.15,1.52,0.76,0.76,3.05,12.96,3.81,0.76,4.57,0.76,0.0,0.76,0.0,0.0,0.0,0.0,3.05,0.0,0.0,0.0,0.0,0.0,0.0,0.0,0.0,0.0,0.0,0.0,0.0,0.0,22.87,6.1,0.76,3.05,0.76,0.76,0.76,0.76,9.15,0.76,0.0,14.48,3.05,0.76,1.52,0.76,0.0,0.76,0.0,6.86,0.76,0.0,16.33,18.46,9.39,19.47,10.86,7.33,13.17,18.14,10.38,8.76,24.39,6.1,0.0,6.86,0.0,0.76,0.0,1.52,9.15,0.0,0.0,9.15,20.58,3.05,0.0,9.15,0.0,0.76,0.0,0.0,3.81,3.05,0.76,8.38,2.29,0.0,3.05,0.0,0.76,0.0,0.0,2.29,0.0,0.0,4.57,0.76,0.0,1.52,0.0,0.0,0.0,0.0,2.29,0.0,0.0,8.27,159.0,121.19,0.0,3.05,46.0,35.06,28.96,82.61,75.6,16.4,4.57,8.38,4.57,2.29,2.29,9.15,0.76,0.76,43.45,14.48,9.91,68.42,66.96,0.76,0.0,43.45,13.72,66.67,9.15,11.43,96.43,2.249,58.93,0.231,55.36,0.154,30.36,-0.495,35.71,-0.385,14.29,-1.095,92.86,1.482,69.64,0.409,92.86,1.466,94.64,1.263,100.0,2.907,96.43,2.094,25.0,0.039,98.21,2.614,87.5,1.155,28.57,-0.574,60.71,0.174,91.07,0.995,83.04,0.736,8.93,-1.312,66.07,0.43,75.0,0.604,42.86,-0.329,0.051,-1.289,-0.645,0.724,1.293,0.92,0.573,0.54,0.624,1.961,0.959,1.057,31.85,67.71,91.07,65.18,35.0,55.42,Depth runner,1.2797,1.7677
795528,Kane Vidmar,K. Vidmar,2004-06-04,1803,Western United,Western United,Central Defender,Central Defender,1,280.59,3,30.14,24.6,10470.33,111.94,1379.0,503.33,43.67,166.33,9.33,669.67,53.0,123.33,4.67,99.33,15.0,3.67,0.98,0.33,0.0,28.03,28.03,3822.0,126.81,526.33,85.0,10.0,17.33,1.0,102.33,11.0,43.0,1.33,33.67,3.33,0.0,0.0,3863.67,157.06,681.67,362.33,30.0,141.67,7.0,504.0,37.0,43.67,2.0,32.0,3.67,1.67,0.33,14.0,7.74,0.0,1.11,0.0,6.09,0.0,0.0,0.0,0.0,0.55,0.0,0.0,0.0,0.0,0.0,0.0,0.0,0.0,0.0,0.0,0.0,0.0,0.0,0.0,0.0,0.0,0.0,0.0,0.0,0.0,0.0,0.0,0.0,2.77,0.0,0.55,0.0,1.66,0.0,0.0,0.0,0.0,0.55,0.0,2.77,0.0,0.55,0.0,1.66,0.0,0.0,0.0,0.0,0.55,0.0,10.62,0.0,8.6,0.0,0.0,0.0,0.0,0.0,6.79,0.0,0.0,0.0,0.0,0.0,0.0,0.0,0.0,0.0,0.0,0.0,0.0,0.0,0.0,0.0,0.0,0.0,0.0,0.0,0.0,0.0,0.0,0.0,0.0,0.0,0.0,0.0,0.0,0.0,0.0,0.0,0.0,0.0,0.0,0.0,0.0,0.0,0.0,0.0,0.0,0.0,0.0,0.0,0.0,0.0,0.0,11.33,285.0,157.66,0.0,0.0,119.0,65.83,59.75,90.76,93.66,19.04,6.09,8.85,11.06,0.0,0.0,29.32,8.3,5.53,20.47,9.96,8.85,88.89,86.07,0.0,0.0,0.55,0.0,0.0,0.0,6.09,25.93,-0.792,88.89,1.406,87.04,1.225,92.59,1.593,98.15,2.026,100.0,1.886,19.44,-0.765,38.89,-0.348,19.44,-0.73,44.44,-0.279,37.96,-0.443,44.44,-0.324,85.19,0.276,18.52,-0.842,70.37,0.294,12.96,-0.964,9.26,-1.142,94.44,1.299,44.44,-0.201,85.19,0.824,100.0,1.973,100.0,2.185,88.89,1.176,1.282,0.526,1.324,0.428,2.468,1.157,1.257,-1.274,1.719,-0.681,-0.28,0.87,92.28,75.0,34.1,48.46,35.0,54.88,High-output carrier,2.0877,-1.5615
795527,Matthew Grimaldi,M. Grimaldi,2003-11-28,1803,Western United,Western United,Wide Attacker,Midfield; Wide Attacker,2,1302.79,17,22.3049,23.1427,10005.3357,130.5568,1689.018,695.1248,61.5269,166.5192,9.5269,861.644,71.0538,94.2286,5.0027,77.7083,14.121,3.6425,0.69,1.0,1.42,28.2,29.66,3563.6547,159.8121,702.2907,331.5309,29.0,93.7595,5.2352,425.2904,34.2352,35.9973,1.7016,24.59,3.4704,1.2379,0.4167,3799.0943,164.2244,845.1323,321.5925,27.8844,63.9909,2.9435,385.5833,30.828,35.4679,1.8212,26.6479,5.4718,1.0565,0.3575,432.0,46.0437,1.7083,7.1421,5.0112,0.534,0.9594,2.1338,4.0489,17.2682,7.1397,0.1062,1.8079,0.3235,0.2172,0.3168,0.0,0.0,0.0,0.0,0.7422,0.2172,0.0,0.4254,0.0,0.0,0.2172,0.0,0.0,0.0,0.0,0.2172,0.0,0.0,13.4342,1.2829,1.8132,0.7422,0.1086,0.534,0.6403,1.2762,4.6862,2.3496,0.0,10.1238,0.7489,1.4897,0.4254,0.1086,0.4254,0.3235,1.1767,3.7268,1.7069,0.0,14.9979,23.4772,7.7034,22.7165,20.83,11.5224,13.8887,15.0497,15.8414,12.82,11.4043,1.4911,0.5317,1.7069,0.1086,0.6426,0.1086,0.2172,5.0083,1.5983,0.0,4.9011,14.5986,1.1743,0.1086,4.9026,0.0,0.1086,0.1086,0.1086,4.5867,3.5177,0.0,3.5172,0.7489,0.0,0.6426,0.0,0.0,0.0,0.0,1.2762,0.8485,0.0,2.3496,0.6403,0.0,0.3168,0.0,0.0,0.0,0.0,0.9594,0.423,0.0,14.22,1028.0,109.5794,0.534,2.4491,235.0,25.0511,18.8699,75.2087,80.3452,14.3621,0.9594,5.2255,4.8988,1.0657,1.1743,7.7838,1.5983,1.1729,34.4303,8.526,5.6472,66.6868,70.4739,1.1743,0.3168,40.0813,7.5689,55.6353,4.1575,5.7572,33.04,-0.547,60.71,0.236,67.86,0.457,83.93,0.804,32.14,-0.429,35.71,-0.363,66.07,0.393,87.5,0.896,48.21,-0.15,58.93,0.099,55.36,0.148,53.57,0.073,64.29,0.299,57.14,0.174,19.64,-0.601,42.86,-0.273,44.64,-0.214,25.0,-0.573,21.43,-0.776,80.36,0.943,30.36,-0.443,30.36,-0.492,96.43,1.815,0.742,0.444,0.448,-0.822,-0.587,-0.807,0.426,0.666,-1.117,0.297,-0.259,0.11,64.88,44.5,61.61,42.26,100.0,54.55,Balanced contributor,0.2691,0.0423
9175,Roderick Jefferson Gonçalves Miranda,Roderick Miranda,1991-03-30,868,Melbourne Victory Football Club,Melbourne Victory Football Club,Central Defender,Central Defender,1,2691.92,28,26.45,23.38,9509.14,98.91,1079.57,400.57,37.54,125.61,7.25,526.18,44.79,101.43,4.57,78.86,12.14,2.43,0.75,0.43,1.43,28.42,30.1,3134.25,118.52,347.5,86.07,7.68,16.57,0.96,102.64,8.64,25.21,1.11,20.82,2.11,0.39,0.04,3257.64,139.31,559.82,270.32,25.07,94.89,4.75,365.21,29.82,43.29,1.75,28.46,4.32,1.0,0.18,132.0,6.82,0.0,0.36,0.0,5.27,0.05,0.0,0.15,0.21,0.62,0.15,0.1,0.0,0.0,0.0,0.0,0.0,0.0,0.05,0.0,0.05,0.0,0.0,0.0,0.0,0.0,0.0,0.0,0.0,0.0,0.0,0.0,0.0,2.68,0.0,0.1,0.0,1.96,0.05,0.0,0.1,0.1,0.21,0.15,2.53,0.0,0.1,0.0,1.91,0.05,0.0,0.1,0.1,0.21,0.05,11.86,0.0,9.05,0.0,26.95,0.0,9.88,6.71,7.25,17.49,0.57,0.0,0.0,0.0,0.41,0.05,0.0,0.0,0.0,0.0,0.1,0.26,0.21,0.0,0.0,0.0,0.0,0.0,0.0,0.0,0.0,0.15,0.05,0.05,0.0,0.0,0.0,0.0,0.0,0.0,0.0,0.0,0.0,0.05,0.05,0.0,0.0,0.0,0.0,0.0,0.0,0.0,0.0,0.0,0.05,12.54,3223.0,166.41,0.1,1.39,1117.0,57.67,49.67,86.12,88.88,21.1,7.69,8.16,12.65,0.1,0.0,50.5,15.75,11.67,21.07,8.05,6.66,82.69,79.23,0.26,0.0,4.03,0.88,52.94,0.46,8.78,35.19,-0.563,68.52,0.387,66.67,0.276,62.96,0.159,33.33,-0.418,18.52,-0.825,51.85,-0.236,27.78,-0.555,70.37,0.13,38.89,-0.428,89.81,0.651,40.74,-0.378,14.81,-0.104,77.78,0.442,92.59,1.532,83.33,0.908,81.48,0.573,57.41,0.203,61.11,0.167,25.93,-0.652,79.63,0.772,83.33,0.803,15.74,-1.256,-0.175,-0.681,-0.083,0.276,1.015,-0.383,0.488,0.654,-0.488,-0.192,0.924,-0.03,37.5,64.82,53.24,67.9,100.0,54.54,Balanced contributor,-0.2574,0.7768
51686,Archie Goodwin,A. Goodwin,2004-11-07,866,Adelaide United Football Club,Adelaide United Football Club,Center Forward,Center Forward; Wide Attacker,2,1338.04,17,22.9088,21.6681,9015.4972,114.5326,1269.3688,519.4238,54.3571,198.3782,11.1725,717.8114,65.5203,95.8412,7.9923,78.8356,16.5258,5.0525,0.65,1.5882,1.27,30.42,31.32,3141.0343,137.1367,507.7372,260.8757,27.7027,125.4241,6.5843,386.3092,34.287,34.5865,2.701,22.1205,4.701,1.9961,0.827,3270.1439,150.9079,608.5825,214.247,20.9961,60.412,3.3494,274.6589,24.3456,31.0701,1.8872,27.5323,3.7048,0.8872,0.1128,450.0,40.3184,10.3973,0.8053,17.9164,0.0,0.0,0.0898,0.3624,9.8551,0.8921,0.0,1.617,0.539,0.0,0.8921,0.0,0.0,0.0,0.0,0.0929,0.0929,0.0,0.4461,0.0,0.0,0.4461,0.0,0.0,0.0,0.0,0.0,0.0,0.0,13.2564,2.7755,0.5358,6.7181,0.0,0.0,0.0,0.3624,2.5951,0.2695,0.0,4.7479,1.5241,0.4522,1.4373,0.0,0.0,0.0,0.3624,0.8053,0.1766,0.0,14.3106,14.1994,8.4599,16.1937,0.0,8.41,15.27,11.549,13.92,0.0,14.5101,4.8386,0.1766,7.0796,0.0,0.0,0.0,0.2695,1.9692,0.1766,0.0,17.5632,31.3554,8.3342,0.0,17.8266,0.0,0.0,0.0898,0.0,4.3886,0.7156,0.0,9.7631,2.0599,0.0,6.7181,0.0,0.0,0.0,0.0,0.7156,0.2695,0.0,2.9614,1.078,0.0,1.4373,0.0,0.0,0.0,0.0,0.2695,0.1766,0.0,0.0,373.0,33.4238,0.0,0.5358,116.0,10.3941,7.4398,71.4027,76.7595,10.3817,0.0929,4.0323,1.1678,0.6226,0.1827,0.3593,0.1766,0.0929,11.4721,3.5863,2.3294,65.1653,70.8586,0.1766,0.0,10.5738,2.4224,67.9476,1.7007,3.0504,78.26,0.463,60.87,0.157,56.52,0.093,50.0,-0.263,56.52,-0.05,47.83,-0.086,97.83,1.579,73.91,0.572,100.0,2.134,10.87,-0.782,65.22,0.163,63.04,0.298,50.0,0.181,23.91,-0.683,30.43,-0.602,36.96,-0.543,17.39,-1.148,15.22,-1.019,86.96,1.098,36.96,-0.282,63.04,0.331,71.74,0.443,32.61,-0.306,0.246,-0.384,-0.082,0.605,0.324,0.221,0.383,0.67,0.088,0.846,-0.827,0.159,47.46,67.75,68.48,28.99,100.0,54.52,Balanced contributor,0.3571,-0.216
51664,Jack Clisby,J. Clisby,1992-02-16,2902,Western Sydney Wanderers FC,Western Sydney Wanderers FC,Full Back,Full Back,1,1589.84,17,26.54,26.01,10336.12,110.53,1350.88,601.71,54.76,208.12,10.76,809.82,65.53,108.24,6.88,93.47,16.65,4.59,0.66,1.24,1.24,29.48,31.06,3662.94,138.03,558.18,254.71,24.06,104.24,4.71,358.94,28.76,36.41,2.47,27.47,4.24,1.71,0.47,3691.65,141.95,638.82,303.12,25.82,89.0,4.29,392.12,30.12,42.94,2.06,31.59,5.29,1.47,0.41,351.0,28.45,1.38,0.49,0.65,2.11,3.73,0.0,1.62,10.21,7.7,0.57,0.97,0.08,0.0,0.0,0.0,0.24,0.0,0.0,0.41,0.24,0.0,0.08,0.0,0.0,0.0,0.0,0.0,0.0,0.0,0.08,0.0,0.0,9.97,0.65,0.16,0.16,0.73,1.13,0.0,0.73,4.3,1.86,0.24,9.0,0.24,0.16,0.08,0.65,1.13,0.0,0.73,3.89,1.86,0.24,14.42,15.96,8.99,13.48,22.61,0.0,9.05,13.02,14.96,18.59,9.65,0.97,0.0,0.24,0.0,1.95,0.0,0.16,3.32,2.59,0.41,1.7,6.48,1.13,0.0,0.57,0.0,1.22,0.0,0.0,2.19,1.05,0.32,2.03,0.49,0.0,0.16,0.0,0.32,0.0,0.0,0.81,0.16,0.08,1.54,0.16,0.0,0.08,0.0,0.32,0.0,0.0,0.73,0.16,0.08,8.3,1433.0,116.16,0.08,2.11,526.0,42.64,34.21,80.23,79.21,16.5,2.35,10.62,9.48,1.38,0.65,26.59,6.65,4.86,41.02,15.73,12.08,76.8,70.86,1.13,0.16,17.67,5.51,51.47,2.84,12.16,34.62,-0.373,42.31,-0.214,46.15,-0.221,53.85,-0.101,42.31,-0.249,51.92,0.091,80.77,0.844,63.46,0.476,46.15,-0.208,69.23,0.418,67.31,0.533,57.69,0.222,21.15,-0.736,78.85,0.826,82.69,0.657,42.31,-0.274,55.77,0.153,90.38,1.548,67.31,0.32,34.62,-0.493,40.38,-0.183,57.69,0.06,34.62,-0.485,-0.164,0.06,-0.252,0.236,-0.373,-0.139,0.16,0.272,-0.236,0.477,0.729,0.179,43.27,50.0,64.1,61.86,100.0,54.44,Balanced contributor,0.063,0.9604
809166,Adriano Lebib,A. Lebib,2006-01-29,871,Perth Glory Football Club,Perth Glory Football Club,Central Defender,Central Defender,1,693.14,7,19.55,33.06,10618.57,107.24,1314.0,378.14,37.43,121.43,6.57,499.57,44.0,96.14,4.57,78.57,8.29,3.14,0.65,1.57,1.32,29.64,30.68,2761.43,141.23,437.0,103.86,10.29,25.43,1.14,129.29,11.43,22.57,1.29,16.86,1.71,0.86,0.43,4624.86,139.9,720.29,238.86,23.14,87.43,4.14,326.29,27.29,48.43,2.0,36.14,2.57,1.57,0.86,35.0,18.23,0.0,0.52,0.0,16.67,0.0,0.0,0.0,0.52,0.52,0.0,0.0,0.0,0.0,0.0,0.0,0.0,0.0,0.0,0.0,0.0,0.0,0.0,0.0,0.0,0.0,0.0,0.0,0.0,0.0,0.0,0.0,0.0,6.25,0.0,0.0,0.0,6.25,0.0,0.0,0.0,0.0,0.0,0.0,6.25,0.0,0.0,0.0,6.25,0.0,0.0,0.0,0.0,0.0,0.0,11.93,0.0,10.98,0.0,0.0,0.0,0.0,9.85,13.84,0.0,1.04,0.0,0.0,0.0,1.04,0.0,0.0,0.0,0.0,0.0,0.0,0.0,0.0,0.0,0.0,0.0,0.0,0.0,0.0,0.0,0.0,0.0,0.0,0.0,0.0,0.0,0.0,0.0,0.0,0.0,0.0,0.0,0.0,0.0,0.0,0.0,0.0,0.0,0.0,0.0,0.0,0.0,0.0,0.0,0.0,11.96,218.0,113.54,0.52,1.56,96.0,50.0,41.67,83.33,91.35,17.63,3.12,16.67,8.85,0.52,0.0,21.88,6.77,4.17,20.31,10.42,8.33,80.0,91.28,0.0,0.0,1.04,0.52,0.0,0.0,4.69,100.0,2.055,62.96,0.289,64.81,0.259,46.3,-0.154,14.81,-1.008,14.81,-0.864,19.44,-0.765,98.15,2.007,19.44,-0.73,96.3,1.882,37.96,-0.443,96.3,1.772,35.19,0.092,18.52,-0.842,35.19,-0.351,9.26,-1.378,84.26,0.782,90.74,1.039,87.04,1.316,70.37,0.504,62.96,0.379,81.48,0.661,64.81,0.299,0.565,0.712,0.54,0.276,-0.942,0.499,0.154,0.506,-0.154,0.878,-0.171,0.528,45.68,73.76,61.26,45.53,77.02,54.14,Balanced contributor,1.0107,0.1854
966118,Harry  Sawyer,H. Sawyer,1996-12-31,1804,Macarthur FC,Macarthur FC,Center Forward,Center Forward,1,100.82,1,25.3,27.87,10972.0,108.83,1447.0,619.0,58.0,106.0,6.0,725.0,64.0,118.0,9.0,103.0,26.0,4.0,0.0,2.0,0.0,26.7,26.7,3850.0,152.17,694.0,352.0,34.0,89.0,4.0,441.0,38.0,44.0,2.0,31.0,6.0,1.0,0.0,3718.0,133.42,583.0,247.0,20.0,16.0,1.0,263.0,21.0,31.0,2.0,33.0,8.0,1.0,1.0,38.0,44.85,9.44,1.18,10.62,0.0,0.0,2.36,2.36,14.16,3.54,1.18,2.36,0.0,0.0,1.18,0.0,0.0,0.0,0.0,1.18,0.0,0.0,0.0,0.0,0.0,0.0,0.0,0.0,0.0,0.0,0.0,0.0,0.0,12.98,1.18,0.0,4.72,0.0,0.0,1.18,2.36,2.36,0.0,1.18,5.9,0.0,0.0,1.18,0.0,0.0,1.18,1.18,2.36,0.0,0.0,13.25,9.15,8.12,20.65,0.0,14.65,12.67,12.02,9.71,8.22,8.26,2.36,0.0,2.36,0.0,0.0,1.18,0.0,2.36,0.0,0.0,10.62,29.5,8.26,0.0,10.62,0.0,0.0,0.0,0.0,5.9,3.54,1.18,7.08,0.0,0.0,4.72,0.0,0.0,0.0,0.0,1.18,0.0,1.18,2.36,0.0,0.0,1.18,0.0,0.0,0.0,0.0,1.18,0.0,0.0,0.0,52.0,61.37,0.0,2.36,16.0,18.88,15.34,81.25,73.71,13.36,1.18,9.44,4.72,2.36,1.18,3.54,0.0,0.0,31.86,9.44,8.26,87.5,74.82,3.54,0.0,28.32,5.9,80.0,4.72,4.72,85.87,0.944,57.61,0.054,63.04,0.419,71.74,0.677,95.65,1.876,100.0,2.192,95.65,1.327,93.48,1.037,65.22,0.388,36.96,-0.382,84.78,0.997,58.7,0.231,23.91,-0.005,89.13,1.381,56.52,0.092,17.39,-0.647,71.74,0.491,93.48,1.3,6.52,-1.52,73.91,0.555,19.57,-0.994,21.74,-0.852,15.22,-1.108,-0.68,1.594,0.535,1.062,2.399,-0.362,-1.649,-1.067,2.251,0.768,0.567,0.93,69.02,44.75,72.46,58.7,35.0,54.02,Box-movement threat,1.5918,0.2873
50994,Corey Brown,C. Brown,1994-01-07,1802,Brisbane Roar FC,Brisbane Roar FC,Full Back,Full Back,1,279.09,3,21.52,29.53,10476.0,112.61,1626.0,699.67,53.0,163.67,9.0,863.33,62.0,111.33,6.0,99.0,12.33,4.0,0.88,0.0,0.0,28.4,28.4,2967.0,137.89,531.67,260.67,19.33,57.33,3.33,318.0,22.67,27.67,1.33,23.67,3.33,1.33,0.0,4253.33,144.02,819.67,377.67,29.67,96.0,4.33,473.67,34.0,49.67,2.67,37.33,2.67,1.67,0.0,33.0,29.19,0.88,0.0,0.0,2.65,7.08,0.0,3.54,6.19,7.08,1.77,1.77,0.0,0.0,0.0,0.0,0.88,0.0,0.0,0.88,0.0,0.0,0.88,0.0,0.0,0.0,0.0,0.88,0.0,0.0,0.0,0.0,0.0,11.5,0.88,0.0,0.0,2.65,0.88,0.0,0.0,3.54,2.65,0.88,10.62,0.0,0.0,0.0,2.65,0.88,0.0,0.0,3.54,2.65,0.88,14.24,11.55,0.0,0.0,21.1,0.0,8.37,12.09,15.85,7.0,8.85,0.0,0.0,0.0,0.0,3.54,0.0,0.0,4.42,0.88,0.0,2.65,7.08,0.0,0.0,0.0,0.0,1.77,0.0,0.0,2.65,0.88,1.77,2.65,0.0,0.0,0.0,0.0,0.0,0.0,0.0,1.77,0.0,0.88,2.65,0.0,0.0,0.0,0.0,0.0,0.0,0.0,1.77,0.0,0.88,10.2,171.0,151.28,0.88,2.65,58.0,51.31,33.62,65.52,76.6,14.27,0.88,18.58,8.85,1.77,2.65,25.66,7.96,6.19,48.66,16.81,13.27,78.95,76.48,1.77,0.88,26.54,6.19,28.57,1.77,15.92,3.85,-1.937,21.15,-0.546,28.85,-0.439,88.46,0.971,53.85,0.109,82.69,0.849,86.54,1.094,75.0,0.583,73.08,0.623,90.38,1.12,100.0,2.309,80.77,0.766,11.54,-1.353,46.15,-0.156,96.15,1.825,61.54,0.3,75.0,0.81,96.15,2.102,26.92,-0.669,94.23,1.224,15.38,-0.841,23.08,-0.671,42.31,-0.046,-0.099,0.273,0.065,-0.522,-1.638,-0.689,1.083,-1.788,-0.595,1.357,1.183,0.62,63.78,31.09,84.3,64.42,35.0,53.77,Box-movement threat,0.6921,1.8215
560901,Henry Hore,H. Hore,1999-08-17,1802,Brisbane Roar FC,Brisbane Roar FC,Wide Attacker,Center Forward; Midfield; Wide Attacker,3,893.04,10,26.111,25.0078,11371.3241,126.7859,1923.9111,581.3048,50.7448,87.082,5.6428,668.3836,56.3876,112.6184,3.9153,100.1672,12.8029,2.8225,0.7339,0.6094,0.0,26.58,26.58,4026.6236,154.5244,779.93,265.4755,22.0255,48.1753,2.4549,313.6477,24.4804,41.9689,1.4147,30.6266,3.9005,0.9117,0.2027,4242.5778,169.617,985.601,276.1055,23.6768,29.559,1.4846,305.6676,25.1614,40.2911,1.2762,32.882,3.9908,0.6885,0.0,266.0,39.7642,1.9421,3.5909,6.431,0.6,0.5979,1.3474,3.4364,12.8557,8.2191,0.7492,1.4965,0.298,0.148,0.0,0.0,0.0,0.2972,0.0,0.7492,0.0,0.0,0.298,0.0,0.148,0.0,0.0,0.0,0.0,0.0,0.15,0.0,0.0,13.4567,0.7492,1.9401,2.0913,0.298,0.148,0.4472,1.792,4.4874,1.3456,0.148,10.4691,0.4479,1.7909,0.5985,0.298,0.148,0.4472,1.792,3.7369,1.1956,0.0,13.9482,16.0733,8.5503,20.2117,22.9287,9.9591,13.1197,11.4166,15.5168,15.539,8.3729,1.0484,0.0,2.3917,0.0,0.15,0.0,0.8948,2.543,1.0457,0.2992,7.7722,15.8468,1.0472,0.15,6.2818,0.0,0.15,0.1492,0.0,4.933,2.5427,0.5971,4.3349,0.298,0.0,1.9421,0.0,0.0,0.1492,0.0,1.4952,0.3,0.148,2.3922,0.298,0.0,0.4493,0.0,0.0,0.1492,0.0,1.1944,0.3,0.0,8.0621,781.0,116.7544,0.148,2.9921,255.0,38.1222,33.0403,86.7549,83.9045,13.3199,1.0492,10.7652,9.7164,0.7472,1.6417,7.9223,1.7909,1.0492,27.3581,10.3163,8.8202,85.6756,75.8971,1.4908,0.0,26.3084,5.3832,68.8978,3.4361,7.4727,14.29,-0.984,17.86,-0.997,23.21,-0.72,33.93,-0.231,89.29,1.13,98.21,1.702,75.0,0.62,66.07,0.354,82.14,0.942,64.29,0.191,44.64,-0.163,55.36,0.078,89.29,0.494,46.43,-0.179,46.43,-0.07,35.71,-0.363,58.93,0.137,75.0,0.594,1.79,-2.065,98.21,1.801,7.14,-1.688,5.36,-1.706,87.5,1.253,-0.728,1.55,0.301,-1.495,-0.948,-1.478,0.587,-1.561,-0.264,0.412,0.134,-0.049,70.83,14.29,64.58,58.63,99.23,52.99,Balanced contributor,-0.1776,0.4965
809826,Aydan Johnathan Hammond ,A. Hammond,2003-12-23,2902,Western Sydney Wanderers FC,Western Sydney Wanderers FC,Wide Attacker,Wide Attacker,1,294.2,4,19.44,23.24,9828.5,133.63,1836.0,613.5,56.25,112.0,6.75,725.5,63.0,106.0,3.75,88.25,16.25,3.75,0.75,0.75,0.0,27.02,27.02,3269.0,168.14,720.25,290.25,24.25,37.75,2.5,328.0,26.75,37.75,1.0,26.0,3.75,0.75,0.25,3874.0,166.68,919.0,283.25,28.0,64.25,3.25,347.5,31.25,42.75,1.0,34.25,6.0,0.75,0.0,102.0,51.74,3.04,5.58,6.09,1.52,1.52,1.01,5.58,18.26,9.13,0.0,2.03,0.0,0.0,0.51,0.0,0.0,0.0,0.0,0.51,1.01,0.0,0.0,0.0,0.0,0.0,0.0,0.0,0.0,0.0,0.0,0.0,0.0,14.71,1.52,0.51,2.54,1.01,0.51,0.0,3.04,3.55,2.03,0.0,11.16,1.01,0.51,1.01,1.01,0.51,0.0,2.03,3.04,2.03,0.0,14.24,18.05,7.39,20.12,21.21,18.11,11.06,15.81,11.15,0.0,11.16,1.52,0.0,2.54,0.51,1.52,0.0,0.0,4.57,0.51,0.0,8.12,20.8,2.03,1.01,6.09,0.0,0.51,0.0,0.0,9.64,1.52,0.0,5.07,0.51,0.0,2.54,0.0,0.0,0.0,0.0,2.03,0.0,0.0,3.04,0.0,0.0,1.01,0.0,0.0,0.0,0.0,2.03,0.0,0.0,10.13,223.0,113.12,0.0,5.07,61.0,30.94,29.42,95.08,87.37,14.56,1.52,7.61,8.62,1.01,1.01,6.59,1.52,1.52,31.96,8.62,7.61,88.24,79.45,1.52,0.0,25.36,5.07,90.0,4.57,3.55,16.07,-0.827,33.93,-0.441,42.86,-0.119,53.57,0.062,66.07,0.569,69.64,0.606,96.43,1.522,94.64,1.389,87.5,1.074,73.21,0.376,62.5,0.37,75.0,0.346,96.43,0.683,69.64,0.375,12.5,-1.285,60.71,-0.019,92.86,1.481,50.0,0.149,5.36,-1.715,96.43,1.48,10.71,-1.333,12.5,-1.325,100.0,2.274,0.064,0.301,0.105,-1.597,-0.005,-0.718,0.646,-1.561,-0.254,1.035,0.301,0.471,69.94,23.51,81.55,63.69,35.0,52.89,Box-movement threat,0.6125,0.8475
18573,Joe Lolley,J. Lolley,1992-08-25,869,Sydney Football Club,Sydney Football Club,Wide Attacker,Center Forward; Full Back; Midfield; Wide Attacker,4,2083.49,23,27.9184,20.879,10169.4292,112.052,1534.1582,601.2786,55.5033,159.9755,8.8502,761.2541,64.3535,107.4367,6.8946,86.2193,14.3217,4.2064,0.76,0.9547,1.38,28.83,30.2,3715.2303,133.2137,669.0561,301.4451,29.2679,97.1732,4.971,398.6183,34.2376,47.323,3.058,30.4527,4.8652,1.8453,0.5219,3277.9209,156.8053,683.2672,256.5444,21.4607,49.9747,2.526,306.5179,23.9855,31.5577,1.7383,23.9613,3.6995,0.8798,0.1297,592.0,32.0783,2.8167,1.5742,3.8473,0.9201,1.246,0.4897,1.8392,12.6289,5.9611,0.7555,2.3841,0.2717,0.0547,0.3824,0.1082,0.0,0.0,0.0,0.9736,0.5397,0.0547,0.4894,0.1091,0.0,0.1091,0.0535,0.0,0.0,0.0,0.1639,0.0547,0.0,13.8171,1.571,0.811,1.4652,0.3815,0.4355,0.1081,1.1374,5.4705,2.2731,0.1628,10.8899,0.9245,0.811,0.6478,0.3815,0.3259,0.0546,0.9747,4.6049,2.0612,0.1082,13.4596,14.4355,7.3267,17.282,15.5851,13.8999,12.4811,12.7771,13.0066,15.0287,9.917,1.7885,0.0547,1.2998,0.1639,0.7068,0.0547,0.4349,3.1956,1.8439,0.3806,5.5846,11.1646,1.5712,0.1082,3.6833,0.0,0.3818,0.0,0.0,3.0379,2.115,0.2713,4.1706,0.7064,0.0,1.4106,0.0,0.1628,0.0,0.0,0.9199,0.8667,0.1082,2.7664,0.488,0.0,0.5931,0.0,0.0547,0.0,0.0,0.8106,0.7027,0.1082,9.2564,2346.0,127.1317,0.5386,4.4438,691.0,37.4433,28.5028,75.6053,73.9544,13.897,1.841,10.9437,6.1264,1.9512,1.2993,10.6188,3.1451,2.2197,41.292,14.3611,10.1367,70.7022,64.3671,2.33,0.3268,37.7688,11.2173,51.2055,5.747,12.2469,28.57,-0.598,37.5,-0.327,39.29,-0.2,46.43,-0.049,71.43,0.691,60.71,0.419,37.5,-0.232,30.36,-0.31,53.57,0.11,67.86,0.303,78.57,0.724,62.5,0.155,17.86,-0.051,85.71,0.95,94.64,1.407,82.14,0.491,85.71,1.076,92.86,1.078,39.29,-0.275,64.29,0.377,23.21,-0.66,28.57,-0.592,17.86,-0.946,-0.57,0.577,0.03,0.349,-0.532,-0.345,0.683,0.603,-0.313,0.153,1.078,0.088,49.7,34.23,55.06,76.49,100.0,52.85,Progression hub,-0.1313,1.0993
10549,Trent Sainsbury,T. Sainsbury,1992-01-05,870,Central Coast Mariners Football Club,Central Coast Mariners Football Club,Central Defender,Central Defender; Full Back,2,1277.31,14,23.7359,29.3077,9731.8992,106.6282,1058.5327,332.0224,35.8637,114.6329,6.6374,446.646,42.5011,100.7113,4.4387,82.5956,10.7251,2.7875,0.69,1.0624,1.4,29.9,29.9,2931.9949,123.5065,310.0496,65.3391,6.1661,17.8058,0.8614,83.1449,7.0183,25.0945,1.0762,20.3831,2.0762,0.2263,0.0,4130.7243,140.9918,615.9618,230.8872,24.9817,86.7274,4.1363,317.6053,29.118,47.469,1.9261,34.1758,3.7251,1.3511,0.425,39.0,9.15,0.0,0.47,0.0,6.1,0.0,0.23,0.47,0.7,1.17,0.0,0.0,0.0,0.0,0.0,0.0,0.0,0.0,0.0,0.0,0.0,0.0,0.0,0.0,0.0,0.0,0.0,0.0,0.0,0.0,0.0,0.0,0.0,4.22,0.0,0.0,0.0,3.05,0.0,0.0,0.0,0.7,0.47,0.0,4.22,0.0,0.0,0.0,3.05,0.0,0.0,0.0,0.7,0.47,0.0,10.05,0.0,11.36,0.0,0.0,3.54,7.38,25.78,6.62,0.0,0.7,0.0,0.0,0.0,0.47,0.0,0.0,0.0,0.23,0.0,0.0,0.23,0.0,0.0,0.0,0.0,0.0,0.0,0.0,0.0,0.0,0.0,0.0,0.0,0.0,0.0,0.0,0.0,0.0,0.0,0.0,0.0,0.0,0.0,0.0,0.0,0.0,0.0,0.0,0.0,0.0,0.0,0.0,0.0,0.0,9.26,832.0,195.18,0.0,0.7,291.0,68.27,60.29,88.32,90.97,17.49,4.93,13.61,11.73,0.0,0.0,57.48,18.77,14.54,25.1,8.68,7.98,91.89,91.22,0.23,0.0,3.05,0.23,100.0,0.23,4.93,81.48,0.889,55.56,0.103,51.85,0.016,24.07,-0.797,25.93,-0.498,37.04,-0.33,19.44,-0.765,58.33,-0.032,64.81,0.031,70.37,0.622,37.96,-0.443,68.52,0.55,29.63,0.062,57.41,-0.2,40.74,-0.24,98.15,1.783,44.44,-0.279,85.19,0.864,96.3,1.561,24.07,-0.756,66.67,0.418,72.22,0.43,55.56,0.185,0.339,-0.401,-0.21,0.077,0.295,0.061,0.288,0.614,-0.098,-0.009,0.517,0.156,37.04,65.43,53.24,59.26,100.0,52.83,Balanced contributor,0.1761,0.381
735573,Thomas Aquilina,T. Aquilina,2001-02-02,1805,Newcastle United Jets FC,Newcastle United Jets FC,Wide Attacker,Central Defender; Full Back; Midfield; Wide Attacker,4,2420.61,25,28.888,27.7615,11238.4048,116.109,1700.346,736.6099,61.4231,202.1812,10.4425,938.7911,71.8656,108.2969,5.127,90.1249,15.0045,3.8462,0.7233,1.172,1.4068,29.66,30.46,3972.0305,137.8383,669.0588,299.1693,25.0206,98.5128,4.3163,397.677,29.3368,40.0652,1.7604,27.621,4.0816,1.1584,0.4798,4211.121,151.8154,833.5022,377.1781,30.9685,88.1965,4.5649,465.3746,35.5385,42.445,1.8871,32.7711,5.1178,1.3259,0.2849,503.0,29.3607,1.1083,2.2186,1.8672,2.978,1.1088,0.2905,3.0906,10.9766,4.8445,0.8743,0.8737,0.1174,0.0,0.1143,0.0,0.0,0.0,0.0,0.5277,0.1143,0.0,0.1725,0.0,0.0,0.0582,0.0,0.0,0.0,0.0,0.1143,0.0,0.0,9.6896,0.5239,0.9346,0.7002,0.8749,0.5267,0.0,1.1653,3.3301,1.4597,0.1749,8.3437,0.3481,0.8761,0.4073,0.8749,0.5267,0.0,1.1071,2.6853,1.4016,0.1167,13.6042,19.8599,11.1218,18.2841,18.4968,9.608,13.941,14.0953,13.9202,19.5744,6.5952,0.5247,0.1174,0.641,0.1164,0.7023,0.0,0.4099,2.689,0.8727,0.5236,3.4438,7.0615,0.7579,0.0585,1.5151,0.0,0.4655,0.0,0.0561,2.5668,1.3429,0.2902,1.9249,0.3514,0.0,0.4655,0.0,0.2337,0.0,0.0,0.4684,0.2899,0.1167,1.4575,0.1756,0.0,0.2899,0.0,0.2337,0.0,0.0,0.3518,0.2899,0.1167,7.7663,2308.0,134.7214,0.2307,1.6938,763.0,44.5404,36.7758,82.0073,84.8121,14.7239,1.8663,9.5151,10.8598,1.165,0.7018,23.3478,7.4146,5.8381,35.9604,11.6723,8.8115,74.7802,73.9388,1.0483,0.2307,22.3,4.9598,41.9523,2.1576,8.1754,42.86,-0.355,64.29,0.304,66.07,0.446,89.29,1.181,73.21,0.764,75.0,0.778,19.64,-0.979,25.0,-0.545,21.43,-0.704,28.57,-0.377,23.21,-0.785,14.29,-0.728,92.86,0.543,21.43,-0.804,60.71,0.147,98.21,3.132,25.0,-0.703,73.21,0.591,66.07,0.386,83.93,0.984,42.86,-0.15,50.0,0.053,41.07,-0.341,0.546,1.443,0.87,-0.745,-0.346,-0.64,0.548,0.645,-0.418,-0.839,0.633,0.185,71.13,59.53,22.02,61.9,100.0,52.75,Balanced contributor,0.431,-0.1377
51039,Noah Smith,N. Smith,2000-12-15,870,Central Coast Mariners Football Club,Central Coast Mariners Football Club,Full Back,Full Back,1,82.65,1,31.48,19.6,9663.0,116.91,1421.0,671.0,56.0,162.0,12.0,833.0,68.0,115.0,5.0,96.0,13.0,5.0,0.0,3.0,0.0,27.8,27.8,3999.0,127.02,613.0,281.0,26.0,82.0,5.0,363.0,31.0,51.0,1.0,35.0,4.0,1.0,0.0,2986.0,152.35,609.0,314.0,23.0,51.0,4.0,365.0,27.0,37.0,2.0,27.0,5.0,2.0,2.0,37.0,35.67,0.96,1.93,0.96,1.93,1.93,0.0,5.78,15.42,6.75,0.0,0.0,0.0,0.0,0.0,0.0,0.0,0.0,0.0,0.0,0.0,0.0,0.0,0.0,0.0,0.0,0.0,0.0,0.0,0.0,0.0,0.0,0.0,18.32,0.96,0.0,0.96,0.0,0.96,0.0,1.93,9.64,3.86,0.0,15.42,0.96,0.0,0.96,0.0,0.96,0.0,1.93,8.68,1.93,0.0,11.9,11.85,10.8,3.56,17.9,0.0,11.1,12.74,10.81,0.0,9.64,0.96,0.0,0.0,0.0,0.96,0.0,0.96,5.78,0.96,0.0,2.89,6.75,0.0,0.0,0.96,0.0,0.0,0.0,0.0,5.78,0.0,0.0,4.82,0.0,0.0,0.96,0.0,0.0,0.0,0.0,3.86,0.0,0.0,4.82,0.0,0.0,0.96,0.0,0.0,0.0,0.0,3.86,0.0,0.0,10.78,88.0,84.83,0.0,0.0,34.0,32.78,25.06,76.47,72.06,12.66,0.0,5.78,8.68,2.89,2.89,6.75,1.93,1.93,33.74,15.42,9.64,62.5,52.57,0.0,0.0,27.96,11.57,50.0,5.78,9.64,98.08,1.847,48.08,0.019,48.08,-0.068,75.0,0.657,71.15,0.534,61.54,0.438,84.62,0.957,94.23,1.513,82.69,0.832,100.0,3.199,7.69,-1.619,100.0,3.188,3.85,-2.426,100.0,3.526,51.92,-0.125,3.85,-1.538,3.85,-2.413,69.23,0.411,11.54,-1.219,51.92,-0.055,62.5,0.28,21.15,-0.699,76.92,0.862,0.109,-0.963,-0.243,-1.382,-1.442,0.242,-2.609,-1.788,0.883,1.685,-0.86,0.572,64.1,52.72,78.2,38.78,35.0,52.42,Box-movement threat,0.9993,0.0667
6799,Marco Rojas,M. Rojas,1991-11-05,867,Wellington Phoenix FC,Wellington Phoenix FC,Wide Attacker,Wide Attacker,1,68.47,1,24.22,19.92,9037.0,131.99,1446.0,695.0,60.0,249.0,12.0,944.0,72.0,85.0,4.0,75.0,14.0,4.0,0.0,0.0,0.0,29.0,29.0,3630.0,149.9,613.0,303.0,33.0,200.0,8.0,503.0,41.0,38.0,2.0,25.0,4.0,0.0,0.0,3235.0,162.43,707.0,333.0,26.0,47.0,3.0,380.0,29.0,27.0,1.0,26.0,6.0,1.0,0.0,39.0,47.77,12.25,7.35,8.57,1.22,1.22,1.22,0.0,11.02,3.67,1.22,1.22,0.0,0.0,0.0,1.22,0.0,0.0,0.0,0.0,0.0,0.0,0.0,0.0,0.0,0.0,0.0,0.0,0.0,0.0,0.0,0.0,0.0,14.7,4.9,3.67,1.22,1.22,1.22,0.0,0.0,2.45,0.0,0.0,8.57,2.45,3.67,1.22,1.22,0.0,0.0,0.0,0.0,0.0,0.0,15.32,18.93,8.9,16.25,32.68,7.57,0.0,14.98,12.11,9.59,14.7,8.57,0.0,2.45,0.0,1.22,0.0,0.0,2.45,0.0,0.0,11.02,25.72,12.25,0.0,8.57,0.0,1.22,0.0,0.0,2.45,1.22,0.0,7.35,4.9,0.0,1.22,0.0,1.22,0.0,0.0,0.0,0.0,0.0,3.67,2.45,0.0,1.22,0.0,0.0,0.0,0.0,0.0,0.0,0.0,20.09,51.0,62.47,0.0,4.9,13.0,15.92,13.47,84.62,74.35,15.51,0.0,1.22,2.45,1.22,1.22,6.12,2.45,2.45,14.7,6.12,4.9,80.0,66.78,3.67,0.0,20.82,6.12,80.0,4.9,6.12,2.68,-1.666,66.07,0.315,64.29,0.29,82.14,0.803,16.96,-1.211,25.0,-0.612,100.0,2.418,91.07,1.046,98.21,2.178,32.14,-0.317,39.29,-0.439,73.21,0.344,19.64,-0.029,75.0,0.536,26.79,-0.489,87.5,0.659,91.07,1.371,12.5,-0.847,43.75,-0.139,51.79,0.055,62.5,0.349,82.14,0.769,98.21,2.029,1.074,-0.34,0.113,-1.442,-0.62,-0.514,-2.1,-1.561,-0.578,1.066,0.262,0.74,56.69,56.25,72.32,52.08,35.0,52.23,Box-movement threat,1.1253,0.7193
14736,Louis Verstraete,L. Verstraete,1999-05-04,4177,Auckland FC,Auckland FC,Midfield,Midfield,1,1956.99,21,22.91,23.93,11724.86,125.81,2220.71,618.48,50.19,90.24,5.81,708.71,56.0,106.81,3.24,90.62,11.43,1.52,0.8,0.24,1.91,26.57,27.8,3813.1,166.42,851.81,161.1,13.9,18.29,1.0,179.38,14.9,33.57,0.9,24.38,2.57,0.38,0.0,4321.0,180.57,1160.86,406.62,31.86,66.86,3.33,473.48,35.19,42.76,1.05,32.0,4.48,0.38,0.14,197.0,23.45,0.24,7.98,0.48,2.26,0.0,1.07,1.55,2.38,6.67,0.83,0.48,0.0,0.12,0.0,0.0,0.0,0.0,0.12,0.0,0.12,0.12,0.0,0.0,0.0,0.0,0.0,0.0,0.0,0.0,0.0,0.0,0.0,6.78,0.0,2.74,0.12,0.95,0.0,0.12,0.71,0.6,1.31,0.24,6.19,0.0,2.38,0.0,0.95,0.0,0.12,0.71,0.6,1.19,0.24,12.4,13.94,12.28,14.4,0.0,13.0,13.26,12.69,12.29,10.27,2.98,0.24,1.07,0.24,0.24,0.0,0.24,0.12,0.36,0.24,0.24,0.83,2.62,0.24,0.0,0.48,0.0,0.0,0.0,0.0,0.24,1.67,0.0,0.36,0.0,0.0,0.12,0.0,0.0,0.0,0.0,0.12,0.12,0.0,0.12,0.0,0.0,0.0,0.0,0.0,0.0,0.0,0.12,0.0,0.0,12.14,1158.0,137.84,0.48,2.62,353.0,42.02,35.47,84.42,84.31,13.93,0.83,15.12,6.31,0.95,0.36,17.02,3.93,2.62,13.69,5.71,4.05,70.83,71.58,0.6,0.24,12.74,3.21,59.26,1.9,8.57,26.67,-0.59,75.83,0.692,76.67,0.76,83.33,0.842,60.0,0.33,48.33,0.04,38.33,-0.533,30.0,-0.53,36.67,-0.575,35.0,-0.493,52.5,-0.214,31.67,-0.57,26.67,-0.674,42.5,-0.393,81.67,0.858,26.67,-0.762,55.0,0.082,20.0,-0.774,37.5,-0.296,91.67,1.277,62.5,0.29,48.33,0.002,62.5,0.291,0.54,0.93,1.042,-0.307,0.07,-0.835,0.704,1.287,-0.746,-0.564,-0.553,-0.092,70.28,55.83,37.36,42.08,100.0,51.95,Balanced contributor,0.167,-0.8266
51694,Taras  Gomulka,T. Gomulka,2001-09-16,871,Perth Glory Football Club,Perth Glory Football Club,Midfield,Center Forward; Midfield,2,1661.38,17,20.6573,33.9019,12253.8424,125.3898,1977.2286,588.3155,44.7643,91.1593,5.4725,679.4654,50.2273,103.9697,2.8134,95.6352,10.87,1.8139,0.76,0.1132,0.0,26.76,28.36,3229.4387,156.3212,594.7478,131.0983,10.3578,18.4288,0.8779,149.5365,11.2357,28.4,0.7648,20.7648,2.1792,0.2357,0.0,5759.3916,169.8494,1242.9721,426.7289,31.0576,65.4789,3.2928,492.2078,34.3504,51.3995,0.8218,43.4005,4.9931,0.5861,0.0566,175.0,24.09,0.55,6.88,0.96,1.24,0.41,0.41,1.79,5.92,4.96,0.96,0.55,0.0,0.14,0.14,0.0,0.0,0.0,0.0,0.14,0.14,0.0,0.14,0.0,0.14,0.0,0.0,0.0,0.0,0.0,0.0,0.0,0.0,7.02,0.14,2.48,0.28,0.55,0.0,0.0,0.55,1.1,1.65,0.28,5.92,0.0,2.48,0.14,0.55,0.0,0.0,0.55,0.55,1.51,0.14,12.16,11.86,11.22,26.57,16.72,11.27,12.34,10.46,11.77,11.9,2.75,0.28,0.14,0.55,0.0,0.28,0.0,0.14,0.83,0.28,0.28,1.38,5.64,0.41,0.0,0.96,0.0,0.28,0.0,0.0,2.06,1.51,0.41,1.24,0.14,0.0,0.28,0.0,0.0,0.0,0.0,0.41,0.28,0.14,0.69,0.0,0.0,0.14,0.0,0.0,0.0,0.0,0.28,0.14,0.14,14.73,962.0,132.42,0.14,1.93,315.0,43.36,35.93,82.86,87.54,15.56,2.2,12.25,9.91,0.96,0.83,19.82,4.82,3.99,12.39,5.37,4.27,79.49,74.73,0.69,0.0,13.21,3.72,51.85,1.93,6.06,18.33,-0.953,58.33,0.115,58.33,0.113,78.33,0.565,53.33,0.08,66.67,0.525,65.0,0.015,35.0,-0.478,49.17,-0.365,31.67,-0.601,65.0,-0.101,36.67,-0.498,55.0,0.163,45.0,-0.374,45.0,-0.165,40.0,-0.296,35.0,-0.45,25.0,-0.683,48.33,-0.129,71.67,0.483,56.67,0.115,50.0,0.027,60.0,0.226,0.275,1.355,0.661,-0.769,-0.171,-0.465,0.576,-1.126,-0.273,-0.393,-0.6,-0.105,64.72,51.66,47.09,40.83,100.0,51.87,Balanced contributor,0.0783,-0.7733
795523,Anthony Pantazopoulos,A. Pantazopoulos,2003-04-22,2902,Western Sydney Wanderers FC,Western Sydney Wanderers FC,Central Defender,Central Defender; Full Back,2,2017.71,21,25.9359,26.8586,9938.3661,103.354,1097.6682,351.1809,33.3349,106.1667,5.4322,457.3475,38.7671,103.72,4.6751,80.7148,12.0456,2.8442,0.699,0.9485,1.45,29.08,30.2,3298.4759,127.5107,368.3627,108.2775,9.5328,24.6138,1.0719,132.8913,10.6047,28.6989,1.3307,21.1835,3.0347,0.6092,0.2858,3652.8527,136.2117,549.8366,199.3662,19.3705,73.5986,2.9339,272.9648,22.3045,42.9797,1.9036,30.9028,3.3088,1.0601,0.2878,130.0,7.9464,0.1219,0.4873,0.4875,3.4251,0.4281,0.0,0.7343,1.4083,0.7364,0.1219,0.4281,0.0,0.0,0.0624,0.0,0.0624,0.0,0.0,0.2438,0.0624,0.0,0.0,0.0,0.0,0.0,0.0,0.0,0.0,0.0,0.0,0.0,0.0,2.6909,0.0624,0.0624,0.1219,1.3471,0.1219,0.0,0.3062,0.6124,0.0624,0.0,2.6909,0.0624,0.0624,0.1219,1.3471,0.1219,0.0,0.3062,0.6124,0.0624,0.0,11.734,14.35,10.8632,8.7453,24.24,0.0,10.84,6.1342,9.1801,36.1,1.5874,0.0624,0.0624,0.1843,0.306,0.3062,0.0,0.0,0.4281,0.1219,0.1219,0.6094,0.8561,0.0,0.0,0.428,0.0,0.0,0.0,0.0,0.1219,0.1843,0.1219,0.0624,0.0,0.0,0.0624,0.0,0.0,0.0,0.0,0.0,0.0,0.0,0.0624,0.0,0.0,0.0624,0.0,0.0,0.0,0.0,0.0,0.0,0.0,11.7209,2141.0,130.8548,0.1218,1.2809,840.0,51.3367,41.2515,79.4746,86.4131,20.5831,6.4787,12.3476,9.4113,0.4302,0.2488,31.6594,10.3945,6.2351,23.5308,8.6791,6.1122,72.4459,74.5836,0.4302,0.0,5.6861,2.3182,34.5588,0.7311,9.166,68.52,0.628,35.19,-0.361,35.19,-0.376,31.48,-0.53,42.59,-0.162,20.37,-0.579,94.44,1.392,42.59,-0.302,92.59,1.286,42.59,-0.328,100.0,4.24,42.59,-0.371,3.7,-0.3,87.04,1.199,96.3,1.709,22.22,-0.749,77.78,0.438,40.74,-0.072,77.78,0.789,31.48,-0.563,40.74,-0.278,55.56,0.143,33.33,-0.426,-0.17,-0.142,-0.395,0.436,0.967,0.131,0.318,0.681,0.101,1.395,0.578,0.493,32.41,51.54,69.13,54.63,100.0,51.73,Balanced contributor,0.5619,1.2889
923864,Haine Anthony Eames,H. Eames,2008-02-27,870,Central Coast Mariners Football Club,Central Coast Mariners Football Club,Midfield,Midfield; Wide Attacker,2,1020.0,11,28.025,27.6049,11618.4647,124.6345,2019.4978,539.9657,43.0331,74.3125,3.6777,614.2782,46.7108,110.1689,2.6502,97.4145,12.3554,1.6284,0.73,0.7213,1.74,26.3,26.76,4081.3958,145.7238,755.9843,159.9931,12.7108,18.8304,0.7213,178.8235,13.4321,36.7657,0.7431,29.5961,3.4208,0.3716,0.0929,4707.0216,170.2749,1123.8625,360.4243,27.5299,49.8699,2.4426,410.2941,29.9725,47.95,0.7213,38.349,4.8417,0.4426,0.0929,140.0,28.8452,0.8258,10.923,0.8258,0.6214,0.2073,1.6445,1.652,4.7386,6.59,0.8287,0.4145,0.0,0.2073,0.0,0.0,0.0,0.0,0.0,0.0,0.2073,0.0,0.2073,0.0,0.0,0.0,0.0,0.0,0.0,0.0,0.0,0.2073,0.0,10.7119,0.2069,3.9114,0.6185,0.4141,0.2073,0.4141,1.0331,1.2404,2.4709,0.2073,9.2751,0.0,3.9114,0.2069,0.2069,0.2073,0.4141,1.0331,0.8262,2.264,0.2073,10.8949,15.8487,10.6223,3.9673,25.85,7.9327,6.1427,13.8215,9.8189,14.7573,1.6498,0.2073,0.0,0.2069,0.0,0.0,0.0,0.2073,0.2073,0.4145,0.4145,1.4444,4.5289,0.8258,0.0,0.8258,0.0,0.0,0.0,0.0,1.8513,0.8211,0.2069,1.8513,0.2069,0.0,0.6185,0.0,0.0,0.0,0.0,0.6214,0.4145,0.0,1.0335,0.0,0.0,0.2069,0.0,0.0,0.0,0.0,0.4141,0.4145,0.0,11.8875,589.0,121.3572,0.0,1.028,185.0,38.1194,32.7651,85.8176,87.5698,14.9196,1.4425,9.6821,8.658,0.8287,0.2073,10.9183,2.0643,1.8571,10.3053,4.7376,4.1238,86.9037,78.7001,0.2073,0.0,13.3971,2.4685,58.2941,1.4425,5.9761,83.33,0.789,50.0,-0.236,53.33,-0.094,58.33,0.121,71.67,0.625,75.0,0.697,56.67,-0.187,53.33,-0.087,53.33,-0.341,78.33,0.736,45.0,-0.319,76.67,0.61,56.67,0.171,25.0,-0.682,43.33,-0.199,11.67,-1.021,11.67,-1.146,21.67,-0.743,30.83,-0.534,73.33,0.621,21.67,-0.817,35.0,-0.435,53.33,0.109,-0.191,0.844,0.177,-0.946,0.47,-0.699,0.48,1.072,-0.14,0.08,-1.203,-0.341,63.61,47.08,60.56,28.33,100.0,51.73,Balanced contributor,-0.3791,-0.8217
287934,Walid Shour,Walid Shour,1996-06-10,1802,Brisbane Roar FC,Brisbane Roar FC,Midfield,Central Defender; Full Back; Midfield,3,876.61,10,25.8659,26.6942,10892.1283,123.5344,1825.549,536.6374,48.0207,119.941,7.8259,656.5783,55.8466,118.8276,5.5439,100.6994,13.331,3.4329,0.7266,0.6162,0.0,29.1,29.1,3729.2895,146.5795,645.1346,127.7149,12.3832,18.088,1.5843,145.8029,13.9676,35.4151,1.7633,29.6793,3.3035,0.7811,0.0,4391.579,164.9449,996.6341,366.099,30.3695,93.4924,4.9337,459.5914,35.3033,50.8956,1.8032,35.8896,4.5542,1.0356,0.1116,97.0,18.0826,0.0,6.3402,0.3751,7.084,0.0,0.1868,0.5601,0.7444,2.7981,0.0,0.0,0.0,0.0,0.0,0.0,0.0,0.0,0.0,0.0,0.0,0.0,0.0,0.0,0.0,0.0,0.0,0.0,0.0,0.0,0.0,0.0,0.0,4.8516,0.0,1.118,0.0,2.7977,0.0,0.0,0.1868,0.1868,0.5612,0.0,4.8516,0.0,1.118,0.0,2.7977,0.0,0.0,0.1868,0.1868,0.5612,0.0,10.9098,0.0,8.3543,5.58,0.0,13.59,5.4502,9.11,8.7973,0.0,1.4924,0.0,0.9288,0.0,0.1845,0.0,0.0,0.0,0.1868,0.1861,0.0,0.5618,0.748,0.0,0.0,0.3751,0.0,0.0,0.0,0.0,0.0,0.3729,0.0,0.0,0.0,0.0,0.0,0.0,0.0,0.0,0.0,0.0,0.0,0.0,0.0,0.0,0.0,0.0,0.0,0.0,0.0,0.0,0.0,0.0,0.0,10.9372,863.0,160.9195,0.1868,1.6751,312.0,58.1763,51.0901,86.0175,89.5714,17.327,4.6607,12.1182,12.1203,0.3736,0.1868,36.1736,10.0696,7.0851,16.2184,6.9013,5.5925,80.0009,79.6947,0.558,0.0,4.291,0.9312,80.0,0.7444,6.1527,73.33,0.488,73.33,0.677,70.0,0.501,56.67,0.091,93.33,1.386,86.67,1.014,16.67,-0.873,20.0,-0.972,28.33,-0.677,13.33,-1.027,10.83,-0.985,13.33,-1.149,75.0,0.69,8.33,-1.123,51.67,-0.127,81.67,0.756,23.33,-0.647,45.0,-0.138,98.33,1.926,53.33,-0.012,88.33,1.336,81.67,0.815,43.33,-0.062,0.93,0.26,0.667,2.188,0.89,1.578,0.469,-1.126,1.864,-1.1,-0.196,0.529,67.78,78.05,17.08,47.5,97.4,51.72,Balanced contributor,1.3561,-1.5758
51714,Reno Piscopo,R. Piscopo,1998-05-27,868,Melbourne Victory Football Club,Melbourne Victory Football Club,Wide Attacker,Center Forward; Midfield; Wide Attacker,3,1021.89,14,21.1062,18.383,8815.5604,120.7286,1436.3808,584.9443,52.0702,152.0794,9.4494,737.0215,61.5196,87.0474,4.6466,70.9846,10.4437,3.1489,0.7045,1.0773,1.42,28.8,28.84,3358.8444,159.1227,692.4623,350.6975,29.3824,91.9114,5.2227,442.6089,34.6051,35.5634,1.8614,24.4192,3.283,1.4312,0.2865,2886.5399,157.1202,601.0342,191.2161,17.3213,45.122,2.4373,236.3381,19.7587,28.1545,1.2875,20.5794,3.1499,0.5021,0.1437,401.0,49.2774,4.5476,3.0739,3.6891,0.611,0.7345,3.0704,5.6498,19.7852,6.6333,1.4708,2.214,0.4948,0.0,0.2484,0.0,0.1242,0.0,0.1242,0.6117,0.6126,0.0,0.1242,0.0,0.0,0.0,0.0,0.0,0.0,0.0,0.1242,0.0,0.0,14.1324,1.8448,0.8594,0.6136,0.2458,0.1242,0.6174,2.2093,5.7735,1.7204,0.1242,12.0452,1.3516,0.7352,0.6136,0.2458,0.1242,0.4932,1.9683,4.794,1.5962,0.1242,13.9523,15.9313,10.6444,20.5687,22.0231,10.16,13.3283,13.6451,13.8004,14.2707,10.8121,1.8418,0.0,1.7204,0.0,0.3709,0.1242,0.9836,4.544,1.1087,0.1242,6.5132,17.2036,3.5604,0.0,3.5649,0.0,0.3709,0.2474,0.1226,7.0076,2.2121,0.1242,4.4237,1.2274,0.0,0.6136,0.0,0.1242,0.0,0.0,1.9701,0.4885,0.0,3.1976,0.7352,0.0,0.6136,0.0,0.1242,0.0,0.0,1.353,0.3716,0.0,7.5013,977.0,120.0673,0.1226,3.4407,267.0,32.8096,25.688,77.7432,79.751,12.5115,0.4894,8.2328,4.7954,0.8604,0.8619,7.8629,2.2108,1.2272,35.3903,9.829,7.497,75.0262,73.4491,1.7204,0.1226,37.6053,7.8648,66.8916,5.2856,7.3711,37.5,-0.461,26.79,-0.565,25.0,-0.575,37.5,-0.198,21.43,-1.038,19.64,-0.981,85.71,0.867,92.86,1.176,71.43,0.463,85.71,0.612,73.21,0.554,69.64,0.223,60.71,0.266,80.36,0.725,44.64,-0.102,46.43,-0.233,64.29,0.427,48.21,0.107,36.61,-0.298,48.21,0.02,28.57,-0.468,25.0,-0.713,66.07,0.349,-0.254,-0.519,-0.493,-1.042,-1.593,-1.211,0.479,0.666,-1.797,0.794,0.259,-0.375,36.61,31.7,79.76,57.44,100.0,51.68,Box-movement threat,-0.9342,1.2607
22937,Yonatan Cohen,Y. Cohen,1996-06-29,2380,Melbourne City FC,Melbourne City FC,Wide Attacker,Wide Attacker,1,1123.85,13,26.14,21.65,9704.31,112.25,1346.85,617.08,58.31,190.46,10.92,807.54,69.23,101.46,6.15,76.08,19.0,4.69,0.73,2.08,1.36,28.21,29.0,3491.46,133.55,574.38,307.38,28.23,110.0,5.69,417.38,33.92,40.23,2.46,25.92,5.46,1.85,0.54,3265.62,150.83,626.23,253.77,23.85,63.92,3.15,317.69,27.0,32.62,1.92,21.85,5.69,1.31,0.62,280.0,28.48,2.03,1.22,4.98,0.81,0.61,0.0,2.75,12.61,3.15,0.31,2.85,0.1,0.1,0.51,0.1,0.0,0.0,0.0,1.63,0.31,0.1,0.71,0.0,0.0,0.2,0.0,0.0,0.0,0.0,0.51,0.0,0.0,11.19,0.71,0.41,1.22,0.51,0.1,0.0,1.73,5.39,1.02,0.1,9.26,0.31,0.41,0.61,0.51,0.1,0.0,1.63,4.68,0.92,0.1,14.81,13.26,11.1,21.06,13.32,0.0,11.24,14.01,15.69,9.81,9.87,0.81,0.0,2.95,0.0,0.2,0.0,0.51,4.68,0.71,0.0,6.41,11.49,1.53,0.0,4.88,0.0,0.2,0.0,0.0,3.46,1.32,0.1,3.87,0.51,0.0,1.22,0.0,0.0,0.0,0.0,1.63,0.41,0.1,2.95,0.31,0.0,0.61,0.0,0.0,0.0,0.0,1.63,0.31,0.1,10.12,1034.0,105.17,0.51,4.07,328.0,33.36,26.04,78.05,76.72,15.47,2.24,8.34,7.02,1.42,1.53,7.83,2.64,1.73,38.35,12.71,8.85,69.6,68.6,2.03,0.41,30.92,8.24,62.96,5.19,9.76,82.14,0.661,48.21,0.082,53.57,0.106,55.36,0.094,55.36,0.184,32.14,-0.513,41.07,-0.173,21.43,-0.621,69.64,0.424,42.86,-0.132,89.29,1.189,30.36,-0.407,39.29,0.1,78.57,0.678,73.21,0.638,69.64,0.134,82.14,0.834,76.79,0.605,23.21,-0.768,37.5,-0.307,50.0,0.003,44.64,-0.126,19.64,-0.917,-0.539,0.201,0.001,-0.112,0.747,0.052,0.573,0.572,-0.03,0.057,0.651,0.011,41.37,51.49,49.11,69.94,100.0,51.68,Balanced contributor,-0.1549,0.6432
23884,Jason Geria,J. Geria,1993-05-10,868,Melbourne Victory Football Club,Melbourne Victory Football Club,Full Back,Full Back,1,1170.48,12,27.59,26.1,10688.0,109.57,1428.33,598.58,63.25,268.08,14.25,866.67,77.5,123.75,8.67,103.92,22.5,6.67,0.62,3.75,1.22,30.5,31.66,3592.75,130.23,547.83,182.83,19.17,83.92,4.33,266.75,23.5,35.33,2.08,28.42,5.5,1.33,0.83,3858.75,147.84,703.75,358.25,36.92,151.33,8.25,509.58,45.17,52.25,3.17,37.17,7.0,2.58,1.5,116.0,15.79,0.41,0.54,0.54,4.63,0.54,0.0,1.63,3.27,3.81,0.41,0.41,0.0,0.0,0.0,0.0,0.14,0.0,0.0,0.27,0.0,0.0,0.0,0.0,0.0,0.0,0.0,0.0,0.0,0.0,0.0,0.0,0.0,5.85,0.14,0.14,0.14,1.77,0.27,0.0,0.68,1.77,0.82,0.14,5.17,0.0,0.0,0.0,1.77,0.27,0.0,0.68,1.5,0.82,0.14,12.41,16.46,13.71,20.38,21.32,0.0,13.91,11.91,10.49,24.29,3.27,0.14,0.0,0.27,0.14,0.41,0.0,0.41,0.95,0.68,0.27,0.82,2.04,0.27,0.0,0.54,0.0,0.27,0.0,0.0,0.27,0.68,0.0,0.54,0.14,0.0,0.14,0.0,0.14,0.0,0.0,0.14,0.0,0.0,0.27,0.0,0.0,0.0,0.0,0.14,0.0,0.0,0.14,0.0,0.0,10.27,863.0,117.44,0.0,1.63,329.0,44.77,40.01,89.36,88.72,16.49,1.63,9.25,13.34,0.14,0.14,32.66,10.34,9.25,17.55,6.12,5.03,82.22,76.62,0.27,0.0,5.44,1.22,55.56,0.68,6.53,100.0,2.793,84.62,0.913,82.69,0.827,51.92,-0.135,92.31,1.547,98.08,1.524,11.54,-1.005,13.46,-1.342,20.19,-0.978,9.62,-1.241,25.0,-0.709,11.54,-1.241,96.15,1.511,9.62,-1.157,15.38,-1.091,94.23,1.621,33.65,-0.431,1.92,-1.736,89.42,1.255,53.85,-0.009,88.46,1.121,84.62,1.046,26.92,-0.687,0.459,0.595,0.764,1.776,1.339,1.798,-0.008,0.239,2.01,-1.361,-0.43,0.289,67.95,82.85,15.22,41.82,100.0,51.54,Balanced contributor,0.9877,-1.8589
51050,Ben Warland,B. Warland,1996-09-04,1802,Brisbane Roar FC,Brisbane Roar FC,Central Defender,Central Defender,1,692.86,7,23.72,31.0,10928.43,110.41,1346.57,404.71,34.86,80.14,5.14,484.86,40.0,105.0,3.29,87.57,9.0,1.43,0.89,0.0,0.0,27.11,27.46,3217.0,135.64,397.57,89.71,7.86,12.57,0.71,102.29,8.57,25.29,0.71,20.71,1.71,0.14,0.0,4478.14,144.45,749.14,262.29,22.71,62.86,3.14,325.14,25.86,46.57,1.43,35.29,2.14,0.57,0.0,55.0,12.26,0.0,0.89,0.0,9.36,0.22,0.0,0.45,0.0,1.11,0.22,0.0,0.0,0.0,0.0,0.0,0.0,0.0,0.0,0.0,0.0,0.0,0.0,0.0,0.0,0.0,0.0,0.0,0.0,0.0,0.0,0.0,0.0,4.68,0.0,0.22,0.0,4.01,0.0,0.0,0.22,0.0,0.22,0.0,4.68,0.0,0.22,0.0,4.01,0.0,0.0,0.22,0.0,0.22,0.0,10.87,0.0,8.95,0.0,13.76,0.0,28.16,0.0,7.39,23.47,0.89,0.0,0.0,0.0,0.45,0.0,0.0,0.22,0.0,0.0,0.22,0.22,0.0,0.0,0.0,0.0,0.0,0.0,0.0,0.0,0.0,0.0,0.0,0.0,0.0,0.0,0.0,0.0,0.0,0.0,0.0,0.0,0.0,0.0,0.0,0.0,0.0,0.0,0.0,0.0,0.0,0.0,0.0,0.0,0.0,10.27,705.0,157.12,0.22,1.78,262.0,58.39,46.58,79.77,87.19,17.84,3.57,16.05,12.03,0.67,0.0,57.72,16.27,10.03,20.95,6.46,5.13,79.31,81.88,0.22,0.0,3.57,1.11,40.0,0.45,9.14,7.41,-1.55,39.81,-0.208,38.89,-0.139,64.81,0.217,47.22,-0.019,62.96,0.329,19.44,-0.765,81.48,0.667,62.96,-0.002,79.63,0.907,37.96,-0.443,79.63,0.827,9.26,-0.239,75.93,0.415,94.44,1.697,66.67,0.408,92.59,1.054,20.37,-0.563,16.67,-1.068,79.63,0.664,37.04,-0.446,24.07,-0.741,83.33,0.89,-0.055,1.101,0.343,-1.668,-0.581,-1.624,0.956,-1.274,-1.147,0.281,0.721,0.057,62.96,31.48,60.18,59.88,76.98,51.52,Balanced contributor,-0.0722,0.9638
23930,Storm  Roux,S. Roux,1993-01-13,870,Central Coast Mariners Football Club,Central Coast Mariners Football Club,Full Back,Full Back,1,1278.48,14,25.98,27.2,9746.36,106.73,1319.07,561.93,53.07,181.21,9.79,743.14,62.86,113.36,7.36,96.0,19.5,4.71,0.7,1.43,1.33,28.4,29.38,3236.43,124.56,502.36,196.43,18.0,72.86,3.64,269.29,21.64,36.71,1.86,28.79,4.71,1.07,0.36,3808.71,140.02,648.79,311.14,27.93,92.64,4.43,403.79,32.36,48.36,2.57,33.64,6.5,1.5,0.36,140.0,28.65,1.43,1.02,1.23,5.73,2.25,0.41,2.66,7.98,5.93,0.0,1.02,0.0,0.0,0.0,0.2,0.0,0.0,0.0,0.61,0.2,0.0,0.0,0.0,0.0,0.0,0.0,0.0,0.0,0.0,0.0,0.0,0.0,13.3,1.02,0.61,0.2,2.25,0.41,0.2,1.02,4.91,2.66,0.0,11.66,0.61,0.41,0.0,2.25,0.41,0.2,1.02,4.09,2.66,0.0,12.37,9.19,7.13,20.05,23.5,18.84,11.73,13.69,9.37,0.0,6.14,0.61,0.0,0.61,0.41,1.23,0.0,0.82,2.05,0.41,0.0,1.23,2.46,0.61,0.0,1.02,0.0,0.2,0.0,0.0,0.61,0.0,0.0,0.41,0.2,0.0,0.2,0.0,0.0,0.0,0.0,0.0,0.0,0.0,0.0,0.0,0.0,0.0,0.0,0.0,0.0,0.0,0.0,0.0,0.0,9.17,821.0,168.01,0.61,2.66,297.0,60.78,51.36,84.51,85.78,13.67,1.43,13.3,12.07,0.61,0.82,41.13,11.66,9.41,38.27,16.78,14.12,84.15,78.3,1.02,0.0,12.28,3.27,56.25,1.84,10.85,48.08,-0.133,26.92,-0.465,30.77,-0.43,26.92,-0.536,63.46,0.344,61.54,0.438,23.08,-0.83,67.31,0.505,28.85,-0.62,96.15,1.57,73.08,0.644,94.23,1.405,76.92,0.816,48.08,-0.092,69.23,0.251,96.15,1.69,76.92,0.822,100.0,2.498,26.92,-0.669,25.0,-0.691,26.92,-0.546,36.54,-0.383,11.54,-1.287,-1.009,-0.836,-0.755,0.649,0.461,-0.028,0.328,0.422,0.187,0.558,2.006,0.251,35.9,32.69,63.78,77.88,100.0,51.33,Connector creator,-0.1824,2.1208
795151,Medin Memeti,M. Memeti,2007-06-20,2380,Melbourne City FC,Melbourne City FC,Center Forward,Center Forward; Wide Attacker,2,848.93,10,27.4011,19.7608,9885.0844,116.4379,1348.4698,602.3818,58.6309,161.5197,10.3818,763.9085,69.0126,99.6738,6.9137,84.5109,13.6961,5.2084,0.7459,1.5004,1.47,28.27,29.04,3743.64,136.5039,554.9966,274.2177,25.4541,94.1064,5.0871,368.3241,30.5412,39.638,2.7951,27.1629,4.7929,2.1081,0.6983,3270.4545,165.3812,660.616,286.9759,27.2623,55.6738,3.7045,342.6497,30.9697,33.1094,1.6983,26.8371,3.8056,1.0968,0.1957,231.0,30.2162,5.8866,1.5689,8.5026,0.0,0.2629,0.5195,1.437,10.3356,1.4378,0.2629,2.4864,0.9154,0.0,0.6529,0.0,0.0,0.0,0.0,0.6524,0.2595,0.0,0.26,0.0,0.0,0.13,0.0,0.0,0.0,0.0,0.0,0.13,0.0,9.2841,2.6134,0.6557,2.4845,0.0,0.0,0.0,0.2629,2.7489,0.5225,0.0,5.8876,1.9639,0.6557,0.789,0.0,0.0,0.0,0.2629,1.7036,0.5225,0.0,14.9689,17.3585,5.7651,16.1252,14.44,7.946,18.1602,14.1943,16.0361,15.14,9.5481,3.1366,0.0,2.877,0.0,0.1296,0.0,0.1296,2.3505,0.7854,0.1296,9.2897,19.6192,4.3185,0.0,8.5026,0.0,0.1296,0.0,0.0,5.627,1.0453,0.0,5.3641,1.701,0.0,2.4845,0.0,0.0,0.0,0.0,0.919,0.2595,0.0,2.7496,1.1815,0.0,0.789,0.0,0.0,0.0,0.0,0.5195,0.2595,0.0,0.0,323.0,42.2437,0.3899,2.0914,102.0,13.3418,10.7263,80.9,76.1892,13.219,0.13,4.3144,1.8331,1.049,0.6524,3.4035,1.0445,0.522,16.6102,4.839,3.1354,68.2131,65.5929,1.179,0.13,16.3484,4.054,64.9362,2.4839,3.2716,73.91,0.361,65.22,0.393,65.22,0.475,67.39,0.52,65.22,0.283,65.22,0.449,43.48,-0.012,28.26,-0.464,50.0,0.054,34.78,-0.386,86.96,1.139,19.57,-0.671,39.13,0.146,47.83,-0.148,32.61,-0.51,67.39,-0.066,63.04,0.25,26.09,-0.704,39.13,-0.415,50.0,0.091,50.0,0.128,43.48,-0.074,47.83,-0.038,0.165,0.495,0.404,0.116,-0.296,0.307,0.682,0.943,-0.084,-0.073,-0.224,0.053,60.15,56.52,43.84,46.02,94.33,51.3,Balanced contributor,0.2133,-0.2935
12780,Francisco de Oliveira Geraldes,Chico Geraldes,1995-04-18,867,Wellington Phoenix FC,Wellington Phoenix FC,Center Forward,Center Forward; Midfield; Wide Attacker,3,419.86,5,19.2426,27.3306,9879.1908,116.7464,1451.5274,463.7584,44.1359,149.1078,7.889,612.8662,52.0248,104.1964,5.0363,86.8753,11.5816,4.4547,0.0,0.9879,0.0,28.5,28.5,2922.6036,152.3321,625.3668,239.9245,20.8716,63.2127,3.7847,303.1372,24.6563,34.0747,1.8489,22.6405,2.9758,1.6337,0.2032,4165.5941,152.4283,703.5669,195.556,20.3043,75.0846,3.1042,270.6406,23.4085,43.9517,1.2153,34.9222,5.3905,0.6337,0.4184,124.0,44.3432,0.7175,3.5736,3.5748,0.7175,0.3573,0.7146,5.7251,20.7423,7.8712,0.3596,1.0743,0.0,0.0,0.3573,0.0,0.0,0.0,0.0,0.3596,0.3573,0.0,0.3596,0.0,0.0,0.0,0.0,0.0,0.0,0.0,0.3596,0.0,0.0,16.8075,0.3596,1.4315,1.431,0.3578,0.0,0.3573,1.7894,7.8672,2.8618,0.3596,12.1568,0.0,1.4315,0.3573,0.3578,0.0,0.3573,1.4297,5.0067,2.8618,0.3596,13.1609,27.9882,9.8065,18.6938,7.36,18.26,14.515,12.5676,13.4035,18.33,9.2976,0.3596,0.0,0.3573,0.0,0.0,0.3573,2.1433,4.6483,1.4315,0.0,3.5772,10.3698,0.7175,0.0,3.5748,0.0,0.0,0.0,0.0,3.9366,1.7889,0.3596,4.2918,0.3596,0.0,1.431,0.0,0.0,0.0,0.0,1.4297,0.717,0.3596,2.1462,0.0,0.0,0.3573,0.0,0.0,0.0,0.0,0.7175,0.717,0.3596,5.0568,487.0,174.1572,0.0,2.1444,121.0,43.2731,34.6874,79.9623,83.0321,14.8488,2.8613,8.583,4.6489,0.7175,0.3578,33.2586,7.51,5.0089,43.9857,15.3755,11.447,72.6228,73.6476,1.0743,0.0,32.1837,7.5092,59.6226,4.648,7.8673,41.3,-0.238,23.91,-0.755,23.91,-0.821,23.91,-0.788,76.09,0.676,78.26,0.672,8.7,-1.266,91.3,0.985,10.87,-1.383,97.83,1.791,36.96,-0.447,91.3,1.165,91.3,0.565,86.96,1.332,95.65,1.4,100.0,4.927,65.22,0.297,100.0,2.546,47.83,-0.253,76.09,0.577,30.43,-0.51,39.13,-0.248,50.0,0.006,-0.642,0.489,-0.09,-0.736,-0.759,-0.11,-1.649,-1.067,0.462,0.18,2.401,0.584,54.71,34.42,56.16,89.86,46.65,51.17,Progression hub,0.5202,1.9407
745320,Clarismario Santos Rodrigues,Clarismario Rodrigues,2001-07-27,868,Melbourne Victory Football Club,Melbourne Victory Football Club,Wide Attacker,Full Back; Wide Attacker,2,916.91,11,23.8262,19.7731,9282.6845,110.1002,1269.7851,604.3491,61.807,331.9147,15.1175,936.2552,76.9331,97.1928,8.643,77.4295,18.9976,6.8773,0.58,3.1401,1.1,32.3,32.52,3246.6111,136.5768,532.2003,283.8168,31.641,191.8175,8.5917,475.6344,40.2413,38.641,3.7858,24.4319,5.3601,2.903,1.5972,2980.4928,150.4818,582.9837,262.8386,24.426,104.4326,4.9515,367.2712,29.3775,31.7831,2.1886,21.4773,4.2344,1.9286,0.74,200.0,31.9017,2.555,0.7986,3.5067,0.1561,1.5912,0.4751,2.8733,16.4313,3.3484,0.1561,2.3959,0.7986,0.0,0.3213,0.0,0.1561,0.0,0.0,0.9547,0.1561,0.0,0.4773,0.1561,0.0,0.1561,0.0,0.0,0.0,0.0,0.1561,0.0,0.0,11.1673,1.5973,0.6426,1.1199,0.0,0.8017,0.0,1.1199,5.5821,0.3213,0.0,8.1341,0.9547,0.4773,0.7986,0.0,0.6426,0.0,0.9547,3.9849,0.3213,0.0,14.492,19.5655,12.52,17.62,17.864,17.4927,11.68,13.2004,13.2588,45.98,11.4825,1.7564,0.4773,0.9547,0.0,1.4351,0.0,0.1561,5.4261,1.1199,0.1561,3.9871,11.6469,1.4351,0.0,3.5067,0.0,0.1561,0.0,0.0,4.9418,1.432,0.1561,2.8733,0.6426,0.0,1.1199,0.0,0.0,0.0,0.0,0.9547,0.1561,0.0,2.0746,0.3213,0.0,0.7986,0.0,0.0,0.0,0.0,0.7986,0.1561,0.0,30.12,566.0,90.2787,0.3213,2.2338,199.0,31.7426,24.0889,76.0717,76.4865,13.7792,1.4351,7.9797,6.2217,1.432,0.3213,5.104,1.432,0.6426,25.5162,10.527,6.543,64.2891,67.5053,1.432,0.0,26.6383,6.5391,58.8584,3.6658,9.0927,94.64,1.847,76.79,0.729,69.64,0.488,48.21,-0.021,44.64,-0.178,33.93,-0.389,42.86,-0.144,26.79,-0.326,33.93,-0.498,23.21,-0.433,82.14,0.735,28.57,-0.412,33.93,0.088,50.0,-0.067,67.86,0.431,25.0,-0.66,33.93,-0.354,39.29,-0.243,100.0,2.486,32.14,-0.589,94.64,1.348,96.43,2.036,12.5,-1.238,0.698,-0.141,0.353,1.431,0.746,1.844,0.024,0.164,1.23,-0.22,-0.175,0.575,41.37,83.93,39.58,41.67,100.0,51.14,Balanced contributor,1.1716,-0.7866
735574,Kosta Grozos,K. Grozos,2000-08-10,1805,Newcastle United Jets FC,Newcastle United Jets FC,Central Defender,Central Defender; Midfield,2,2183.12,22,28.9454,28.645,10608.9199,106.9186,1324.9924,361.5995,31.9959,87.9395,4.1362,449.5364,36.1321,99.1367,3.2739,83.2641,6.8643,1.6388,0.7554,0.3154,1.66,28.32,29.7,3742.8534,129.5578,501.5015,78.4851,6.8606,13.3167,0.3664,91.7991,7.227,29.6836,0.7718,25.2319,1.7281,0.3207,0.0,3990.1294,139.0372,670.0709,250.249,22.5438,67.5745,2.6387,317.8236,25.1752,43.9973,1.3638,33.6364,2.5925,0.7281,0.1846,153.0,10.8192,0.0,3.1824,0.0731,4.5953,0.0,0.2112,0.3547,0.2112,2.1176,0.0704,0.0704,0.0,0.0,0.0,0.0,0.0,0.0,0.0,0.0,0.0704,0.0,0.0,0.0,0.0,0.0,0.0,0.0,0.0,0.0,0.0,0.0,0.0,4.4525,0.0,1.3468,0.0,1.9796,0.0,0.0704,0.0704,0.0,0.9216,0.0704,4.4525,0.0,1.3468,0.0,1.9796,0.0,0.0704,0.0704,0.0,0.9216,0.0704,11.9878,0.0,11.9604,32.56,0.0,13.49,6.1928,12.55,8.7809,38.26,0.5674,0.0,0.2112,0.0,0.2859,0.0,0.0,0.0,0.0,0.0,0.0704,0.1435,0.2139,0.0,0.0,0.0731,0.0,0.0,0.0,0.0,0.0,0.0704,0.0704,0.0704,0.0,0.0,0.0,0.0,0.0,0.0,0.0,0.0,0.0,0.0704,0.0704,0.0,0.0,0.0,0.0,0.0,0.0,0.0,0.0,0.0,0.0704,12.3766,2804.0,198.2177,0.2127,1.2766,1087.0,76.8445,71.5372,92.5284,94.2131,19.2129,5.7925,10.1104,20.9992,0.4212,0.4961,39.3786,8.4093,6.7876,16.8979,6.504,5.7925,89.0738,89.2163,0.2112,0.0704,8.2009,1.8372,66.9143,0.9227,4.1703,22.22,-0.826,27.78,-0.688,29.63,-0.583,35.19,-0.384,22.22,-0.674,38.89,-0.242,53.7,-0.226,72.22,0.343,53.7,-0.255,77.78,0.766,79.63,0.327,74.07,0.69,90.74,0.32,92.59,1.734,25.93,-0.59,31.48,-0.58,75.93,0.433,31.48,-0.232,58.33,0.072,74.07,0.558,16.67,-1.026,31.48,-0.476,61.11,0.239,-0.246,0.7,-0.102,-1.692,-1.667,-1.365,0.506,0.964,-1.898,0.388,0.282,-0.382,43.21,32.25,68.52,58.03,100.0,50.63,Balanced contributor,-0.9143,1.0157
6871,Marin Jakoliš,M. Jakoliš,1996-12-26,1804,Macarthur FC,Macarthur FC,Wide Attacker,Center Forward; Full Back; Midfield; Wide Attacker,4,2250.88,24,25.5218,25.0742,9962.2424,106.1664,1212.6317,524.6398,53.9097,207.9066,10.8655,732.5464,64.7752,99.9018,5.4539,84.4047,16.1547,4.1131,0.69,1.3736,1.35,30.45,31.68,3518.4748,137.918,593.6818,281.676,28.2403,129.6946,5.9075,411.3706,34.1479,39.3729,2.3309,27.0634,4.7388,1.6974,0.6218,3322.2622,132.4968,487.0297,200.9787,19.9688,58.0248,2.7976,259.0035,22.7664,32.9844,1.6273,27.5203,4.0513,1.0895,0.2918,496.0,32.0348,3.4224,3.621,2.9685,0.5791,0.7751,0.322,3.7495,13.3063,3.1677,0.1259,2.1973,0.7071,0.0629,0.3877,0.0629,0.0629,0.0,0.0,0.7725,0.1259,0.0,0.8374,0.2552,0.0629,0.2596,0.0629,0.0629,0.0,0.0,0.0629,0.0629,0.0,14.7895,1.6142,2.3914,1.1602,0.3194,0.3226,0.0,2.3232,5.3625,1.2268,0.0629,11.8154,1.0328,2.1296,0.5135,0.1903,0.2596,0.0,2.0703,4.5227,1.0361,0.0629,14.1478,16.7123,7.6467,23.0274,22.2048,26.9813,11.55,14.0543,11.9867,16.21,9.363,2.1345,0.3888,1.3547,0.0629,0.5135,0.0629,0.5133,3.6787,0.5844,0.0629,3.8722,10.7896,2.8432,0.0644,2.7796,0.0629,0.3226,0.0649,0.0629,3.6822,0.9084,0.0,4.3271,1.2317,0.0,1.1602,0.0629,0.1967,0.0,0.0629,1.2282,0.3855,0.0,2.9735,0.9679,0.0,0.5135,0.0629,0.1259,0.0,0.0629,0.9025,0.3226,0.0,8.3218,1906.0,123.1055,0.6466,4.0042,613.0,39.5901,28.9369,72.8035,73.88,15.4807,2.777,13.632,6.3308,1.9407,1.7429,9.2322,3.1621,1.872,42.1107,13.7596,9.0449,65.3547,65.3891,1.9996,0.3241,40.1767,11.6917,54.9706,6.3963,13.6905,51.79,-0.129,39.29,-0.292,32.14,-0.374,23.21,-0.746,48.21,0.052,53.57,0.253,35.71,-0.3,28.57,-0.314,30.36,-0.542,80.36,0.551,67.86,0.537,76.79,0.364,14.29,-0.055,92.86,1.268,98.21,1.854,73.21,0.238,80.36,0.792,78.57,0.677,85.71,1.014,30.36,-0.798,48.21,-0.014,55.36,0.141,1.79,-1.825,-0.66,0.409,-0.248,-0.542,-0.031,-0.421,0.426,0.556,-0.433,0.06,1.04,-0.107,32.74,49.4,53.28,72.92,100.0,50.53,Progression hub,-0.4903,1.1168
795530,Nicholas Pennington,N. Pennington,1998-12-18,871,Perth Glory Football Club,Perth Glory Football Club,Midfield,Center Forward; Midfield,2,1700.96,18,21.2425,31.5187,12203.5837,129.1138,2160.9396,466.6953,37.1227,65.9269,3.785,532.6222,40.9077,103.8305,2.6736,95.8549,9.2325,1.5057,0.66,0.226,0.0,26.3,27.7,3606.6122,169.766,778.6161,122.8069,9.785,13.5423,0.6138,136.3493,10.3894,28.4037,0.6155,21.1098,1.7269,0.113,0.0,5340.9914,169.4522,1229.0248,321.0062,24.9061,49.0581,2.1146,370.0644,27.0208,50.3878,0.785,43.152,4.1179,0.5024,0.0565,192.0,30.8593,0.1613,11.8929,0.4838,2.7323,0.1604,0.8054,0.8054,4.6652,8.6777,0.4829,0.4838,0.0,0.1613,0.1613,0.0,0.0,0.0,0.0,0.0,0.1613,0.0,0.0,0.0,0.0,0.0,0.0,0.0,0.0,0.0,0.0,0.0,0.0,7.8723,0.1613,3.2146,0.3225,1.6036,0.0,0.4838,0.1604,0.4829,1.29,0.1613,6.5919,0.1613,3.2146,0.1613,1.6036,0.0,0.4838,0.0,0.1613,0.8063,0.0,11.7725,27.24,11.1036,14.06,30.76,10.7258,18.364,14.0795,10.8683,4.0301,2.085,0.1613,0.0,0.1613,0.0,0.1604,0.0,0.3217,0.6444,0.645,0.0,2.7308,5.4625,0.0,0.0,0.4838,0.0,0.1604,0.1604,0.0,1.7642,2.7323,0.1604,1.1279,0.0,0.0,0.3225,0.0,0.0,0.0,0.0,0.3217,0.4838,0.0,0.645,0.0,0.0,0.1613,0.0,0.0,0.0,0.0,0.1613,0.3225,0.0,10.43,1036.0,166.5118,0.3225,3.0542,344.0,55.2904,46.4514,84.0088,83.2863,16.1814,4.3433,18.8035,13.1757,2.0865,1.4423,31.9828,9.6461,6.1081,21.5345,9.3221,6.7508,72.0972,67.2432,0.9675,0.0,17.6801,5.7865,39.6493,2.2477,11.5704,21.67,-0.63,20.0,-0.816,20.0,-0.8,31.67,-0.551,51.67,0.068,68.33,0.546,61.67,-0.017,60.0,0.079,68.33,0.149,43.33,-0.333,56.67,-0.208,45.0,-0.243,16.67,-0.94,58.33,-0.173,98.33,2.081,76.67,0.424,73.33,0.416,70.0,0.339,30.83,-0.534,83.33,1.082,25.0,-0.761,21.67,-0.664,76.67,0.803,-0.388,1.315,0.267,-0.921,-0.878,-0.853,0.256,-1.126,-0.409,-0.111,0.714,-0.013,55.28,25.14,55.83,65.55,100.0,50.25,Balanced contributor,-0.1566,0.622
159941,Marco Tilio,M. Tilio,2001-08-23,2380,Melbourne City FC,Melbourne City FC,Wide Attacker,Midfield; Wide Attacker,2,1420.84,16,27.7744,21.3549,10046.7166,113.0289,1351.9122,589.7641,57.5808,186.5819,10.9667,776.346,68.5475,96.2843,5.3579,79.3114,13.4807,3.979,0.63,1.507,1.44,29.9,30.86,3828.5554,137.9448,610.9696,309.0878,29.7974,120.2492,6.4185,429.3456,36.2159,41.8649,2.3719,28.6008,4.8789,1.7438,0.8044,3165.1905,148.2388,584.7807,228.7965,21.2974,55.3521,2.8579,284.1572,24.1553,29.0738,1.493,23.0412,3.3649,0.5605,0.0675,343.0,25.9926,1.5898,1.5933,2.1244,0.6792,0.6812,0.8303,2.0468,11.5926,4.2475,0.6057,2.6545,0.4566,0.1501,0.2236,0.0,0.0745,0.0,0.0,0.9866,0.7547,0.0,0.381,0.0745,0.0,0.0,0.0,0.0,0.0,0.0,0.0,0.3065,0.0,11.3665,0.9814,0.9059,0.8293,0.3065,0.4566,0.2236,0.5311,5.3045,1.7414,0.0745,9.3232,0.7568,0.8313,0.4555,0.3065,0.382,0.2236,0.382,4.3914,1.5178,0.0745,14.5435,18.7783,6.5635,20.0011,21.6598,9.8875,14.3001,14.4115,14.6727,13.3241,6.8927,0.9877,0.0756,0.9866,0.0,0.382,0.0,0.1491,3.108,0.9866,0.2236,3.5642,9.6969,1.1388,0.1501,2.0416,0.1491,0.3002,0.0745,0.0745,4.0129,1.5933,0.1501,4.0124,0.6067,0.0756,0.8293,0.0745,0.2247,0.0,0.0,1.6689,0.5311,0.0,3.031,0.4566,0.0756,0.4555,0.0745,0.1501,0.0,0.0,1.3604,0.4566,0.0,8.14,1693.0,128.2984,0.6057,4.3199,457.0,34.6328,28.4197,81.931,79.4498,13.7668,1.3652,6.8219,4.9991,1.437,0.7558,13.7949,3.4865,2.4253,42.8191,12.5774,9.4698,75.3659,68.3599,2.0489,0.381,41.2275,9.4729,63.1552,5.9833,8.4877,62.5,0.02,44.64,0.025,48.21,0.026,39.29,-0.154,41.07,-0.255,48.21,-0.216,30.36,-0.499,16.07,-0.836,26.79,-0.659,44.64,-0.116,85.71,0.994,33.93,-0.369,55.36,0.25,89.29,1.066,62.5,0.244,85.71,0.641,83.93,0.996,85.71,0.833,78.57,0.577,39.29,-0.289,51.79,0.018,37.5,-0.185,23.21,-0.8,-0.126,0.478,0.074,-0.602,-0.762,-0.531,0.207,0.697,-0.782,-0.303,0.878,-0.113,39.29,52.98,39.58,77.08,100.0,50.21,Progression hub,-0.3556,0.7203
795529,Michael Ruhs,M. Ruhs,2002-08-27,1803,Western United,Western United,Center Forward,Center Forward,1,364.6,5,19.25,21.8,8813.6,120.87,1198.6,586.0,62.4,268.6,13.6,854.6,76.0,86.4,6.4,67.8,16.0,5.6,0.66,0.8,1.76,30.5,30.5,2920.8,151.73,477.2,239.2,27.2,161.2,7.6,400.4,34.8,31.0,2.4,19.2,3.6,1.8,0.0,3435.4,157.59,631.0,302.8,28.8,87.4,4.8,390.2,33.6,32.0,2.6,25.2,5.8,2.2,0.6,123.0,38.03,12.37,1.24,6.8,0.0,0.31,0.31,0.62,13.91,1.86,0.62,0.93,0.31,0.0,0.31,0.0,0.0,0.0,0.0,0.0,0.0,0.31,0.31,0.0,0.0,0.31,0.0,0.0,0.0,0.0,0.0,0.0,0.0,12.99,5.26,1.24,2.47,0.0,0.0,0.0,0.0,3.71,0.0,0.31,7.11,3.09,1.24,0.62,0.0,0.0,0.0,0.0,1.86,0.0,0.31,13.88,17.21,8.03,16.33,11.35,6.76,5.67,11.09,12.05,12.86,12.99,6.49,0.0,1.86,0.0,0.31,0.0,0.0,2.78,0.93,0.62,8.35,22.57,8.66,0.0,6.8,0.0,0.31,0.31,0.0,5.57,0.93,0.0,5.57,2.47,0.0,2.47,0.0,0.0,0.0,0.0,0.62,0.0,0.0,2.47,1.24,0.0,0.62,0.0,0.0,0.0,0.0,0.62,0.0,0.0,0.0,196.0,60.61,0.31,1.86,56.0,17.32,12.06,69.64,68.53,12.25,0.31,7.73,2.16,1.55,0.62,1.86,0.62,0.62,25.05,7.42,5.26,70.83,66.66,0.93,0.0,21.34,4.33,71.43,3.09,7.42,36.96,-0.458,79.35,0.865,76.09,0.813,63.04,0.365,21.74,-0.871,13.04,-1.126,58.7,0.388,63.04,0.338,36.96,-0.183,56.52,0.038,30.43,-0.609,60.87,0.233,10.87,-0.322,58.7,0.267,89.13,1.214,78.26,0.043,52.17,0.042,52.17,0.127,89.13,1.154,30.43,-0.616,86.96,0.953,91.3,1.427,71.74,0.586,1.064,-0.588,0.191,-0.117,0.209,0.524,0.414,1.34,-0.747,0.044,0.297,0.288,46.56,73.91,51.09,56.88,40.51,49.74,Balanced contributor,0.5276,0.2007
51028,Sam Sutton,S. Sutton,2001-12-10,867,Wellington Phoenix FC,Wellington Phoenix FC,Full Back,Full Back; Wide Attacker,2,1877.98,20,24.1879,29.6837,10342.2897,110.1026,1387.8751,574.08,52.8431,210.9406,10.7505,785.0205,63.5847,117.4152,7.2174,97.3947,17.2163,5.6042,0.61,2.1442,1.32,29.16,31.08,3207.7501,132.6347,519.7174,250.8148,21.8947,104.0469,4.8421,354.8618,26.7368,36.889,2.5526,26.3147,4.7953,1.9463,0.7505,4195.7945,141.2742,705.1109,274.8694,24.8479,91.4415,4.3089,366.3019,29.1568,52.2953,2.8021,38.6647,6.1637,2.2495,0.9474,272.0,23.3743,1.2918,2.1462,0.52,3.1814,1.9799,0.0,1.2069,8.1655,4.2113,0.6901,0.4283,0.0885,0.0,0.0,0.0,0.0885,0.0,0.0,0.1749,0.0864,0.0,0.0885,0.0,0.0,0.0,0.0,0.0885,0.0,0.0,0.0,0.0,0.0,10.7402,0.6017,0.7733,0.1681,1.718,0.8582,0.0,0.4315,4.0379,1.718,0.4335,8.9373,0.3451,0.6052,0.1681,1.6295,0.7698,0.0,0.343,3.6132,1.375,0.0885,14.6519,18.77,10.5665,19.6246,34.9131,0.0,8.6792,13.1423,12.1106,18.06,7.1311,1.0352,0.1681,0.0885,0.1681,1.5463,0.0,0.0885,2.3232,1.2897,0.4335,1.8085,4.3016,0.8582,0.0885,0.4315,0.0,0.7698,0.0,0.0,1.5431,0.0885,0.5132,1.6348,0.3451,0.0,0.0885,0.0,0.3451,0.0,0.0,0.52,0.0,0.3451,1.0331,0.1681,0.0,0.0885,0.0,0.2566,0.0,0.0,0.4315,0.0,0.0885,11.1066,1596.0,137.1611,0.2545,1.7148,495.0,42.5436,34.8925,82.1029,84.4056,14.369,1.2933,6.7911,9.1131,1.2069,0.4335,23.3736,4.3833,2.6611,37.297,11.8589,8.8491,74.7389,74.1168,0.8618,0.1681,15.1218,4.2149,50.7477,2.1462,8.3324,80.77,0.767,34.62,-0.397,26.92,-0.458,36.54,-0.403,82.69,0.813,69.23,0.629,55.77,-0.063,40.38,-0.253,51.92,-0.114,65.38,0.391,28.85,-0.669,73.08,0.496,69.23,0.491,63.46,0.189,28.85,-0.531,11.54,-1.223,36.54,-0.328,61.54,0.043,56.73,0.027,46.15,-0.262,38.46,-0.187,59.62,0.106,30.77,-0.575,-0.46,0.07,-0.252,0.526,-0.208,0.805,-0.05,0.405,0.567,-0.044,-0.456,-0.202,50.0,49.84,52.56,45.19,100.0,49.72,Balanced contributor,-0.3114,-0.3851
51002,Jay O'Shea,J. O'Shea,1988-08-10,1802,Brisbane Roar FC,Brisbane Roar FC,Midfield,Midfield,1,2570.88,26,27.6,28.51,11934.04,120.69,1726.54,456.42,38.81,68.69,3.96,525.12,42.77,105.12,2.42,95.88,11.19,1.38,0.75,0.31,1.52,26.62,28.62,4070.38,147.49,669.08,131.15,11.77,14.73,0.73,145.88,12.5,33.23,0.42,28.88,2.73,0.27,0.04,4633.42,162.51,942.15,305.46,24.5,48.42,2.19,353.88,26.69,44.73,0.62,36.27,3.96,0.15,0.04,401.0,21.52,0.05,7.68,0.54,1.4,0.0,0.48,0.48,2.95,7.62,0.32,0.59,0.0,0.0,0.05,0.0,0.0,0.0,0.0,0.05,0.48,0.0,0.05,0.0,0.0,0.0,0.0,0.0,0.0,0.0,0.05,0.0,0.0,8.43,0.0,2.9,0.11,0.7,0.0,0.27,0.38,1.23,2.84,0.0,8.16,0.0,2.9,0.05,0.64,0.0,0.21,0.38,1.13,2.84,0.0,11.55,16.69,10.07,18.92,0.0,8.01,13.6,11.12,13.41,8.88,2.09,0.05,0.27,0.11,0.0,0.0,0.05,0.16,0.43,0.97,0.05,0.86,3.33,0.05,0.0,0.54,0.0,0.0,0.0,0.0,0.86,1.77,0.11,0.86,0.0,0.0,0.11,0.0,0.0,0.0,0.0,0.27,0.48,0.0,0.75,0.0,0.0,0.05,0.0,0.0,0.0,0.0,0.21,0.48,0.0,8.52,4217.0,226.34,0.64,3.92,1270.0,68.16,57.86,84.88,86.62,16.3,4.08,17.66,17.5,1.07,1.93,43.85,13.42,9.77,30.27,11.81,9.66,81.82,77.46,1.34,0.38,27.96,6.71,70.4,4.72,10.25,38.33,-0.389,26.67,-0.63,26.67,-0.599,25.0,-0.645,55.0,0.181,70.0,0.549,50.0,-0.404,25.0,-0.689,40.0,-0.564,68.33,0.292,67.5,-0.037,50.0,-0.075,36.67,-0.075,90.0,1.39,95.0,1.542,93.33,1.669,88.33,1.084,91.67,1.538,44.17,-0.252,36.67,-0.335,31.67,-0.67,25.0,-0.589,30.0,-0.503,-0.718,1.098,-0.162,-1.195,-0.033,-1.012,0.544,0.794,-0.736,-0.286,2.376,0.058,40.56,31.81,50.14,82.5,100.0,49.53,Progression hub,-0.4322,2.0172
51046,Paulo Retre,P. Retre,1993-03-04,867,Wellington Phoenix FC,Wellington Phoenix FC,Midfield,Midfield,1,1184.82,14,22.37,28.09,10477.07,123.8,1889.0,556.79,42.79,79.64,3.86,636.43,46.64,111.07,3.43,92.36,11.5,1.71,0.85,0.29,0.0,25.78,26.94,3400.93,152.05,744.71,168.5,12.5,21.36,0.57,189.86,13.07,33.43,1.21,24.43,2.0,0.5,0.0,4524.36,161.09,998.93,356.29,27.93,51.36,2.14,407.64,30.07,56.79,1.36,41.29,5.5,0.5,0.14,269.0,33.99,0.13,14.15,0.25,3.79,0.13,0.76,1.39,4.55,8.59,0.25,0.0,0.0,0.0,0.0,0.0,0.0,0.0,0.0,0.0,0.0,0.0,0.0,0.0,0.0,0.0,0.0,0.0,0.0,0.0,0.0,0.0,0.0,9.48,0.0,5.05,0.13,1.01,0.0,0.25,0.25,1.01,1.77,0.0,8.47,0.0,4.93,0.0,1.01,0.0,0.13,0.25,0.63,1.52,0.0,11.45,13.78,10.41,10.87,20.8,13.87,13.35,11.36,13.95,8.02,3.66,0.0,0.88,0.13,0.13,0.13,0.0,0.13,0.88,1.39,0.0,0.63,1.26,0.13,0.0,0.25,0.0,0.0,0.0,0.0,0.0,0.76,0.13,0.25,0.0,0.0,0.13,0.0,0.0,0.0,0.0,0.0,0.13,0.0,0.13,0.0,0.0,0.0,0.0,0.0,0.0,0.0,0.0,0.13,0.0,8.5,1462.0,184.74,0.13,1.52,482.0,60.91,55.85,91.7,91.12,14.66,2.53,14.66,14.91,0.25,0.63,30.71,7.46,5.94,20.98,7.71,6.57,85.25,80.35,0.13,0.0,8.85,2.02,87.5,1.77,6.07,31.67,-0.447,48.33,-0.243,51.67,-0.123,63.33,0.276,75.0,0.704,53.33,0.209,21.67,-0.78,70.0,0.336,30.0,-0.651,71.67,0.415,10.83,-0.985,70.0,0.24,86.67,1.091,35.0,-0.475,46.67,-0.161,75.0,0.367,18.33,-0.767,68.33,0.265,16.67,-0.99,58.33,0.195,26.67,-0.722,41.67,-0.289,45.0,-0.02,-0.345,-0.073,-0.231,-0.102,0.101,-0.596,0.863,-1.126,0.03,-0.276,0.106,-0.233,57.22,38.61,45.7,55.0,100.0,49.08,Balanced contributor,-0.4621,0.0306
43829,Neyder Stiven Moreno Betancur,N. Moreno,1997-02-09,4177,Auckland FC,Auckland FC,Wide Attacker,Wide Attacker,1,505.82,7,18.14,18.7,8505.86,117.71,1388.29,650.14,58.14,193.57,11.71,843.71,69.86,96.71,6.86,78.14,15.0,5.43,0.73,1.86,1.45,28.8,29.22,2677.29,147.59,547.43,260.0,23.14,84.71,4.14,344.71,27.29,33.29,2.0,21.57,3.71,1.57,0.57,3014.14,161.23,670.71,331.71,28.43,97.29,6.0,429.0,34.43,34.0,2.14,24.57,5.0,1.29,0.43,122.0,39.41,1.94,1.62,4.52,0.65,0.65,1.62,4.2,15.18,7.43,1.62,0.97,0.0,0.0,0.32,0.0,0.0,0.0,0.0,0.32,0.32,0.0,0.0,0.0,0.0,0.0,0.0,0.0,0.0,0.0,0.0,0.0,0.0,12.28,0.97,0.65,0.65,0.65,0.32,0.0,0.97,4.85,2.26,0.97,9.69,0.32,0.65,0.32,0.65,0.32,0.0,0.65,3.88,1.94,0.97,13.43,10.42,6.71,14.37,38.08,11.34,11.68,14.85,11.0,16.66,9.69,0.97,0.0,0.97,0.0,0.65,0.0,0.97,4.2,0.65,1.29,6.78,13.24,1.62,0.32,3.88,0.0,0.32,0.0,0.0,4.85,2.26,0.0,3.23,0.65,0.0,0.65,0.0,0.0,0.0,0.0,0.97,0.97,0.0,2.26,0.32,0.0,0.32,0.0,0.0,0.0,0.0,0.97,0.65,0.0,10.85,399.0,128.89,0.65,1.62,115.0,37.15,29.07,78.26,78.66,12.84,1.29,7.43,7.75,0.65,0.97,7.75,2.26,1.94,45.87,13.89,9.69,69.77,71.38,1.62,0.32,31.98,9.04,39.28,3.55,10.01,73.21,0.415,51.79,0.135,51.79,0.087,60.71,0.395,42.86,-0.219,42.86,-0.323,53.57,0.146,64.29,0.323,75.0,0.565,55.36,-0.017,26.79,-0.689,37.5,-0.174,51.79,0.206,48.21,-0.123,80.36,0.715,76.79,0.287,23.21,-0.751,89.29,0.914,36.61,-0.298,41.07,-0.156,55.36,0.257,46.43,-0.078,50.0,-0.102,0.046,-0.77,-0.186,0.328,-0.347,0.658,0.573,0.713,-0.186,0.031,0.272,-0.001,48.22,54.02,52.09,61.61,56.2,48.7,Balanced contributor,-0.0893,0.2978
957734,Corban Piper,C. Piper,2002-09-10,867,Wellington Phoenix FC,Wellington Phoenix FC,Full Back,Central Defender; Full Back; Midfield; Wide Attacker,4,1364.98,15,23.4996,28.6007,10049.7109,110.2728,1291.179,588.623,58.622,240.4336,13.3244,829.0566,71.9425,109.7778,7.8564,90.5974,21.0809,6.1944,0.6872,2.0836,1.4007,30.5,30.5,3139.6772,133.9124,456.6055,231.1021,23.5577,118.964,5.9353,350.0661,29.4931,33.4773,2.024,23.492,4.5269,1.7546,0.7798,4006.3162,140.4907,663.8637,304.3781,28.882,102.27,6.0639,406.6521,34.9419,48.9635,2.8215,36.3544,6.9341,1.8293,0.6573,240.0,25.1219,2.4068,0.211,1.8839,2.5118,0.9421,0.313,1.465,11.0978,4.085,0.2099,0.4191,0.1056,0.0,0.1049,0.0,0.1056,0.0,0.0,0.1062,0.0,0.0,0.1049,0.0,0.0,0.1049,0.0,0.0,0.0,0.0,0.0,0.0,0.0,9.6313,1.3616,0.1049,0.5239,1.0478,0.2117,0.0,0.9421,4.1897,1.0481,0.2099,7.2224,0.9424,0.1049,0.2091,1.0478,0.2117,0.0,0.9421,2.8272,0.8402,0.1037,14.5103,17.6992,6.074,26.2562,15.9178,9.6249,11.3974,14.3007,12.7224,17.8553,9.7321,1.6741,0.0,1.1518,0.1037,0.6304,0.0,0.2099,4.2934,1.4673,0.2099,2.724,7.5368,1.154,0.0,1.8839,0.0,0.2105,0.0,0.0,2.9335,1.2557,0.1062,1.8859,0.5211,0.0,0.5239,0.0,0.1056,0.0,0.0,0.526,0.1062,0.1062,1.0487,0.2081,0.0,0.2091,0.0,0.1056,0.0,0.0,0.4199,0.1062,0.0,10.9196,904.0,94.6369,0.0,1.1532,353.0,36.952,29.4181,78.5689,83.9776,15.4406,1.1533,10.4719,8.6889,0.7313,0.4179,14.029,4.1901,2.9311,24.601,9.4217,5.9663,64.1255,72.3178,0.7333,0.0,10.2573,3.3526,18.594,0.7326,6.0708,78.85,0.691,69.23,0.39,59.62,0.256,46.15,-0.244,44.23,-0.071,38.46,-0.303,88.46,1.284,51.92,-0.002,78.85,0.687,36.54,-0.352,26.92,-0.689,51.92,0.102,63.46,0.39,13.46,-1.109,9.62,-1.234,17.31,-1.106,9.62,-1.011,9.62,-1.3,89.42,1.255,17.31,-0.865,82.69,0.775,76.92,0.591,32.69,-0.539,0.294,-0.375,-0.063,1.076,0.923,1.355,0.274,0.539,0.545,0.215,-1.8,-0.178,41.34,72.28,55.77,20.52,100.0,48.64,Balanced contributor,0.0434,-1.4414
771856,Benjamin Mazzeo,B. Mazzeo,2005-07-12,2380,Melbourne City FC,Melbourne City FC,Wide Attacker,Wide Attacker,1,419.8,5,27.77,22.68,10722.4,127.7,1783.2,689.2,64.8,210.2,12.0,899.4,76.8,113.0,7.4,93.8,18.4,6.2,0.7,2.2,1.37,29.56,29.56,4027.0,145.01,753.0,305.6,28.0,109.6,5.0,415.2,33.0,44.0,3.0,30.2,4.8,2.8,0.6,3803.6,167.73,857.0,302.8,29.4,83.4,5.0,386.2,34.4,38.6,2.2,29.6,6.2,1.4,0.8,121.0,33.91,3.08,1.12,4.2,1.4,1.4,0.28,4.48,16.25,1.4,0.28,1.12,0.28,0.0,0.28,0.0,0.0,0.0,0.0,0.56,0.0,0.0,0.0,0.0,0.0,0.0,0.0,0.0,0.0,0.0,0.0,0.0,0.0,10.65,1.96,0.56,0.84,0.28,0.84,0.0,1.12,5.04,0.0,0.0,8.13,1.12,0.28,0.56,0.28,0.56,0.0,1.12,4.2,0.0,0.0,13.36,11.36,11.25,18.82,20.89,7.23,11.06,12.46,17.83,27.98,9.81,1.96,0.28,1.12,0.0,1.12,0.0,0.28,4.48,0.56,0.0,4.76,7.85,0.56,0.0,3.64,0.0,0.56,0.0,0.0,2.24,0.56,0.28,1.68,0.56,0.0,0.84,0.0,0.28,0.0,0.0,0.0,0.0,0.0,1.12,0.28,0.0,0.56,0.0,0.28,0.0,0.0,0.0,0.0,0.0,7.33,271.0,75.95,0.0,2.24,78.0,21.86,15.97,73.08,78.05,13.13,1.12,5.6,2.24,0.84,0.0,3.08,0.56,0.0,28.3,7.01,4.48,64.0,67.75,1.4,0.0,22.98,4.76,41.18,1.96,6.17,83.93,0.795,75.0,0.718,85.71,0.814,78.57,0.75,91.07,1.162,87.5,1.116,21.43,-0.835,37.5,-0.152,41.07,-0.204,21.43,-0.435,33.93,-0.539,21.43,-0.523,48.21,0.173,15.18,-0.901,28.57,-0.474,8.93,-1.129,35.71,-0.35,10.71,-1.002,57.14,0.306,91.07,1.287,62.5,0.349,60.71,0.176,89.29,1.389,1.129,1.025,1.111,0.662,0.583,1.289,0.463,0.587,1.096,-0.548,-0.802,0.6,85.42,71.43,29.47,24.55,46.64,48.44,High-output carrier,1.5089,-1.631
796014,Lachlan Barr,L. Barr,1994-09-24,871,Perth Glory Football Club,Perth Glory Football Club,Central Defender,Central Defender,1,584.28,6,20.75,35.28,10182.33,104.57,1171.17,420.83,38.5,115.83,6.5,536.67,45.0,109.33,5.0,93.17,12.67,3.67,0.81,1.17,1.76,28.12,28.3,2606.83,125.61,313.0,60.0,6.83,17.0,0.5,77.0,7.33,23.33,1.0,16.5,2.5,0.67,0.0,4791.33,135.8,716.5,320.0,28.17,85.33,4.5,405.33,32.67,55.83,1.83,43.5,4.67,1.17,0.17,16.0,6.97,0.0,0.0,0.0,6.97,0.0,0.0,0.0,0.0,0.0,0.0,0.0,0.0,0.0,0.0,0.0,0.0,0.0,0.0,0.0,0.0,0.0,0.0,0.0,0.0,0.0,0.0,0.0,0.0,0.0,0.0,0.0,0.0,1.74,0.0,0.0,0.0,1.74,0.0,0.0,0.0,0.0,0.0,0.0,1.74,0.0,0.0,0.0,1.74,0.0,0.0,0.0,0.0,0.0,0.0,10.91,0.0,0.0,0.0,0.0,0.0,0.0,0.0,0.0,0.0,0.44,0.0,0.0,0.0,0.44,0.0,0.0,0.0,0.0,0.0,0.0,0.0,0.0,0.0,0.0,0.0,0.0,0.0,0.0,0.0,0.0,0.0,0.0,0.0,0.0,0.0,0.0,0.0,0.0,0.0,0.0,0.0,0.0,0.0,0.0,0.0,0.0,0.0,0.0,0.0,0.0,0.0,0.0,0.0,0.0,10.91,409.0,178.24,0.0,0.0,153.0,66.68,60.14,90.2,94.42,17.15,4.36,11.77,17.87,0.0,0.0,43.14,13.95,12.64,23.53,8.28,7.41,89.47,90.66,0.0,0.0,0.87,0.0,0.0,0.0,3.49,83.33,1.136,70.37,0.413,71.3,0.424,75.93,0.442,72.22,0.464,85.19,1.07,19.44,-0.765,31.48,-0.521,19.44,-0.73,16.67,-0.918,37.96,-0.443,14.81,-0.944,92.59,0.336,18.52,-0.842,15.74,-0.903,90.74,1.204,9.26,-1.142,75.93,0.578,50.0,-0.116,51.85,-0.201,60.19,0.339,75.93,0.471,44.44,-0.199,0.174,0.164,0.211,0.929,1.284,1.157,0.689,1.099,1.017,-1.019,-0.2,-0.03,66.67,69.45,23.3,50.46,64.92,48.31,Balanced contributor,0.1902,-1.0675
9520,Samuel Souprayen,S. Souprayen,1989-02-18,2380,Melbourne City FC,Melbourne City FC,Central Defender,Central Defender,1,1952.0,20,30.32,23.97,10423.3,106.8,1307.0,361.6,31.7,73.35,4.55,434.95,36.25,104.45,3.45,85.15,7.9,1.4,0.8,0.25,0.0,27.45,28.88,3839.3,126.63,475.9,105.75,9.35,15.15,0.75,120.9,10.1,33.2,0.8,28.55,2.6,0.3,0.1,3533.75,147.41,649.15,221.75,19.1,53.2,2.7,274.95,21.8,41.3,1.35,29.2,2.5,0.45,0.1,160.0,9.39,0.06,0.29,0.0,7.98,0.0,0.0,0.41,0.06,0.47,0.12,0.0,0.0,0.0,0.0,0.0,0.0,0.0,0.0,0.0,0.0,0.0,0.0,0.0,0.0,0.0,0.0,0.0,0.0,0.0,0.0,0.0,0.0,3.35,0.0,0.06,0.0,2.94,0.0,0.0,0.18,0.0,0.12,0.06,3.35,0.0,0.06,0.0,2.94,0.0,0.0,0.18,0.0,0.12,0.06,11.2,3.71,6.51,0.0,0.0,0.0,12.27,4.3,10.54,10.38,0.82,0.0,0.0,0.0,0.82,0.0,0.0,0.0,0.0,0.0,0.0,0.12,0.18,0.06,0.0,0.0,0.0,0.0,0.0,0.0,0.0,0.06,0.06,0.0,0.0,0.0,0.0,0.0,0.0,0.0,0.0,0.0,0.0,0.0,0.0,0.0,0.0,0.0,0.0,0.0,0.0,0.0,0.0,0.0,0.0,11.47,2910.0,170.84,0.29,1.35,1129.0,66.28,60.88,91.85,94.09,18.69,5.28,13.44,13.5,0.0,0.0,48.32,13.91,11.68,22.6,8.28,7.46,90.07,89.38,0.35,0.06,2.0,0.23,25.0,0.06,4.52,16.67,-0.976,29.63,-0.673,27.78,-0.629,37.04,-0.384,44.44,-0.081,50.0,0.008,48.15,-0.312,64.81,0.022,48.15,-0.333,59.26,0.081,37.96,-0.443,59.26,0.026,88.89,0.31,37.04,-0.674,31.48,-0.429,85.19,0.911,79.63,0.523,77.78,0.603,25.93,-0.747,68.52,0.469,27.78,-0.787,18.52,-0.971,57.41,0.217,-0.512,0.467,-0.14,-1.425,-1.14,-1.661,0.656,-1.274,-1.114,-0.226,0.323,-0.473,47.84,25.62,52.93,66.67,100.0,47.7,Balanced contributor,-1.008,0.554
29075,Nikolaos Vergos,N. Vergos,1996-01-13,868,Melbourne Victory Football Club,Melbourne Victory Football Club,Center Forward,Center Forward,1,1466.99,19,22.13,18.86,8524.11,110.41,1148.05,477.89,48.11,142.26,8.95,620.16,57.05,90.68,6.63,74.95,14.53,4.79,0.64,1.26,1.38,28.22,29.82,3040.32,137.37,508.68,241.63,23.21,88.79,4.84,330.42,28.05,35.05,2.21,23.95,4.26,1.42,0.42,2814.63,149.21,514.16,200.89,19.58,44.21,3.0,245.11,22.58,27.47,1.89,22.05,3.79,1.42,0.37,405.0,37.17,9.18,0.83,11.75,0.18,0.18,1.47,0.83,10.83,1.47,0.46,1.56,0.73,0.0,0.37,0.0,0.0,0.0,0.0,0.37,0.09,0.0,0.18,0.0,0.0,0.09,0.0,0.0,0.0,0.0,0.09,0.0,0.0,11.29,3.67,0.28,3.4,0.09,0.0,0.64,0.37,2.29,0.46,0.09,5.32,1.74,0.28,0.64,0.09,0.0,0.28,0.28,1.56,0.37,0.09,13.98,14.53,8.02,16.52,25.2,8.19,10.61,12.61,11.47,12.58,11.01,4.04,0.0,3.21,0.0,0.09,0.18,0.18,2.75,0.37,0.18,14.5,27.26,7.16,0.09,11.75,0.0,0.09,0.37,0.0,6.61,0.92,0.28,7.07,2.29,0.0,3.4,0.0,0.0,0.09,0.0,1.01,0.28,0.0,2.48,0.92,0.0,0.64,0.0,0.0,0.09,0.0,0.64,0.18,0.0,5.5,553.0,50.75,0.28,3.03,178.0,16.34,13.22,80.9,77.36,11.21,0.37,6.61,2.48,1.65,1.56,2.02,0.46,0.37,20.56,7.16,5.87,82.05,74.11,2.11,0.28,18.26,5.51,73.33,4.04,3.85,56.52,0.08,39.13,-0.415,36.96,-0.466,30.43,-0.655,34.78,-0.499,34.78,-0.452,89.13,1.024,52.17,0.249,93.48,1.364,23.91,-0.583,58.7,0.099,41.3,-0.182,58.7,0.218,78.26,0.916,50.0,-0.27,56.52,-0.235,86.96,1.093,65.22,0.366,32.61,-0.45,19.57,-0.854,43.48,-0.239,36.96,-0.344,17.39,-0.886,-0.862,-0.88,-0.828,-0.013,-0.113,0.075,0.351,0.82,-0.435,0.421,0.453,-0.341,29.35,39.49,59.78,65.94,100.0,47.62,Balanced contributor,-0.9508,1.0202
50966,Ben Halloran,B. Halloran,1992-06-14,1802,Brisbane Roar FC,Brisbane Roar FC,Wide Attacker,Center Forward; Wide Attacker,2,1248.48,15,22.9398,25.2272,9646.5306,115.6762,1300.7151,550.5744,57.2272,208.3193,11.7599,758.8937,68.9871,104.6605,6.9402,85.3891,20.3956,4.2557,0.63,1.1444,1.42,29.74,30.62,3172.3554,138.8232,491.2805,231.3016,24.7047,106.6696,5.2088,337.9712,29.9135,36.0598,2.3156,23.5842,4.5731,1.5888,0.5244,3736.6321,148.5248,673.0152,268.7724,26.1646,81.0102,4.38,349.7826,30.5446,39.6338,1.9733,31.8693,6.6357,0.6844,0.0,329.0,35.8687,1.9643,3.8167,3.2722,0.0,1.8551,1.0915,3.1617,12.9709,6.21,1.5257,0.7622,0.0,0.0,0.1129,0.0,0.2164,0.0,0.0,0.2164,0.2164,0.0,0.2164,0.0,0.0,0.0,0.0,0.1129,0.0,0.0,0.1129,0.0,0.0,13.9509,1.0878,1.85,0.542,0.0,0.7635,0.2164,1.4209,5.6693,1.9586,0.4329,9.5932,0.2164,1.5301,0.2164,0.0,0.655,0.2164,1.308,3.4887,1.7465,0.2164,13.4984,9.759,7.5922,21.4224,22.6524,11.67,10.9,13.2245,12.3393,18.8632,9.9189,0.9843,0.1129,1.3042,0.0,0.9786,0.3293,0.3293,4.2471,0.8751,0.7679,4.7929,10.6857,1.3093,0.1129,3.2722,0.0,0.4385,0.0,0.1129,3.0558,2.0678,0.3256,3.0534,0.655,0.0,0.542,0.0,0.1092,0.0,0.1129,1.4185,0.1129,0.1129,1.5301,0.1129,0.0,0.2164,0.0,0.1092,0.0,0.1129,0.8751,0.1129,0.0,0.0,934.0,101.8212,0.1129,2.3958,300.0,32.708,26.06,79.1558,76.4903,13.4545,1.195,7.7395,7.4163,1.5277,1.0915,7.0856,1.9667,1.308,30.9629,11.336,8.3945,74.22,65.9559,0.7622,0.1129,26.8156,8.5074,51.2742,4.36,9.1623,41.07,-0.386,46.43,0.062,46.43,-0.012,28.57,-0.51,60.71,0.455,58.93,0.343,32.14,-0.319,44.64,0.017,44.64,-0.191,53.57,-0.043,19.64,-0.896,66.07,0.184,35.71,0.088,64.29,0.273,69.64,0.453,51.79,-0.174,39.29,-0.249,64.29,0.437,70.54,0.449,33.93,-0.476,58.93,0.273,57.14,0.147,39.29,-0.405,-0.144,0.154,-0.019,0.377,1.128,-0.304,0.207,0.666,0.178,-0.254,0.18,-0.051,44.64,50.45,43.45,54.17,100.0,47.61,Balanced contributor,-0.0961,-0.021
818284,Oliver Lavale,O. Lavale,2005-04-05,1803,Western United,Western United,Center Forward,Center Forward,1,151.24,2,18.99,23.57,9605.5,127.03,1476.0,672.5,62.0,177.0,11.0,849.5,73.0,100.5,8.5,82.5,15.0,6.5,0.0,0.0,0.0,27.9,27.9,2731.0,143.8,539.0,229.0,19.5,50.5,2.5,279.5,22.0,33.0,1.5,21.0,2.5,0.0,0.0,4144.0,175.84,778.5,402.5,37.5,116.5,7.0,519.0,44.5,37.0,2.5,31.0,4.5,2.5,0.0,54.0,42.51,5.51,4.72,9.45,0.79,0.0,3.94,2.36,14.17,1.57,0.0,0.79,0.0,0.0,0.0,0.0,0.0,0.0,0.0,0.79,0.0,0.0,0.0,0.0,0.0,0.0,0.0,0.0,0.0,0.0,0.0,0.0,0.0,14.17,2.36,3.15,0.79,0.79,0.0,0.79,1.57,4.72,0.0,0.0,8.66,0.79,2.36,0.0,0.79,0.0,0.79,0.79,3.15,0.0,0.0,13.19,14.78,6.57,15.98,0.0,6.64,9.67,16.73,5.29,0.0,7.87,1.57,0.0,3.15,0.0,0.0,0.0,0.0,3.15,0.0,0.0,9.45,20.47,3.94,0.0,9.45,0.0,0.0,0.0,0.0,7.08,0.0,0.0,3.15,0.79,0.0,0.79,0.0,0.0,0.0,0.0,1.57,0.0,0.0,1.57,0.0,0.0,0.0,0.0,0.0,0.0,0.0,1.57,0.0,0.0,3.55,62.0,48.81,0.0,0.0,17.0,13.38,8.66,64.71,81.51,9.26,0.0,6.3,0.79,1.57,0.0,2.36,0.79,0.0,13.38,3.15,1.57,50.0,62.67,0.0,0.0,15.74,3.15,25.0,0.79,1.57,6.52,-1.393,71.74,0.662,73.91,0.777,82.61,1.182,69.57,0.355,58.7,0.26,50.0,0.103,82.61,0.797,52.17,0.094,80.43,0.576,19.57,-0.766,69.57,0.521,82.61,0.472,10.87,-1.306,13.04,-1.218,17.39,-0.647,7.61,-1.629,13.04,-1.316,20.65,-0.675,78.26,0.692,58.7,0.287,54.35,0.143,95.65,1.452,0.939,0.213,0.669,0.835,-0.01,1.021,-1.649,-1.067,0.787,0.283,-1.224,0.461,76.09,49.46,59.06,24.09,35.0,47.44,High-output carrier,1.2302,-1.2959
795513,Bradley Tapp,B. Tapp,2001-01-16,870,Central Coast Mariners Football Club,Central Coast Mariners Football Club,Central Defender,Central Defender,1,196.42,2,29.12,31.07,11080.0,112.82,1343.0,415.5,38.5,91.0,7.0,506.5,45.5,124.0,5.5,96.5,14.5,3.5,0.0,0.0,0.0,28.55,28.55,3898.0,133.84,463.5,152.0,14.5,16.0,2.0,168.0,16.5,38.5,2.5,28.0,3.0,1.5,0.0,4442.0,142.98,731.5,234.5,21.0,64.0,4.5,298.5,25.5,55.5,2.0,43.0,4.5,0.5,0.0,4.0,3.98,0.0,0.0,0.0,2.98,0.0,0.0,0.0,0.0,0.99,0.0,0.0,0.0,0.0,0.0,0.0,0.0,0.0,0.0,0.0,0.0,0.0,0.0,0.0,0.0,0.0,0.0,0.0,0.0,0.0,0.0,0.0,0.0,0.0,0.0,0.0,0.0,0.0,0.0,0.0,0.0,0.0,0.0,0.0,0.0,0.0,0.0,0.0,0.0,0.0,0.0,0.0,0.0,0.0,0.0,6.11,0.0,0.0,0.0,0.0,0.0,0.0,0.0,9.07,0.0,0.0,0.0,0.0,0.0,0.0,0.0,0.0,0.0,0.0,0.0,0.0,0.0,0.0,0.0,0.0,0.0,0.0,0.0,0.0,0.0,0.0,0.0,0.0,0.0,0.0,0.0,0.0,0.0,0.0,0.0,0.0,0.0,0.0,0.0,0.0,0.0,0.0,0.0,0.0,0.0,0.0,0.0,0.0,0.0,0.0,5.12,161.0,160.04,0.0,4.97,58.0,57.65,51.69,89.66,92.92,18.25,2.98,9.94,13.92,0.0,0.0,42.74,11.93,10.93,23.86,10.93,10.93,100.0,88.16,0.0,0.0,2.98,0.0,0.0,0.0,4.97,7.41,-1.55,75.93,0.475,71.3,0.424,70.37,0.368,100.0,2.101,94.44,1.512,19.44,-0.765,9.26,-1.193,19.44,-0.73,3.7,-1.999,37.96,-0.443,3.7,-1.992,66.67,0.217,18.52,-0.842,42.59,-0.222,77.78,0.682,100.0,4.988,100.0,2.34,62.96,0.289,75.93,0.647,75.0,0.628,35.19,-0.372,90.74,1.34,0.798,1.291,0.87,1.689,2.214,0.945,-2.018,-1.274,2.44,-1.679,1.862,0.994,84.57,53.71,15.58,67.59,35.0,47.37,Balanced contributor,1.9456,-0.5096
11897,Josh Risdon,J. Risdon,1992-07-27,871,Perth Glory Football Club,Perth Glory Football Club,Full Back,Full Back,1,1396.35,15,19.36,31.87,10121.27,108.72,1373.07,575.2,52.67,158.0,9.4,733.2,62.07,106.87,7.07,91.6,20.07,4.93,0.61,1.87,1.37,28.45,29.26,2619.73,135.33,470.33,188.13,17.33,44.6,2.73,232.73,20.07,28.6,2.0,20.8,4.0,1.2,0.67,4454.53,139.77,734.0,340.6,30.07,103.8,5.13,444.4,35.2,49.13,2.6,38.6,6.6,1.67,0.53,116.0,25.36,0.44,1.09,0.22,5.9,2.19,0.0,2.41,5.69,7.43,0.0,0.44,0.0,0.0,0.0,0.0,0.22,0.0,0.0,0.22,0.0,0.0,0.22,0.0,0.0,0.0,0.0,0.0,0.0,0.0,0.22,0.0,0.0,12.46,0.0,0.44,0.0,3.06,1.09,0.0,1.31,4.15,2.41,0.0,11.15,0.0,0.22,0.0,2.84,1.09,0.0,1.31,3.28,2.41,0.0,13.41,10.09,12.16,15.82,14.48,0.0,17.47,12.39,14.68,0.0,7.0,0.22,0.0,0.0,1.31,1.09,0.0,0.87,1.97,1.53,0.0,1.31,2.19,0.44,0.0,0.22,0.0,0.22,0.0,0.0,0.66,0.66,0.0,0.66,0.0,0.0,0.0,0.0,0.22,0.0,0.0,0.44,0.0,0.0,0.66,0.0,0.0,0.0,0.0,0.22,0.0,0.0,0.44,0.0,0.0,11.11,957.0,209.26,0.22,2.41,303.0,66.25,47.23,71.29,75.86,15.64,3.28,20.55,10.93,1.97,1.09,43.29,13.78,8.75,53.57,19.68,13.78,70.0,72.06,1.31,0.22,24.71,7.87,38.89,3.06,20.77,69.23,0.422,23.08,-0.54,25.0,-0.479,40.38,-0.391,32.69,-0.408,42.31,-0.165,15.38,-0.943,53.85,0.033,32.69,-0.55,94.23,1.35,30.77,-0.643,90.38,1.107,9.62,-1.528,86.54,1.028,100.0,3.331,92.31,1.405,65.38,0.518,98.08,2.34,30.77,-0.623,42.31,-0.354,20.19,-0.691,17.31,-0.765,19.23,-0.867,-0.826,-0.266,-0.54,0.399,0.628,0.177,-0.05,0.488,0.117,0.074,2.378,0.276,33.33,33.81,52.88,75.32,100.0,47.32,Progression hub,-0.1117,2.0768
966111,Jaylan Pearman,J. Pearman,2006-04-18,871,Perth Glory Football Club,Perth Glory Football Club,Center Forward,Center Forward; Midfield; Wide Attacker,3,1041.01,12,21.0609,27.6571,10853.0576,125.0816,1750.7594,486.6212,42.7444,76.8956,4.8466,563.5168,47.5844,92.8929,3.7569,77.2886,10.6201,2.1805,0.8303,0.5054,0.0,26.73,27.32,3325.5652,158.5937,648.4705,192.8826,17.4154,35.3,1.991,228.1917,19.4064,34.8561,1.3363,22.5706,3.0076,0.5846,0.0847,4560.4236,164.7955,991.7368,268.9586,21.6466,37.4273,1.7642,306.3794,23.4108,37.5106,1.2491,31.586,3.6012,0.6661,0.1639,123.0,33.4731,0.8187,3.264,5.7155,0.5439,0.5445,2.4512,0.2731,12.5152,7.0736,0.2714,1.0884,0.0,0.0,0.2731,0.0,0.0,0.0,0.0,0.2714,0.5439,0.0,0.0,0.0,0.0,0.0,0.0,0.0,0.0,0.0,0.0,0.0,0.0,9.7948,0.5445,0.814,1.6339,0.0,0.2714,0.5447,0.0,3.2677,2.7212,0.0,7.0745,0.2731,0.814,0.2731,0.0,0.2714,0.5447,0.0,2.4501,2.4481,0.0,13.9971,38.8229,7.7777,17.5318,11.9912,8.445,22.06,15.0603,15.2083,8.03,5.1695,0.5473,0.0,1.9042,0.0,0.2731,0.0,0.0,1.6312,0.8181,0.0,4.8998,11.7033,0.5456,0.0,5.4413,0.0,0.2731,0.0,0.0,2.7223,2.7191,0.0,3.5382,0.2714,0.0,1.3597,0.0,0.0,0.0,0.0,0.5473,1.3579,0.0,1.6322,0.0,0.0,0.2731,0.0,0.0,0.0,0.0,0.2742,1.0884,0.0,8.06,435.0,118.3672,0.5456,4.0793,126.0,34.2839,26.668,77.5268,80.0425,15.5281,1.3617,10.6113,6.8014,1.0871,1.3597,8.9775,3.2639,1.9066,31.294,9.252,7.0748,77.8312,72.5175,2.4483,0.2742,31.5668,8.1638,63.1836,5.1693,8.1651,23.91,-0.802,15.22,-1.055,19.57,-0.946,39.13,-0.573,43.48,-0.307,45.65,-0.232,13.04,-1.085,36.96,-0.13,15.22,-1.05,54.35,0.026,39.13,-0.431,23.91,-0.546,78.26,0.382,97.83,1.688,97.83,1.524,95.65,1.475,100.0,2.036,80.43,0.837,8.7,-1.499,95.65,1.987,13.04,-1.29,17.39,-1.26,91.3,1.178,-0.698,1.474,0.416,-1.316,-0.97,-1.368,0.946,-1.067,-1.013,-0.687,1.723,-0.169,55.07,20.29,30.44,91.67,100.0,47.15,Progression hub,-0.5914,1.2672
51700,Max Burgess,M. Burgess,1995-01-16,869,Sydney Football Club,Sydney Football Club,Wide Attacker,Wide Attacker,1,182.52,2,31.7,18.0,11758.0,128.84,2061.0,726.0,54.5,123.0,7.5,849.0,62.0,96.0,3.0,79.0,9.5,2.5,0.0,0.5,0.0,27.1,27.1,4851.5,153.04,866.5,281.0,20.0,35.5,2.5,316.5,22.5,46.5,0.5,35.0,2.5,0.0,0.0,3537.0,196.5,1010.0,414.0,30.0,72.5,4.0,486.5,34.0,28.0,0.5,19.5,5.0,0.5,0.0,80.0,37.71,0.0,6.6,0.94,2.83,0.47,1.89,4.71,12.73,5.18,2.36,0.47,0.0,0.0,0.0,0.0,0.0,0.0,0.0,0.47,0.0,0.0,0.0,0.0,0.0,0.0,0.0,0.0,0.0,0.0,0.0,0.0,0.0,13.2,0.0,3.3,0.0,0.94,0.0,0.94,0.94,5.18,0.94,0.94,12.73,0.0,3.3,0.0,0.94,0.0,0.47,0.94,5.18,0.94,0.94,13.03,0.0,13.04,28.64,39.42,12.2,13.39,11.05,12.7,14.02,5.66,0.0,0.0,0.47,0.47,0.47,0.0,0.94,1.41,0.94,0.94,2.36,3.77,0.0,0.0,0.94,0.0,0.0,0.0,0.0,1.89,0.94,0.0,0.47,0.0,0.0,0.0,0.0,0.0,0.0,0.0,0.47,0.0,0.0,0.47,0.0,0.0,0.0,0.0,0.0,0.0,0.0,0.47,0.0,0.0,12.09,389.0,183.35,0.47,5.18,115.0,54.2,43.83,80.87,80.47,14.62,1.41,14.14,10.37,3.77,2.36,18.38,4.71,4.24,39.59,14.61,9.43,64.51,63.11,1.41,0.47,55.15,14.61,64.52,9.43,13.2,8.93,-1.106,28.57,-0.525,35.71,-0.31,87.5,1.085,39.29,-0.279,46.43,-0.244,7.14,-1.578,55.36,0.176,14.29,-1.117,89.29,0.796,12.5,-1.188,48.21,0.023,66.07,0.306,100.0,2.751,96.43,1.703,94.64,1.966,94.64,1.552,83.93,0.818,8.93,-1.651,100.0,2.302,17.86,-1.093,16.07,-1.157,92.86,1.559,0.167,1.864,0.883,-2.061,-1.851,-1.743,-2.1,-1.561,-0.871,-0.589,1.981,0.413,65.78,29.17,37.8,89.29,35.0,46.86,Progression hub,0.4732,1.2243
923863,Sasha Kuzevski,S. Kuzevski,2001-03-27,870,Central Coast Mariners Football Club,Central Coast Mariners Football Club,Full Back,Full Back; Wide Attacker,2,476.58,6,28.2388,21.3591,9570.9952,118.5333,1415.3931,573.6508,54.1231,204.167,11.9898,777.8235,66.1129,99.4043,6.0,85.9709,14.812,2.7188,0.9614,0.858,0.0,29.03,29.03,3852.2049,137.2064,617.2436,250.6286,24.0932,86.424,4.5696,337.0539,28.6628,39.7218,2.3816,28.4203,4.5696,0.9541,0.33,3214.7089,150.4941,625.4291,273.4701,24.8835,105.3382,5.7546,378.8082,30.6438,35.1749,1.3816,24.8996,4.1004,0.7116,0.3816,129.0,28.7939,1.5598,1.3378,3.3453,2.4559,0.889,0.444,2.4587,10.0388,5.3552,0.8895,1.1171,0.0,0.0,0.2225,0.0,0.2225,0.0,0.222,0.445,0.0,0.0,0.0,0.0,0.0,0.0,0.0,0.0,0.0,0.0,0.0,0.0,0.0,10.9363,0.444,0.8933,0.8933,0.445,0.667,0.0,1.5603,4.24,1.3391,0.4445,9.1494,0.222,0.8933,0.4445,0.445,0.667,0.0,1.5603,3.3515,1.3391,0.222,14.4446,11.2299,7.1103,18.776,27.0311,12.21,14.2686,16.9776,10.7967,31.9072,6.9178,0.6665,0.0,1.1158,0.0,0.667,0.0,0.222,2.6807,0.889,0.667,5.1328,9.3719,0.889,0.0,3.3453,0.222,0.4445,0.0,0.222,3.3458,0.6708,0.2225,3.3472,0.0,0.0,0.8933,0.0,0.4445,0.0,0.222,1.7822,0.0,0.0,2.4587,0.0,0.0,0.4445,0.0,0.4445,0.0,0.222,1.3378,0.0,0.0,8.5841,547.0,122.0802,0.222,1.3383,171.0,38.1598,30.5741,79.928,82.9704,12.6042,0.667,8.0346,5.8002,1.1148,0.667,18.3029,4.018,3.1228,29.0135,9.8197,6.9165,70.1534,68.6287,0.4445,0.0,18.3021,5.1299,42.0596,2.231,7.1403,15.38,-0.855,46.15,-0.159,38.46,-0.3,32.69,-0.408,9.62,-1.273,19.23,-0.937,96.15,2.049,69.23,0.526,100.0,2.794,75.0,0.483,80.77,0.86,75.0,0.566,53.85,0.152,69.23,0.267,19.23,-0.901,21.15,-1.024,23.08,-0.786,21.15,-0.857,51.92,-0.092,50.0,-0.09,59.62,0.276,51.92,-0.005,90.38,1.205,0.186,-1.102,-0.367,-0.522,-0.911,-1.882,1.425,-1.788,-1.147,1.52,-1.056,-0.084,41.34,41.66,82.69,34.62,52.95,46.79,Box-movement threat,-0.2108,0.3841
34423,Antonio Mikael Rodrigues Brito,Mikael Doka,2000-01-24,870,Central Coast Mariners Football Club,Central Coast Mariners Football Club,Wide Attacker,Center Forward; Full Back; Midfield; Wide Attacker,4,2438.64,25,27.7727,29.0893,10923.8834,111.9442,1438.1608,571.0802,55.1958,205.1121,10.2579,776.1923,65.4488,105.693,6.1274,91.4465,13.303,4.7223,0.6764,1.5593,1.3836,29.8,30.94,3780.3836,136.0623,597.9323,284.5501,27.5182,115.6136,5.2081,400.1636,32.7263,41.2813,2.4816,28.4137,3.8441,1.7611,0.7195,4166.8892,143.3791,709.2746,251.2127,23.6286,74.9328,3.4429,326.1427,27.0688,41.3646,2.2018,35.3925,4.6109,1.2831,0.2799,264.0,25.9736,1.7676,2.7553,1.7716,1.3781,0.7885,0.3933,3.1477,9.6402,3.4414,0.8841,0.6907,0.2956,0.0,0.0,0.0,0.0,0.0,0.0975,0.0975,0.1965,0.0,0.1964,0.0989,0.0,0.0,0.0,0.0,0.0,0.0975,0.0,0.0,0.0,11.1137,0.8873,1.675,0.0,0.5917,0.5919,0.1967,2.1643,3.5429,1.1816,0.2958,9.5392,0.5932,1.675,0.0,0.5917,0.4908,0.1967,2.0653,2.5581,1.0825,0.2958,14.183,17.4868,9.3423,20.9649,24.9024,12.4654,11.3696,12.6954,15.768,18.8221,7.7718,1.0841,0.0992,0.9835,0.0975,0.5934,0.1967,0.8855,2.3614,0.8821,0.5899,3.048,5.9056,0.7844,0.0,1.5751,0.0,0.1967,0.0,0.0,2.1649,1.0822,0.0975,1.4792,0.4921,0.0,0.0,0.0,0.0975,0.0,0.0,0.6893,0.0992,0.0975,0.9835,0.4921,0.0,0.0,0.0,0.0,0.0,0.0,0.393,0.0,0.0975,11.7804,1449.0,142.5427,0.3913,3.442,405.0,39.8406,34.0374,85.8382,83.6593,16.1439,2.8538,9.5437,7.0817,1.0845,0.9831,17.2143,4.6234,3.8366,42.3969,13.9679,11.2127,80.834,77.8512,1.6707,0.1967,29.1174,6.9854,56.2237,3.9332,8.066,64.29,0.078,41.07,-0.235,37.5,-0.234,32.14,-0.324,64.29,0.543,80.36,0.9,14.29,-1.189,14.29,-0.838,16.07,-0.855,51.79,-0.058,17.86,-0.967,25.0,-0.424,85.71,0.48,53.57,0.064,57.14,0.113,92.86,1.672,66.07,0.428,96.43,1.474,75.89,0.497,50.0,0.026,37.5,-0.209,51.79,0.098,16.07,-0.962,-0.366,1.188,0.246,-0.126,-0.811,0.078,0.377,0.609,-0.078,-0.883,0.921,-0.157,47.32,49.85,23.22,75.3,100.0,46.78,Progression hub,-0.3308,0.2567
795518,Oliver Jones,O. Jones,2003-02-06,1804,Macarthur FC,Macarthur FC,Central Defender,Central Defender,1,787.36,8,27.83,28.62,10259.62,104.24,1190.5,386.12,35.62,85.75,5.12,471.88,40.75,107.38,4.62,84.5,9.88,3.0,0.68,0.5,1.73,27.44,28.12,3696.0,132.81,499.88,110.88,10.25,22.75,1.12,133.62,11.38,30.12,1.25,22.12,2.5,0.75,0.0,3611.0,126.17,501.88,225.0,20.38,50.75,2.62,275.75,23.0,44.75,1.88,31.5,3.12,1.38,0.38,57.0,8.8,0.15,0.77,0.0,6.33,0.0,0.0,0.0,0.31,1.08,0.15,0.0,0.0,0.0,0.0,0.0,0.0,0.0,0.0,0.0,0.0,0.0,0.0,0.0,0.0,0.0,0.0,0.0,0.0,0.0,0.0,0.0,0.0,2.62,0.0,0.0,0.0,2.32,0.0,0.0,0.0,0.0,0.31,0.0,2.62,0.0,0.0,0.0,2.32,0.0,0.0,0.0,0.0,0.31,0.0,11.47,25.7,11.44,0.0,0.0,0.0,0.0,19.65,12.09,3.52,0.0,0.0,0.0,0.0,0.0,0.0,0.0,0.0,0.0,0.0,0.0,0.31,0.46,0.15,0.0,0.0,0.0,0.0,0.0,0.0,0.0,0.15,0.15,0.0,0.0,0.0,0.0,0.0,0.0,0.0,0.0,0.0,0.0,0.0,0.0,0.0,0.0,0.0,0.0,0.0,0.0,0.0,0.0,0.0,0.0,10.81,845.0,130.45,0.0,0.62,345.0,53.26,47.55,89.28,93.12,18.87,4.63,11.12,11.89,0.15,0.0,36.28,10.34,8.18,13.43,6.95,6.33,91.11,91.34,0.0,0.0,2.47,0.31,50.0,0.15,4.32,40.74,-0.402,44.44,-0.115,44.44,-0.022,57.41,-0.042,66.67,0.246,45.37,-0.078,74.07,0.394,51.85,-0.11,76.85,0.296,40.74,-0.372,37.96,-0.443,38.89,-0.414,72.22,0.233,42.59,-0.423,29.63,-0.521,42.59,-0.156,42.59,-0.377,51.85,0.038,24.07,-0.757,55.56,-0.105,35.19,-0.458,29.63,-0.55,38.89,-0.261,-0.379,0.261,-0.094,0.352,-0.134,0.325,0.254,1.059,-0.24,-0.153,-0.313,-0.334,51.39,38.58,53.39,46.91,87.48,46.78,Balanced contributor,-0.5853,-0.1609
795537,Thomas Waddingham,T. Waddingham,2005-04-05,1802,Brisbane Roar FC,Brisbane Roar FC,Center Forward,Center Forward,1,925.0,10,24.27,27.91,11204.0,121.12,1563.6,497.9,48.9,122.5,8.4,620.4,57.3,100.1,5.6,83.1,11.0,3.9,0.72,0.7,1.47,28.2,29.52,3360.1,138.44,483.0,184.8,18.8,59.7,3.2,244.5,22.0,33.2,2.0,22.0,3.0,1.6,0.2,4725.7,169.31,966.5,276.8,26.7,57.6,3.3,334.4,30.0,38.9,1.9,33.6,4.0,0.8,0.2,165.0,34.54,8.58,0.42,9.84,0.0,0.0,0.84,0.0,12.98,1.88,0.0,2.09,1.26,0.0,0.63,0.0,0.0,0.0,0.0,0.21,0.0,0.0,0.42,0.42,0.0,0.0,0.0,0.0,0.0,0.0,0.0,0.0,0.0,10.89,3.35,0.21,3.56,0.0,0.0,0.0,0.0,3.56,0.21,0.0,5.02,2.3,0.21,1.05,0.0,0.0,0.0,0.0,1.47,0.0,0.0,13.4,16.47,5.61,16.37,0.0,8.2,0.0,9.67,13.59,0.0,8.16,3.35,0.0,2.72,0.0,0.0,0.0,0.0,1.88,0.21,0.0,8.16,23.86,6.7,0.0,9.84,0.0,0.0,0.0,0.0,6.28,1.05,0.0,6.91,2.09,0.0,3.56,0.0,0.0,0.0,0.0,1.26,0.0,0.0,3.35,1.26,0.0,1.05,0.0,0.0,0.0,0.0,1.05,0.0,0.0,0.0,228.0,47.73,0.42,2.09,74.0,15.49,11.72,75.68,72.66,10.9,0.21,6.28,4.81,0.63,1.26,0.63,0.42,0.42,15.07,4.19,2.93,70.0,70.89,0.63,0.42,16.96,3.56,52.94,1.88,3.77,28.26,-0.575,41.3,-0.399,41.3,-0.395,45.65,-0.466,67.39,0.32,60.87,0.316,70.65,0.563,43.48,-0.02,32.61,-0.231,15.22,-0.688,78.26,0.694,30.43,-0.279,17.39,-0.069,32.61,-0.56,45.65,-0.303,63.04,-0.179,60.87,0.249,21.74,-0.784,30.43,-0.464,89.13,1.105,36.96,-0.379,28.26,-0.621,73.91,0.621,-0.254,1.828,0.733,-0.48,-0.887,-0.417,0.601,0.943,-0.679,0.008,-0.357,-0.158,63.04,35.14,45.11,40.22,100.0,46.76,Balanced contributor,-0.157,-0.1607
42513,Zach Clough,Z. Clough,1995-03-08,866,Adelaide United Football Club,Adelaide United Football Club,Wide Attacker,Midfield; Wide Attacker,2,1850.16,22,24.8761,23.1793,10341.0129,122.9697,1576.8856,583.9369,52.0903,169.3085,9.0938,753.2454,61.1755,92.5436,3.6796,79.5482,8.9568,2.5868,0.6174,0.5436,1.3,28.72,29.88,3811.2577,153.2563,702.6565,302.3948,25.7305,92.6843,4.5426,395.0791,30.2731,37.138,1.4574,25.1325,2.8629,0.9548,0.2244,3714.9019,160.2762,739.6694,245.1375,22.1786,61.6642,2.9579,306.8004,25.1279,33.0462,1.136,29.2309,2.728,0.5457,0.0,509.0,37.0957,3.1385,2.1887,5.3252,0.5074,0.5141,1.529,3.9349,13.5549,5.762,0.6575,1.1649,0.0,0.0,0.364,0.0,0.0706,0.0,0.1434,0.4368,0.15,0.0,0.2207,0.0,0.0,0.0706,0.0,0.0706,0.0,0.0,0.0706,0.0,0.0,11.2988,0.5802,0.8053,1.5334,0.15,0.2228,0.2934,1.8202,4.5219,1.3084,0.0706,8.1613,0.2162,0.8053,0.5141,0.15,0.2228,0.2207,1.5996,3.2819,1.1672,0.0,14.839,17.0729,8.9248,23.0009,31.8749,10.084,13.0732,12.1296,15.9091,14.7551,8.7502,1.3138,0.0,1.8202,0.0,0.2228,0.0,0.3619,3.7938,1.0237,0.2228,7.2183,14.2114,1.8247,0.0706,5.3252,0.0706,0.15,0.0728,0.0,4.2241,2.1115,0.3619,3.357,0.2934,0.0,1.5334,0.0706,0.0,0.0728,0.0,0.9443,0.3619,0.0706,1.8202,0.0728,0.0,0.5141,0.0706,0.0,0.0,0.0,0.8715,0.2913,0.0,10.0306,1499.0,109.2575,0.5119,3.2776,510.0,37.1738,29.5229,79.3808,80.6834,14.6885,1.4617,9.0353,10.058,1.6791,1.8975,12.174,3.7178,2.2572,32.289,12.0241,8.5997,71.4143,69.7014,1.6062,0.15,25.4333,7.7236,53.8639,4.158,8.5246,10.71,-1.058,25.0,-0.594,26.79,-0.573,35.71,-0.207,28.57,-0.572,50.0,-0.194,62.5,0.323,48.21,0.123,76.79,0.731,25.0,-0.426,35.71,-0.494,32.14,-0.384,69.64,0.317,58.93,0.174,64.29,0.255,83.93,0.519,62.5,0.322,69.64,0.513,33.93,-0.362,69.64,0.533,26.79,-0.582,32.14,-0.449,76.79,0.683,-0.171,0.716,0.03,-1.64,-1.999,-1.671,0.161,0.478,-1.869,-0.026,0.457,-0.475,47.62,27.68,46.72,68.16,100.0,46.69,Balanced contributor,-0.9647,0.8624
26969,Hideki Ishige,H. Ishige,1994-09-21,867,Wellington Phoenix FC,Wellington Phoenix FC,Wide Attacker,Center Forward; Midfield; Wide Attacker,3,1791.04,21,23.6132,27.1037,10162.3226,119.1253,1572.6977,646.597,54.3641,138.5711,8.3563,785.1718,62.7205,106.5758,6.5326,92.0336,14.4184,4.4883,0.7006,0.8702,1.52,27.71,28.72,3484.0642,147.584,648.6791,298.5982,24.6455,80.0566,4.3678,378.6511,29.0132,39.7752,1.8597,27.4686,3.5172,1.2891,0.2367,4024.3453,148.4941,782.1586,302.7822,26.2567,50.4875,2.7018,353.266,28.9643,42.4179,2.3905,36.4768,5.4505,1.5295,0.1924,576.0,44.1792,4.6788,8.2866,4.5258,0.3847,0.3043,1.3012,3.3761,15.1125,5.8283,0.3852,0.6133,0.1534,0.1534,0.1534,0.0,0.0,0.0,0.0,0.0,0.1534,0.0,0.0,0.0,0.0,0.0,0.0,0.0,0.0,0.0,0.0,0.0,0.0,14.4976,1.9167,2.8375,1.6887,0.1534,0.2307,0.2271,1.3797,4.7527,1.2268,0.0749,8.9714,0.9166,2.6075,0.2302,0.1534,0.0785,0.1522,0.9207,2.9178,0.9201,0.0749,13.495,16.9411,8.0761,19.4331,21.52,9.7742,10.2147,13.7104,16.0007,13.9774,10.6609,2.6081,0.1534,1.9958,0.0,0.3043,0.0768,0.3792,3.4505,1.5347,0.1534,6.209,13.882,2.7617,0.0785,4.3726,0.0,0.0785,0.0785,0.0,3.9862,2.53,0.0,3.6837,0.9962,0.0,1.6102,0.0,0.0785,0.0,0.0,0.6877,0.3066,0.0,0.9975,0.3062,0.0,0.2302,0.0,0.0,0.0,0.0,0.3079,0.1534,0.0,7.0813,1062.0,81.4514,0.2313,1.5316,360.0,27.6129,22.5513,81.6009,82.1296,13.5567,0.8435,9.2806,7.3614,0.6882,0.7631,5.673,1.0723,0.7667,20.5571,7.5973,5.6747,74.1162,71.1043,0.843,0.1517,13.6501,3.6059,59.1087,2.1447,5.9808,23.21,-0.692,30.36,-0.465,33.93,-0.325,58.93,0.363,67.86,0.618,82.14,0.954,58.93,0.263,82.14,0.735,67.86,0.347,41.07,-0.21,16.07,-1.045,71.43,0.301,78.57,0.396,19.64,-0.81,25.0,-0.532,30.36,-0.569,21.43,-0.808,26.79,-0.563,14.29,-1.166,67.86,0.518,21.43,-0.818,19.64,-0.919,57.14,0.109,-0.414,0.571,-0.017,0.125,-0.506,-0.114,0.465,0.823,-0.217,0.08,-0.628,-0.369,60.72,28.57,56.25,33.63,100.0,46.33,Balanced contributor,-0.543,-0.2902
5468,Joshua Brillante,J. Brillante,1993-03-25,2902,Western Sydney Wanderers FC,Western Sydney Wanderers FC,Midfield,Central Defender; Midfield,2,2097.92,24,25.2686,24.4815,10513.2089,120.3157,1753.6781,482.1471,41.0023,94.7154,4.9945,576.8625,45.9968,118.0417,3.168,99.4973,13.1957,2.3348,0.7485,0.5405,1.51,27.12,28.78,3718.7085,146.9266,683.1671,115.1904,10.1175,18.2689,0.7489,133.4593,10.8664,38.8909,0.6663,30.8936,2.7883,0.291,0.0,4003.5781,163.7065,911.5568,333.4234,27.3875,69.5762,3.2029,402.9996,30.5904,47.2323,1.0427,35.1159,5.1608,0.7927,0.1663,445.0,24.042,0.0579,10.0516,0.0579,3.0757,0.3804,0.7029,0.7581,2.4313,6.0532,0.4879,0.5415,0.0,0.0579,0.0,0.0,0.1075,0.0,0.0536,0.1075,0.215,0.0,0.1075,0.0,0.0,0.0,0.0,0.0,0.0,0.0,0.0579,0.0579,0.0,5.9966,0.0,2.2163,0.0579,0.9688,0.1075,0.1654,0.3802,0.5375,1.348,0.215,5.674,0.0,2.2163,0.0,0.9688,0.1075,0.1654,0.3802,0.43,1.2404,0.1654,11.1088,50.41,11.6516,7.0,23.38,10.64,13.2791,10.73,10.0666,14.81,2.2163,0.0579,0.3225,0.0,0.1654,0.3225,0.0,0.215,0.3804,0.4879,0.2729,0.43,0.9758,0.0579,0.0,0.0579,0.0579,0.1075,0.0,0.0,0.3225,0.2729,0.1075,0.3225,0.0,0.0,0.0579,0.0,0.0,0.0,0.0,0.1654,0.0579,0.0579,0.1654,0.0,0.0,0.0,0.0,0.0,0.0,0.0,0.1654,0.0,0.0,10.0014,3202.0,173.0022,0.215,2.3789,1111.0,60.0248,55.3791,92.1794,92.1956,15.4762,2.3757,18.4757,12.1013,0.1654,0.0579,37.6613,10.6942,9.3988,18.0977,6.6991,5.9427,88.5585,85.2238,0.645,0.0579,5.7309,0.7525,57.14,0.43,3.944,65.0,0.271,41.67,-0.308,43.33,-0.337,36.67,-0.409,91.67,1.317,83.33,0.898,18.33,-0.831,33.33,-0.482,20.83,-0.727,23.33,-0.699,61.67,-0.115,23.33,-0.806,95.0,1.37,5.0,-1.322,16.67,-1.027,91.67,1.543,50.0,-0.104,51.67,0.006,58.33,0.187,41.67,-0.247,48.33,-0.134,55.0,0.124,25.0,-0.561,-0.386,-0.044,-0.244,-0.385,0.832,0.193,0.539,0.782,0.41,-0.708,0.155,-0.289,53.34,51.11,30.14,51.67,100.0,45.97,Balanced contributor,-0.5089,-0.265
37087,Asumah Abubakar-Ankra,Asumah Abubakar,1997-05-10,1802,Brisbane Roar FC,Brisbane Roar FC,Center Forward,Center Forward,1,716.0,8,25.25,25.11,10093.25,112.77,1151.5,485.38,51.62,184.0,9.25,669.38,60.88,98.12,5.38,85.12,10.38,4.75,0.68,1.0,1.3,29.96,31.12,3524.5,139.57,480.75,232.25,25.88,126.0,5.5,358.25,31.38,36.88,2.25,26.38,4.25,1.88,0.38,3587.62,142.85,556.5,214.12,20.75,37.5,2.5,251.62,23.25,33.0,1.88,29.0,2.38,1.5,0.5,206.0,30.5,5.18,0.89,4.59,0.15,0.3,1.18,1.48,12.59,3.41,0.74,1.48,0.59,0.0,0.3,0.0,0.0,0.0,0.0,0.3,0.15,0.15,0.44,0.3,0.0,0.0,0.0,0.0,0.0,0.0,0.0,0.15,0.0,9.62,2.52,0.44,0.89,0.15,0.0,0.59,0.3,3.41,1.18,0.15,8.0,1.92,0.44,0.74,0.15,0.0,0.59,0.3,2.81,0.89,0.15,12.2,13.42,4.98,14.0,19.72,9.91,13.53,10.9,13.83,13.33,8.29,2.67,0.0,0.59,0.0,0.15,0.0,0.15,3.26,1.04,0.44,6.37,13.92,2.81,0.0,4.44,0.0,0.15,0.15,0.0,4.29,1.63,0.44,3.26,1.33,0.0,0.89,0.0,0.0,0.0,0.0,0.59,0.44,0.0,2.37,1.04,0.0,0.74,0.0,0.0,0.0,0.0,0.44,0.15,0.0,14.14,607.0,89.88,0.44,2.37,173.0,25.62,21.77,84.97,83.46,11.2,0.15,7.26,3.55,0.89,0.89,1.92,0.15,0.15,30.95,9.48,7.26,76.56,74.9,1.18,0.3,25.77,5.18,60.0,3.11,3.41,45.65,-0.224,43.48,-0.157,52.17,-0.152,36.96,-0.584,60.87,0.148,69.57,0.507,23.91,-0.785,30.43,-0.435,19.57,-0.681,71.74,0.347,53.26,0.009,21.74,-0.589,93.48,0.591,60.87,0.28,36.96,-0.453,39.13,-0.48,73.91,0.5,82.61,0.909,73.91,0.774,21.74,-0.838,47.83,-0.162,58.7,0.241,26.09,-0.554,-0.187,0.706,-0.151,-0.58,-1.022,0.053,0.476,0.711,-0.479,-0.456,0.292,-0.308,43.12,52.54,36.78,64.49,79.56,45.92,Balanced contributor,-0.6117,0.1634
33697,Nando Pijnaker,N. Pijnaker,1999-02-25,4177,Auckland FC,Auckland FC,Central Defender,Central Defender,1,2529.54,26,23.5,25.57,9859.65,101.34,1096.46,395.5,35.92,106.58,6.19,502.08,42.12,101.0,4.58,82.5,9.04,3.35,0.66,1.38,1.43,28.08,30.08,2931.88,124.76,336.5,78.15,8.12,23.54,1.15,101.69,9.27,24.04,1.12,20.73,1.88,0.38,0.15,3619.58,141.56,589.0,273.92,23.42,72.92,3.62,346.85,27.04,44.88,1.92,31.04,3.31,1.5,0.69,67.0,6.76,0.0,0.2,0.1,5.85,0.0,0.0,0.0,0.0,0.61,0.0,0.0,0.0,0.0,0.0,0.0,0.0,0.0,0.0,0.0,0.0,0.0,0.1,0.0,0.0,0.0,0.1,0.0,0.0,0.0,0.0,0.0,0.0,3.03,0.0,0.0,0.0,2.93,0.0,0.0,0.0,0.0,0.1,0.0,3.03,0.0,0.0,0.0,2.93,0.0,0.0,0.0,0.0,0.1,0.0,10.91,0.0,7.12,14.13,0.0,0.0,0.0,0.0,11.51,0.0,0.2,0.0,0.0,0.0,0.1,0.0,0.0,0.0,0.0,0.1,0.0,0.1,0.0,0.0,0.0,0.0,0.0,0.0,0.0,0.0,0.0,0.0,0.0,0.0,0.0,0.0,0.0,0.0,0.0,0.0,0.0,0.0,0.0,0.0,0.0,0.0,0.0,0.0,0.0,0.0,0.0,0.0,0.0,0.0,0.0,10.92,1213.0,122.39,0.1,0.81,514.0,51.86,43.29,83.46,89.79,20.15,5.45,12.41,13.22,0.3,0.1,31.38,9.18,6.36,16.95,8.17,7.06,86.42,88.1,0.0,0.0,1.72,0.61,33.33,0.2,7.37,94.44,1.618,50.0,0.055,53.7,0.025,61.11,0.089,27.78,-0.466,33.33,-0.343,19.44,-0.765,25.93,-0.568,44.44,-0.399,51.85,-0.117,37.96,-0.443,50.0,-0.167,16.67,-0.032,54.63,-0.283,85.19,0.883,27.78,-0.711,48.15,-0.143,62.96,0.403,48.15,-0.154,29.63,-0.569,55.56,0.16,57.41,0.157,24.07,-0.802,-0.262,-0.241,-0.182,0.291,-0.561,0.759,0.188,0.654,0.109,-0.58,0.03,-0.289,37.65,61.73,38.27,49.23,100.0,45.92,Balanced contributor,-0.5083,-0.2416
18811,Ben Folami,B. Folami,1999-06-08,866,Adelaide United Football Club,Adelaide United Football Club,Wide Attacker,Midfield; Wide Attacker,2,816.83,11,22.8492,19.9177,8024.7715,108.0155,1069.7609,519.2236,52.4993,207.1557,10.2742,726.3793,62.7734,93.494,6.9086,75.1775,16.2795,5.0914,0.71,1.4569,1.43,29.19,30.28,3068.3641,134.2307,518.4043,300.3271,28.6662,139.0696,5.9139,439.3967,34.5801,38.9509,2.9139,25.0264,4.5483,1.9139,0.8225,2686.5923,134.8852,448.8098,183.9879,18.9245,55.6397,2.5431,239.6277,21.4675,31.7205,1.9086,23.7908,5.4569,1.3603,0.1828,216.0,35.0799,3.084,2.602,4.2243,0.4879,0.4908,0.6476,3.5689,16.0784,3.0899,0.8161,2.1083,0.3223,0.0,0.1597,0.1597,0.0,0.0,0.0,1.1384,0.3282,0.0,0.3282,0.0,0.0,0.0,0.1597,0.0,0.0,0.0,0.1597,0.0,0.0,17.0501,1.9486,0.9787,1.4625,0.1597,0.3223,0.1597,1.9456,8.769,0.6476,0.6476,13.4811,1.4577,0.6476,0.3223,0.1597,0.3223,0.0,1.9456,7.6335,0.6476,0.3282,14.8496,17.8054,7.1054,18.1323,26.4723,11.05,13.7624,14.5792,15.758,20.76,11.6963,2.2738,0.1597,1.7889,0.0,0.3282,0.0,0.3223,5.3567,0.9787,0.4879,7.6335,14.7792,2.2738,0.0,4.2243,0.0,0.1597,0.0,0.0,6.1669,1.2981,0.6476,6.8234,1.4577,0.0,1.4625,0.0,0.0,0.0,0.0,3.2455,0.1597,0.4879,4.7121,0.9758,0.0,0.3223,0.0,0.0,0.0,0.0,3.0859,0.1597,0.1597,5.28,658.0,106.861,0.6476,2.9262,197.0,31.9967,22.7369,70.9098,74.4988,11.3264,0.3282,6.1728,4.7062,1.2981,1.1354,5.3567,0.4908,0.4908,46.1246,13.8016,8.4408,62.1118,63.9751,1.9456,0.6476,43.2029,10.7223,39.5806,4.2213,10.8831,58.93,-0.036,32.14,-0.46,30.36,-0.528,21.43,-0.795,30.36,-0.491,26.79,-0.596,67.86,0.426,42.86,-0.051,80.36,0.889,92.86,0.996,66.07,0.448,89.29,0.848,21.43,-0.021,60.71,0.205,83.93,0.985,17.86,-0.771,53.57,0.094,66.07,0.454,51.79,0.012,7.14,-1.32,39.29,-0.204,53.57,0.129,8.93,-1.549,-0.997,-1.159,-1.026,0.358,0.003,0.381,0.5,0.682,-0.376,0.725,0.206,-0.423,21.13,42.56,73.22,50.6,90.76,45.89,Box-movement threat,-1.0662,1.0425
51051,Callum Talbot,C. Talbot,2001-02-26,2380,Melbourne City FC,Melbourne City FC,Full Back,Full Back,1,1270.5,14,28.43,23.1,10677.79,117.66,1621.57,584.29,54.07,151.64,9.5,735.93,63.57,114.29,6.21,93.43,16.07,4.36,0.69,0.86,1.49,27.83,28.9,4053.43,142.57,704.07,246.14,23.93,71.64,4.14,317.79,28.07,44.21,2.14,32.79,4.79,1.57,0.14,3582.71,155.11,711.64,296.07,25.07,71.36,3.57,367.43,28.64,39.93,2.0,27.71,4.71,1.36,0.43,356.0,28.57,0.48,0.48,0.24,4.49,3.37,0.0,3.45,7.79,7.46,0.8,0.64,0.0,0.0,0.0,0.0,0.16,0.0,0.0,0.16,0.24,0.08,0.08,0.0,0.0,0.0,0.0,0.08,0.0,0.0,0.0,0.0,0.0,9.15,0.32,0.24,0.08,1.44,1.12,0.0,0.88,2.89,1.93,0.24,8.27,0.08,0.24,0.08,1.44,1.12,0.0,0.72,2.57,1.85,0.16,13.31,14.67,6.55,26.67,22.72,0.0,10.74,12.87,12.35,19.16,7.22,0.4,0.0,0.0,0.16,2.33,0.0,0.16,2.17,1.69,0.32,1.53,3.77,0.32,0.0,0.24,0.0,0.64,0.0,0.0,1.04,1.2,0.32,1.12,0.24,0.0,0.08,0.0,0.16,0.0,0.0,0.16,0.32,0.16,0.72,0.0,0.0,0.08,0.0,0.16,0.0,0.0,0.08,0.32,0.08,9.4,1531.0,122.88,0.16,1.93,540.0,43.34,34.11,78.71,83.48,16.48,2.89,11.48,6.98,1.28,0.72,29.86,7.79,4.98,28.33,10.27,7.79,75.78,74.54,0.8,0.08,15.33,4.25,39.62,1.69,9.15,17.31,-0.852,32.69,-0.399,36.54,-0.306,44.23,-0.291,67.31,0.452,50.0,0.086,46.15,-0.285,65.38,0.494,38.46,-0.357,51.92,0.102,44.23,-0.199,46.15,-0.069,57.69,0.273,44.23,-0.23,38.46,-0.277,44.23,-0.222,51.92,-0.066,32.69,-0.45,13.46,-1.191,90.38,1.197,23.08,-0.654,15.38,-0.869,82.69,1.02,-0.294,0.58,0.246,-0.341,-0.543,-0.354,0.286,0.688,-0.482,-0.066,-0.326,-0.267,61.22,25.0,48.72,44.87,100.0,45.76,Balanced contributor,-0.4115,-0.1368
11891,Aziz Eraltay Behich,A. Behich,1990-12-16,2380,Melbourne City FC,Melbourne City FC,Full Back,Central Defender; Full Back,2,2666.59,27,30.4012,24.5533,10552.7157,106.8499,1438.8877,534.2693,52.2646,188.8593,10.372,723.1285,62.6365,116.0354,6.4822,98.6301,19.5961,4.6311,0.59,1.9633,1.21,29.7,31.24,3808.5236,125.3053,595.4418,233.2297,23.4111,88.9134,4.4461,322.1431,27.8572,42.1462,3.0748,33.5158,6.5199,2.0014,0.8524,3656.8442,148.9729,679.8828,258.1532,24.371,87.3141,4.3336,345.4673,28.7045,42.8912,1.8888,29.8902,4.6675,1.1482,0.3703,467.0,20.0171,0.1711,0.8173,0.0901,4.2048,1.3691,0.1261,2.5311,3.9482,4.4996,2.2675,0.7249,0.045,0.0,0.0,0.045,0.045,0.0,0.0,0.1688,0.2612,0.1688,0.0901,0.045,0.0,0.0,0.0,0.0,0.0,0.0,0.0,0.045,0.0,8.3193,0.1261,0.2612,0.045,1.6262,0.6395,0.045,1.3691,1.7181,1.5446,0.9434,7.5897,0.1261,0.2162,0.045,1.6262,0.5585,0.045,1.2881,1.4118,1.4995,0.7723,12.8425,15.68,7.4699,13.87,19.31,10.75,12.72,12.3205,12.5786,18.6654,4.502,0.0901,0.0,0.0,0.3466,0.7296,0.0,0.2612,0.9458,0.9411,1.1956,1.243,3.2973,0.1261,0.0,0.045,0.0,0.5134,0.0,0.0,1.0245,0.9847,0.6035,1.1956,0.0901,0.0,0.0,0.0,0.2612,0.0,0.0,0.3423,0.1688,0.3423,0.8173,0.0901,0.0,0.0,0.0,0.1711,0.0,0.0,0.0901,0.1688,0.2972,10.0462,3944.0,169.0614,0.2162,2.6109,1227.0,52.5927,45.0977,85.5654,86.2329,16.7518,4.1566,8.6172,10.0273,0.385,0.4684,40.4271,9.0868,6.8974,34.2059,10.3334,7.5832,73.5227,74.3165,0.8586,0.1261,20.5732,4.6324,48.2183,2.1847,9.3035,73.08,0.539,25.0,-0.487,21.15,-0.529,15.38,-0.839,76.92,0.654,78.85,0.798,34.62,-0.481,26.92,-0.735,30.77,-0.608,44.23,-0.193,50.0,-0.01,38.46,-0.364,80.77,0.923,67.31,0.224,46.15,-0.23,71.15,0.605,71.15,0.762,26.92,-0.547,75.0,0.522,59.62,0.057,30.77,-0.328,40.38,-0.257,13.46,-1.262,-0.705,0.39,-0.124,-0.107,0.489,-0.101,-0.134,0.223,0.416,-0.499,0.582,-0.173,44.87,42.63,37.5,60.58,100.0,45.41,Balanced contributor,-0.4142,0.2167
159945,Max Caputo,M. Caputo,2005-08-17,2380,Melbourne City FC,Melbourne City FC,Center Forward,Center Forward; Wide Attacker,2,1217.86,15,26.3318,19.709,9712.6222,119.3391,1369.9337,512.3005,47.7988,109.3778,6.8876,621.6783,54.6865,94.5098,5.952,80.5333,10.8315,4.2738,0.65,0.7262,1.43,27.98,29.26,3669.0261,139.5787,546.9855,252.7824,23.0725,68.2317,3.7334,321.0141,26.8151,38.8632,2.3473,26.9602,3.7344,1.952,0.4597,3292.0747,167.0315,694.2373,222.849,20.5169,33.5567,1.8948,256.415,22.4117,29.2983,1.6691,24.3473,3.0,1.0644,0.0,373.0,33.8235,8.7022,1.2696,10.0643,0.0,0.0,0.4551,0.2677,12.0553,0.9993,0.0,1.3575,0.3658,0.0,0.4551,0.0,0.0,0.0,0.0,0.5455,0.0,0.0,0.2677,0.0,0.0,0.0892,0.0,0.0,0.0,0.0,0.1785,0.0,0.0,11.882,3.5334,0.9929,3.8964,0.0,0.0,0.2677,0.0892,2.8079,0.2677,0.0,5.5293,1.6329,0.9929,1.1791,0.0,0.0,0.1785,0.0892,1.2683,0.1785,0.0,12.7024,13.8761,7.2998,12.641,0.0,6.04,13.56,12.6546,11.63,0.0,7.2514,2.8999,0.1797,1.5436,0.0,0.0,0.0,0.0,2.4497,0.1785,0.0,11.7892,25.2031,7.2567,0.0892,9.8846,0.0,0.0,0.0892,0.0,7.2499,0.6335,0.0,8.0671,2.543,0.0892,3.8964,0.0,0.0,0.0,0.0,1.3611,0.1785,0.0,3.1701,0.9993,0.0892,1.1791,0.0,0.0,0.0,0.0,0.8132,0.0892,0.0,0.0,412.0,37.3569,0.4551,1.9923,118.0,10.6953,8.4342,78.8228,77.3093,11.8369,0.0892,4.1743,1.6341,1.0006,0.6335,0.5443,0.1785,0.1785,13.6949,4.3556,3.3562,78.8103,77.652,1.0898,0.1785,13.1439,3.3509,75.5443,2.5366,2.724,32.61,-0.544,30.43,-0.575,32.61,-0.494,47.83,-0.33,50.0,-0.166,52.17,0.074,76.09,0.745,39.13,-0.094,78.26,0.682,30.43,-0.511,45.65,-0.129,45.65,-0.037,56.52,0.215,50.0,-0.112,26.09,-0.738,43.48,-0.448,56.52,0.161,28.26,-0.617,23.91,-0.619,60.87,0.192,23.91,-0.767,26.09,-0.805,69.57,0.37,-0.414,0.321,-0.254,-0.32,-0.923,-0.21,0.383,0.888,-0.699,0.14,-0.334,-0.421,51.81,31.16,52.54,43.48,100.0,45.39,Balanced contributor,-0.8038,0.1451
972687,Luke Brooke-Smith,L. Brooke-Smith,2008-06-06,867,Wellington Phoenix FC,Wellington Phoenix FC,Wide Attacker,Wide Attacker,1,201.48,3,20.93,21.35,8735.0,130.06,1446.67,680.0,64.67,261.33,12.33,941.33,77.0,89.33,7.0,69.33,20.33,5.33,0.7,2.0,1.54,29.63,29.63,3187.0,152.25,617.33,315.33,28.33,135.33,5.67,450.67,34.0,32.67,2.33,23.0,4.33,1.67,0.67,3435.67,160.92,729.0,309.33,31.33,101.0,5.33,410.33,36.67,36.67,2.0,25.33,7.67,1.67,0.33,45.0,37.6,3.34,0.84,7.52,0.84,0.0,0.84,5.01,15.88,2.51,0.84,0.84,0.0,0.0,0.0,0.0,0.0,0.0,0.0,0.84,0.0,0.0,0.0,0.0,0.0,0.0,0.0,0.0,0.0,0.0,0.0,0.0,0.0,12.53,0.0,0.0,4.18,0.0,0.0,0.0,3.34,4.18,0.84,0.0,4.18,0.0,0.0,0.0,0.0,0.0,0.0,2.51,0.84,0.84,0.0,19.21,21.47,9.34,25.4,0.0,3.39,23.85,15.92,15.44,42.27,14.21,2.51,0.0,4.18,0.0,0.0,0.0,0.0,5.85,0.84,0.84,9.19,16.71,1.67,0.0,6.69,0.0,0.0,0.0,0.0,6.69,0.84,0.84,5.01,0.0,0.0,3.34,0.0,0.0,0.0,0.0,1.67,0.0,0.0,0.0,0.0,0.0,0.0,0.0,0.0,0.0,0.0,0.0,0.0,0.0,3.12,111.0,92.76,0.0,0.0,25.0,20.89,15.88,76.0,83.79,13.7,0.0,5.85,2.51,0.84,0.0,0.0,0.0,0.0,21.73,5.01,2.51,50.0,65.29,0.0,0.0,11.7,2.51,0.0,0.0,3.34,77.68,0.571,79.46,0.735,83.93,0.8,75.0,0.667,23.21,-0.844,12.5,-1.134,80.36,0.778,51.79,0.167,94.64,1.481,7.14,-1.491,21.43,-0.818,39.29,-0.12,87.5,0.487,5.36,-1.859,8.93,-1.35,8.93,-1.129,6.25,-1.798,8.93,-1.726,64.29,0.362,53.57,0.057,67.86,0.455,87.5,0.957,94.64,1.741,1.252,-0.584,0.233,0.414,1.11,0.576,0.463,0.854,-0.15,-0.001,-1.606,0.002,56.4,76.04,49.11,20.98,35.0,45.23,Balanced contributor,0.434,-1.4741
51708,Alex Grant,A. Grant,1994-01-23,869,Sydney Football Club,Sydney Football Club,Central Defender,Central Defender,1,296.76,3,31.36,22.18,10685.67,108.02,1497.0,455.33,35.67,98.67,4.33,554.0,40.0,111.0,4.0,84.33,8.33,1.67,0.0,0.0,0.0,26.7,26.7,3934.0,125.44,555.33,106.33,8.33,15.0,0.33,121.33,8.67,36.33,1.33,27.67,2.0,0.0,0.0,3441.33,155.17,703.67,302.67,24.33,69.67,2.33,372.33,26.67,43.0,1.33,28.67,3.67,1.33,0.0,20.0,10.78,0.0,1.08,0.0,9.17,0.0,0.0,0.0,0.0,0.54,0.0,0.0,0.0,0.0,0.0,0.0,0.0,0.0,0.0,0.0,0.0,0.0,0.0,0.0,0.0,0.0,0.0,0.0,0.0,0.0,0.0,0.0,0.0,4.31,0.0,0.0,0.0,4.31,0.0,0.0,0.0,0.0,0.0,0.0,4.31,0.0,0.0,0.0,4.31,0.0,0.0,0.0,0.0,0.0,0.0,10.44,0.0,12.48,0.0,0.0,0.0,0.0,0.0,26.48,0.0,0.0,0.0,0.0,0.0,0.0,0.0,0.0,0.0,0.0,0.0,0.0,0.0,0.0,0.0,0.0,0.0,0.0,0.0,0.0,0.0,0.0,0.0,0.0,0.0,0.0,0.0,0.0,0.0,0.0,0.0,0.0,0.0,0.0,0.0,0.0,0.0,0.0,0.0,0.0,0.0,0.0,0.0,0.0,0.0,0.0,9.25,362.0,195.18,0.0,1.08,126.0,67.94,62.54,92.06,93.75,17.31,3.77,8.63,8.63,0.0,0.0,57.69,17.79,13.48,15.64,5.93,5.93,100.0,91.85,0.54,0.0,4.31,0.0,0.0,0.0,4.31,7.41,-1.55,39.81,-0.208,46.3,-0.014,85.19,0.923,75.93,0.65,42.59,-0.101,19.44,-0.765,70.37,0.334,19.44,-0.73,74.07,0.678,37.96,-0.443,70.37,0.604,87.04,0.283,18.52,-0.842,27.78,-0.526,92.59,1.46,61.11,0.19,35.19,-0.163,9.26,-1.454,90.74,1.406,21.3,-0.914,46.3,-0.112,68.52,0.444,-0.095,0.796,0.371,-0.589,-0.922,-1.326,-2.018,-1.274,-0.131,-0.076,0.105,0.032,67.13,35.96,48.61,53.71,35.0,45.05,Balanced contributor,0.0887,0.0257
17231,Patryk Klimala,P. Klimala,1998-08-05,869,Sydney Football Club,Sydney Football Club,Center Forward,Center Forward,1,1664.97,19,27.31,18.96,8423.26,96.13,912.37,497.89,55.26,236.05,12.58,733.95,67.84,92.79,9.68,75.58,18.89,7.16,0.58,2.37,1.11,30.84,32.58,3139.79,114.97,397.16,216.32,26.58,134.79,6.05,351.11,32.63,40.84,3.21,26.74,5.95,2.58,1.26,2631.05,138.78,414.79,244.42,24.11,87.74,5.05,332.16,29.16,26.11,2.37,21.37,4.95,1.68,0.32,422.0,27.41,10.39,0.58,8.9,0.0,0.0,0.65,0.39,5.98,0.45,0.06,2.01,1.17,0.0,0.45,0.0,0.0,0.06,0.0,0.32,0.0,0.0,0.32,0.19,0.0,0.13,0.0,0.0,0.0,0.0,0.0,0.0,0.0,10.78,5.0,0.45,3.12,0.0,0.0,0.26,0.26,1.62,0.06,0.0,5.98,3.12,0.39,1.04,0.0,0.0,0.13,0.26,1.04,0.0,0.0,12.86,13.18,5.72,12.88,0.0,7.31,21.49,13.19,11.28,3.56,9.16,4.94,0.06,1.88,0.0,0.0,0.0,0.19,1.88,0.19,0.0,10.07,21.76,8.44,0.0,8.77,0.0,0.0,0.19,0.0,3.96,0.39,0.0,7.99,3.64,0.0,3.12,0.0,0.0,0.06,0.0,1.1,0.06,0.0,3.9,2.14,0.0,1.04,0.0,0.0,0.06,0.0,0.65,0.0,0.0,0.0,494.0,32.09,0.06,0.97,164.0,10.65,7.66,71.95,75.37,11.25,0.06,4.42,1.36,0.58,0.71,0.58,0.13,0.06,15.26,4.42,2.86,64.71,72.64,0.71,0.06,12.28,3.18,55.1,1.75,2.6,91.3,1.377,63.04,0.314,58.7,0.174,43.48,-0.466,41.3,-0.316,36.96,-0.393,54.35,0.278,10.87,-0.751,58.7,0.25,40.22,-0.354,76.09,0.604,28.26,-0.306,34.78,0.096,26.09,-0.649,23.91,-0.79,34.78,-0.58,26.09,-0.758,19.57,-0.811,95.65,1.394,2.17,-1.965,80.43,0.692,84.78,0.971,2.17,-2.895,-0.592,-0.982,-0.707,1.371,0.842,1.386,0.164,0.451,0.759,-0.06,-0.757,-0.396,31.52,75.72,44.75,27.54,100.0,45.04,Balanced contributor,-0.6683,-0.5655
560990,Alex Bonetig,A. Bonetig,2002-08-20,2902,Western Sydney Wanderers FC,Western Sydney Wanderers FC,Central Defender,Central Defender,1,2586.48,26,27.49,27.73,10226.35,102.8,1168.65,329.73,29.88,82.77,4.58,412.5,34.46,103.54,4.38,81.81,8.62,2.65,0.7,0.42,1.63,28.17,31.18,3454.04,125.64,413.12,85.5,7.42,16.58,0.81,102.08,8.23,29.27,1.27,23.46,1.96,0.65,0.0,3783.19,136.44,589.58,212.85,19.0,59.92,2.46,272.77,21.46,43.58,1.77,31.85,2.81,0.77,0.15,188.0,8.93,0.05,0.19,0.05,6.55,0.0,0.0,0.05,0.62,1.38,0.05,0.05,0.0,0.0,0.0,0.0,0.0,0.0,0.0,0.0,0.05,0.0,0.0,0.0,0.0,0.0,0.0,0.0,0.0,0.0,0.0,0.0,0.0,3.13,0.05,0.0,0.0,2.61,0.0,0.0,0.0,0.14,0.28,0.05,3.04,0.0,0.0,0.0,2.56,0.0,0.0,0.0,0.14,0.28,0.05,10.67,20.21,7.74,3.97,0.0,0.0,14.96,9.77,8.74,21.2,0.81,0.05,0.05,0.0,0.24,0.0,0.0,0.0,0.14,0.33,0.0,0.09,0.24,0.05,0.0,0.0,0.0,0.0,0.0,0.0,0.09,0.09,0.0,0.05,0.05,0.0,0.0,0.0,0.0,0.0,0.0,0.0,0.0,0.0,0.0,0.0,0.0,0.0,0.0,0.0,0.0,0.0,0.0,0.0,0.0,11.12,3590.0,170.45,0.0,1.09,1234.0,58.59,53.79,91.81,92.65,19.2,5.13,6.84,14.05,0.09,0.14,51.99,11.68,9.59,23.45,7.55,7.03,93.08,86.9,0.19,0.0,5.6,1.42,70.0,1.0,5.37,33.33,-0.585,22.22,-0.895,22.22,-0.91,20.37,-0.829,40.74,-0.182,27.78,-0.434,55.56,-0.16,53.7,-0.081,41.67,-0.432,53.7,-0.111,76.85,0.104,51.85,-0.107,54.63,0.196,96.3,1.95,53.7,-0.038,61.11,0.274,64.81,0.203,61.11,0.388,54.63,-0.069,50.0,-0.213,29.63,-0.77,27.78,-0.651,29.63,-0.53,-0.75,0.22,-0.487,-0.012,-0.775,-0.11,0.321,0.924,-0.799,-0.186,0.773,-0.427,31.79,31.33,55.56,65.28,100.0,45.03,Balanced contributor,-1.07,0.9422
51644,Rhyan Grant,R. Grant,1991-02-26,869,Sydney Football Club,Sydney Football Club,Full Back,Central Defender; Full Back,2,2491.01,25,30.5487,22.301,10339.2377,103.7303,1359.544,597.5418,57.4191,243.1931,12.5747,840.7402,69.9886,114.865,8.6069,96.6804,20.1523,6.0806,0.6753,2.1951,1.3168,29.43,30.44,3582.0261,117.4092,474.8863,167.9654,17.0425,62.1627,3.1256,230.1281,20.1681,37.8638,2.5239,30.8078,4.691,1.6828,0.4749,3511.2891,157.3851,681.1681,362.4539,32.9613,157.4329,7.4053,519.8821,40.3667,43.4176,2.6805,29.6536,5.4603,1.9556,0.8411,327.0,14.689,1.4354,1.2589,0.7681,3.0591,0.6773,0.1838,0.8109,3.6858,2.2898,0.5399,0.5814,0.0432,0.0,0.046,0.0,0.0432,0.0,0.046,0.2266,0.1809,0.0,0.0432,0.0,0.0,0.0,0.0,0.0,0.0,0.0,0.0,0.0432,0.0,5.3891,0.7163,0.5382,0.227,0.8085,0.2698,0.046,0.2253,1.6173,0.7191,0.227,4.4961,0.4076,0.4465,0.0892,0.8085,0.2266,0.0,0.2253,1.441,0.7191,0.1378,11.9315,13.7178,10.5813,13.2012,12.3118,6.5664,10.5297,10.1842,13.2935,27.327,3.1007,0.405,0.1378,0.1838,0.1335,0.5396,0.0,0.046,0.9932,0.4925,0.1838,1.9797,2.6056,0.722,0.0,0.6735,0.0,0.2698,0.0432,0.0,0.2727,0.5399,0.0892,0.8527,0.2253,0.0,0.227,0.0,0.1349,0.0,0.0,0.0892,0.1349,0.046,0.495,0.0892,0.0,0.0892,0.0,0.1349,0.0,0.0,0.046,0.1349,0.0,8.9356,3072.0,138.0348,0.227,2.1535,1169.0,52.5236,46.4579,87.7706,89.976,13.4226,1.1719,13.1621,13.7493,1.0781,0.2698,26.193,6.3806,5.4384,19.0947,7.6416,6.6527,88.1375,83.4854,0.8109,0.0432,7.818,2.2894,53.4265,1.2159,5.0804,82.69,0.832,55.77,0.206,53.85,0.107,50.0,-0.146,69.23,0.518,65.38,0.531,25.0,-0.77,9.62,-1.5,59.62,0.036,5.77,-1.533,42.31,-0.329,7.69,-1.404,100.0,1.808,25.0,-0.665,3.85,-1.541,55.77,-0.024,57.69,0.206,17.31,-0.98,63.46,0.275,38.46,-0.439,73.08,0.495,78.85,0.637,5.77,-1.92,-0.541,0.065,0.069,1.722,0.652,1.249,0.224,0.4,0.93,-1.149,-0.401,-0.422,47.44,66.99,25.0,43.27,100.0,45.01,Balanced contributor,-0.5293,-1.0973
155687,Rafael Struick,R. Struick,2003-03-27,1802,Brisbane Roar FC,Brisbane Roar FC,Wide Attacker,Wide Attacker,1,61.35,1,11.38,23.62,7571.0,123.41,1098.0,466.0,49.0,256.0,9.0,722.0,58.0,85.0,5.0,66.0,11.0,5.0,0.0,1.0,0.0,31.5,31.5,1637.0,143.81,296.0,167.0,16.0,94.0,2.0,261.0,18.0,21.0,1.0,12.0,2.0,1.0,0.0,3825.0,161.96,695.0,260.0,31.0,157.0,6.0,417.0,37.0,52.0,2.0,33.0,5.0,2.0,0.0,22.0,59.19,5.38,8.07,5.38,0.0,0.0,0.0,2.69,29.6,8.07,0.0,2.69,0.0,0.0,0.0,0.0,0.0,0.0,0.0,2.69,0.0,0.0,0.0,0.0,0.0,0.0,0.0,0.0,0.0,0.0,0.0,0.0,0.0,26.91,0.0,2.69,2.69,0.0,0.0,0.0,0.0,21.52,0.0,0.0,21.52,0.0,2.69,2.69,0.0,0.0,0.0,0.0,16.14,0.0,0.0,10.82,15.1,5.87,6.54,0.0,0.0,17.11,12.09,9.0,0.0,18.83,2.69,0.0,2.69,0.0,0.0,0.0,0.0,8.07,5.38,0.0,8.07,16.14,2.69,0.0,5.38,0.0,0.0,0.0,0.0,5.38,2.69,0.0,5.38,0.0,0.0,2.69,0.0,0.0,0.0,0.0,2.69,0.0,0.0,5.38,0.0,0.0,2.69,0.0,0.0,0.0,0.0,2.69,0.0,0.0,0.0,46.0,123.77,2.69,5.38,11.0,29.6,21.52,72.73,73.17,13.98,0.0,10.76,2.69,5.38,0.0,0.0,0.0,0.0,37.67,5.38,5.38,100.0,76.85,2.69,2.69,53.81,10.76,25.0,2.69,8.07,33.04,-0.547,21.43,-0.861,20.54,-0.91,14.29,-1.279,16.96,-1.211,8.93,-1.44,78.57,0.674,100.0,2.032,85.71,1.055,100.0,3.146,87.5,1.029,100.0,2.959,8.93,-0.094,30.36,-0.544,58.93,0.114,8.93,-1.129,96.43,1.681,19.64,-0.671,97.32,1.85,14.29,-1.217,25.0,-0.612,85.71,0.876,80.36,0.749,0.164,-1.527,-1.363,-0.823,-1.441,0.306,-2.1,-1.561,-0.359,2.22,-0.14,0.38,26.04,45.98,91.96,37.2,35.0,44.82,Box-movement threat,0.1987,1.4416
51048,Joel Bruce King,J. King,2000-10-30,869,Sydney Football Club,Sydney Football Club,Full Back,Central Defender; Full Back,2,1325.46,14,29.9902,21.4163,10686.8549,112.9047,1587.194,630.0603,54.6549,158.8427,9.6364,788.9029,64.2913,118.2738,6.8473,98.8178,18.616,5.2784,0.7408,1.5051,1.5706,28.34,28.46,3993.5167,132.9404,655.8417,233.956,18.7381,34.049,2.4209,268.0049,21.159,43.4699,2.4967,34.395,5.2008,1.21,0.2109,3475.1105,162.5758,716.3765,350.7158,30.4209,112.2091,5.6429,462.9249,36.0638,41.8724,2.0703,28.6522,5.4172,1.6466,0.6439,225.0,20.8786,0.7438,1.3936,1.2966,7.4223,1.1126,0.0,0.8372,4.8232,2.9684,0.281,0.3709,0.0,0.0,0.0,0.0955,0.0955,0.0,0.0,0.1854,0.0,0.0,0.0,0.0,0.0,0.0,0.0,0.0,0.0,0.0,0.0,0.0,0.0,6.6827,0.281,0.2795,0.1854,2.2253,0.4664,0.0,0.4664,1.9498,0.8358,0.0,5.941,0.0,0.2795,0.0,2.2253,0.4664,0.0,0.4664,1.6689,0.8358,0.0,11.5873,6.68,7.9003,7.9414,18.35,0.0,16.84,14.0222,13.2422,25.48,3.7102,0.281,0.0,0.0955,1.2097,0.281,0.0,0.0,1.0227,0.5563,0.281,1.7638,2.8764,0.2774,0.0,1.2966,0.0,0.281,0.0,0.0,0.3709,0.4664,0.1854,0.5563,0.0955,0.0,0.1854,0.0,0.0955,0.0,0.0,0.0955,0.0955,0.0,0.281,0.0,0.0,0.0,0.0,0.0955,0.0,0.0,0.0955,0.0955,0.0,10.6488,1597.0,148.1864,0.2774,1.39,583.0,54.0998,45.7415,84.3925,87.0665,18.1598,4.1747,12.7108,13.3626,0.3709,0.6518,29.8771,9.1853,6.9565,27.0049,9.6493,8.2564,86.6691,80.8009,0.5584,0.092,10.1158,2.2272,81.471,1.4855,8.4437,55.77,-0.039,36.54,-0.331,44.23,-0.234,55.77,0.209,84.62,0.913,80.77,0.824,26.92,-0.657,28.85,-0.611,50.0,-0.153,19.23,-0.907,21.15,-0.796,17.31,-0.945,90.38,1.12,34.62,-0.418,32.69,-0.497,75.0,0.631,25.0,-0.723,50.0,-0.233,21.15,-0.724,82.69,0.982,25.0,-0.603,19.23,-0.751,46.15,0.016,-0.283,0.593,0.222,0.207,0.202,0.502,0.499,0.822,0.246,-0.85,-0.04,-0.278,64.42,36.86,27.24,51.28,100.0,44.77,Balanced contributor,-0.3663,-0.5517
810561,Ariath Piol,A. Piol,2004-10-11,1804,Macarthur FC,Macarthur FC,Center Forward,Center Forward,1,341.6,5,20.53,18.61,7914.8,115.85,978.0,475.2,50.4,217.0,11.6,692.2,62.0,84.0,5.6,64.8,17.0,4.2,0.79,1.0,0.0,30.2,30.2,2980.2,145.16,462.0,267.4,28.4,159.8,7.0,427.2,35.4,32.0,2.6,21.2,4.6,1.6,0.6,2733.4,146.85,419.6,166.8,18.0,44.8,3.0,211.6,21.0,28.0,1.4,21.4,5.0,1.2,0.2,100.0,39.06,12.5,1.17,9.37,0.0,0.0,3.12,1.17,10.55,1.17,0.0,2.34,0.78,0.0,0.78,0.0,0.0,0.0,0.0,0.78,0.0,0.0,0.39,0.0,0.0,0.39,0.0,0.0,0.0,0.0,0.0,0.0,0.0,16.4,7.42,0.39,3.12,0.0,0.0,0.39,0.39,4.3,0.39,0.0,7.03,3.12,0.39,1.17,0.0,0.0,0.0,0.39,1.95,0.0,0.0,17.1,19.24,7.12,20.85,0.0,9.14,9.66,15.87,14.14,0.0,16.4,8.2,0.0,3.52,0.0,0.0,0.0,0.39,4.3,0.0,0.0,8.98,19.92,7.42,0.0,8.98,0.0,0.0,0.0,0.0,3.12,0.39,0.0,8.59,3.91,0.0,2.73,0.0,0.0,0.0,0.0,1.95,0.0,0.0,2.73,1.17,0.0,0.78,0.0,0.0,0.0,0.0,0.78,0.0,0.0,0.0,155.0,60.54,0.39,2.73,41.0,16.01,14.84,92.68,84.26,12.84,0.0,4.69,1.95,0.78,0.0,2.73,0.39,0.39,21.48,6.64,6.25,94.12,80.63,1.95,0.0,18.36,2.73,85.71,2.34,1.56,45.65,-0.224,50.0,-0.081,45.65,-0.261,28.26,-0.68,13.04,-1.08,6.52,-1.409,45.65,0.029,68.48,0.443,45.65,-0.024,52.17,0.01,82.61,0.975,89.13,1.066,95.65,0.64,45.65,-0.246,10.87,-1.222,58.7,-0.213,80.43,0.824,71.74,0.514,80.43,0.943,10.87,-1.656,67.39,0.44,80.43,0.704,43.48,-0.12,0.022,-1.496,-1.01,-0.48,0.428,-0.251,0.82,-1.067,-0.576,0.533,0.064,-0.206,25.36,57.97,63.95,60.51,37.96,44.69,Balanced contributor,-0.6128,0.6777
51646,Jonny  Yull,J. Yull,2005-03-05,866,Adelaide United Football Club,Adelaide United Football Club,Wide Attacker,Wide Attacker,1,528.48,6,23.57,24.27,10162.33,115.38,1565.17,667.33,59.83,195.0,11.5,862.33,71.33,110.67,6.33,89.17,16.0,4.67,0.75,1.0,1.48,28.05,28.44,3440.33,145.95,635.33,326.67,29.17,115.83,7.17,442.5,36.33,40.83,2.83,25.83,3.5,2.5,0.67,3661.67,150.84,762.83,291.5,24.83,66.5,3.33,358.0,28.17,40.67,1.83,31.83,5.0,0.67,0.0,149.0,37.97,2.04,3.06,3.31,1.53,1.27,1.53,5.61,13.51,5.1,1.02,0.0,0.0,0.0,0.0,0.0,0.0,0.0,0.0,0.0,0.0,0.0,0.0,0.0,0.0,0.0,0.0,0.0,0.0,0.0,0.0,0.0,0.0,11.98,1.27,1.78,0.25,0.76,0.0,0.0,2.04,4.59,1.02,0.25,7.9,0.0,1.53,0.0,0.76,0.0,0.0,1.53,3.06,1.02,0.0,13.77,9.79,7.85,17.92,19.06,10.52,12.76,13.18,16.03,24.82,9.68,1.27,0.0,1.27,0.25,0.76,0.0,0.76,3.31,1.02,1.02,3.06,9.43,0.76,0.0,3.31,0.0,0.51,0.0,0.0,2.29,2.04,0.51,1.53,0.25,0.0,0.25,0.0,0.0,0.0,0.0,0.76,0.0,0.25,0.51,0.0,0.0,0.0,0.0,0.0,0.0,0.0,0.51,0.0,0.0,14.62,548.0,139.67,0.25,1.53,141.0,35.94,28.54,79.43,79.65,15.05,2.04,6.12,4.33,1.27,0.25,14.53,4.08,3.06,43.07,11.72,8.16,69.57,70.19,1.02,0.25,30.33,6.63,46.15,3.06,9.94,33.04,-0.547,62.5,0.259,58.93,0.272,71.43,0.551,85.71,0.965,73.21,0.691,28.57,-0.548,57.14,0.199,17.86,-0.85,19.64,-0.496,5.36,-1.657,35.71,-0.238,57.14,0.261,33.93,-0.363,76.79,0.693,89.29,1.105,19.64,-0.809,58.93,0.351,17.86,-0.895,66.07,0.49,53.57,0.189,48.21,-0.057,35.71,-0.45,-0.191,0.571,0.486,-0.0,-0.074,0.035,0.646,0.76,-0.081,-0.732,0.27,-0.156,65.77,47.17,27.38,55.95,58.72,44.58,Balanced contributor,-0.1738,-0.2305
795508,Harrison Steele,H. Steele,2002-10-12,870,Central Coast Mariners Football Club,Central Coast Mariners Football Club,Midfield,Midfield,1,2151.65,23,25.97,28.6,12099.52,129.34,2183.74,515.22,39.57,74.39,3.65,589.61,43.22,107.09,2.87,100.04,10.39,1.96,0.71,0.3,1.61,26.42,28.46,4158.83,160.12,888.83,101.04,8.26,7.96,0.26,109.0,8.52,32.7,0.61,29.17,2.17,0.22,0.09,4921.83,172.1,1147.74,388.04,28.61,62.61,2.52,450.65,31.13,49.26,0.78,39.61,4.61,0.48,0.04,254.0,28.11,0.11,13.95,0.44,1.0,0.44,0.55,0.44,3.21,7.19,0.77,0.33,0.0,0.0,0.0,0.0,0.0,0.0,0.0,0.11,0.11,0.11,0.0,0.0,0.0,0.0,0.0,0.0,0.0,0.0,0.0,0.0,0.0,6.42,0.0,3.1,0.0,0.22,0.11,0.11,0.11,0.66,1.66,0.44,5.65,0.0,2.88,0.0,0.11,0.0,0.11,0.11,0.55,1.66,0.22,12.54,5.4,11.24,16.98,9.93,13.81,16.44,17.16,12.18,23.32,1.55,0.0,0.11,0.22,0.0,0.22,0.0,0.11,0.44,0.0,0.44,1.88,2.88,0.11,0.0,0.44,0.0,0.0,0.0,0.0,1.0,0.77,0.55,0.89,0.0,0.0,0.0,0.0,0.0,0.0,0.0,0.33,0.11,0.44,0.55,0.0,0.0,0.0,0.0,0.0,0.0,0.0,0.22,0.11,0.22,7.63,1164.0,128.84,0.33,1.33,369.0,40.84,36.31,88.89,89.2,16.05,3.32,14.06,6.86,0.44,0.22,21.58,5.53,4.54,12.4,5.09,3.98,78.26,80.85,0.11,0.0,9.08,2.32,66.67,1.55,3.98,35.83,-0.418,31.67,-0.585,28.33,-0.508,48.33,-0.106,61.67,0.355,85.0,0.951,43.33,-0.486,46.67,-0.147,58.33,-0.175,21.67,-0.709,36.67,-0.455,29.17,-0.679,73.33,0.593,28.33,-0.614,18.33,-1.013,55.83,-0.109,15.0,-0.913,18.33,-0.802,33.33,-0.428,85.0,1.157,20.0,-0.831,36.67,-0.432,78.33,0.838,-0.099,1.231,0.336,-0.708,-0.378,-0.28,0.416,0.908,-0.41,-0.513,-0.95,-0.482,65.0,33.75,39.31,34.86,100.0,44.28,Balanced contributor,-0.5931,-0.9335
560983,Antonee Alan Burke-Gilroy,A. Burke-Gilroy,1997-10-03,1802,Brisbane Roar FC,Brisbane Roar FC,Full Back,Full Back; Wide Attacker,2,1871.77,21,25.3251,26.27,10467.0429,117.1261,1357.4607,537.332,54.582,222.6098,11.3525,759.9418,65.9344,107.7623,5.5008,92.3475,14.6754,3.9689,0.64,1.5803,1.27,31.0,31.6,3620.8848,143.6876,545.7254,186.4516,19.8689,86.932,3.9344,273.3836,23.8033,35.3615,1.5975,27.282,4.273,1.0328,0.3869,3913.8649,148.9566,659.1591,301.9213,28.891,115.0025,5.5475,416.9238,34.4385,43.7631,2.0484,30.9098,4.3074,1.5164,0.7582,318.0,23.3499,0.5853,1.6127,0.8784,4.6957,1.1009,0.1469,3.0112,5.8041,4.5504,0.9547,0.3702,0.0,0.0,0.0779,0.0,0.0,0.0,0.0,0.1461,0.0779,0.0779,0.0779,0.0,0.0,0.0,0.0,0.0,0.0,0.0,0.0,0.0,0.0779,7.6364,0.4437,0.7307,0.2249,1.3249,0.5163,0.1469,0.7359,2.2078,1.1788,0.1461,6.8991,0.4437,0.6625,0.1514,1.3249,0.5163,0.0,0.7359,1.8368,1.1009,0.1461,13.3143,24.1722,9.3823,16.1617,26.22,11.12,11.0928,12.4655,13.7946,24.59,4.5557,0.2975,0.0,0.0779,0.5845,0.8768,0.0,0.2241,1.1017,0.7307,0.6625,1.6188,3.1595,0.1514,0.0,0.8784,0.0,0.3702,0.0,0.0,1.029,0.2241,0.5163,0.8837,0.1514,0.0,0.2249,0.0,0.1461,0.0,0.0,0.2931,0.0,0.0779,0.7368,0.1514,0.0,0.1514,0.0,0.1461,0.0,0.0,0.2196,0.0,0.0779,9.99,1700.0,124.8463,0.1461,1.7633,646.0,47.4439,41.1248,86.3239,86.913,15.283,2.1335,11.7507,12.3344,0.8086,0.4384,23.0598,7.2677,6.0986,26.1413,10.5043,8.6624,82.504,80.4605,0.7307,0.0779,12.1178,2.9385,45.4113,1.3205,7.1224,57.69,0.056,44.23,-0.176,42.31,-0.243,19.23,-0.805,38.46,-0.305,44.23,-0.063,32.69,-0.539,38.46,-0.256,42.31,-0.279,32.69,-0.492,19.23,-0.798,30.77,-0.606,86.54,1.084,28.85,-0.569,17.31,-0.907,57.69,0.26,42.31,-0.269,55.77,-0.044,92.31,1.713,36.54,-0.452,51.92,0.038,67.31,0.298,78.85,0.908,0.56,0.259,-0.12,-0.951,-0.951,-0.718,0.076,0.322,-0.635,-0.62,-0.149,-0.277,43.59,55.13,32.69,48.08,100.0,44.21,Balanced contributor,-0.3954,-0.3781
51701,Sebastian Pasquali,S. Pasquali,1999-11-07,1803,Western United,Western United,Midfield,Midfield,1,151.84,2,20.72,25.18,10349.5,136.33,2318.5,772.0,52.0,98.5,5.5,870.5,57.5,99.5,2.5,87.5,9.5,1.5,0.0,0.0,0.0,25.85,25.85,3219.5,155.41,774.0,105.5,7.5,1.5,0.0,107.0,7.5,28.5,0.5,23.5,2.0,0.5,0.0,4826.5,191.72,1396.5,600.0,40.0,94.0,4.0,694.0,44.0,46.0,1.0,37.0,4.0,0.5,0.0,40.0,28.78,0.0,14.39,0.0,5.76,0.0,0.72,0.72,1.44,5.76,0.0,0.0,0.0,0.0,0.0,0.0,0.0,0.0,0.0,0.0,0.0,0.0,0.0,0.0,0.0,0.0,0.0,0.0,0.0,0.0,0.0,0.0,0.0,7.92,0.0,4.32,0.0,1.44,0.0,0.0,0.0,0.0,2.16,0.0,7.2,0.0,4.32,0.0,1.44,0.0,0.0,0.0,0.0,1.44,0.0,10.86,0.0,11.78,0.0,0.0,12.26,15.55,6.88,13.6,0.0,0.72,0.0,0.0,0.0,0.0,0.0,0.0,0.0,0.0,0.72,0.0,0.0,0.72,0.0,0.0,0.0,0.0,0.0,0.0,0.0,0.0,0.72,0.0,0.72,0.0,0.0,0.0,0.0,0.0,0.0,0.0,0.0,0.72,0.0,0.0,0.0,0.0,0.0,0.0,0.0,0.0,0.0,0.0,0.0,0.0,6.1,230.0,165.51,0.0,0.0,73.0,52.53,49.65,94.52,90.82,15.4,2.16,10.79,14.39,1.44,0.0,26.63,6.48,6.48,12.23,4.32,4.32,100.0,82.67,0.0,0.0,10.79,2.88,50.0,1.44,4.32,9.17,-1.277,80.0,0.842,82.5,0.977,96.67,2.25,35.0,-0.312,38.33,-0.261,13.33,-0.878,51.67,-0.092,6.67,-0.891,51.67,-0.091,10.83,-0.985,48.33,-0.228,83.33,1.013,23.33,-0.684,25.83,-0.874,78.33,0.55,3.33,-1.939,26.67,-0.662,21.67,-0.929,96.67,1.597,58.33,0.129,61.67,0.228,96.67,1.922,1.444,-0.176,0.808,-1.109,-0.762,-0.861,-1.854,-1.126,-0.364,-0.613,-0.863,0.139,73.89,55.0,30.42,40.14,35.0,43.88,High-output carrier,0.695,-1.3354
23892,Brandon O'Neill,B. O'Neill,1994-04-12,871,Perth Glory Football Club,Perth Glory Football Club,Midfield,Midfield,1,387.2,5,19.09,27.46,10047.2,129.74,1953.8,506.8,38.4,48.0,2.6,554.8,41.0,98.8,3.8,89.2,9.8,2.0,0.81,0.6,0.0,25.5,25.5,2902.6,152.07,592.6,120.8,11.0,11.0,0.4,131.8,11.4,32.6,1.2,23.2,2.2,0.8,0.2,4741.0,172.65,1236.0,362.6,24.8,32.6,1.0,395.2,25.8,43.4,1.2,36.6,3.4,0.6,0.0,74.0,28.54,0.0,11.18,0.39,0.0,0.77,1.54,1.16,5.4,7.33,0.77,0.39,0.0,0.0,0.0,0.0,0.0,0.0,0.0,0.0,0.39,0.0,0.0,0.0,0.0,0.0,0.0,0.0,0.0,0.0,0.0,0.0,0.0,9.26,0.0,3.09,0.39,0.0,0.39,0.39,0.39,2.7,1.93,0.0,8.1,0.0,2.7,0.0,0.0,0.39,0.39,0.39,2.7,1.54,0.0,12.67,0.0,9.6,8.65,8.96,17.23,15.15,11.17,16.5,24.27,3.09,0.0,0.0,0.0,0.0,0.0,0.77,0.0,1.16,0.77,0.39,1.93,2.31,0.0,0.0,0.39,0.0,0.0,0.0,0.0,1.54,0.39,0.0,1.16,0.0,0.0,0.39,0.0,0.0,0.0,0.0,0.77,0.0,0.0,0.77,0.0,0.0,0.0,0.0,0.0,0.0,0.0,0.77,0.0,0.0,0.0,465.0,179.33,0.39,2.7,154.0,59.39,52.83,88.96,87.51,15.07,3.47,22.37,12.73,2.31,0.77,34.71,6.56,5.4,21.98,9.64,7.33,76.0,71.37,1.54,0.39,16.2,5.4,64.29,3.47,8.1,70.0,0.442,21.67,-0.807,23.33,-0.647,45.0,-0.183,31.67,-0.374,43.33,-0.097,33.33,-0.589,50.0,-0.112,61.67,-0.156,65.0,0.268,42.5,-0.359,65.0,0.174,53.33,0.155,80.0,0.6,71.67,0.666,73.33,0.183,60.0,0.143,76.67,0.578,13.33,-1.236,66.67,0.407,6.67,-1.376,18.33,-1.155,81.67,0.9,-0.469,-0.419,-0.651,0.299,-0.633,-0.23,0.736,-1.126,-0.046,-0.15,0.773,-0.184,48.34,29.44,52.92,69.17,43.02,43.64,Balanced contributor,-0.5913,0.7272
69111,Hosine Bility,H. Bility,2001-05-10,1802,Brisbane Roar FC,Brisbane Roar FC,Central Defender,Central Defender,1,2036.58,21,27.4,27.53,10146.86,104.63,1105.81,357.48,36.57,108.52,6.71,466.0,43.29,105.29,4.52,88.0,10.57,3.24,0.57,0.95,1.22,29.02,31.32,3388.81,123.68,364.19,78.0,8.86,18.33,1.05,96.33,9.9,28.14,1.24,22.71,2.24,0.81,0.05,3815.9,138.62,573.95,239.0,23.0,82.0,4.33,321.0,27.33,44.19,2.0,32.43,3.05,1.38,0.52,91.0,6.35,0.0,0.49,0.21,4.82,0.0,0.0,0.07,0.28,0.49,0.0,0.0,0.0,0.0,0.0,0.0,0.0,0.0,0.0,0.0,0.0,0.0,0.0,0.0,0.0,0.0,0.0,0.0,0.0,0.0,0.0,0.0,0.0,1.75,0.0,0.07,0.07,1.19,0.0,0.0,0.07,0.14,0.21,0.0,1.61,0.0,0.07,0.0,1.19,0.0,0.0,0.07,0.14,0.14,0.0,8.57,0.0,11.74,4.9,0.0,0.0,7.59,9.41,10.67,0.0,0.14,0.0,0.0,0.0,0.07,0.0,0.0,0.0,0.0,0.07,0.0,0.14,0.14,0.0,0.0,0.14,0.0,0.0,0.0,0.0,0.0,0.0,0.0,0.07,0.0,0.0,0.07,0.0,0.0,0.0,0.0,0.0,0.0,0.0,0.0,0.0,0.0,0.0,0.0,0.0,0.0,0.0,0.0,0.0,0.0,8.16,1780.0,124.3,0.14,0.21,682.0,47.63,42.39,89.0,93.38,18.61,3.14,9.29,11.52,0.14,0.0,30.94,9.43,7.75,13.27,5.87,5.38,91.67,92.35,0.07,0.07,1.33,0.35,0.0,0.0,3.21,70.37,0.631,61.11,0.201,59.26,0.125,33.33,-0.442,50.0,0.013,68.52,0.386,44.44,-0.412,20.37,-0.661,51.85,-0.267,14.81,-0.999,37.96,-0.443,16.67,-0.938,81.48,0.254,18.52,-0.842,12.96,-1.032,35.19,-0.287,18.52,-0.883,24.07,-0.438,74.07,0.732,35.19,-0.523,70.37,0.46,62.96,0.223,46.3,-0.188,0.098,0.12,0.053,0.2,0.217,0.623,-0.113,0.371,0.433,-0.877,-0.839,-0.357,49.08,61.73,31.02,31.79,100.0,43.6,Balanced contributor,-0.3547,-1.2685
795525,Oscar James Moncrieff Priestman,O. Priestman,2003-03-25,2902,Western Sydney Wanderers FC,Western Sydney Wanderers FC,Midfield,Midfield; Wide Attacker,2,1888.15,21,24.3291,25.6089,11237.496,124.5725,1777.7572,459.4452,40.3828,96.839,4.8141,556.2842,45.1968,102.8144,2.8401,87.4463,8.4052,1.9368,0.71,0.3234,1.81,27.7,29.16,3680.5553,151.2668,582.9253,98.1176,8.9962,19.7321,0.5018,117.8497,9.498,30.803,0.71,25.104,1.6283,0.3717,0.0,4485.4904,175.1142,1058.442,332.6214,27.7137,71.5641,3.0371,404.1855,30.7508,44.5689,0.71,33.6953,3.2565,0.4349,0.0,319.0,20.4793,0.131,8.2815,0.5088,2.5653,0.1238,0.3214,0.3237,1.9224,5.5829,0.709,0.3808,0.0666,0.0,0.0,0.0,0.0,0.0,0.0,0.0,0.3237,0.0,0.0666,0.0,0.0,0.0,0.0,0.0,0.0,0.0,0.0,0.0666,0.0,6.8701,0.0666,3.0154,0.131,1.0232,0.0,0.0666,0.1904,0.4471,1.7325,0.1882,6.4869,0.0666,2.9488,0.0666,0.966,0.0,0.0666,0.1904,0.3831,1.7325,0.0666,11.5725,57.3978,10.7659,18.1013,8.16,10.8919,16.6,10.7434,13.406,9.2395,1.7368,0.0644,0.1238,0.195,0.0666,0.0666,0.0,0.1238,0.3214,0.5807,0.195,0.8351,1.6679,0.0666,0.0666,0.5088,0.0,0.0666,0.0,0.0,0.2548,0.7044,0.0,0.3881,0.0666,0.0,0.131,0.0,0.0,0.0,0.0,0.0,0.1904,0.0,0.3237,0.0666,0.0,0.0666,0.0,0.0,0.0,0.0,0.0,0.1904,0.0,8.5074,2417.0,155.1637,0.3808,2.8201,754.0,48.4045,44.3615,91.7006,91.7049,16.5166,3.465,11.5536,8.2198,0.257,0.2548,25.933,5.1975,4.5597,16.8867,6.6088,6.2946,95.2182,84.2561,1.1591,0.1238,12.132,2.4442,66.3936,1.6065,3.5983,41.67,-0.351,40.0,-0.387,38.33,-0.411,26.67,-0.618,46.67,-0.021,36.67,-0.266,30.0,-0.706,21.67,-0.775,38.33,-0.573,38.33,-0.375,40.0,-0.373,33.33,-0.543,91.67,1.243,31.67,-0.578,11.67,-1.168,58.33,-0.102,68.33,0.236,63.33,0.151,75.0,0.696,50.0,-0.168,46.67,-0.227,60.0,0.183,51.67,0.099,-0.074,0.538,-0.086,-0.74,-1.235,-0.31,0.416,1.161,-1.023,-0.647,-0.072,-0.563,41.95,48.06,33.61,54.17,100.0,43.53,Balanced contributor,-0.9774,-0.1057
51053,Patrick Wood,P. Wood,2002-09-16,871,Perth Glory Football Club,Perth Glory Football Club,Center Forward,Center Forward; Midfield,2,450.47,6,18.8187,23.9176,8697.7941,115.7474,1174.7749,485.3518,50.6512,169.2656,10.7433,654.6174,61.3945,91.0605,6.3414,75.7675,16.5181,5.0242,0.75,1.3656,0.0,30.0,30.0,2619.9438,140.0938,468.7244,208.3308,21.4745,88.232,5.0484,296.5628,26.5229,31.6586,2.506,21.3172,3.8474,2.0121,0.3414,3635.3119,152.0176,599.5255,248.941,24.6949,68.7044,4.1888,317.6454,28.8837,33.1526,1.8233,29.1647,5.3293,1.3293,0.506,96.0,32.8962,8.9108,0.3456,4.4587,0.0,0.0,1.0287,1.7178,12.682,3.4317,0.3456,1.0265,0.683,0.0,0.3435,0.0,0.0,0.0,0.0,0.0,0.0,0.0,0.0,0.0,0.0,0.0,0.0,0.0,0.0,0.0,0.0,0.0,0.0,12.3386,2.7465,0.3456,1.7139,0.0,0.0,0.683,0.683,4.1169,2.0595,0.0,7.5426,1.3743,0.3456,0.6852,0.0,0.0,0.3456,0.3456,2.7404,1.7139,0.0,14.3735,14.9856,2.75,21.3162,0.0,14.0,12.7159,11.9761,16.6584,38.59,11.9908,5.483,0.0,1.7178,0.0,0.0,0.0,0.3456,3.0822,1.3722,0.0,7.88,17.4799,6.8512,0.0,4.113,0.0,0.0,0.0,0.0,4.1147,2.0552,0.3456,6.8534,2.0552,0.0,1.7139,0.0,0.0,0.0,0.0,1.7139,1.3722,0.0,3.7734,1.0287,0.0,0.6852,0.0,0.0,0.0,0.0,1.0265,1.0265,0.0,0.0,214.0,73.3394,0.0,3.7712,59.0,20.2202,14.0541,71.2959,76.4621,11.9555,0.3456,7.886,3.4317,1.7178,1.0287,0.3456,0.0,0.0,29.4751,9.2504,5.8265,66.962,69.0737,2.0552,0.0,28.1024,6.8534,73.265,4.7978,6.5078,65.22,0.203,47.83,-0.122,47.83,-0.239,34.78,-0.585,36.96,-0.466,41.3,-0.375,32.61,-0.302,34.78,-0.189,23.91,-0.301,67.39,0.188,34.78,-0.501,54.35,0.074,43.48,0.163,93.48,1.434,76.09,0.835,17.39,-0.647,95.65,1.759,63.04,0.349,76.09,0.803,28.26,-0.728,54.35,0.221,50.0,0.034,39.13,-0.135,-0.014,-0.705,-0.493,-0.144,0.322,0.205,0.695,-1.067,0.024,-0.22,0.845,0.017,38.04,54.71,41.3,64.86,50.05,43.49,Balanced contributor,-0.1788,0.6026
800913,Nathan Amanatidis,N. Amanatidis,2006-01-23,1802,Brisbane Roar FC,Brisbane Roar FC,Center Forward,Center Forward; Wide Attacker,2,127.67,2,13.5298,20.527,8393.1638,131.4797,1341.5313,560.7497,49.0732,169.0213,12.2184,729.771,61.2916,84.1092,2.5273,69.8362,8.5273,2.0546,0.0,0.5273,0.0,31.2,31.2,2157.1372,159.21,377.8535,177.4354,16.0546,83.4554,4.5273,260.8908,20.5819,22.1092,0.5273,14.4181,2.4727,0.5273,0.0,3526.2823,172.3345,777.8415,296.4407,23.8003,60.8921,3.5819,357.3329,27.3822,36.8362,1.0,29.3089,3.0,0.5273,0.5273,37.0,40.7212,7.7062,1.1006,7.7052,0.0,0.0,1.1006,1.1025,16.507,4.4014,1.1025,0.0,0.0,0.0,0.0,0.0,0.0,0.0,0.0,0.0,0.0,0.0,0.0,0.0,0.0,0.0,0.0,0.0,0.0,0.0,0.0,0.0,0.0,12.1066,2.2012,1.1006,3.3038,0.0,0.0,0.0,0.0,4.4033,1.1025,0.0,5.5039,0.0,1.1006,1.1025,0.0,0.0,0.0,0.0,3.3008,0.0,0.0,14.2583,24.9484,20.74,18.3419,0.0,14.01,5.6,7.7667,21.4207,21.84,15.4074,6.6056,0.0,2.2002,0.0,0.0,0.0,0.0,4.4033,2.2031,0.0,12.1066,18.7082,2.2031,0.0,7.7052,0.0,0.0,0.0,0.0,6.6016,2.2031,0.0,4.4044,1.1006,0.0,3.3038,0.0,0.0,0.0,0.0,0.0,0.0,0.0,1.1025,0.0,0.0,1.1025,0.0,0.0,0.0,0.0,0.0,0.0,0.0,0.0,54.0,59.4291,1.1025,1.1025,15.0,16.507,14.3087,85.9342,85.4654,12.9667,0.0,9.9054,1.1025,0.0,0.0,0.0,0.0,0.0,19.8097,4.4033,4.4033,100.0,76.2984,0.0,0.0,17.6104,2.2031,100.0,2.2031,3.3008,26.09,-0.777,45.65,-0.129,43.48,-0.38,58.7,0.127,15.22,-1.07,23.91,-0.934,39.13,-0.135,78.26,0.614,82.61,0.762,28.26,-0.52,6.52,-1.654,50.0,0.018,97.83,0.713,43.48,-0.34,34.78,-0.498,17.39,-0.647,30.43,-0.639,43.48,-0.208,97.83,1.647,47.83,0.058,76.09,0.599,47.83,0.031,97.83,2.079,1.334,-1.012,-0.25,-1.874,-1.428,-1.438,-1.649,-1.067,-0.999,-0.195,-0.351,-0.06,48.19,58.34,47.46,44.56,35.0,43.24,Balanced contributor,0.0018,-0.3306
50949,Jay Barnett,J. Barnett,2001-02-14,866,Adelaide United Football Club,Adelaide United Football Club,Midfield,Midfield,1,1742.49,19,27.16,24.98,11635.89,126.87,1830.16,522.89,42.74,101.95,5.05,624.84,47.79,119.11,3.21,103.32,11.47,1.89,0.61,0.32,1.59,27.03,28.36,4204.0,154.76,631.63,87.05,8.89,16.32,0.58,103.37,9.47,37.47,0.84,32.0,2.26,0.42,0.11,4421.84,176.99,1044.11,399.42,30.21,81.05,3.32,480.47,33.53,50.68,0.89,37.47,4.68,0.53,0.05,220.0,15.94,0.07,7.83,0.22,2.46,0.14,0.07,0.29,1.23,3.19,0.43,0.07,0.0,0.0,0.0,0.0,0.0,0.0,0.0,0.0,0.0,0.07,0.07,0.0,0.0,0.0,0.0,0.0,0.0,0.0,0.0,0.0,0.07,5.15,0.0,2.61,0.07,0.87,0.07,0.07,0.22,0.29,0.8,0.14,4.86,0.0,2.46,0.0,0.87,0.07,0.07,0.22,0.22,0.8,0.14,11.02,47.67,10.23,26.81,27.46,3.55,20.18,10.04,9.54,16.82,1.38,0.07,0.22,0.07,0.14,0.14,0.0,0.07,0.22,0.14,0.29,0.43,1.01,0.07,0.0,0.22,0.0,0.07,0.0,0.0,0.43,0.07,0.14,0.36,0.0,0.0,0.07,0.0,0.07,0.0,0.0,0.14,0.0,0.07,0.22,0.0,0.0,0.0,0.0,0.07,0.0,0.0,0.07,0.0,0.07,10.61,1761.0,127.63,0.29,1.38,645.0,46.75,42.11,90.08,91.06,15.53,1.81,15.94,16.67,0.36,0.29,21.16,5.07,4.42,8.91,3.12,2.83,90.7,89.57,0.22,0.07,5.8,1.09,73.33,0.8,3.62,40.0,-0.361,51.67,-0.128,50.0,-0.129,51.67,-0.035,95.0,1.411,90.0,1.267,20.0,-0.825,13.33,-1.148,20.83,-0.727,15.0,-1.024,23.33,-0.873,16.67,-1.06,85.0,1.075,10.0,-1.088,13.33,-1.159,53.33,-0.15,16.67,-0.875,11.67,-1.276,56.67,0.108,55.0,0.003,50.0,-0.105,65.0,0.323,68.33,0.455,0.141,0.858,0.201,-0.34,0.088,-0.369,0.096,0.883,0.163,-1.095,-1.154,-0.548,68.61,52.22,18.19,31.67,100.0,43.17,Balanced contributor,-0.58,-1.5922
50980,Chris Ikonomidis,C. Ikonomidis,1995-05-04,1804,Macarthur FC,Macarthur FC,Center Forward,Center Forward; Wide Attacker,2,592.93,8,18.0632,20.5229,8739.9853,117.6072,1292.1431,546.3558,46.0486,106.0869,6.9319,652.4427,52.9805,89.5296,6.1758,74.1828,12.9319,5.0215,0.8177,1.3662,1.95,28.4,28.4,2766.2279,153.5252,539.5309,274.9097,21.3002,54.1563,3.0486,329.066,24.3524,30.0125,2.271,20.7019,3.4955,1.6248,0.6248,3161.4155,154.0627,597.8089,225.3099,18.7484,38.1098,2.2585,263.4232,21.0069,31.9729,1.5045,24.8221,4.1418,1.1418,0.246,172.0,41.3338,4.0822,1.9215,8.1729,0.0,0.7226,0.9625,2.6439,18.2626,3.3644,1.2028,0.4822,0.2401,0.0,0.0,0.0,0.0,0.0,0.0,0.2421,0.0,0.0,0.2401,0.2401,0.0,0.0,0.0,0.0,0.0,0.0,0.0,0.0,0.0,11.0557,0.7223,1.4431,2.161,0.0,0.2421,0.2421,1.201,4.325,0.2401,0.4804,8.4141,0.4802,1.4431,0.7203,0.0,0.0,0.0,1.201,3.8428,0.2401,0.4804,14.6788,17.8728,8.1193,17.0257,14.51,13.4694,10.5395,13.847,13.0162,16.5952,11.0577,1.4409,0.2421,1.9231,0.0,0.2421,0.2401,0.4822,4.8036,0.9606,0.7205,8.6515,18.5051,2.1612,0.0,8.1729,0.0,0.0,0.0,0.0,6.0095,1.6832,0.4822,3.6018,0.2401,0.0,2.161,0.0,0.0,0.0,0.0,0.9625,0.0,0.2421,1.9211,0.2401,0.0,0.7203,0.0,0.0,0.0,0.0,0.7223,0.0,0.2421,0.0,353.0,84.8316,0.0,1.681,113.0,27.156,19.9436,72.3365,77.7717,11.2172,0.4822,7.9307,3.3639,0.7203,0.7205,3.1222,0.9606,0.4804,29.7981,9.3743,6.7306,71.4698,72.3344,0.9625,0.0,21.3877,4.5649,47.7793,2.1614,5.7639,67.39,0.204,26.09,-0.69,28.26,-0.65,56.52,-0.009,28.26,-0.599,32.61,-0.525,36.96,-0.163,80.43,0.676,41.3,-0.107,76.09,0.491,13.04,-1.112,34.78,-0.239,63.04,0.243,41.3,-0.368,67.39,0.526,65.22,-0.112,39.13,-0.119,76.09,0.702,44.57,-0.323,43.48,-0.175,26.09,-0.756,23.91,-0.851,58.7,0.127,-0.321,-0.662,-0.762,-0.219,-0.463,0.204,0.907,1.6,-0.812,-0.097,0.189,-0.5,40.94,41.12,47.1,58.7,65.88,43.1,Balanced contributor,-1.0904,0.5123
33001,Wellissol Santos de Oliveira,Wellissol,1998-02-16,1805,Newcastle United Jets FC,Newcastle United Jets FC,Center Forward,Center Forward,1,126.76,2,18.49,20.91,7341.5,115.84,1130.5,491.5,53.5,173.5,10.5,665.0,64.0,84.5,11.5,70.0,15.5,8.5,0.0,2.0,0.0,29.8,29.8,2537.5,137.22,448.5,251.0,24.5,107.5,6.5,358.5,31.0,30.5,3.5,22.0,4.0,2.0,1.0,3012.0,144.06,588.0,224.5,25.0,32.0,2.5,256.5,27.5,31.5,4.0,26.5,4.5,3.5,0.5,46.0,37.51,4.89,0.0,5.71,0.0,0.0,2.45,4.08,17.12,3.26,0.0,0.82,0.82,0.0,0.0,0.0,0.0,0.0,0.0,0.0,0.0,0.0,0.0,0.0,0.0,0.0,0.0,0.0,0.0,0.0,0.0,0.0,0.0,14.68,2.45,0.0,0.82,0.0,0.0,1.63,2.45,5.71,1.63,0.0,6.52,1.63,0.0,0.0,0.0,0.0,1.63,0.82,2.45,0.0,0.0,14.95,11.63,0.0,14.81,0.0,9.45,11.23,17.52,15.47,0.0,17.12,4.89,0.0,3.26,0.0,0.0,0.0,0.82,7.34,0.82,0.0,8.15,18.76,2.45,0.0,5.71,0.0,0.0,0.0,0.82,7.34,2.45,0.0,6.52,0.82,0.0,0.82,0.0,0.0,0.0,0.0,3.26,1.63,0.0,3.26,0.82,0.0,0.0,0.0,0.0,0.0,0.0,2.45,0.0,0.0,0.0,123.0,100.3,0.0,1.63,23.0,18.76,16.31,86.95,74.78,12.63,0.82,4.89,1.63,1.63,0.0,6.52,2.45,2.45,32.62,7.34,5.71,77.77,64.92,1.63,0.0,34.25,6.52,87.5,5.71,4.89,85.87,0.944,57.61,0.054,54.35,0.016,41.3,-0.527,17.39,-1.037,26.09,-0.919,41.3,-0.128,58.7,0.284,30.43,-0.233,50.0,-0.167,23.91,-0.733,78.26,0.646,32.61,0.06,100.0,2.058,60.87,0.163,97.83,2.08,36.96,-0.165,56.52,0.303,69.57,0.662,15.22,-0.937,52.17,0.159,52.17,0.094,41.3,-0.122,0.024,-2.075,-0.963,2.196,0.099,2.128,-1.649,-1.067,1.274,-0.071,0.976,0.32,33.15,59.24,47.1,64.13,35.0,43.08,Balanced contributor,0.3106,0.5211
133852,Corey Hollman,C. Hollman,2003-09-25,869,Sydney Football Club,Sydney Football Club,Midfield,Midfield,1,863.55,9,31.05,22.06,12071.78,125.81,2196.44,500.44,40.44,77.11,4.67,577.56,45.11,125.56,3.67,109.78,10.44,2.33,0.82,0.33,0.0,26.6,27.68,4719.44,152.01,860.11,101.44,10.0,7.0,0.78,108.44,10.78,47.89,0.56,38.33,2.22,0.11,0.0,4016.78,182.06,1129.89,359.44,26.33,63.67,2.44,423.11,28.78,44.44,1.33,32.33,4.0,1.0,0.22,130.0,15.87,0.0,8.42,0.0,1.34,0.24,0.24,0.12,1.1,4.03,0.37,0.37,0.0,0.0,0.0,0.12,0.0,0.0,0.0,0.0,0.12,0.12,0.0,0.0,0.0,0.0,0.0,0.0,0.0,0.0,0.0,0.0,0.0,4.76,0.0,2.81,0.0,0.49,0.0,0.24,0.12,0.24,0.49,0.37,4.39,0.0,2.56,0.0,0.49,0.0,0.24,0.12,0.24,0.49,0.24,10.48,0.0,10.14,0.0,28.45,8.29,5.37,7.99,10.61,11.84,1.46,0.0,0.37,0.0,0.12,0.0,0.0,0.0,0.37,0.49,0.12,0.37,1.34,0.0,0.0,0.0,0.0,0.12,0.0,0.0,0.49,0.73,0.0,0.12,0.0,0.0,0.0,0.0,0.0,0.0,0.0,0.0,0.12,0.0,0.12,0.0,0.0,0.0,0.0,0.0,0.0,0.0,0.0,0.12,0.0,11.47,1140.0,139.15,0.24,2.08,400.0,48.83,44.8,91.75,91.55,13.91,1.59,17.46,13.18,0.12,1.1,19.16,5.13,4.27,8.54,3.54,2.81,79.31,72.25,0.73,0.24,7.93,2.44,60.0,1.46,4.03,44.17,-0.332,38.33,-0.396,40.0,-0.404,41.67,-0.241,100.0,1.978,98.33,1.892,23.33,-0.765,11.67,-1.154,18.33,-0.75,11.67,-1.211,38.33,-0.391,11.67,-1.177,90.0,1.202,26.67,-0.671,20.0,-0.992,46.67,-0.201,40.0,-0.335,10.0,-1.284,40.0,-0.27,86.67,1.198,43.33,-0.302,40.0,-0.358,62.5,0.291,-0.218,1.209,0.544,0.158,-0.357,0.187,0.768,-1.126,0.883,-1.054,-0.758,-0.264,71.25,41.53,19.17,38.89,95.95,42.71,Balanced contributor,-0.1009,-1.453
957034,Dean Pelekanos,D. Pelekanos,2001-01-05,2902,Western Sydney Wanderers FC,Western Sydney Wanderers FC,Central Defender,Central Defender; Midfield,2,382.86,4,26.8882,29.4957,10778.6544,113.0235,1432.1951,392.0297,32.6532,71.417,4.5277,463.4467,37.1808,106.5553,3.0,87.4042,8.9723,0.9447,0.0,0.0,0.0,27.35,27.35,3541.5427,136.0839,423.37,49.017,5.2085,11.2085,0.5,60.2255,5.7085,30.0277,0.2362,23.3192,2.0277,0.0,0.0,4404.7504,149.835,866.0422,304.0829,23.1532,56.6532,3.2638,360.7361,26.417,48.417,1.2638,36.0702,3.4447,0.2362,0.0,20.0,7.4038,0.0,0.7397,0.3709,3.7043,0.3709,0.3692,0.0,0.7402,0.7397,0.3709,0.3709,0.0,0.3709,0.0,0.0,0.0,0.0,0.0,0.0,0.0,0.0,0.0,0.0,0.0,0.0,0.0,0.0,0.0,0.0,0.0,0.0,0.0,2.5901,0.0,0.7397,0.3709,0.3709,0.3709,0.0,0.0,0.0,0.3709,0.3709,2.2213,0.0,0.7397,0.0,0.3709,0.3709,0.0,0.0,0.0,0.3709,0.3709,13.0039,0.0,12.82,25.87,23.93,6.28,0.0,12.4553,6.6,4.56,0.7397,0.0,0.0,0.0,0.0,0.3709,0.0,0.0,0.3709,0.0,0.0,0.0,0.3709,0.0,0.0,0.3709,0.0,0.0,0.0,0.0,0.0,0.0,0.0,0.3709,0.0,0.0,0.3709,0.0,0.0,0.0,0.0,0.0,0.0,0.0,0.0,0.0,0.0,0.0,0.0,0.0,0.0,0.0,0.0,0.0,0.0,13.2499,525.0,194.2728,0.7385,1.8491,187.0,69.1983,65.1259,93.5626,93.1932,17.6848,4.4415,9.9891,18.5012,0.0,0.3709,36.6386,7.772,5.918,16.6551,5.9197,5.5505,93.522,83.9289,0.7397,0.0,1.1106,0.7397,50.0,0.3709,4.0736,7.41,-1.55,31.48,-0.558,31.48,-0.481,59.26,0.04,61.11,0.154,61.11,0.307,68.52,0.169,35.19,-0.424,19.44,-0.73,25.93,-0.619,98.15,3.614,37.04,-0.432,74.07,0.239,70.37,0.194,24.07,-0.634,14.81,-0.845,94.44,1.139,27.78,-0.353,20.37,-0.842,88.89,1.086,25.93,-0.8,12.96,-1.037,92.59,1.378,0.006,0.913,0.209,-2.108,-0.595,-2.227,-2.018,-1.274,-0.652,0.372,-0.068,-0.002,65.74,26.24,47.38,50.92,42.54,42.62,Balanced contributor,-0.0314,0.2938
963055,Arion Sulemani,A. Sulemani,2005-03-01,2380,Melbourne City FC,Melbourne City FC,Center Forward,Center Forward,1,208.17,3,25.12,16.96,7998.0,115.25,1154.33,613.33,60.0,169.0,12.0,782.33,72.0,97.33,7.33,83.33,12.67,5.33,0.78,1.33,0.0,27.9,27.9,3179.67,126.6,451.67,195.33,21.0,60.33,4.67,255.67,25.67,39.0,2.67,28.0,4.0,2.33,1.33,2745.67,161.93,587.67,373.67,33.0,85.0,5.33,458.67,38.33,33.67,1.67,26.33,4.67,1.0,0.0,98.0,39.06,7.57,3.99,11.96,0.0,0.0,0.8,0.4,12.36,1.99,0.0,0.8,0.0,0.0,0.4,0.0,0.0,0.0,0.0,0.0,0.4,0.0,0.0,0.0,0.0,0.0,0.0,0.0,0.0,0.0,0.0,0.0,0.0,12.36,1.59,2.79,4.78,0.0,0.0,0.0,0.4,1.99,0.8,0.0,5.58,0.4,2.79,1.2,0.0,0.0,0.0,0.4,0.4,0.4,0.0,11.11,15.7,5.04,12.41,0.0,9.24,20.01,8.67,12.09,0.0,8.77,3.19,0.0,2.79,0.0,0.0,0.0,0.4,2.39,0.0,0.0,14.35,26.31,4.78,0.4,11.96,0.0,0.0,0.0,0.0,8.37,0.8,0.0,7.97,1.2,0.4,4.78,0.0,0.0,0.0,0.0,1.2,0.4,0.0,1.99,0.0,0.4,1.2,0.0,0.0,0.0,0.0,0.0,0.4,0.0,0.0,79.0,31.49,0.0,0.0,20.0,7.97,4.78,60.0,76.48,10.6,0.0,3.59,1.2,1.2,0.4,0.8,0.0,0.0,8.77,2.39,1.2,50.0,72.67,0.4,0.0,10.36,1.99,20.0,0.4,2.39,60.87,0.161,69.57,0.595,69.57,0.598,69.57,0.623,58.7,0.079,63.04,0.338,86.96,0.895,68.48,0.443,91.3,1.326,32.61,-0.493,21.74,-0.755,56.52,0.08,45.65,0.164,8.7,-1.572,21.74,-0.877,17.39,-0.647,7.61,-1.629,8.7,-1.461,20.65,-0.675,23.91,-0.824,73.91,0.543,45.65,0.031,36.96,-0.205,0.121,-1.412,-0.372,0.305,-0.521,0.374,0.789,-1.067,0.211,0.319,-1.306,-0.234,53.62,56.7,59.6,18.3,35.0,42.6,Balanced contributor,-0.2395,-0.8275
809759,Panagiotis Kikianis,P. Kikianis,2005-03-08,866,Adelaide United Football Club,Adelaide United Football Club,Central Defender,Central Defender,1,2236.98,23,28.09,26.39,10158.0,104.44,1147.87,321.13,28.96,75.96,4.48,397.09,33.43,111.7,4.22,90.87,11.39,2.43,0.76,0.3,1.81,27.5,29.06,3541.22,126.05,373.65,56.0,5.3,13.35,0.39,69.35,5.7,34.78,1.04,28.09,2.22,0.26,0.0,3712.7,140.69,607.96,233.65,19.96,57.0,2.83,290.65,22.78,44.74,1.74,32.17,3.78,0.87,0.17,105.0,6.46,0.06,0.37,0.31,4.98,0.0,0.0,0.37,0.25,0.12,0.0,0.0,0.0,0.0,0.0,0.0,0.0,0.0,0.0,0.0,0.0,0.0,0.0,0.0,0.0,0.0,0.0,0.0,0.0,0.0,0.0,0.0,0.0,2.46,0.06,0.06,0.12,1.91,0.0,0.0,0.12,0.12,0.06,0.0,2.21,0.0,0.06,0.0,1.91,0.0,0.0,0.06,0.12,0.06,0.0,9.11,4.27,11.62,5.62,0.0,0.0,6.17,14.61,6.99,0.0,0.18,0.0,0.0,0.0,0.18,0.0,0.0,0.0,0.0,0.0,0.0,0.31,0.31,0.0,0.0,0.25,0.0,0.0,0.0,0.0,0.06,0.0,0.0,0.12,0.0,0.0,0.06,0.0,0.0,0.0,0.0,0.06,0.0,0.0,0.06,0.0,0.0,0.0,0.0,0.0,0.0,0.0,0.06,0.0,0.0,9.2,3459.0,212.71,0.18,1.17,1161.0,71.4,63.89,89.49,91.96,18.39,5.41,9.84,9.78,0.0,0.06,66.66,17.46,14.39,18.82,6.58,5.35,81.31,78.89,0.18,0.06,4.49,1.35,40.91,0.55,6.4,20.37,-0.861,18.52,-1.023,18.52,-1.053,18.52,-0.949,77.78,0.728,77.78,0.766,60.19,0.016,22.22,-0.636,76.85,0.296,24.07,-0.626,37.96,-0.443,28.7,-0.51,40.74,0.141,79.63,0.694,75.93,0.436,96.3,1.737,70.37,0.301,22.22,-0.453,27.78,-0.7,40.74,-0.315,24.07,-0.828,20.37,-0.882,42.59,-0.224,-0.934,0.134,-0.6,-0.255,0.633,-0.383,0.522,1.167,-0.254,-0.449,0.742,-0.471,45.99,21.6,41.66,64.2,100.0,42.57,Balanced contributor,-1.1206,0.6825
560895,Isaías Sánchez Cortés,Isaias,1987-02-09,866,Adelaide United Football Club,Adelaide United Football Club,Midfield,Central Defender; Midfield,2,770.16,8,29.3929,26.7582,11056.8885,114.7872,1690.623,508.7683,43.4721,112.148,6.7323,620.9162,50.2045,116.4262,3.8803,97.9191,14.7853,3.6268,0.83,0.5035,0.0,27.23,27.23,3989.6262,136.2562,674.0798,100.4725,7.8838,11.2147,0.6197,111.6872,8.5035,37.648,1.1303,30.75,3.0035,0.5035,0.1268,4213.9469,158.1633,880.92,369.2043,30.4474,90.2433,4.4859,459.4476,34.9333,47.8874,1.5,35.7465,5.5212,1.5,0.25,64.0,13.694,0.0,6.208,0.0,4.2781,0.0,0.0,0.2119,0.4297,2.5664,0.0,0.2119,0.0,0.0,0.0,0.0,0.0,0.0,0.0,0.0,0.2119,0.0,0.0,0.0,0.0,0.0,0.0,0.0,0.0,0.0,0.0,0.0,0.0,5.1354,0.0,1.2852,0.0,2.9967,0.0,0.0,0.0,0.0,0.8535,0.0,5.1354,0.0,1.2852,0.0,2.9967,0.0,0.0,0.0,0.0,0.8535,0.0,10.6744,0.0,12.6533,0.0,0.0,0.0,9.58,10.92,12.98,0.0,1.0713,0.0,0.4297,0.0,0.0,0.0,0.0,0.0,0.0,0.6416,0.0,0.0,0.0,0.0,0.0,0.0,0.0,0.0,0.0,0.0,0.0,0.0,0.0,0.0,0.0,0.0,0.0,0.0,0.0,0.0,0.0,0.0,0.0,0.0,0.0,0.0,0.0,0.0,0.0,0.0,0.0,0.0,0.0,0.0,0.0,7.5482,1051.0,224.958,0.2119,1.711,363.0,77.6957,67.4251,85.7208,89.7331,18.1639,5.9972,17.9821,14.7681,0.4297,0.2119,61.8573,16.4822,12.844,17.3353,6.6307,5.5613,83.0733,83.251,0.2119,0.0,4.4972,1.0713,40.0,0.4297,7.0641,63.33,0.165,56.67,0.113,56.67,-0.042,46.67,-0.165,86.67,1.175,76.67,0.746,2.5,-1.008,5.0,-1.333,6.67,-0.891,18.33,-0.914,31.67,-0.645,15.0,-1.064,76.67,0.731,3.33,-1.322,63.33,0.244,98.33,2.714,25.0,-0.619,43.33,-0.151,60.0,0.283,35.0,-0.452,76.67,0.768,71.67,0.602,13.33,-1.418,-0.42,0.393,0.213,0.386,1.518,1.823,0.799,-1.126,1.396,-1.133,0.531,0.031,52.5,62.5,13.2,51.66,85.57,42.47,Balanced contributor,0.1445,-0.559
560989,Tomislav Mrčela,T. Mrčela,1990-10-01,871,Perth Glory Football Club,Perth Glory Football Club,Central Defender,Central Defender,1,1864.47,19,22.98,31.73,10100.05,102.93,1160.53,331.05,28.42,54.74,3.05,385.79,31.47,102.68,3.84,88.16,9.32,2.11,0.88,0.74,1.89,26.52,28.72,2795.21,121.66,307.84,61.37,5.58,9.68,0.26,71.05,5.84,23.58,0.74,20.63,1.79,0.05,0.05,4439.79,139.94,709.11,241.68,19.84,41.0,1.58,282.68,21.42,50.58,1.74,38.16,3.53,0.89,0.16,66.0,8.19,0.25,0.37,0.12,5.83,0.0,0.0,0.12,0.5,0.99,0.0,0.0,0.0,0.0,0.0,0.0,0.0,0.0,0.0,0.0,0.0,0.0,0.0,0.0,0.0,0.0,0.0,0.0,0.0,0.0,0.0,0.0,0.0,3.23,0.12,0.0,0.0,2.61,0.0,0.0,0.12,0.0,0.37,0.0,2.98,0.0,0.0,0.0,2.61,0.0,0.0,0.12,0.0,0.25,0.0,10.46,3.24,7.08,3.73,0.0,0.0,4.39,11.51,14.98,0.0,0.5,0.0,0.0,0.0,0.25,0.0,0.0,0.0,0.0,0.25,0.0,0.62,0.5,0.12,0.0,0.12,0.0,0.0,0.0,0.0,0.12,0.12,0.0,0.12,0.0,0.0,0.0,0.0,0.0,0.0,0.0,0.0,0.12,0.0,0.0,0.0,0.0,0.0,0.0,0.0,0.0,0.0,0.0,0.0,0.0,10.4,996.0,123.64,0.12,1.12,433.0,53.75,45.68,84.99,92.11,18.24,3.1,18.25,11.17,0.12,0.12,29.17,9.06,6.21,18.99,9.19,8.81,95.95,94.23,0.25,0.12,1.49,0.37,33.33,0.12,5.83,53.7,0.149,11.11,-1.267,14.81,-1.137,22.22,-0.811,37.04,-0.278,70.37,0.407,79.63,0.495,47.22,-0.247,94.44,1.321,50.0,-0.148,37.96,-0.443,55.56,-0.046,42.59,0.153,40.74,-0.507,62.96,0.174,20.37,-0.756,66.67,0.24,92.59,1.279,3.7,-1.624,42.59,-0.253,7.41,-1.653,7.41,-1.603,31.48,-0.505,-1.357,0.061,-0.868,-0.832,-0.419,-0.78,0.923,1.275,-0.945,0.22,0.152,-0.77,35.8,18.21,60.8,54.32,100.0,42.28,Balanced contributor,-1.7311,0.931
795516,Yianni Nicolaou,Y. Nicolaou,2000-01-05,1804,Macarthur FC,Macarthur FC,Full Back,Full Back,1,152.3,2,20.38,17.68,8833.0,115.99,1271.5,654.5,60.0,291.0,13.0,945.5,73.0,99.5,6.0,76.5,18.0,4.0,0.0,0.5,0.0,29.45,29.45,3041.5,149.22,545.0,254.0,22.5,128.0,4.0,382.0,26.5,35.5,1.5,25.0,5.5,1.0,0.0,2897.0,163.83,553.0,359.5,31.0,142.0,6.0,501.5,37.0,36.0,2.0,21.5,5.0,1.5,0.5,25.0,42.91,0.0,0.0,0.0,6.86,1.72,0.0,8.58,1.72,24.03,0.0,0.0,0.0,0.0,0.0,0.0,0.0,0.0,0.0,0.0,0.0,0.0,0.0,0.0,0.0,0.0,0.0,0.0,0.0,0.0,0.0,0.0,0.0,8.58,0.0,0.0,0.0,0.0,0.0,0.0,5.15,0.0,3.43,0.0,8.58,0.0,0.0,0.0,0.0,0.0,0.0,5.15,0.0,3.43,0.0,17.06,0.0,0.0,0.0,22.23,0.0,15.67,42.22,17.35,0.0,12.01,0.0,0.0,0.0,0.0,0.0,0.0,1.72,1.72,8.58,0.0,0.0,5.15,0.0,0.0,0.0,0.0,0.0,0.0,1.72,1.72,1.72,0.0,0.0,0.0,0.0,0.0,0.0,0.0,0.0,0.0,0.0,0.0,0.0,0.0,0.0,0.0,0.0,0.0,0.0,0.0,0.0,0.0,0.0,0.0,10.18,62.0,106.41,1.72,1.72,21.0,36.04,29.18,80.95,80.58,17.06,1.72,10.3,8.58,0.0,0.0,39.47,12.01,10.3,12.01,8.58,8.58,100.0,80.59,1.72,1.72,0.0,0.0,0.0,0.0,8.58,11.54,-1.306,75.0,0.49,71.15,0.426,65.38,0.477,11.54,-1.262,3.85,-2.235,69.23,0.29,100.0,2.553,3.85,-1.695,59.62,0.236,7.69,-1.619,42.31,-0.271,30.77,-0.413,3.85,-1.782,34.62,-0.454,100.0,2.074,38.46,-0.321,51.92,-0.082,65.38,0.293,11.54,-0.988,76.92,0.654,92.31,1.423,73.08,0.668,0.658,-2.224,-0.643,-0.522,0.022,-0.689,-2.609,-1.788,-0.304,-0.106,-0.328,-0.162,40.06,63.78,47.12,43.27,35.0,42.08,Balanced contributor,-0.2702,-0.2443
29856,Alfie McCalmont,A. McCalmont,2000-03-25,870,Central Coast Mariners Football Club,Central Coast Mariners Football Club,Midfield,Midfield,1,1765.62,18,26.66,29.9,11567.06,117.92,1928.44,463.39,38.72,58.28,3.72,521.67,42.44,120.5,3.28,110.22,14.06,1.61,0.75,0.22,1.77,25.91,27.18,3785.72,141.98,723.72,126.78,11.22,13.44,0.67,140.22,11.89,37.67,0.78,31.56,3.28,0.17,0.0,4828.33,161.48,1070.89,316.33,25.22,41.0,1.67,357.33,26.89,55.17,1.06,44.17,5.83,0.61,0.06,193.0,24.66,0.13,7.67,0.13,1.28,0.38,1.02,0.51,4.47,8.05,1.02,0.26,0.0,0.13,0.0,0.0,0.0,0.0,0.0,0.13,0.0,0.0,0.0,0.0,0.0,0.0,0.0,0.0,0.0,0.0,0.0,0.0,0.0,7.28,0.13,2.17,0.0,0.64,0.13,0.38,0.38,1.66,1.53,0.26,6.52,0.13,2.17,0.0,0.64,0.13,0.38,0.38,1.15,1.41,0.13,11.26,12.66,9.88,11.18,14.83,8.71,9.45,12.28,12.87,10.92,3.07,0.13,0.51,0.0,0.0,0.26,0.13,0.0,0.89,0.77,0.38,0.51,3.07,0.0,0.0,0.13,0.0,0.0,0.0,0.0,1.02,1.53,0.38,0.38,0.0,0.0,0.0,0.0,0.0,0.0,0.0,0.26,0.13,0.0,0.26,0.0,0.0,0.0,0.0,0.0,0.0,0.0,0.13,0.13,0.0,7.71,1277.0,163.14,0.26,1.92,404.0,51.61,44.97,87.13,88.5,17.46,4.85,15.97,12.14,0.26,1.53,22.48,6.64,5.24,16.35,7.28,6.0,82.46,76.14,0.77,0.26,15.84,3.83,53.33,2.04,5.75,20.0,-0.647,25.0,-0.663,25.0,-0.609,28.33,-0.581,96.67,1.533,100.0,1.934,45.0,-0.451,36.67,-0.431,25.0,-0.697,40.0,-0.362,33.33,-0.568,38.33,-0.42,71.67,0.412,51.67,-0.304,36.67,-0.291,68.33,0.129,33.33,-0.458,57.5,0.03,23.33,-0.876,63.33,0.324,23.33,-0.795,20.0,-0.874,18.33,-0.932,-1.079,0.803,-0.089,-0.264,1.205,-0.722,0.544,1.11,0.315,-0.567,-0.16,-0.53,55.28,23.33,36.39,53.2,100.0,41.91,Balanced contributor,-0.9272,-0.2857
157294,Ryan Graham Pun Teague,R. Teague,2002-01-24,868,Melbourne Victory Football Club,Melbourne Victory Football Club,Midfield,Midfield,1,2656.8,27,26.94,24.53,11089.04,112.7,1460.85,474.93,42.11,111.15,5.81,586.07,47.93,103.78,3.26,84.7,11.44,2.19,0.71,0.78,1.45,27.47,29.4,3882.0,144.08,597.96,136.63,11.44,30.89,1.04,167.52,12.48,33.3,0.74,25.63,2.33,0.33,0.07,3915.11,159.58,751.78,313.59,26.3,73.7,3.41,387.3,29.7,43.22,1.11,30.04,4.07,0.67,0.22,266.0,14.73,0.11,5.04,0.5,1.11,0.28,0.44,0.5,1.22,4.76,0.78,0.28,0.06,0.0,0.0,0.06,0.0,0.0,0.0,0.0,0.17,0.0,0.06,0.06,0.0,0.0,0.0,0.0,0.0,0.0,0.0,0.0,0.0,4.32,0.11,1.5,0.11,0.5,0.06,0.11,0.28,0.22,1.33,0.11,4.1,0.11,1.44,0.06,0.5,0.06,0.11,0.28,0.17,1.33,0.06,12.1,14.74,11.09,15.88,24.22,8.6,13.65,14.0,12.11,12.25,2.27,0.11,0.44,0.11,0.06,0.11,0.0,0.06,0.39,0.44,0.55,1.22,2.49,0.11,0.0,0.5,0.0,0.17,0.0,0.0,0.33,1.11,0.28,0.66,0.11,0.0,0.11,0.0,0.0,0.0,0.0,0.06,0.28,0.11,0.55,0.11,0.0,0.06,0.0,0.0,0.0,0.0,0.06,0.28,0.06,10.23,2836.0,157.06,0.39,3.54,935.0,51.78,45.03,86.95,87.0,15.86,3.43,18.5,11.35,1.0,0.33,27.19,9.3,7.81,15.01,6.37,5.37,84.35,81.5,0.55,0.0,12.79,2.82,66.67,1.88,6.09,90.0,0.958,53.33,-0.114,48.33,-0.204,35.0,-0.475,50.0,0.064,33.33,-0.531,36.67,-0.557,8.33,-1.248,45.0,-0.426,10.0,-1.327,35.0,-0.535,10.0,-1.309,45.0,0.023,40.0,-0.405,48.33,-0.153,85.0,1.003,80.0,0.791,41.67,-0.23,66.67,0.494,10.0,-1.202,62.5,0.29,70.0,0.575,8.33,-1.741,-0.649,0.419,-0.223,-0.286,0.075,0.01,0.416,0.706,-0.189,-1.046,0.342,-0.595,31.67,62.08,24.17,56.67,100.0,41.87,Balanced contributor,-1.0951,-0.0984
13567,Marcus Antonsson,M. Antonsson,1991-05-08,2902,Western Sydney Wanderers FC,Western Sydney Wanderers FC,Center Forward,Center Forward,1,215.22,3,22.61,20.18,8417.0,117.33,936.0,467.0,45.0,189.33,8.67,656.33,53.67,81.33,4.67,68.33,11.0,3.0,0.0,0.33,0.0,30.57,30.57,3294.33,145.7,466.0,220.67,22.67,126.0,4.33,346.67,27.0,33.67,1.67,23.0,4.33,1.0,0.0,2976.67,147.48,386.33,206.33,17.0,48.0,2.67,254.33,19.67,27.33,1.33,22.0,3.67,1.0,0.33,87.0,38.43,11.93,1.33,10.16,0.0,0.44,2.21,0.88,10.16,1.33,0.0,2.65,1.33,0.0,0.44,0.0,0.44,0.0,0.0,0.44,0.0,0.0,0.0,0.0,0.0,0.0,0.0,0.0,0.0,0.0,0.0,0.0,0.0,15.46,4.42,0.88,4.42,0.0,0.44,0.88,0.88,3.09,0.44,0.0,9.28,3.53,0.88,0.88,0.0,0.44,0.0,0.88,2.21,0.44,0.0,15.24,17.04,8.01,20.09,10.44,8.27,10.4,10.21,24.22,0.0,13.25,7.07,0.0,3.53,0.0,0.0,0.0,0.44,1.77,0.44,0.0,13.25,23.86,7.51,0.0,9.72,0.0,0.44,0.0,0.0,5.3,0.88,0.0,9.28,2.65,0.0,4.42,0.0,0.44,0.0,0.0,1.33,0.44,0.0,5.3,2.21,0.0,0.88,0.0,0.44,0.0,0.0,1.33,0.44,0.0,0.0,100.0,44.18,0.0,1.77,33.0,14.58,11.49,78.79,82.34,10.2,0.0,6.63,1.33,0.88,0.0,0.44,0.0,0.0,20.32,8.39,5.74,68.42,77.05,0.88,0.0,13.25,1.77,50.0,0.88,2.21,17.39,-1.007,28.26,-0.644,26.09,-0.744,26.09,-0.758,10.87,-1.312,17.39,-1.076,70.65,0.563,65.22,0.379,89.13,1.049,82.61,0.792,89.13,1.323,83.7,0.836,84.78,0.522,13.04,-1.244,17.39,-0.952,17.39,-0.647,45.65,-0.039,58.7,0.315,91.3,1.204,4.35,-1.854,41.3,-0.31,65.22,0.316,54.35,0.088,-0.039,-0.988,-1.323,-0.902,-0.887,-0.915,-1.649,-1.067,-0.703,1.055,-0.444,-0.291,23.55,44.56,80.07,39.49,35.0,41.42,Box-movement threat,-0.7837,0.6861
998842,Harry Crawford,H. Crawford,1991-12-10,866,Adelaide United Football Club,Adelaide United Football Club,Full Back,Full Back,1,202.84,2,28.62,23.04,11036.0,108.82,1378.5,659.5,58.5,243.5,12.0,903.0,70.5,112.5,7.0,89.0,19.0,6.0,0.0,2.5,0.0,31.05,31.05,3760.5,131.37,513.0,270.0,22.5,71.5,3.5,341.5,26.0,40.0,3.5,27.0,5.0,3.0,1.5,3561.5,154.57,667.0,314.5,27.5,135.0,7.0,449.5,34.5,41.5,2.0,28.0,5.5,1.5,0.5,45.0,23.39,0.0,0.0,0.0,1.56,2.08,0.0,3.12,10.4,5.72,0.52,1.04,0.0,0.0,0.0,0.0,0.0,0.0,0.0,1.04,0.0,0.0,0.0,0.0,0.0,0.0,0.0,0.0,0.0,0.0,0.0,0.0,0.0,6.76,0.0,0.0,0.0,0.52,0.52,0.0,0.0,5.2,0.52,0.0,5.72,0.0,0.0,0.0,0.52,0.52,0.0,0.0,4.16,0.52,0.0,11.66,0.0,0.0,0.0,18.49,0.0,10.3,13.85,8.5,6.1,6.24,0.0,0.0,0.0,0.0,1.04,0.0,0.52,3.12,1.04,0.52,1.04,3.64,0.0,0.0,0.0,0.0,1.04,0.0,0.0,2.08,0.0,0.52,1.56,0.0,0.0,0.0,0.0,0.52,0.0,0.0,1.04,0.0,0.0,1.56,0.0,0.0,0.0,0.0,0.52,0.0,0.0,1.04,0.0,0.0,4.15,224.0,116.42,0.0,1.56,67.0,34.82,28.59,82.09,81.9,14.48,0.52,7.28,9.36,1.04,0.52,22.87,4.68,3.64,30.67,9.88,5.72,57.9,64.36,1.04,0.0,15.07,4.68,33.33,1.56,8.32,88.46,1.216,59.62,0.254,57.69,0.24,67.31,0.532,60.58,0.244,32.69,-0.522,41.35,-0.339,42.31,-0.25,25.0,-0.786,17.31,-1.002,75.96,0.689,21.15,-0.918,42.31,-0.101,36.54,-0.349,26.92,-0.535,25.0,-0.801,30.77,-0.516,7.69,-1.414,94.23,1.759,44.23,-0.32,62.5,0.28,80.77,0.642,21.15,-0.846,0.58,1.124,0.399,0.339,0.314,1.174,-2.609,-1.788,1.365,-0.544,-1.246,0.133,47.6,75.16,37.18,28.2,35.0,41.25,Balanced contributor,0.7012,-1.8073
51014,Ivan Vujica,I. Vujica,1997-04-20,1804,Macarthur FC,Macarthur FC,Full Back,Full Back,1,1658.7,18,26.44,24.53,10034.78,108.9,1276.5,572.22,48.94,166.61,9.06,738.83,58.0,101.5,6.0,87.0,15.67,4.06,0.59,0.94,1.49,27.78,29.32,3680.56,139.23,568.83,277.72,22.06,95.11,4.22,372.83,26.28,35.39,2.17,26.89,4.44,1.61,0.39,3357.17,136.87,555.39,247.22,21.5,55.33,3.22,302.56,24.72,38.56,1.89,28.28,4.0,0.78,0.28,309.0,26.86,1.3,0.87,0.35,3.04,2.52,0.09,1.3,8.26,5.82,3.3,1.04,0.09,0.0,0.0,0.09,0.17,0.0,0.0,0.43,0.0,0.26,0.09,0.0,0.0,0.0,0.0,0.0,0.0,0.0,0.0,0.0,0.09,9.3,0.7,0.35,0.09,1.39,0.78,0.0,1.04,2.87,1.22,0.87,7.39,0.43,0.35,0.0,1.39,0.43,0.0,1.04,2.09,1.04,0.61,15.55,17.99,9.44,28.92,30.55,3.65,10.62,12.77,13.21,22.35,8.95,0.96,0.0,0.26,0.0,1.65,0.0,0.17,2.26,1.74,1.91,2.17,6.52,0.87,0.0,0.35,0.0,1.3,0.0,0.0,1.83,0.7,1.48,1.65,0.43,0.0,0.09,0.0,0.26,0.0,0.0,0.26,0.09,0.52,1.04,0.26,0.0,0.0,0.0,0.09,0.0,0.0,0.26,0.0,0.43,9.39,1496.0,130.04,0.52,2.17,534.0,46.42,37.81,81.46,83.78,14.59,1.65,9.91,10.08,1.56,0.52,27.55,8.78,7.21,27.82,11.91,9.21,77.37,76.24,0.96,0.35,17.12,5.48,41.27,2.26,9.47,21.15,-0.751,13.46,-0.923,17.31,-0.94,30.77,-0.424,16.35,-1.03,21.15,-0.796,82.69,0.861,59.62,0.248,63.46,0.203,40.38,-0.279,75.96,0.689,50.0,-0.016,59.62,0.343,71.15,0.294,48.08,-0.178,76.92,0.74,59.62,0.226,65.38,0.211,9.62,-1.237,13.46,-0.957,17.31,-0.819,26.92,-0.623,23.08,-0.829,-1.165,-0.398,-0.939,-0.522,-0.66,-0.633,-0.134,0.688,-0.943,0.356,0.548,-0.604,19.71,20.51,62.02,63.46,100.0,40.5,Balanced contributor,-1.486,1.2752
31147,Tommy Smith,T. Smith,1990-03-31,4177,Auckland FC,Auckland FC,Central Defender,Central Defender,1,1193.76,12,24.15,26.34,9683.08,97.33,1055.08,368.75,33.0,103.83,5.5,472.58,38.5,105.67,4.92,84.67,11.08,3.0,0.7,0.58,1.73,28.15,29.34,2873.75,119.0,315.0,56.58,6.17,16.08,0.75,72.67,6.92,25.17,1.17,20.67,2.17,0.42,0.0,3626.42,137.65,562.25,266.5,22.92,79.5,3.25,346.0,26.17,47.17,2.0,32.75,3.42,1.33,0.25,32.0,5.63,0.18,0.18,0.18,4.75,0.0,0.0,0.0,0.18,0.18,0.0,0.0,0.0,0.0,0.0,0.0,0.0,0.0,0.0,0.0,0.0,0.0,0.0,0.0,0.0,0.0,0.0,0.0,0.0,0.0,0.0,0.0,0.0,2.46,0.0,0.0,0.0,2.46,0.0,0.0,0.0,0.0,0.0,0.0,2.46,0.0,0.0,0.0,2.46,0.0,0.0,0.0,0.0,0.0,0.0,10.7,29.44,7.05,5.17,0.0,0.0,0.0,6.4,2.72,0.0,0.53,0.18,0.0,0.0,0.18,0.0,0.0,0.0,0.18,0.0,0.0,0.35,0.35,0.18,0.0,0.18,0.0,0.0,0.0,0.0,0.0,0.0,0.0,0.0,0.0,0.0,0.0,0.0,0.0,0.0,0.0,0.0,0.0,0.0,0.0,0.0,0.0,0.0,0.0,0.0,0.0,0.0,0.0,0.0,0.0,10.79,613.0,107.78,0.18,1.05,272.0,47.82,41.14,86.03,92.75,16.94,1.93,12.83,8.97,0.0,0.0,28.48,8.09,5.98,17.93,6.68,6.15,92.11,91.72,0.53,0.0,0.35,0.18,0.0,0.0,3.52,50.0,-0.218,33.33,-0.394,33.33,-0.427,44.44,-0.285,57.41,0.055,48.15,-0.056,64.81,0.117,16.67,-0.822,79.63,0.428,33.33,-0.471,37.96,-0.443,28.7,-0.51,61.11,0.204,18.52,-0.842,18.52,-0.889,18.52,-0.827,57.41,0.153,43.52,-0.053,51.85,-0.088,22.22,-0.773,44.44,-0.239,53.7,0.063,5.56,-1.55,-0.748,-0.462,-0.553,0.808,0.476,0.325,0.321,1.059,0.002,-0.401,-0.586,-0.658,35.18,46.29,43.52,36.27,100.0,40.4,Balanced contributor,-1.179,-0.4122
795524,Dylan Scicluna,D. Scicluna,2004-06-10,2902,Western Sydney Wanderers FC,Western Sydney Wanderers FC,Midfield,Midfield,1,669.13,7,27.05,25.69,10901.0,114.04,1601.57,444.57,40.86,102.14,5.43,546.71,46.29,103.0,3.86,92.0,10.0,2.71,0.66,0.57,1.55,27.71,28.36,3816.86,141.09,585.57,112.57,10.29,20.0,0.71,132.57,11.0,31.57,1.14,26.71,1.86,0.86,0.14,4062.43,158.12,864.14,303.86,27.29,76.43,3.71,380.29,31.0,43.57,1.57,34.43,3.71,0.86,0.29,108.0,17.1,0.0,8.23,0.0,2.22,0.0,0.95,0.0,1.9,3.64,0.16,0.48,0.0,0.16,0.0,0.0,0.0,0.0,0.0,0.0,0.16,0.16,0.0,0.0,0.0,0.0,0.0,0.0,0.0,0.0,0.0,0.0,0.0,6.97,0.0,3.64,0.0,1.43,0.0,0.0,0.0,0.79,0.95,0.16,6.81,0.0,3.64,0.0,1.43,0.0,0.0,0.0,0.79,0.79,0.16,10.48,0.0,9.96,0.0,0.0,9.41,0.0,11.73,10.92,30.48,1.27,0.0,0.16,0.0,0.16,0.0,0.0,0.0,0.63,0.32,0.0,0.16,0.48,0.0,0.0,0.0,0.0,0.0,0.0,0.0,0.16,0.16,0.16,0.16,0.0,0.0,0.0,0.0,0.0,0.0,0.0,0.0,0.0,0.16,0.16,0.0,0.0,0.0,0.0,0.0,0.0,0.0,0.0,0.0,0.16,9.64,1287.0,203.79,0.32,3.64,361.0,57.16,47.98,83.93,85.99,18.45,5.38,17.1,13.46,0.32,0.63,43.7,13.14,9.34,22.96,6.81,3.64,53.49,61.93,0.16,0.16,12.19,3.01,63.16,1.9,8.87,68.33,0.356,45.0,-0.278,41.67,-0.354,20.0,-0.754,48.33,-0.005,51.67,0.174,6.67,-0.921,16.67,-1.053,13.33,-0.83,50.0,-0.246,52.5,-0.214,35.0,-0.513,31.67,-0.239,42.5,-0.393,85.0,0.98,90.0,1.523,81.67,0.868,15.0,-0.942,76.67,0.705,26.67,-0.743,55.0,0.092,66.67,0.328,11.67,-1.533,-0.657,0.267,-0.236,0.364,-0.547,0.666,0.256,0.832,-0.018,-0.731,0.597,-0.378,33.89,54.72,29.03,57.64,74.35,40.11,Balanced contributor,-0.7889,0.2274
795547,Zachary de Jesus,Z. de Jesus,2006-02-04,869,Sydney Football Club,Sydney Football Club,Full Back,Full Back,1,572.25,7,26.42,17.8,9689.29,118.53,1393.57,633.0,58.86,229.0,11.71,862.0,70.57,99.57,6.14,81.57,20.57,4.71,0.81,1.0,1.66,29.64,29.96,3758.43,142.24,603.0,255.57,23.71,98.43,4.71,354.0,28.43,37.0,1.86,27.71,5.57,0.86,0.14,3034.86,170.54,616.43,325.57,28.86,116.71,5.43,442.29,34.29,36.43,2.14,21.86,6.0,1.86,0.43,164.0,32.42,0.0,0.59,0.2,1.19,6.13,0.0,3.36,10.28,8.7,1.98,0.4,0.0,0.0,0.0,0.0,0.2,0.0,0.0,0.2,0.0,0.0,0.2,0.0,0.0,0.0,0.0,0.2,0.0,0.0,0.0,0.0,0.0,8.3,0.0,0.0,0.0,0.59,0.99,0.0,0.79,3.95,1.78,0.2,7.31,0.0,0.0,0.0,0.59,0.99,0.0,0.79,3.16,1.58,0.2,14.78,0.0,5.56,20.73,19.67,0.0,11.36,13.53,13.82,18.33,10.67,0.0,0.0,0.0,0.2,3.36,0.0,0.4,3.56,2.17,0.99,0.79,2.17,0.0,0.0,0.2,0.0,0.59,0.0,0.0,0.99,0.4,0.0,0.59,0.0,0.0,0.0,0.0,0.2,0.0,0.0,0.2,0.2,0.0,0.4,0.0,0.0,0.0,0.0,0.2,0.0,0.0,0.2,0.0,0.0,14.8,589.0,116.42,0.4,1.19,220.0,43.48,36.17,83.18,86.41,13.59,0.59,8.7,11.07,0.99,0.2,20.95,5.73,4.55,28.86,9.29,7.91,85.11,84.42,0.79,0.2,13.05,3.36,17.65,0.59,6.52,26.92,-0.676,61.54,0.261,61.54,0.285,57.69,0.242,13.46,-1.253,7.69,-1.54,13.46,-0.951,88.46,1.046,17.31,-1.004,38.46,-0.314,23.08,-0.731,36.54,-0.371,82.69,0.965,7.69,-1.24,13.46,-1.094,34.62,-0.408,15.38,-0.966,34.62,-0.394,69.23,0.467,48.08,-0.226,55.77,0.172,69.23,0.403,88.46,1.204,0.742,-0.923,-0.209,-0.401,0.774,-0.028,0.789,0.97,-0.931,-0.486,-1.052,-0.512,46.15,56.73,36.22,31.41,63.58,39.83,Balanced contributor,-0.6664,-0.9288
998256,Kyle Reilly  Shaw,K. Shaw,2004-09-07,869,Sydney Football Club,Sydney Football Club,Central Defender,Central Defender,1,200.06,2,30.92,21.92,10365.0,103.62,1320.0,534.0,42.5,95.5,7.5,629.5,50.0,105.0,4.0,85.5,10.5,1.5,0.0,1.0,0.0,27.1,27.1,3657.5,118.3,400.5,122.5,11.0,24.0,2.0,146.5,13.0,31.0,0.5,24.5,2.0,0.0,0.0,3527.5,160.95,732.0,345.5,28.0,65.0,4.5,410.5,32.5,39.0,2.0,23.0,2.5,1.0,0.5,16.0,7.84,0.0,2.94,0.0,4.41,0.0,0.0,0.0,0.0,0.49,0.0,0.0,0.0,0.0,0.0,0.0,0.0,0.0,0.0,0.0,0.0,0.0,0.0,0.0,0.0,0.0,0.0,0.0,0.0,0.0,0.0,0.0,0.0,1.47,0.0,0.49,0.0,0.98,0.0,0.0,0.0,0.0,0.0,0.0,1.47,0.0,0.49,0.0,0.98,0.0,0.0,0.0,0.0,0.0,0.0,12.14,0.0,14.52,0.0,0.0,0.0,0.0,0.0,3.79,0.0,1.47,0.0,0.98,0.0,0.49,0.0,0.0,0.0,0.0,0.0,0.0,0.0,0.0,0.0,0.0,0.0,0.0,0.0,0.0,0.0,0.0,0.0,0.0,0.0,0.0,0.0,0.0,0.0,0.0,0.0,0.0,0.0,0.0,0.0,0.0,0.0,0.0,0.0,0.0,0.0,0.0,0.0,0.0,0.0,0.0,11.48,210.0,102.84,0.0,0.49,80.0,39.18,36.24,92.5,95.48,17.2,2.94,6.37,6.37,0.0,0.0,20.57,4.41,3.92,3.43,1.47,1.47,100.0,88.36,0.0,0.0,1.47,0.0,0.0,0.0,0.98,75.93,0.746,81.48,1.034,83.33,1.044,96.3,2.021,47.22,-0.019,51.85,0.054,19.44,-0.765,40.74,-0.326,19.44,-0.73,12.96,-1.086,37.96,-0.443,12.96,-1.106,100.0,0.421,18.52,-0.842,3.7,-2.058,7.41,-1.455,29.63,-0.538,3.7,-2.395,14.81,-1.077,72.22,0.533,81.48,0.916,38.89,-0.219,35.19,-0.377,0.517,0.394,0.84,-0.589,0.181,-1.537,-2.018,-1.274,0.509,-1.05,-1.785,-0.306,64.04,65.12,23.92,27.16,35.0,39.75,Balanced contributor,0.0897,-2.3288
50971,Yaya Dukuly,Y. Dukuly,2003-01-17,866,Adelaide United Football Club,Adelaide United Football Club,Wide Attacker,Wide Attacker,1,324.72,4,23.54,19.95,8758.75,107.89,1182.75,549.75,58.0,252.75,12.5,802.5,70.5,110.25,9.75,84.75,23.25,7.0,0.69,2.0,1.31,30.52,30.52,3029.25,128.68,528.75,265.25,27.0,122.5,5.0,387.75,32.0,38.75,4.25,24.75,4.75,3.25,1.0,2884.25,144.6,500.5,239.75,26.25,110.0,5.25,349.75,31.5,36.0,2.75,26.0,8.75,1.75,0.5,93.0,29.36,1.89,0.95,4.73,0.32,0.63,0.0,1.89,15.47,2.84,0.63,1.26,0.0,0.0,0.0,0.0,0.32,0.0,0.32,0.63,0.0,0.0,0.32,0.0,0.0,0.0,0.0,0.0,0.0,0.0,0.32,0.0,0.0,9.47,0.63,0.63,0.63,0.32,0.32,0.0,0.95,5.05,0.95,0.0,6.0,0.0,0.63,0.0,0.0,0.32,0.0,0.95,3.79,0.32,0.0,15.5,25.18,5.96,21.61,16.13,0.0,12.35,13.76,15.51,11.48,9.79,1.26,0.0,2.53,0.0,0.32,0.0,0.0,4.73,0.95,0.0,5.68,11.36,1.58,0.0,4.73,0.0,0.63,0.0,0.0,3.47,0.63,0.32,2.21,0.32,0.0,0.63,0.0,0.32,0.0,0.0,0.95,0.0,0.0,1.26,0.0,0.0,0.0,0.0,0.32,0.0,0.0,0.95,0.0,0.0,4.8,270.0,85.23,0.95,3.79,75.0,23.67,20.2,85.33,81.03,12.69,0.32,5.37,4.1,0.63,0.63,3.79,0.95,0.95,26.52,8.84,7.89,89.29,78.05,2.21,0.32,24.62,4.42,57.14,2.53,4.42,77.68,0.571,57.14,0.189,50.0,0.072,26.79,-0.518,80.36,0.929,57.14,0.284,39.29,-0.196,23.21,-0.545,57.14,0.146,8.93,-1.004,41.07,-0.399,10.71,-0.775,73.21,0.336,28.57,-0.622,17.86,-1.015,33.93,-0.435,76.79,0.653,54.46,0.252,87.5,1.07,21.43,-0.907,73.21,0.51,83.93,0.826,7.14,-1.567,-0.295,-0.565,-0.284,2.116,1.909,1.944,0.426,0.493,1.643,-0.565,-0.181,0.019,41.67,66.52,30.06,47.47,36.08,39.72,Balanced contributor,0.1407,-0.7863
51667,Daniel Hall,D. Hall,1999-06-14,4177,Auckland FC,Auckland FC,Central Defender,Central Defender,1,1483.05,15,24.56,25.95,9760.07,98.72,1021.47,342.07,36.53,144.6,7.8,486.67,44.33,101.33,4.2,84.2,9.67,3.2,0.69,0.93,1.28,30.87,32.74,2925.2,119.09,307.27,70.07,8.6,30.73,1.67,100.8,10.27,24.6,1.13,20.73,2.07,0.67,0.0,3633.93,140.02,575.0,228.93,23.67,93.8,4.73,322.73,28.4,44.4,1.8,32.47,2.67,1.2,0.53,51.0,6.89,0.0,0.14,0.0,6.21,0.0,0.0,0.27,0.0,0.27,0.0,0.0,0.0,0.0,0.0,0.0,0.0,0.0,0.0,0.0,0.0,0.0,0.0,0.0,0.0,0.0,0.0,0.0,0.0,0.0,0.0,0.0,0.0,2.57,0.0,0.0,0.0,2.3,0.0,0.0,0.27,0.0,0.0,0.0,2.43,0.0,0.0,0.0,2.3,0.0,0.0,0.14,0.0,0.0,0.0,9.25,0.0,18.42,0.0,0.0,0.0,8.69,0.0,3.65,0.0,0.54,0.0,0.0,0.0,0.54,0.0,0.0,0.0,0.0,0.0,0.0,0.0,0.0,0.0,0.0,0.0,0.0,0.0,0.0,0.0,0.0,0.0,0.0,0.0,0.0,0.0,0.0,0.0,0.0,0.0,0.0,0.0,0.0,0.0,0.0,0.0,0.0,0.0,0.0,0.0,0.0,0.0,0.0,0.0,0.0,9.32,831.0,112.21,0.14,0.41,346.0,46.72,41.99,89.89,92.67,18.56,2.7,11.07,12.42,0.0,0.0,24.85,7.16,5.94,14.45,6.21,6.08,97.83,95.9,0.14,0.0,0.68,0.14,0.0,0.0,4.05,66.67,0.585,64.81,0.33,57.41,0.119,25.93,-0.657,31.48,-0.429,40.74,-0.118,19.44,-0.765,29.63,-0.539,19.44,-0.73,31.48,-0.49,37.96,-0.443,35.19,-0.444,57.41,0.197,18.52,-0.842,22.22,-0.645,16.67,-0.839,24.07,-0.636,38.89,-0.088,100.0,2.476,14.81,-0.939,83.33,1.09,88.89,1.447,11.11,-1.291,0.277,-0.366,-0.028,-0.286,-0.241,0.573,0.288,0.452,-0.157,-0.804,-0.741,-0.422,31.48,70.37,28.86,29.63,100.0,39.71,Balanced contributor,-0.5257,-1.015
10623,Valère Germain,V. Germain,1990-04-17,1804,Macarthur FC,Macarthur FC,Center Forward,Center Forward; Wide Attacker,2,1644.68,17,27.9167,26.5262,9717.6747,100.4438,1134.3064,386.9422,37.6356,104.0877,5.2318,491.0298,42.8768,98.1784,5.5331,82.1796,12.5827,2.9468,0.75,0.7682,1.58,28.26,30.0,3596.1154,128.807,618.2096,256.5746,23.0558,76.0345,3.3541,332.6091,26.4099,42.3541,2.2322,28.298,4.5266,1.1725,0.4108,3240.3853,122.1664,406.0849,111.968,11.5234,23.4766,0.8872,135.4353,12.4105,29.4702,1.8213,27.3515,2.8213,0.3573,0.0564,376.0,29.8055,2.5381,3.5667,8.4039,0.1589,0.1589,1.2704,1.3507,8.3991,3.333,0.6358,1.4257,0.1589,0.0748,0.7151,0.0,0.0,0.0748,0.0,0.3927,0.0,0.0,0.4768,0.1589,0.0,0.1589,0.0,0.0,0.0,0.0,0.1589,0.0,0.0,11.0961,1.2713,1.5098,3.3282,0.0748,0.0748,0.5516,0.6355,2.6129,0.8695,0.1589,7.3707,0.7899,1.3509,1.192,0.0748,0.0748,0.4768,0.5514,2.0567,0.7106,0.0748,14.7111,14.5944,7.8831,16.9475,23.22,11.917,11.3829,15.2582,16.6618,14.63,8.3993,1.1126,0.0748,3.0945,0.0,0.0748,0.0794,0.1589,3.0103,0.6358,0.1589,8.0812,14.3489,1.505,0.0,8.3197,0.0,0.0,0.1542,0.0,2.6176,1.5846,0.1589,4.997,0.5562,0.0,3.3282,0.0,0.0,0.0748,0.0,0.8695,0.1589,0.0,2.6176,0.3972,0.0,1.192,0.0,0.0,0.0748,0.0,0.8695,0.0748,0.0,8.51,1153.0,91.3926,0.6358,3.0899,387.0,30.6796,24.5755,80.115,78.467,15.4004,1.7481,11.4177,4.753,1.8229,1.4305,6.2626,2.2156,1.5892,30.7511,10.5399,7.5342,71.4565,70.1814,2.2156,0.6358,22.5873,7.2924,60.7025,4.2819,7.6931,34.78,-0.495,13.04,-1.373,10.87,-1.403,4.35,-1.513,63.04,0.153,56.52,0.229,26.09,-0.726,23.91,-0.506,28.26,-0.25,60.87,0.129,47.83,-0.052,39.13,-0.229,65.22,0.286,82.61,1.082,91.3,1.328,86.96,1.122,89.13,1.147,89.13,1.016,35.87,-0.422,17.39,-0.919,17.39,-1.191,19.57,-0.879,4.35,-2.288,-2.005,0.326,-1.082,-0.51,-0.54,-0.944,0.695,1.094,-0.81,-0.349,1.297,-0.921,26.45,20.47,37.68,84.06,100.0,39.68,Progression hub,-2.2001,1.6129
12185,Luke Amos,L. Amos,1997-02-23,871,Perth Glory Football Club,Perth Glory Football Club,Midfield,Midfield,1,491.96,7,17.98,23.67,8915.43,126.86,1752.14,573.43,45.14,89.14,6.14,662.57,51.29,92.29,3.0,79.57,13.0,1.71,0.78,0.86,1.74,26.57,26.84,2745.0,152.7,600.86,163.0,12.0,21.86,1.43,184.86,13.43,26.86,0.71,19.57,2.43,0.43,0.14,4053.86,171.29,1035.71,381.43,29.43,62.29,3.14,443.71,32.57,43.57,1.0,33.86,6.0,0.29,0.0,55.0,29.42,0.0,13.37,0.53,5.35,0.53,0.53,0.53,4.28,3.74,0.53,0.0,0.0,0.0,0.0,0.0,0.0,0.0,0.0,0.0,0.0,0.0,0.0,0.0,0.0,0.0,0.0,0.0,0.0,0.0,0.0,0.0,0.0,6.42,0.0,3.21,0.0,2.14,0.0,0.0,0.0,0.53,0.53,0.0,6.42,0.0,3.21,0.0,2.14,0.0,0.0,0.0,0.53,0.53,0.0,13.54,0.0,14.76,19.55,10.22,15.52,18.16,15.53,11.84,5.33,3.74,0.0,1.07,0.0,0.0,0.53,0.0,0.0,2.14,0.0,0.0,0.0,1.6,0.0,0.0,0.53,0.0,0.0,0.0,0.0,0.53,0.53,0.0,0.0,0.0,0.0,0.0,0.0,0.0,0.0,0.0,0.0,0.0,0.0,0.0,0.0,0.0,0.0,0.0,0.0,0.0,0.0,0.0,0.0,0.0,9.99,349.0,186.7,0.53,1.6,89.0,47.61,44.4,93.26,92.49,16.93,4.81,12.3,6.95,0.0,0.0,31.03,5.88,5.35,18.19,6.42,5.35,83.33,85.49,0.53,0.0,9.09,0.53,100.0,0.53,2.67,94.17,1.187,63.33,0.221,60.0,0.157,70.0,0.428,18.33,-0.946,13.33,-1.027,28.33,-0.718,56.67,-0.04,6.67,-0.891,36.67,-0.402,10.83,-0.985,29.17,-0.679,96.67,1.446,6.67,-1.259,5.0,-1.546,71.67,0.166,21.67,-0.705,38.33,-0.238,37.5,-0.296,40.0,-0.252,68.33,0.461,46.67,-0.028,66.67,0.454,0.285,-1.329,-0.308,-0.567,0.748,-0.596,0.64,1.072,-0.662,-0.719,-0.71,-0.604,45.28,62.78,28.06,40.0,54.66,39.65,Balanced contributor,-0.9088,-0.7609
811052,Luke Vickery,L. Vickery,2005-10-25,1803,Western United,Western United,Wide Attacker,Wide Attacker,1,79.25,1,21.9,20.73,9459.0,119.36,1513.0,813.0,80.0,397.0,22.0,1210.0,102.0,98.0,7.0,78.0,23.0,5.0,0.0,4.0,0.0,31.2,31.2,3087.0,140.96,548.0,334.0,33.0,193.0,10.0,527.0,43.0,39.0,4.0,26.0,6.0,2.0,2.0,3379.0,162.97,733.0,391.0,37.0,192.0,10.0,583.0,47.0,36.0,2.0,25.0,8.0,2.0,0.0,0.0,0.0,0.0,0.0,0.0,0.0,0.0,0.0,0.0,0.0,0.0,0.0,0.0,0.0,0.0,0.0,0.0,0.0,0.0,0.0,0.0,0.0,0.0,0.0,0.0,0.0,0.0,0.0,0.0,0.0,0.0,0.0,0.0,0.0,0.0,0.0,0.0,0.0,0.0,0.0,0.0,0.0,0.0,0.0,0.0,0.0,0.0,0.0,0.0,0.0,0.0,0.0,0.0,0.0,0.0,0.0,0.0,0.0,0.0,0.0,0.0,0.0,0.0,0.0,0.0,0.0,0.0,0.0,0.0,0.0,0.0,0.0,0.0,0.0,0.0,0.0,0.0,0.0,0.0,0.0,0.0,0.0,0.0,0.0,0.0,0.0,0.0,0.0,0.0,0.0,0.0,0.0,0.0,0.0,0.0,0.0,0.0,0.0,0.0,0.0,0.0,0.0,0.0,0.0,0.0,0.0,0.0,0.0,0.0,0.0,0.0,0.0,0.0,0.0,0.0,0.0,0.0,0.0,0.0,0.0,0.0,0.0,0.0,0.0,0.0,0.0,0.0,0.0,0.0,0.0,0.0,0.0,0.0,0.0,0.0,0.0,0.0,0.0,0.0,0.0,0.0,0.0,99.11,2.809,100.0,2.835,100.0,2.473,100.0,1.876,46.43,-0.109,39.29,-0.336,3.57,-2.264,3.57,-3.082,4.46,-2.015,3.57,-2.609,5.36,-1.657,3.57,-2.803,3.57,-4.099,5.36,-1.859,3.57,-2.384,8.93,-1.129,6.25,-1.798,3.57,-2.649,93.75,1.611,62.5,0.3,100.0,3.554,100.0,3.031,58.93,0.144,2.309,0.002,2.023,0.414,1.84,0.306,-2.1,-1.561,2.065,-2.941,-3.031,-0.012,67.86,98.81,4.02,5.21,35.0,39.05,Balanced contributor,1.4628,-5.3267
50997,Scott Neville,S. Neville,1989-01-11,1802,Brisbane Roar FC,Brisbane Roar FC,Central Defender,Central Defender,1,166.38,2,19.7,27.25,8919.0,107.21,942.0,267.5,26.5,103.5,5.0,371.0,31.5,88.0,4.0,71.5,8.0,2.5,0.0,0.5,0.0,29.7,29.7,2552.0,129.54,297.0,64.5,6.0,9.5,0.5,74.0,6.5,22.5,0.5,15.0,2.5,0.5,0.0,3926.5,144.09,525.0,182.0,18.0,84.5,3.0,266.5,21.0,41.0,1.0,32.0,2.0,1.0,0.0,12.0,9.18,0.0,0.77,0.77,5.36,0.0,0.0,0.77,0.77,0.77,0.0,0.0,0.0,0.0,0.0,0.0,0.0,0.0,0.0,0.0,0.0,0.0,0.0,0.0,0.0,0.0,0.0,0.0,0.0,0.0,0.0,0.0,0.0,4.59,0.0,0.0,0.77,2.3,0.0,0.0,0.77,0.0,0.77,0.0,3.83,0.0,0.0,0.0,2.3,0.0,0.0,0.77,0.0,0.77,0.0,9.88,0.0,17.34,10.25,0.0,0.0,12.0,7.82,4.29,0.0,0.0,0.0,0.0,0.0,0.0,0.0,0.0,0.0,0.0,0.0,0.0,0.77,0.77,0.0,0.0,0.0,0.0,0.0,0.0,0.0,0.77,0.0,0.0,0.0,0.0,0.0,0.0,0.0,0.0,0.0,0.0,0.0,0.0,0.0,0.0,0.0,0.0,0.0,0.0,0.0,0.0,0.0,0.0,0.0,0.0,9.55,192.0,146.94,0.0,0.0,73.0,55.87,44.39,79.45,87.16,16.83,3.06,13.78,15.31,0.0,0.0,53.57,19.9,15.31,16.07,8.42,7.65,90.91,83.41,0.0,0.0,2.3,0.77,0.0,0.0,9.18,40.74,-0.402,12.96,-1.263,9.26,-1.434,3.7,-1.697,5.56,-1.917,7.41,-1.8,92.59,1.175,61.11,-0.025,96.3,1.817,68.52,0.38,37.96,-0.443,77.78,0.773,7.41,-0.241,18.52,-0.842,98.15,1.716,100.0,2.017,9.26,-1.142,79.63,0.698,91.67,1.373,9.26,-1.33,31.48,-0.527,51.85,0.052,62.96,0.293,-0.418,-1.421,-1.371,-0.589,-1.09,-0.296,-2.018,-1.274,-0.67,0.867,0.573,-0.209,16.97,38.12,72.38,52.16,35.0,38.8,Box-movement threat,-0.8535,1.4302
333110,Neicer Aldhair Acosta Mendez,N. Acosta,2002-12-12,1802,Brisbane Roar FC,Brisbane Roar FC,Wide Attacker,Wide Attacker,1,82.12,1,25.58,23.43,8783.0,106.96,1092.0,422.0,47.0,146.0,7.0,568.0,54.0,110.0,5.0,95.0,13.0,3.0,0.0,3.0,0.0,30.1,30.1,3514.0,137.36,563.0,199.0,19.0,51.0,3.0,250.0,22.0,47.0,3.0,34.0,4.0,2.0,2.0,3076.0,131.27,459.0,203.0,22.0,83.0,3.0,286.0,25.0,31.0,1.0,30.0,3.0,0.0,0.0,29.0,34.65,1.19,7.17,2.39,0.0,0.0,1.19,3.58,9.56,9.56,0.0,2.39,0.0,0.0,0.0,0.0,0.0,0.0,0.0,1.19,1.19,0.0,0.0,0.0,0.0,0.0,0.0,0.0,0.0,0.0,0.0,0.0,0.0,9.56,0.0,1.19,1.19,0.0,0.0,0.0,0.0,4.78,2.39,0.0,7.17,0.0,1.19,0.0,0.0,0.0,0.0,0.0,4.78,1.19,0.0,9.9,5.36,5.17,8.64,0.0,10.11,12.01,11.91,11.51,0.0,7.17,0.0,0.0,0.0,0.0,0.0,0.0,0.0,4.78,2.39,0.0,4.78,13.14,1.19,0.0,2.39,0.0,0.0,0.0,0.0,4.78,4.78,0.0,3.58,0.0,0.0,1.19,0.0,0.0,0.0,0.0,1.19,1.19,0.0,2.39,0.0,0.0,0.0,0.0,0.0,0.0,0.0,1.19,1.19,0.0,0.0,117.0,139.78,0.0,4.78,31.0,37.04,33.45,90.32,85.76,15.24,3.58,15.53,3.58,2.39,1.19,17.92,7.17,5.97,27.48,7.17,5.97,83.33,76.67,1.19,0.0,32.26,7.17,83.33,5.97,3.58,92.86,1.69,14.29,-1.197,16.96,-1.129,8.93,-1.68,76.79,0.908,89.29,1.227,51.79,0.128,39.29,-0.088,42.86,-0.196,12.5,-0.691,80.36,0.73,12.5,-0.756,94.64,0.595,87.5,1.059,14.29,-1.275,100.0,3.229,89.29,1.293,30.36,-0.454,83.04,0.736,10.71,-1.239,15.18,-1.253,21.43,-0.805,5.36,-1.706,-1.374,-0.545,-1.331,-0.823,-0.894,-1.333,-2.1,-1.561,1.067,-0.178,0.968,-0.354,34.23,39.73,39.88,69.35,35.0,38.42,Balanced contributor,-1.0035,0.8585
5521,Juan Manuel Mata García,Juan Mata,1988-04-28,2902,Western Sydney Wanderers FC,Western Sydney Wanderers FC,Midfield,Center Forward; Midfield,2,268.26,4,19.5229,18.3578,8257.418,122.9834,1440.8325,351.6363,28.3719,43.1326,3.0,394.7689,31.3719,82.8392,2.4878,70.8971,10.0168,0.7233,0.0,0.0,0.0,25.73,25.73,3039.6956,156.1525,668.6075,136.4641,10.314,21.4878,0.7477,157.9595,11.0617,27.8674,0.4878,20.4543,2.0,0.0,0.0,2988.7343,162.5379,647.9895,197.6227,14.529,19.0991,0.7645,216.7218,15.2934,30.9383,0.471,25.6037,3.2523,0.0,0.0,99.0,38.0492,0.0,7.6873,1.1559,0.7717,0.3875,0.7679,2.3041,7.6873,16.9105,0.3842,1.5395,0.0,0.0,0.0,0.0,0.0,0.0,0.0,0.0,1.5395,0.0,0.0,0.0,0.0,0.0,0.0,0.0,0.0,0.0,0.0,0.0,0.0,16.5269,0.0,3.8442,0.3875,0.3875,0.0,0.3875,0.7679,1.9237,8.8399,0.0,14.607,0.0,3.8442,0.0,0.3875,0.0,0.3875,0.7679,1.1521,8.072,0.0,13.4178,0.0,9.4171,17.6561,37.03,18.38,11.9881,12.9511,14.7441,8.26,4.6094,0.0,0.0,0.3842,0.0,0.3875,0.0,0.3842,1.9205,1.5401,0.0,1.1521,5.7614,0.0,0.0,1.1559,0.0,0.3875,0.0,0.3842,1.1559,2.6921,0.0,2.3079,0.0,0.0,0.3875,0.0,0.0,0.0,0.0,0.0,1.9205,0.0,1.5401,0.0,0.0,0.0,0.0,0.0,0.0,0.0,0.0,1.5401,0.0,7.6852,473.0,181.8075,0.0,4.6153,147.0,56.5031,51.891,92.0423,85.8911,16.267,4.6153,11.9157,17.6817,0.7717,2.3041,28.8257,9.6072,8.8426,32.2841,11.9192,11.1478,96.2079,75.665,1.5395,0.0,26.5194,7.3036,77.8421,5.7641,7.6835,9.17,-1.277,3.33,-1.769,3.33,-1.845,5.0,-1.607,8.33,-1.777,6.67,-1.865,66.67,0.037,81.67,0.67,43.33,-0.452,100.0,2.862,90.0,1.489,98.33,2.356,30.0,-0.264,95.0,2.049,70.0,0.497,88.33,1.354,93.33,1.62,98.33,2.151,15.0,-1.034,6.67,-1.267,15.0,-1.169,13.33,-1.289,41.67,-0.147,-1.611,-1.858,-1.964,-1.122,-0.539,-1.841,-1.854,-1.126,-1.237,1.347,2.462,-0.241,11.94,10.14,80.0,79.16,35.0,38.29,Connector creator,-1.5205,3.6311
73684,Tae-Wook Jeong,Jeong Tae-Wook,1997-05-16,2902,Western Sydney Wanderers FC,Western Sydney Wanderers FC,Central Defender,Central Defender,1,497.1,5,27.21,26.57,10318.0,103.79,1300.2,380.6,34.4,99.2,5.2,479.8,39.6,106.0,3.8,82.0,10.2,1.6,0.96,0.0,0.0,28.0,28.0,3560.4,130.86,438.8,93.2,9.2,19.0,0.8,112.2,10.0,26.8,1.0,21.6,2.0,0.4,0.0,3618.2,136.19,638.8,227.2,21.0,64.4,3.0,291.6,24.0,44.8,1.8,31.4,3.2,0.6,0.0,28.0,7.99,0.0,0.0,0.0,6.85,0.0,0.0,0.29,0.57,0.29,0.0,0.0,0.0,0.0,0.0,0.0,0.0,0.0,0.0,0.0,0.0,0.0,0.0,0.0,0.0,0.0,0.0,0.0,0.0,0.0,0.0,0.0,0.0,3.71,0.0,0.0,0.0,3.14,0.0,0.0,0.29,0.29,0.0,0.0,3.71,0.0,0.0,0.0,3.14,0.0,0.0,0.29,0.29,0.0,0.0,9.14,0.0,0.0,0.0,0.0,0.0,11.39,9.87,4.03,0.0,0.29,0.0,0.0,0.0,0.29,0.0,0.0,0.0,0.0,0.0,0.0,0.0,0.0,0.0,0.0,0.0,0.0,0.0,0.0,0.0,0.0,0.0,0.0,0.0,0.0,0.0,0.0,0.0,0.0,0.0,0.0,0.0,0.0,0.0,0.0,0.0,0.0,0.0,0.0,0.0,0.0,0.0,0.0,0.0,0.0,9.2,469.0,133.91,0.0,0.0,192.0,54.82,50.54,92.19,93.38,18.49,2.86,15.13,12.85,0.0,0.0,39.69,10.85,8.85,19.7,7.71,7.14,92.59,89.87,0.0,0.0,0.0,0.0,0.0,0.0,4.0,7.41,-1.55,37.04,-0.257,37.04,-0.211,51.85,-0.119,59.26,0.092,29.63,-0.409,19.44,-0.765,44.44,-0.292,19.44,-0.73,62.96,0.305,37.96,-0.443,61.11,0.243,81.48,0.254,18.52,-0.842,20.37,-0.668,53.7,0.048,9.26,-1.142,69.44,0.443,42.59,-0.229,64.81,0.436,38.89,-0.412,50.0,-0.094,37.04,-0.345,-0.307,0.335,0.043,-0.893,0.029,-1.413,1.19,-1.274,-0.971,-0.397,-0.496,-0.592,46.6,37.96,40.89,42.13,55.23,38.27,Balanced contributor,-1.0003,-0.2744
698142,Fin Conchie,F. Conchie,2003-08-10,867,Wellington Phoenix FC,Wellington Phoenix FC,Midfield,Midfield,1,136.24,2,22.47,19.78,8945.5,131.31,1820.0,496.0,42.0,45.5,3.0,541.5,45.0,106.0,3.5,93.0,13.5,1.0,0.0,0.0,0.0,25.8,25.8,3683.5,163.95,916.5,240.5,18.0,13.5,1.0,254.0,19.0,38.5,1.5,30.0,3.0,0.0,0.0,3333.0,168.48,804.5,238.5,21.5,29.5,1.5,268.0,23.0,45.0,1.5,30.5,6.0,0.5,0.0,61.0,40.3,0.0,15.86,0.0,0.66,0.0,0.66,2.64,9.25,10.57,0.66,0.66,0.0,0.66,0.0,0.0,0.0,0.0,0.0,0.0,0.0,0.0,0.0,0.0,0.0,0.0,0.0,0.0,0.0,0.0,0.0,0.0,0.0,9.25,0.0,4.62,0.0,0.0,0.0,0.0,0.66,1.98,1.98,0.0,7.93,0.0,3.96,0.0,0.0,0.0,0.0,0.66,1.32,1.98,0.0,12.81,0.0,10.97,0.0,0.0,3.82,12.97,15.59,14.37,4.52,4.62,0.0,0.66,0.0,0.0,0.0,0.0,0.66,2.64,0.66,0.0,1.32,2.64,0.0,0.0,0.0,0.0,0.0,0.0,0.0,1.32,1.32,0.0,0.0,0.0,0.0,0.0,0.0,0.0,0.0,0.0,0.0,0.0,0.0,0.0,0.0,0.0,0.0,0.0,0.0,0.0,0.0,0.0,0.0,0.0,10.23,206.0,136.09,0.0,0.66,70.0,46.25,41.62,90.0,86.83,13.59,2.64,15.86,15.19,0.0,1.32,7.93,2.64,1.98,12.55,5.29,3.3,62.5,63.28,0.66,0.0,7.27,1.32,100.0,1.32,7.27,9.17,-1.277,36.67,-0.407,45.83,-0.218,40.0,-0.282,58.33,0.259,58.33,0.27,40.0,-0.529,86.67,0.855,46.67,-0.388,60.0,0.2,70.0,0.075,63.33,0.171,38.33,-0.021,20.0,-0.759,66.67,0.328,16.67,-0.979,8.33,-1.43,13.33,-1.083,18.33,-0.973,51.67,-0.03,15.0,-1.169,16.67,-1.224,90.0,1.144,-0.183,-1.305,-0.871,-0.026,0.963,-1.492,-1.854,-1.126,0.381,0.074,-1.311,-0.508,55.83,24.17,61.11,27.22,35.0,38.27,Balanced contributor,-0.784,-0.8625
808609,Bailey Brandtman,B. Brandtman,2005-06-28,870,Central Coast Mariners Football Club,Central Coast Mariners Football Club,Wide Attacker,Center Forward; Wide Attacker,2,256.22,4,20.6045,21.2894,8219.5381,128.0375,1413.8316,598.4238,44.2366,96.9772,5.2634,695.401,49.5,84.405,3.9733,70.508,10.8436,1.7099,0.0,0.2366,0.0,26.7,26.7,3017.9466,146.4489,600.1018,307.8237,22.9198,52.4278,2.7634,360.2514,25.6832,36.3931,1.7366,22.3396,3.2366,0.9733,0.0,3378.6029,159.9011,691.8822,262.2526,18.0267,35.599,1.2366,297.8515,19.2634,31.6911,1.5267,27.4278,3.8436,0.5,0.2366,67.0,45.45,2.04,4.07,8.14,1.36,0.0,0.68,6.11,14.25,6.78,2.04,0.0,0.0,0.0,0.0,0.0,0.0,0.0,0.0,0.0,0.0,0.0,0.0,0.0,0.0,0.0,0.0,0.0,0.0,0.0,0.0,0.0,0.0,16.28,0.68,0.68,2.71,0.68,0.0,0.0,3.39,4.07,2.71,1.36,12.21,0.68,0.68,0.68,0.68,0.0,0.0,2.71,3.39,2.04,1.36,14.73,13.82,6.81,20.27,0.0,19.33,11.71,13.9,15.62,19.31,9.5,0.0,0.0,4.07,0.0,0.0,0.0,0.0,3.39,0.68,1.36,11.53,16.96,2.04,0.0,7.46,0.0,0.0,0.0,0.0,5.43,2.04,0.0,4.75,0.68,0.0,2.04,0.0,0.0,0.0,0.0,1.36,0.68,0.0,2.04,0.68,0.0,0.0,0.0,0.0,0.0,0.0,0.68,0.68,0.0,15.06,154.0,104.48,0.0,1.36,49.0,33.24,28.49,85.71,81.9,14.22,0.0,8.82,6.78,0.68,0.0,8.82,2.04,1.36,31.89,11.53,9.5,82.35,67.91,0.68,0.0,21.71,3.39,60.0,2.04,6.78,5.36,-1.401,10.71,-1.575,12.5,-1.43,44.64,-0.075,10.71,-1.262,16.07,-1.025,83.93,0.823,83.93,0.845,100.0,2.372,87.5,0.656,5.36,-1.657,85.71,0.683,76.79,0.384,17.86,-0.861,33.93,-0.285,55.36,-0.136,17.86,-0.919,87.5,0.844,3.57,-1.969,46.43,-0.063,5.36,-1.809,7.14,-1.555,91.07,1.439,-0.778,-1.002,-1.375,-1.459,-1.483,-2.39,-2.1,-1.561,-1.289,0.758,-0.212,-0.823,36.6,13.1,74.4,48.22,35.0,38.17,Box-movement threat,-1.7279,1.0041
923865,Arthur De Lima,A. De Lima,,870,Central Coast Mariners Football Club,Central Coast Mariners Football Club,Center Forward,Center Forward,1,383.45,5,22.3,24.71,9628.0,125.54,1556.0,590.4,61.8,196.4,11.8,786.8,73.6,110.8,6.4,91.2,20.8,4.6,0.69,1.8,1.36,29.1,29.1,3101.4,139.1,521.8,246.6,23.8,92.4,4.8,339.0,28.6,37.2,1.6,24.4,4.4,1.4,0.4,4122.2,166.8,905.6,301.4,32.2,82.0,4.8,383.4,37.0,45.4,2.4,36.8,7.8,1.6,0.4,0.0,0.0,0.0,0.0,0.0,0.0,0.0,0.0,0.0,0.0,0.0,0.0,0.0,0.0,0.0,0.0,0.0,0.0,0.0,0.0,0.0,0.0,0.0,0.0,0.0,0.0,0.0,0.0,0.0,0.0,0.0,0.0,0.0,0.0,0.0,0.0,0.0,0.0,0.0,0.0,0.0,0.0,0.0,0.0,0.0,0.0,0.0,0.0,0.0,0.0,0.0,0.0,0.0,0.0,0.0,0.0,0.0,0.0,0.0,0.0,0.0,0.0,0.0,0.0,0.0,0.0,0.0,0.0,0.0,0.0,0.0,0.0,0.0,0.0,0.0,0.0,0.0,0.0,0.0,0.0,0.0,0.0,0.0,0.0,0.0,0.0,0.0,0.0,0.0,0.0,0.0,0.0,0.0,0.0,0.0,0.0,0.0,0.0,0.0,0.0,0.0,0.0,0.0,0.0,0.0,0.0,0.0,0.0,0.0,0.0,0.0,0.0,0.0,0.0,0.0,0.0,0.0,0.0,0.0,0.0,0.0,0.0,0.0,0.0,0.0,0.0,0.0,0.0,0.0,0.0,0.0,0.0,0.0,0.0,0.0,0.0,0.0,0.0,0.0,0.0,0.0,0.0,82.61,0.711,73.91,0.703,71.74,0.759,65.22,0.407,89.13,1.25,86.96,1.08,3.26,-2.672,3.26,-3.562,5.43,-2.282,3.26,-2.431,6.52,-1.654,3.26,-2.937,3.26,-4.511,4.35,-1.846,3.26,-1.871,17.39,-0.647,7.61,-1.629,4.35,-1.93,58.7,0.169,86.96,1.069,71.74,0.492,69.57,0.415,93.48,1.243,0.904,0.235,0.868,-0.117,1.26,-0.03,0.508,0.793,0.593,-3.317,-2.697,-1.194,82.61,69.93,4.16,6.7,42.61,37.55,High-output carrier,-1.012,-4.3877
966110,Cristian David Caicedo Castillo,C. Caicedo,2002-01-04,871,Perth Glory Football Club,Perth Glory Football Club,Center Forward,Center Forward,1,81.43,1,16.47,30.12,9639.0,118.37,1533.0,630.0,65.0,178.0,11.0,808.0,76.0,94.0,8.0,71.0,20.0,6.0,0.0,4.0,0.0,28.4,28.4,2272.0,137.98,424.0,100.0,12.0,48.0,2.0,148.0,14.0,30.0,2.0,18.0,4.0,2.0,1.0,4969.0,164.99,1062.0,515.0,49.0,124.0,7.0,639.0,56.0,44.0,2.0,35.0,10.0,1.0,1.0,12.0,21.4,1.78,1.78,0.0,0.0,0.0,0.0,0.0,14.27,3.57,0.0,0.0,0.0,0.0,0.0,0.0,0.0,0.0,0.0,0.0,0.0,0.0,0.0,0.0,0.0,0.0,0.0,0.0,0.0,0.0,0.0,0.0,0.0,5.35,0.0,1.78,0.0,0.0,0.0,0.0,0.0,3.57,0.0,0.0,5.35,0.0,1.78,0.0,0.0,0.0,0.0,0.0,3.57,0.0,0.0,11.91,18.54,6.88,0.0,0.0,0.0,0.0,9.89,19.18,0.0,3.57,1.78,0.0,0.0,0.0,0.0,0.0,0.0,1.78,0.0,0.0,0.0,10.7,1.78,0.0,0.0,0.0,0.0,0.0,0.0,8.92,0.0,0.0,0.0,0.0,0.0,0.0,0.0,0.0,0.0,0.0,0.0,0.0,0.0,0.0,0.0,0.0,0.0,0.0,0.0,0.0,0.0,0.0,0.0,0.0,0.0,34.0,60.64,0.0,0.0,9.0,16.05,14.27,88.89,78.57,12.98,0.0,7.13,5.35,1.78,1.78,3.57,0.0,0.0,12.49,3.57,3.57,100.0,90.68,0.0,0.0,16.05,3.57,50.0,1.78,1.78,100.0,3.282,79.35,0.865,82.61,1.045,73.91,0.78,45.65,-0.21,30.43,-0.825,10.87,-1.221,6.52,-1.368,5.43,-2.282,26.09,-0.573,6.52,-1.654,8.7,-1.631,67.39,0.292,28.26,-0.629,15.22,-1.131,17.39,-0.647,7.61,-1.629,32.61,-0.534,44.57,-0.323,84.78,0.961,58.7,0.287,56.52,0.157,60.87,0.234,0.558,0.247,0.863,0.609,1.085,0.745,-1.649,-1.067,1.539,-1.863,-0.928,-0.086,62.5,69.39,10.69,28.08,35.0,37.2,Balanced contributor,0.4759,-2.4254
797295,Luka Jovanovic,L. Jovanovic,2005-05-20,866,Adelaide United Football Club,Adelaide United Football Club,Center Forward,Center Forward,1,487.55,7,21.87,18.77,8271.0,118.74,1284.14,541.86,48.14,130.86,8.29,672.71,56.43,80.29,5.57,62.14,14.0,4.14,0.72,1.14,1.82,28.26,28.88,3060.57,139.92,499.0,236.14,20.57,79.0,4.14,315.14,24.71,33.14,2.0,20.71,4.0,1.0,0.43,2998.57,159.76,648.43,265.29,22.14,36.29,2.71,301.57,24.86,23.57,1.43,19.29,3.86,1.0,0.14,118.0,34.93,6.22,1.18,11.25,0.0,0.0,1.48,0.0,13.32,1.48,0.0,1.48,0.0,0.0,0.89,0.0,0.0,0.0,0.0,0.59,0.0,0.0,0.59,0.0,0.0,0.59,0.0,0.0,0.0,0.0,0.0,0.0,0.0,11.84,3.26,0.3,4.14,0.0,0.0,0.3,0.0,3.85,0.0,0.0,5.03,0.89,0.3,0.89,0.0,0.0,0.3,0.0,2.66,0.0,0.0,15.79,13.96,5.58,18.75,0.0,8.61,0.0,15.47,19.24,0.0,10.06,2.66,0.0,4.14,0.0,0.0,0.0,0.0,2.37,0.89,0.0,10.06,23.38,4.74,0.0,11.25,0.0,0.0,0.3,0.0,7.1,0.0,0.0,7.1,2.07,0.0,4.14,0.0,0.0,0.0,0.0,0.89,0.0,0.0,2.37,0.59,0.0,0.89,0.0,0.0,0.0,0.0,0.89,0.0,0.0,0.0,189.0,55.94,0.3,1.48,49.0,14.5,11.25,77.55,78.66,11.82,0.3,5.33,2.07,0.59,0.3,0.59,0.3,0.3,19.54,5.62,3.85,68.42,76.71,0.0,0.0,19.54,2.66,55.56,1.48,3.55,50.0,-0.061,34.78,-0.457,39.13,-0.463,54.35,-0.051,4.35,-1.403,4.35,-1.66,63.04,0.498,45.65,0.02,56.52,0.247,17.39,-0.684,53.26,0.009,43.48,-0.047,69.57,0.297,19.57,-0.834,39.13,-0.395,52.17,-0.313,32.61,-0.299,39.13,-0.424,35.87,-0.422,41.3,-0.212,34.78,-0.408,32.61,-0.504,65.22,0.286,-0.231,-1.136,-0.754,-0.494,-0.229,-0.284,0.601,1.422,-1.28,0.009,-0.427,-0.716,34.06,41.12,46.56,42.03,54.17,37.1,Balanced contributor,-1.3832,0.2121
51006,Tomislav Uskok,T. Uskok,1991-06-22,1804,Macarthur FC,Macarthur FC,Central Defender,Central Defender,1,1856.11,19,26.55,26.17,9991.16,102.28,1133.84,384.42,31.42,72.84,4.32,457.26,35.74,101.16,3.89,80.79,8.89,1.68,0.81,0.26,1.64,26.87,28.14,3340.68,125.81,397.84,84.74,7.89,13.21,0.58,97.95,8.47,26.32,1.16,22.0,2.0,0.42,0.0,3560.05,136.01,559.11,257.05,19.84,51.68,2.21,308.74,22.05,44.68,1.79,30.37,2.74,0.47,0.21,105.0,8.25,0.08,1.18,0.24,4.48,0.24,0.08,0.24,0.31,1.02,0.39,0.0,0.0,0.0,0.0,0.0,0.0,0.0,0.0,0.0,0.0,0.0,0.0,0.0,0.0,0.0,0.0,0.0,0.0,0.0,0.0,0.0,0.0,2.12,0.08,0.24,0.0,1.18,0.08,0.0,0.24,0.0,0.24,0.08,1.81,0.08,0.16,0.0,1.02,0.08,0.0,0.24,0.0,0.24,0.0,11.16,4.08,10.29,14.26,7.88,11.9,17.42,5.98,7.25,12.62,0.79,0.0,0.08,0.08,0.24,0.0,0.0,0.16,0.0,0.0,0.24,0.55,0.47,0.0,0.0,0.24,0.0,0.08,0.0,0.0,0.08,0.08,0.0,0.08,0.0,0.0,0.0,0.0,0.08,0.0,0.0,0.0,0.0,0.0,0.08,0.0,0.0,0.0,0.0,0.08,0.0,0.0,0.0,0.0,0.0,12.31,1453.0,114.22,0.16,0.55,602.0,47.32,41.35,87.38,91.48,18.04,2.67,11.32,8.49,0.47,0.08,27.91,8.33,7.0,14.23,6.21,5.74,92.41,92.06,0.0,0.0,1.81,0.79,30.0,0.24,5.19,18.52,-0.953,25.93,-0.737,25.93,-0.672,53.7,-0.066,29.63,-0.448,22.22,-0.57,75.93,0.419,50.0,-0.234,88.89,1.089,20.37,-0.875,37.96,-0.443,20.37,-0.715,38.89,0.103,59.26,-0.172,46.3,-0.121,33.33,-0.516,37.96,-0.464,29.63,-0.258,11.11,-1.294,38.89,-0.385,18.52,-0.92,16.67,-0.988,27.78,-0.627,-0.879,-0.076,-0.597,-0.756,-0.637,-1.314,0.689,0.938,-1.508,-0.179,-0.371,-0.964,33.02,24.08,48.92,40.89,100.0,36.9,Balanced contributor,-1.8884,0.3208
51044,Luke Brattan,L. Brattan,1990-03-08,1804,Macarthur FC,Macarthur FC,Midfield,Midfield,1,2523.82,26,27.0,25.87,10765.46,110.9,1549.38,447.27,39.73,84.62,4.65,531.88,44.38,108.46,3.77,94.77,14.96,2.38,0.67,0.27,1.65,26.48,27.82,3748.38,138.85,591.27,113.31,10.12,14.23,0.42,127.54,10.54,32.08,1.08,27.46,3.0,0.35,0.04,4006.23,154.84,839.77,311.58,26.35,64.81,2.85,376.38,29.19,46.73,1.65,33.81,5.62,1.0,0.04,296.0,16.51,0.0,6.47,0.22,3.24,0.0,0.39,0.5,1.34,4.3,0.06,0.06,0.0,0.0,0.0,0.06,0.0,0.0,0.0,0.0,0.0,0.0,0.0,0.0,0.0,0.0,0.0,0.0,0.0,0.0,0.0,0.0,0.0,6.36,0.0,2.34,0.0,1.73,0.0,0.22,0.28,0.33,1.45,0.0,5.75,0.0,2.12,0.0,1.73,0.0,0.22,0.17,0.33,1.17,0.0,12.11,0.0,10.43,34.66,0.0,14.58,13.27,13.89,14.29,3.77,1.28,0.0,0.22,0.11,0.11,0.0,0.06,0.22,0.17,0.39,0.0,0.22,0.73,0.0,0.0,0.22,0.0,0.0,0.0,0.0,0.0,0.5,0.0,0.06,0.0,0.0,0.0,0.0,0.0,0.0,0.0,0.0,0.06,0.0,0.06,0.0,0.0,0.0,0.0,0.0,0.0,0.0,0.0,0.06,0.0,9.92,3486.0,194.45,0.45,2.9,1051.0,58.63,50.26,85.73,86.88,17.59,6.19,14.84,11.16,0.95,0.56,38.66,13.0,10.43,25.38,8.31,6.3,75.84,75.63,0.73,0.17,15.06,3.85,52.17,2.01,9.26,30.0,-0.504,35.0,-0.469,30.0,-0.489,21.67,-0.729,65.0,0.475,63.33,0.441,15.0,-0.876,15.0,-1.101,15.0,-0.807,28.33,-0.669,21.67,-0.889,25.0,-0.697,40.0,-0.008,50.0,-0.323,86.67,1.139,95.0,1.893,71.67,0.298,65.0,0.153,35.0,-0.375,16.67,-0.913,41.67,-0.312,43.33,-0.152,3.33,-2.02,-1.27,0.158,-0.498,0.267,1.593,0.25,0.288,0.959,0.29,-0.975,1.048,-0.531,34.17,33.61,20.0,68.06,100.0,36.85,Balanced contributor,-1.1898,0.5219
51685,Lachlan Jackson,L. Jackson,1995-03-12,868,Melbourne Victory Football Club,Melbourne Victory Football Club,Central Defender,Central Defender,1,868.86,9,24.14,22.51,9549.0,98.91,1043.56,366.44,36.78,110.56,6.33,477.0,43.11,96.11,4.33,74.11,9.33,3.89,0.74,0.67,1.69,29.04,30.0,3012.22,124.77,336.78,63.78,7.22,16.56,0.89,80.33,8.11,23.89,1.11,17.44,1.89,0.22,0.0,3198.89,142.14,536.11,263.89,24.0,84.56,3.89,348.44,27.89,40.0,2.11,26.11,3.11,1.89,0.33,27.0,4.78,0.0,0.18,0.0,4.25,0.0,0.0,0.0,0.0,0.35,0.0,0.0,0.0,0.0,0.0,0.0,0.0,0.0,0.0,0.0,0.0,0.0,0.0,0.0,0.0,0.0,0.0,0.0,0.0,0.0,0.0,0.0,0.0,0.88,0.0,0.0,0.0,0.88,0.0,0.0,0.0,0.0,0.0,0.0,0.88,0.0,0.0,0.0,0.88,0.0,0.0,0.0,0.0,0.0,0.0,14.42,0.0,3.61,0.0,0.0,0.0,0.0,0.0,16.23,0.0,0.18,0.0,0.0,0.0,0.18,0.0,0.0,0.0,0.0,0.0,0.0,0.0,0.0,0.0,0.0,0.0,0.0,0.0,0.0,0.0,0.0,0.0,0.0,0.0,0.0,0.0,0.0,0.0,0.0,0.0,0.0,0.0,0.0,0.0,0.0,0.0,0.0,0.0,0.0,0.0,0.0,0.0,0.0,0.0,0.0,14.72,710.0,125.66,0.0,1.06,283.0,50.09,44.07,87.98,90.4,19.24,4.25,12.39,10.8,0.0,0.0,37.17,11.86,8.32,17.17,7.96,7.26,91.11,91.14,0.35,0.0,1.24,0.18,100.0,0.18,6.02,51.85,-0.012,57.41,0.178,61.11,0.158,40.74,-0.317,12.96,-1.012,11.11,-1.454,19.44,-0.765,11.11,-1.013,19.44,-0.73,7.41,-1.452,37.96,-0.443,7.41,-1.462,20.37,0.017,47.22,-0.339,68.52,0.261,48.15,-0.113,59.26,0.166,74.07,0.503,75.93,0.751,20.37,-0.83,57.41,0.241,66.67,0.292,15.74,-1.256,-0.208,-0.631,-0.309,-0.088,-0.414,1.43,0.455,1.005,-0.72,-1.383,0.129,-0.763,26.39,58.95,17.13,52.93,96.54,36.66,Balanced contributor,-1.3514,-0.3735
51722,Jack Hingert,J. Hingert,1990-09-26,1802,Brisbane Roar FC,Brisbane Roar FC,Full Back,Full Back,1,848.9,10,24.28,25.62,10043.6,118.31,1296.4,566.0,48.8,189.2,9.4,755.2,58.2,97.1,5.2,84.7,12.6,4.0,0.79,0.9,1.71,28.54,29.62,3405.1,140.24,489.7,193.4,18.5,83.8,3.3,277.2,21.8,30.9,1.6,25.0,3.2,0.8,0.3,3835.6,149.72,636.6,326.5,25.9,92.0,4.5,418.5,30.4,40.6,2.2,29.4,4.1,1.5,0.4,166.0,23.0,0.55,0.42,0.14,2.49,4.71,0.14,3.6,5.96,4.85,0.14,0.55,0.0,0.0,0.0,0.0,0.28,0.0,0.14,0.14,0.0,0.0,0.28,0.0,0.0,0.0,0.0,0.14,0.0,0.14,0.0,0.0,0.0,10.25,0.14,0.0,0.0,0.97,2.08,0.0,2.08,3.33,1.66,0.0,9.56,0.14,0.0,0.0,0.83,1.94,0.0,2.08,2.91,1.66,0.0,15.56,15.71,7.97,7.88,25.97,7.98,13.84,13.68,12.47,4.47,7.07,0.42,0.0,0.0,0.0,3.74,0.0,0.28,1.52,1.11,0.0,2.36,3.46,0.55,0.0,0.0,0.0,2.08,0.14,0.0,0.42,0.28,0.0,1.25,0.14,0.0,0.0,0.0,0.69,0.0,0.0,0.28,0.14,0.0,1.11,0.14,0.0,0.0,0.0,0.55,0.0,0.0,0.28,0.14,0.0,11.56,876.0,121.39,0.28,1.52,312.0,43.23,37.41,86.54,88.94,14.33,1.11,10.81,8.31,1.39,0.14,29.52,6.37,4.57,30.48,10.39,8.04,77.33,80.89,0.55,0.14,11.09,2.91,28.57,0.83,4.99,19.23,-0.802,15.38,-0.904,15.38,-0.957,28.85,-0.492,5.77,-1.539,15.38,-1.111,36.54,-0.414,34.62,-0.306,69.23,0.369,80.77,0.661,35.58,-0.399,65.38,0.322,98.08,1.563,15.38,-1.02,1.92,-1.569,36.54,-0.399,26.92,-0.565,44.23,-0.334,32.69,-0.541,19.23,-0.833,20.19,-0.691,42.31,-0.251,84.62,1.157,-0.266,-0.384,-0.864,-1.21,-1.559,-0.689,0.706,1.053,-1.652,0.049,-0.779,-0.941,28.2,26.44,53.69,37.18,94.32,36.29,Balanced contributor,-1.746,0.0943
12120,Saîf-Eddine Khaoui,S. Khaoui,1995-04-27,1804,Macarthur FC,Macarthur FC,Midfield,Midfield,1,130.02,2,18.3,13.81,7326.0,112.69,1101.0,455.5,35.5,69.5,4.0,525.0,39.5,77.5,3.5,70.0,12.0,2.5,0.0,0.0,0.0,26.7,26.7,2935.0,160.38,574.0,281.0,19.5,36.5,2.5,317.5,22.0,30.5,1.0,23.0,3.5,1.0,0.0,1989.5,144.08,387.5,146.0,13.0,22.5,1.0,168.5,14.0,21.5,1.0,17.5,3.0,0.5,0.0,29.0,49.29,0.0,8.5,5.1,0.0,0.0,5.1,0.0,20.4,10.2,0.0,0.0,0.0,0.0,0.0,0.0,0.0,0.0,0.0,0.0,0.0,0.0,0.0,0.0,0.0,0.0,0.0,0.0,0.0,0.0,0.0,0.0,0.0,8.5,0.0,0.0,1.7,0.0,0.0,1.7,0.0,5.1,0.0,0.0,6.8,0.0,0.0,0.0,0.0,0.0,1.7,0.0,5.1,0.0,0.0,13.24,0.0,6.33,38.77,0.0,4.45,0.0,13.06,11.0,0.0,13.6,0.0,0.0,3.4,0.0,0.0,0.0,0.0,6.8,3.4,0.0,6.8,15.3,0.0,0.0,3.4,0.0,0.0,0.0,0.0,5.1,6.8,0.0,1.7,0.0,0.0,1.7,0.0,0.0,0.0,0.0,0.0,0.0,0.0,0.0,0.0,0.0,0.0,0.0,0.0,0.0,0.0,0.0,0.0,0.0,0.0,72.0,122.38,3.4,5.1,20.0,33.99,30.59,90.0,79.98,17.4,5.1,10.2,6.8,3.4,1.7,23.8,6.8,6.8,33.99,10.2,6.8,66.67,62.49,5.1,1.7,32.29,8.5,80.0,6.8,8.5,9.17,-1.277,16.67,-0.957,18.33,-0.994,23.33,-0.654,1.67,-2.246,5.0,-1.952,91.67,1.768,95.0,1.594,93.33,1.7,48.33,-0.25,10.83,-0.985,53.33,-0.054,6.67,-1.797,98.33,2.704,78.33,0.829,80.0,0.659,98.33,1.994,72.5,0.36,46.67,-0.182,1.67,-2.376,34.17,-0.65,26.67,-0.566,6.67,-1.743,-1.25,-2.607,-2.12,-0.026,0.316,0.401,-1.854,-1.126,-0.41,0.73,1.578,-0.397,9.17,26.39,65.41,72.36,35.0,36.27,Connector creator,-1.5167,2.3478
809345,Zach Lisolajski,Z. Lisolajski,2005-10-05,871,Perth Glory Football Club,Perth Glory Football Club,Full Back,Full Back,1,809.46,9,17.71,31.05,10240.44,113.86,1456.56,574.11,56.67,196.67,11.67,770.78,68.33,107.56,6.89,90.33,18.78,5.56,0.7,1.33,1.36,29.31,30.28,2540.33,143.4,444.22,161.0,14.78,54.56,3.0,215.56,17.78,25.11,1.78,17.56,3.33,1.22,0.33,4558.44,146.79,828.33,368.33,34.44,125.78,7.22,494.11,41.67,53.22,3.22,38.67,7.44,2.56,0.56,73.0,16.92,0.46,0.0,0.0,3.24,1.16,0.0,3.71,4.17,3.24,0.93,0.93,0.0,0.0,0.0,0.0,0.0,0.0,0.0,0.23,0.7,0.0,0.0,0.0,0.0,0.0,0.0,0.0,0.0,0.0,0.0,0.0,0.0,6.72,0.46,0.0,0.0,1.16,0.23,0.0,1.85,1.16,1.85,0.0,6.26,0.46,0.0,0.0,1.16,0.23,0.0,1.85,1.16,1.39,0.0,14.39,18.64,0.0,0.0,21.3,0.0,12.04,13.91,12.95,22.4,3.94,0.23,0.0,0.0,0.46,0.46,0.0,0.0,1.39,0.93,0.46,0.7,2.32,0.0,0.0,0.0,0.0,0.46,0.0,0.0,0.23,1.16,0.46,0.23,0.0,0.0,0.0,0.0,0.0,0.0,0.0,0.0,0.23,0.0,0.23,0.0,0.0,0.0,0.0,0.0,0.0,0.0,0.0,0.23,0.0,13.77,434.0,100.57,0.0,1.16,166.0,38.47,23.17,60.24,75.5,18.03,2.55,12.51,5.79,0.7,0.23,25.49,8.57,5.1,22.48,9.04,5.56,61.54,64.24,0.46,0.0,11.35,3.48,20.0,0.7,11.82,40.38,-0.26,50.0,0.05,50.0,0.015,38.46,-0.403,36.54,-0.328,34.62,-0.339,21.15,-0.888,19.23,-1.179,13.46,-1.083,23.08,-0.769,63.46,0.445,19.23,-0.932,7.69,-1.613,11.54,-1.139,76.92,0.552,48.08,-0.17,11.54,-1.002,3.85,-1.489,59.62,0.165,63.46,0.167,53.85,0.157,46.15,-0.128,48.08,0.218,0.01,-0.085,0.077,0.244,0.25,0.764,0.328,0.472,-0.089,-0.92,-1.63,-0.756,45.19,48.08,26.6,26.6,89.94,36.22,Balanced contributor,-0.9146,-1.7386
735576,Mohamed Al-Taay,M. Al-Taay,2000-06-15,2902,Western Sydney Wanderers FC,Wellington Phoenix FC; Western Sydney Wanderers FC,Midfield,Midfield,2,142.25,2,22.4664,24.9355,8993.9181,124.7787,1584.1209,416.8204,34.8446,17.2489,1.5596,434.0692,36.4042,110.7979,3.4404,103.917,11.5596,1.3213,0.0,0.0,0.0,24.7,24.7,3190.8808,142.1024,646.5339,106.4826,9.7617,5.0,0.0,111.4826,9.7617,37.5234,1.0,27.7617,2.0,0.4404,0.0,3955.2299,158.4219,850.2039,289.291,22.083,10.368,0.0,299.6591,22.083,49.3213,1.5596,43.0,4.6787,0.4404,0.0,44.0,29.4706,0.0,12.0535,0.0,2.0087,0.0,1.3371,0.0,4.6853,9.376,0.0,1.3399,0.0,0.6711,0.0,0.0,0.0,0.0,0.0,0.0,0.6688,0.0,0.0,0.0,0.0,0.0,0.0,0.0,0.0,0.0,0.0,0.0,0.0,8.7054,0.0,4.0196,0.0,0.0,0.0,0.0,0.0,0.0,4.6907,0.0,8.7054,0.0,4.0196,0.0,0.0,0.0,0.0,0.0,0.0,4.6907,0.0,11.4865,0.0,10.2241,0.0,0.0,7.7,0.0,9.5653,14.0482,0.0,2.0059,0.0,0.0,0.0,0.0,0.0,0.0,0.0,2.0059,0.0,0.0,0.6688,4.0192,0.0,0.0,0.0,0.0,0.0,0.0,0.0,2.0082,2.0059,0.0,0.0,0.0,0.0,0.0,0.0,0.0,0.0,0.0,0.0,0.0,0.0,0.0,0.0,0.0,0.0,0.0,0.0,0.0,0.0,0.0,0.0,0.0,11.5829,185.0,123.9165,0.0,2.0087,65.0,43.5393,41.5233,95.557,93.9253,15.8883,0.0,16.0732,7.3687,0.0,1.3399,16.7474,4.6862,4.6862,13.3929,5.3595,5.3595,100.0,85.5869,2.0087,0.0,4.6862,2.0087,100.0,2.0087,1.3371,9.17,-1.277,11.67,-1.266,15.0,-1.072,16.67,-1.009,73.33,0.68,93.33,1.325,53.33,-0.279,58.33,-0.035,31.67,-0.636,75.0,0.509,86.67,1.168,56.67,0.008,98.33,1.818,48.33,-0.324,1.67,-2.09,60.0,-0.059,36.67,-0.39,40.0,-0.234,3.33,-1.939,25.0,-0.8,1.67,-1.916,3.33,-1.998,58.33,0.131,-1.443,-1.266,-1.617,-0.09,0.126,-1.086,-1.854,-1.126,0.604,0.142,-0.425,-0.794,46.39,8.2,60.28,47.5,35.0,35.96,Balanced contributor,-1.6659,0.177
4322,Hiroki Sakai,H. Sakai,1990-04-12,4177,Auckland FC,Auckland FC,Full Back,Central Defender; Full Back,2,2354.58,24,23.6884,25.8526,9945.941,101.3735,1252.725,539.0351,53.4921,180.4931,11.0853,719.5282,64.5775,106.9145,6.8329,91.2484,15.869,4.2904,0.61,1.8319,1.36,30.27,30.64,2930.6759,123.7294,410.3154,182.655,19.0757,82.1346,4.2086,264.7895,23.2756,30.7834,2.1244,22.9115,3.7884,1.4135,0.5397,3672.9798,142.0703,662.1327,299.5713,28.2069,81.9224,5.1283,381.5025,33.3339,44.7864,2.332,33.1681,5.3309,1.33,0.6243,229.0,19.9057,0.6086,0.5173,0.4307,2.8651,2.6896,0.0,1.6479,5.131,4.5207,1.4753,0.7795,0.0843,0.0,0.1779,0.0,0.2645,0.0,0.0843,0.0843,0.0843,0.0,0.3464,0.0,0.0,0.0843,0.0,0.0843,0.0,0.0,0.1779,0.0,0.0,7.3899,0.2622,0.1779,0.2622,1.3015,0.7795,0.0,1.1329,2.088,1.1329,0.2622,6.1727,0.1779,0.1779,0.1779,1.3015,0.7795,0.0,1.0393,1.3015,1.0393,0.1779,15.489,14.89,12.4599,24.8,25.4748,0.0,16.12,12.8,13.2927,19.5886,6.7772,0.4307,0.0,0.1779,0.1779,1.7345,0.0,0.5243,1.6479,1.1329,0.9604,1.8282,1.9967,0.2622,0.0,0.4307,0.0,0.5173,0.0,0.0,0.2622,0.2622,0.2622,0.6952,0.0,0.0,0.2622,0.0,0.2645,0.0,0.0,0.0843,0.0,0.0843,0.433,0.0,0.0,0.1779,0.0,0.2645,0.0,0.0,0.0,0.0,0.0,11.41,1380.0,119.9303,0.3464,1.7416,476.0,41.3712,33.5504,80.8054,82.756,15.9126,1.9101,10.6912,9.2989,0.433,0.3464,27.1113,7.2992,5.3891,29.5487,11.0334,8.6944,77.6835,77.6176,0.5243,0.0843,10.4289,2.6896,34.2637,0.955,9.2972,67.31,0.373,38.46,-0.304,34.62,-0.378,21.15,-0.787,34.62,-0.403,40.38,-0.214,9.62,-1.023,23.08,-0.751,53.85,-0.096,21.15,-0.806,51.92,0.111,26.92,-0.694,50.0,0.101,19.23,-0.905,42.31,-0.232,51.92,-0.046,40.38,-0.295,59.62,-0.029,84.62,1.044,9.62,-1.105,48.08,-0.062,32.69,-0.395,1.92,-2.418,-0.841,-0.533,-0.627,0.195,-0.602,-0.418,-0.05,0.472,-0.284,-0.681,-0.471,-0.878,24.36,48.08,31.09,43.91,100.0,35.85,Balanced contributor,-1.5575,-0.3747
809670,Jordan Lauton,J. Lauton,2003-04-01,1803,Western United,Western United,Midfield,Midfield,1,79.5,1,26.55,17.27,10300.0,129.56,2151.0,530.0,40.0,33.0,2.0,563.0,42.0,89.0,2.0,71.0,7.0,0.0,0.0,0.0,0.0,24.6,24.6,4324.0,162.86,1036.0,181.0,15.0,7.0,0.0,188.0,15.0,35.0,0.0,29.0,2.0,0.0,0.0,3168.0,183.47,886.0,346.0,23.0,25.0,1.0,371.0,24.0,30.0,0.0,16.0,2.0,0.0,0.0,31.0,35.15,0.0,6.8,0.0,3.4,0.0,1.13,0.0,7.94,14.74,1.13,0.0,0.0,0.0,0.0,0.0,0.0,0.0,0.0,0.0,0.0,0.0,0.0,0.0,0.0,0.0,0.0,0.0,0.0,0.0,0.0,0.0,0.0,9.07,0.0,3.4,0.0,0.0,0.0,0.0,0.0,2.27,3.4,0.0,7.94,0.0,2.27,0.0,0.0,0.0,0.0,0.0,2.27,3.4,0.0,10.93,0.0,12.51,0.0,0.0,2.58,0.0,11.94,11.23,6.84,2.27,0.0,0.0,0.0,0.0,0.0,0.0,0.0,1.13,1.13,0.0,1.13,3.4,0.0,0.0,0.0,0.0,0.0,0.0,0.0,1.13,2.27,0.0,2.27,0.0,0.0,0.0,0.0,0.0,0.0,0.0,1.13,1.13,0.0,2.27,0.0,0.0,0.0,0.0,0.0,0.0,0.0,1.13,1.13,0.0,8.28,117.0,132.65,0.0,0.0,40.0,45.35,37.41,82.5,79.19,14.24,3.4,19.27,11.34,3.4,0.0,22.68,6.8,4.54,13.61,10.2,6.8,66.67,73.73,0.0,0.0,20.41,3.4,66.67,2.27,13.61,9.17,-1.277,23.33,-0.707,33.33,-0.456,53.33,0.03,13.33,-1.235,8.33,-1.855,51.67,-0.391,73.33,0.432,41.67,-0.461,61.67,0.204,10.83,-0.985,61.67,0.117,3.33,-2.001,60.0,-0.159,100.0,2.912,55.83,-0.109,3.33,-1.939,72.5,0.36,1.67,-2.027,81.67,1.05,4.17,-1.687,7.5,-1.566,80.0,0.872,-0.648,-0.216,-0.419,-1.65,-1.841,-2.753,-1.854,-1.126,-1.735,-0.21,-0.311,-0.933,43.33,18.2,50.14,49.16,35.0,35.12,Balanced contributor,-1.7638,0.3264
330380,Diesel Herrington,D. Herrington,2004-08-04,870,Central Coast Mariners Football Club,Central Coast Mariners Football Club,Central Defender,Central Defender; Full Back,2,261.84,4,19.8362,19.6796,7235.8251,110.4566,852.5012,307.3608,28.5266,81.3165,5.0089,388.6772,33.5354,87.9139,5.2367,68.9646,10.4557,3.0177,0.0,1.2544,0.0,29.35,29.35,2574.8565,129.0249,313.929,91.9494,8.7722,18.657,0.7456,110.6063,9.5177,28.8962,1.4911,21.3342,2.7456,0.7367,0.2456,2814.1825,143.3969,447.2317,189.3848,17.2633,58.1063,3.0089,247.4911,20.2722,35.7367,1.7367,24.4025,3.9734,0.5089,0.0,12.0,14.99,0.0,0.0,0.0,11.24,0.0,0.0,1.25,0.0,2.5,0.0,0.0,0.0,0.0,0.0,0.0,0.0,0.0,0.0,0.0,0.0,0.0,0.0,0.0,0.0,0.0,0.0,0.0,0.0,0.0,0.0,0.0,0.0,5.0,0.0,0.0,0.0,2.5,0.0,0.0,1.25,0.0,1.25,0.0,5.0,0.0,0.0,0.0,2.5,0.0,0.0,1.25,0.0,1.25,0.0,9.09,0.0,0.0,0.0,0.0,0.0,5.12,0.0,11.64,0.0,0.0,0.0,0.0,0.0,0.0,0.0,0.0,0.0,0.0,0.0,0.0,0.0,0.0,0.0,0.0,0.0,0.0,0.0,0.0,0.0,0.0,0.0,0.0,0.0,0.0,0.0,0.0,0.0,0.0,0.0,0.0,0.0,0.0,0.0,0.0,0.0,0.0,0.0,0.0,0.0,0.0,0.0,0.0,0.0,0.0,8.96,107.0,133.64,0.0,1.25,44.0,54.95,49.96,90.91,94.48,17.28,1.25,8.74,7.49,0.0,0.0,32.47,8.74,6.24,18.73,5.0,3.75,75.0,97.07,0.0,0.0,2.5,0.0,0.0,0.0,2.5,90.74,1.33,20.37,-1.01,16.67,-1.12,11.11,-1.141,3.7,-1.926,5.56,-2.136,19.44,-0.765,90.74,1.28,19.44,-0.73,90.74,1.106,37.96,-0.443,88.89,1.02,94.44,0.341,18.52,-0.842,7.41,-1.359,24.07,-0.747,74.07,0.4,12.96,-1.254,83.33,1.043,1.85,-1.772,33.33,-0.522,25.93,-0.701,85.19,0.899,-0.067,-3.534,-2.022,1.289,0.158,0.347,-2.018,-1.274,0.563,0.346,-0.9,-0.503,21.3,43.52,57.87,38.58,35.0,35.09,Balanced contributor,-1.0606,-0.2642
560984,David Williams,D. Williams,1988-02-26,871,Perth Glory Football Club,Perth Glory Football Club,Center Forward,Center Forward; Wide Attacker,2,167.62,2,19.6604,32.1993,9884.6782,114.7569,1378.6555,429.3921,36.5473,50.4391,3.8176,479.8312,40.3649,94.8244,4.1824,86.0507,10.0439,2.5912,0.0,0.0,0.0,28.0,28.0,2821.5596,143.3356,493.9326,226.9462,17.7297,18.1317,1.0,245.0779,18.7297,28.5034,1.5912,20.2771,2.1824,1.1824,0.0,4543.1298,141.4636,781.6654,178.3006,16.0,28.8547,0.8176,207.1552,16.8176,40.8176,1.5912,36.3649,3.6351,0.5912,0.0,15.0,29.43,0.0,1.96,1.96,0.0,0.0,0.0,3.92,17.66,3.92,0.0,1.96,0.0,0.0,1.96,0.0,0.0,0.0,0.0,0.0,0.0,0.0,0.0,0.0,0.0,0.0,0.0,0.0,0.0,0.0,0.0,0.0,0.0,17.66,0.0,0.0,1.96,0.0,0.0,0.0,1.96,11.77,1.96,0.0,15.7,0.0,0.0,1.96,0.0,0.0,0.0,1.96,9.81,1.96,0.0,10.99,0.0,8.73,12.63,0.0,0.0,13.95,10.12,12.26,0.0,1.96,0.0,0.0,0.0,0.0,0.0,0.0,0.0,1.96,0.0,0.0,0.0,3.92,0.0,0.0,1.96,0.0,0.0,0.0,0.0,1.96,0.0,0.0,3.92,0.0,0.0,1.96,0.0,0.0,0.0,0.0,1.96,0.0,0.0,1.96,0.0,0.0,1.96,0.0,0.0,0.0,0.0,0.0,0.0,0.0,0.0,51.0,100.07,0.0,3.92,17.0,33.36,21.58,64.71,77.3,12.97,0.0,3.92,7.85,0.0,0.0,7.85,1.96,0.0,23.54,17.66,5.89,33.33,67.52,1.96,0.0,7.85,3.92,0.0,0.0,11.77,6.52,-1.393,6.52,-1.543,6.52,-1.5,15.22,-1.113,52.17,-0.139,73.91,0.594,6.52,-2.14,21.74,-0.544,5.43,-2.282,100.0,3.021,71.74,0.548,95.65,1.373,54.35,0.214,4.35,-1.846,100.0,3.023,17.39,-0.647,97.83,1.893,67.39,0.373,26.09,-0.605,63.04,0.233,6.52,-1.554,6.52,-1.631,34.78,-0.274,-1.267,0.495,-0.79,-1.123,-1.096,-1.141,-1.649,-1.067,-0.329,-0.005,0.653,-0.53,40.94,11.23,50.18,56.88,35.0,34.44,Balanced contributor,-1.2977,0.9821
1002177,Harry Crawford,H. Crawford,2007-02-03,866,Adelaide United Football Club,Adelaide United Football Club,Full Back,Full Back,1,154.38,2,21.55,18.34,8595.0,111.35,1079.0,534.5,52.5,169.0,11.0,703.5,63.5,101.5,7.0,81.0,21.5,4.5,0.0,2.0,0.0,29.15,29.15,2898.5,134.5,399.5,234.0,20.5,84.5,4.0,318.5,24.5,34.5,2.0,21.0,3.5,0.5,0.5,2816.0,153.53,507.0,237.5,22.5,49.5,4.0,287.0,26.5,38.5,3.0,26.0,7.0,2.0,1.0,35.0,24.35,2.09,3.48,2.09,0.0,3.48,0.0,1.39,4.17,6.26,1.39,0.7,0.0,0.0,0.0,0.0,0.0,0.0,0.0,0.0,0.7,0.0,0.0,0.0,0.0,0.0,0.0,0.0,0.0,0.0,0.0,0.0,0.0,8.35,0.7,1.39,0.7,0.0,2.09,0.0,1.39,0.7,1.39,0.0,6.96,0.7,1.39,0.7,0.0,1.39,0.0,1.39,0.7,0.7,0.0,12.78,9.6,6.51,21.75,28.94,0.0,10.18,8.82,10.48,4.1,7.65,0.7,0.0,1.39,0.0,2.78,0.0,0.0,0.7,2.09,0.0,3.48,4.17,0.0,0.0,1.39,0.0,0.0,0.0,0.0,0.0,2.78,0.0,2.09,0.0,0.0,0.7,0.0,0.0,0.0,0.0,0.0,1.39,0.0,1.39,0.0,0.0,0.7,0.0,0.0,0.0,0.0,0.0,0.7,0.0,0.0,167.0,116.19,0.0,3.48,59.0,41.05,25.74,62.71,70.67,12.95,0.0,13.91,7.65,2.09,0.7,13.91,3.48,2.09,30.61,13.22,6.96,52.63,51.81,1.39,0.0,26.44,7.65,36.36,2.78,13.91,75.0,0.585,29.81,-0.405,23.08,-0.5,17.31,-0.836,16.35,-1.03,5.77,-1.618,53.85,-0.118,44.23,-0.112,90.38,1.349,34.62,-0.465,48.08,-0.066,40.38,-0.353,1.92,-2.755,76.92,0.771,88.46,1.201,7.69,-1.469,99.04,1.819,23.08,-0.837,53.85,0.018,1.92,-2.189,45.19,-0.094,30.77,-0.584,38.46,-0.312,-0.524,-2.586,-1.619,0.339,1.046,-0.223,-2.609,-1.788,0.666,0.049,-0.426,-0.517,18.27,40.87,51.92,49.52,35.0,34.25,Balanced contributor,-1.0878,-0.0799
795545,Aaron Gurd,A. Gurd,2001-09-18,869,Sydney Football Club,Sydney Football Club,Central Defender,Central Defender,1,281.22,3,25.52,23.07,9415.33,100.44,1163.0,385.0,37.67,94.0,7.0,479.0,44.67,99.0,4.33,82.33,8.33,4.33,0.89,0.33,0.0,27.9,27.9,2972.33,116.46,336.33,52.0,6.33,15.33,1.0,67.33,7.33,28.0,0.67,25.0,2.0,0.0,0.0,3506.67,152.02,644.0,291.67,25.0,71.0,4.67,362.67,29.67,42.67,1.67,28.67,4.0,1.67,0.0,18.0,7.14,0.0,0.0,0.0,6.35,0.0,0.0,0.0,0.0,0.79,0.0,0.0,0.0,0.0,0.0,0.0,0.0,0.0,0.0,0.0,0.0,0.0,0.0,0.0,0.0,0.0,0.0,0.0,0.0,0.0,0.0,0.0,0.0,2.78,0.0,0.0,0.0,2.38,0.0,0.0,0.0,0.0,0.4,0.0,2.78,0.0,0.0,0.0,2.38,0.0,0.0,0.0,0.0,0.4,0.0,12.55,0.0,0.0,0.0,0.0,0.0,0.0,0.0,6.82,0.0,1.59,0.0,0.0,0.0,1.59,0.0,0.0,0.0,0.0,0.0,0.0,0.0,0.0,0.0,0.0,0.0,0.0,0.0,0.0,0.0,0.0,0.0,0.0,0.0,0.0,0.0,0.0,0.0,0.0,0.0,0.0,0.0,0.0,0.0,0.0,0.0,0.0,0.0,0.0,0.0,0.0,0.0,0.0,0.0,0.0,13.27,395.0,156.66,0.0,0.0,140.0,55.53,49.18,88.57,93.32,15.33,1.59,8.73,16.26,0.0,0.0,39.66,13.09,10.71,11.5,3.17,2.78,87.5,90.51,0.0,0.0,1.19,0.4,0.0,0.0,3.17,25.93,-0.792,66.67,0.372,68.52,0.296,55.56,-0.058,20.37,-0.689,31.48,-0.366,19.44,-0.765,33.33,-0.483,19.44,-0.73,46.3,-0.272,37.96,-0.443,46.3,-0.318,77.78,0.249,18.52,-0.842,11.11,-1.05,70.37,0.615,9.26,-1.142,7.41,-1.74,38.89,-0.323,44.44,-0.241,75.0,0.628,37.04,-0.27,22.22,-0.97,-0.316,-0.798,-0.033,-0.088,-0.922,1.976,0.956,-1.274,-0.135,-0.71,-1.016,-0.64,40.12,50.16,33.8,32.41,35.0,34.12,Balanced contributor,-0.9261,-1.0539
38222,Luis David Cangá Sánchez,L. Cangá,1995-06-15,871,Perth Glory Football Club,Perth Glory Football Club,Central Defender,Central Defender,1,584.28,6,20.75,35.28,9619.17,98.78,990.0,347.5,35.33,108.83,6.17,456.33,41.5,102.17,4.83,88.5,11.83,2.83,0.82,1.0,0.0,28.62,28.8,2431.17,117.15,228.83,36.5,4.0,6.17,0.0,42.67,4.0,22.83,1.67,18.33,1.67,0.33,0.0,4614.67,130.79,651.17,283.33,27.17,98.0,5.0,381.33,32.17,53.17,2.0,41.83,4.0,1.5,0.33,8.0,3.49,0.0,0.44,0.0,2.61,0.0,0.0,0.0,0.0,0.44,0.0,0.0,0.0,0.0,0.0,0.0,0.0,0.0,0.0,0.0,0.0,0.0,0.0,0.0,0.0,0.0,0.0,0.0,0.0,0.0,0.0,0.0,0.0,1.31,0.0,0.0,0.0,0.87,0.0,0.0,0.0,0.0,0.44,0.0,1.31,0.0,0.0,0.0,0.87,0.0,0.0,0.0,0.0,0.44,0.0,9.91,0.0,3.03,0.0,0.0,0.0,0.0,0.0,17.6,0.0,0.0,0.0,0.0,0.0,0.0,0.0,0.0,0.0,0.0,0.0,0.0,0.0,0.0,0.0,0.0,0.0,0.0,0.0,0.0,0.0,0.0,0.0,0.0,0.0,0.0,0.0,0.0,0.0,0.0,0.0,0.0,0.0,0.0,0.0,0.0,0.0,0.0,0.0,0.0,0.0,0.0,0.0,0.0,0.0,0.0,9.78,330.0,143.81,0.0,0.0,131.0,57.09,52.73,92.37,92.88,18.19,4.79,11.77,15.25,0.0,0.0,27.89,8.72,6.54,8.72,4.36,4.36,100.0,88.83,0.0,0.0,1.74,0.87,50.0,0.44,5.67,75.93,0.746,46.3,-0.022,42.59,-0.067,28.7,-0.581,35.19,-0.335,72.22,0.452,19.44,-0.765,7.41,-1.303,19.44,-0.73,11.11,-1.185,37.96,-0.443,11.11,-1.203,64.81,0.214,74.07,0.387,61.11,0.1,29.63,-0.656,9.26,-1.142,16.67,-0.949,64.81,0.355,12.96,-1.094,53.7,0.148,64.81,0.233,12.96,-1.28,-0.493,-0.542,-0.452,0.671,0.857,0.114,0.722,-1.274,0.731,-1.327,-0.532,-0.668,34.72,55.09,17.74,42.59,64.92,33.87,Balanced contributor,-1.0347,-1.1542
2759,Dino Arslanagić,D. Arslanagić,1993-04-24,1804,Macarthur FC,Macarthur FC,Central Defender,Central Defender,1,771.68,8,28.33,26.86,9563.5,99.14,1041.12,281.25,23.38,38.25,2.5,319.5,25.88,107.25,3.88,86.12,9.62,3.0,0.8,0.38,0.0,25.82,26.48,3248.62,114.68,320.5,57.38,4.62,6.38,0.12,63.75,4.75,28.62,1.0,24.0,1.88,0.38,0.12,3517.12,130.95,559.0,194.12,15.62,29.12,1.25,223.25,16.88,45.12,1.75,30.75,3.5,1.25,0.0,41.0,6.5,0.0,0.48,0.16,4.12,0.0,0.0,0.48,0.79,0.48,0.0,0.16,0.0,0.0,0.0,0.0,0.0,0.0,0.0,0.16,0.0,0.0,0.0,0.0,0.0,0.0,0.0,0.0,0.0,0.0,0.0,0.0,0.0,3.33,0.0,0.0,0.16,2.38,0.0,0.0,0.32,0.16,0.32,0.0,3.17,0.0,0.0,0.0,2.38,0.0,0.0,0.32,0.16,0.32,0.0,11.86,0.0,14.56,3.22,0.0,0.0,10.47,20.47,6.46,0.0,0.32,0.0,0.0,0.0,0.16,0.0,0.0,0.0,0.16,0.0,0.0,0.16,0.32,0.0,0.0,0.16,0.0,0.0,0.0,0.0,0.16,0.0,0.0,0.32,0.0,0.0,0.16,0.0,0.0,0.0,0.0,0.16,0.0,0.0,0.16,0.0,0.0,0.0,0.0,0.0,0.0,0.0,0.16,0.0,0.0,11.01,949.0,150.37,0.16,0.32,378.0,59.9,54.51,91.0,93.09,19.21,4.12,15.53,15.37,0.0,0.16,43.1,11.41,8.71,14.1,6.5,5.86,90.24,89.49,0.0,0.0,0.95,0.32,50.0,0.16,4.6,29.63,-0.677,3.7,-1.961,3.7,-1.917,5.56,-1.505,64.81,0.232,55.56,0.137,62.96,0.041,24.07,-0.627,58.33,-0.201,57.41,-0.03,92.59,1.307,57.41,0.014,70.37,0.231,44.44,-0.395,33.33,-0.392,51.85,0.006,22.22,-0.747,33.33,-0.198,1.85,-2.284,18.52,-0.842,3.7,-1.971,1.85,-2.162,18.52,-1.213,-2.247,-0.612,-1.555,-0.772,-0.266,0.325,0.656,-1.274,-0.096,0.119,-0.389,-1.177,27.78,7.72,58.79,42.59,85.74,33.62,Balanced contributor,-2.4882,0.5413
50979,Bruno Fornaroli Mezza,B. Fornaroli,1987-09-07,868,Melbourne Victory Football Club,Melbourne Victory Football Club,Center Forward,Center Forward,1,725.49,9,21.69,19.41,8593.11,106.6,1169.44,415.56,41.67,124.22,7.33,539.78,49.0,88.44,6.33,70.22,19.0,2.44,0.84,0.0,0.0,28.03,28.9,2912.78,134.29,498.22,198.33,18.89,76.44,3.78,274.78,22.67,32.78,1.67,22.11,4.56,0.56,0.0,2933.44,151.14,545.44,190.56,18.44,42.22,2.22,232.78,20.67,26.56,1.67,22.11,5.11,0.67,0.0,139.0,30.19,7.38,0.87,10.64,0.0,0.0,0.43,0.43,9.12,1.09,0.22,1.52,1.3,0.0,0.22,0.0,0.0,0.0,0.0,0.0,0.0,0.0,0.22,0.22,0.0,0.0,0.0,0.0,0.0,0.0,0.0,0.0,0.0,11.08,3.26,0.43,3.47,0.0,0.0,0.22,0.43,2.82,0.43,0.0,7.38,2.39,0.43,1.74,0.0,0.0,0.22,0.43,1.95,0.22,0.0,13.52,14.29,8.93,15.4,0.0,13.54,16.12,10.63,17.84,8.34,7.82,2.61,0.0,2.61,0.0,0.0,0.0,0.0,2.17,0.43,0.0,10.64,23.45,5.86,0.22,10.64,0.0,0.0,0.22,0.0,5.43,1.09,0.0,7.82,2.39,0.0,3.47,0.0,0.0,0.22,0.0,1.3,0.43,0.0,4.56,1.74,0.0,1.74,0.0,0.0,0.22,0.0,0.65,0.22,0.0,0.0,245.0,53.21,0.0,2.17,62.0,13.46,11.73,87.1,82.65,13.73,0.65,4.13,2.39,1.09,1.3,1.52,0.0,0.0,21.5,4.56,3.69,80.95,75.45,0.87,0.0,19.33,4.13,68.42,2.82,2.82,6.52,-1.393,21.74,-0.959,17.39,-1.042,8.7,-1.243,23.91,-0.694,28.26,-0.898,65.22,0.507,26.09,-0.466,67.39,0.393,63.04,0.132,56.52,0.054,36.96,-0.233,89.13,0.541,52.17,0.082,28.26,-0.698,17.39,-0.647,67.39,0.32,34.78,-0.487,28.26,-0.584,26.09,-0.753,28.26,-0.654,30.43,-0.597,8.7,-1.422,-1.508,-0.81,-1.107,-0.149,0.866,-1.224,0.976,-1.067,-0.707,0.083,-0.193,-0.98,19.57,19.93,52.54,48.19,80.61,33.27,Balanced contributor,-2.031,0.5991
218,Adama Traoré,A. Traoré,1990-02-03,868,Melbourne Victory Football Club,Melbourne Victory Football Club,Full Back,Full Back,1,534.3,6,26.23,19.99,9173.67,103.02,1088.83,430.67,43.67,141.33,8.67,572.0,52.33,102.17,5.33,84.17,16.17,3.5,0.72,1.0,1.7,30.07,30.24,3411.67,130.05,478.17,157.0,16.17,60.67,2.83,217.67,19.0,35.5,1.83,26.0,4.0,1.0,0.17,2789.33,139.51,480.17,245.67,21.0,69.67,4.0,315.33,25.0,37.83,2.0,25.67,4.5,1.17,0.5,27.0,15.44,0.0,0.0,1.72,2.29,2.29,0.0,1.14,4.0,4.0,0.0,1.14,0.0,0.0,0.0,0.0,1.14,0.0,0.0,0.0,0.0,0.0,0.0,0.0,0.0,0.0,0.0,0.0,0.0,0.0,0.0,0.0,0.0,6.86,0.0,0.0,0.57,1.14,1.72,0.0,0.57,1.14,1.72,0.0,6.29,0.0,0.0,0.57,1.14,1.14,0.0,0.57,1.14,1.72,0.0,12.53,0.0,0.0,25.1,10.95,0.0,8.68,14.44,9.28,0.0,3.43,0.0,0.0,1.14,0.0,0.57,0.0,0.0,1.14,0.57,0.0,1.72,4.0,0.0,0.0,1.72,0.0,0.57,0.0,0.0,1.14,0.57,0.0,1.14,0.0,0.0,0.57,0.0,0.0,0.0,0.0,0.57,0.0,0.0,1.14,0.0,0.0,0.57,0.0,0.0,0.0,0.0,0.57,0.0,0.0,8.94,296.0,169.3,0.0,2.29,100.0,57.2,50.91,89.0,85.8,16.03,2.86,7.44,14.87,0.57,0.0,42.9,9.15,8.01,37.75,14.87,13.16,88.46,70.43,2.29,0.0,12.58,5.72,60.0,3.43,10.87,26.92,-0.676,11.54,-1.457,11.54,-1.59,3.85,-1.973,19.23,-0.952,13.46,-1.184,50.0,-0.189,11.54,-1.392,48.08,-0.191,25.0,-0.756,84.62,0.911,23.08,-0.882,78.85,0.821,94.23,1.368,71.15,0.257,82.69,1.085,63.46,0.372,94.23,2.051,80.77,0.861,3.85,-2.128,13.46,-0.964,13.46,-1.039,3.85,-2.07,-1.583,-1.706,-1.926,-1.098,-0.514,-1.155,0.412,1.037,-1.34,-0.522,1.996,-1.032,9.3,25.0,40.39,80.77,59.37,33.14,Progression hub,-2.6173,2.2541
795514,Miguel Di Pizio,M. Di Pizio,2006-01-04,870,Central Coast Mariners Football Club,Central Coast Mariners Football Club,Center Forward,Center Forward; Wide Attacker,2,154.68,2,23.4463,24.2633,9218.5871,116.7864,1355.1528,426.6559,41.4387,72.6484,6.5731,499.3043,48.0118,90.486,3.5731,68.8893,12.8656,1.4269,0.0,0.0,0.0,28.3,28.3,3168.0964,136.7098,548.0151,209.4624,18.1462,39.8301,2.4269,249.2925,20.5731,36.1817,1.5731,22.1581,3.1462,1.0,0.0,3684.5721,151.8522,676.628,192.328,20.7194,28.257,1.5731,220.5849,22.2925,32.0,1.4269,25.2806,3.4269,0.4269,0.0,31.0,32.05,4.14,2.07,5.17,1.03,0.0,0.0,2.07,14.47,3.1,0.0,3.1,1.03,0.0,1.03,0.0,0.0,0.0,0.0,0.0,1.03,0.0,0.0,0.0,0.0,0.0,0.0,0.0,0.0,0.0,0.0,0.0,0.0,13.44,2.07,1.03,3.1,0.0,0.0,0.0,1.03,4.14,2.07,0.0,8.27,1.03,1.03,1.03,0.0,0.0,0.0,1.03,3.1,1.03,0.0,11.49,8.17,10.62,9.94,0.0,0.0,26.16,12.66,4.96,0.0,6.2,2.07,0.0,1.03,0.0,0.0,0.0,2.07,1.03,0.0,0.0,8.27,12.41,2.07,0.0,5.17,0.0,0.0,0.0,1.03,1.03,3.1,0.0,6.2,1.03,0.0,3.1,0.0,0.0,0.0,0.0,0.0,2.07,0.0,3.1,1.03,0.0,1.03,0.0,0.0,0.0,0.0,0.0,1.03,0.0,8.16,56.0,57.89,0.0,1.03,20.0,20.68,15.51,75.0,80.35,9.49,0.0,9.3,3.1,3.1,1.03,2.07,1.03,1.03,16.54,2.07,0.0,0.0,68.17,0.0,0.0,13.44,5.17,40.0,2.07,4.14,6.52,-1.393,17.39,-1.026,15.22,-1.063,13.04,-1.139,32.61,-0.516,21.74,-1.024,17.39,-0.989,32.61,-0.276,34.78,-0.203,73.91,0.441,97.83,1.829,65.22,0.343,80.43,0.401,36.96,-0.431,52.17,-0.149,82.61,0.499,28.26,-0.704,4.35,-1.93,41.3,-0.394,54.35,0.122,21.74,-0.848,10.87,-1.32,52.17,0.011,-0.913,-0.178,-0.668,-1.399,-0.478,-1.785,-1.649,-1.067,-0.806,0.244,-0.502,-0.725,31.88,18.11,53.62,47.46,35.0,32.87,Balanced contributor,-1.4297,0.281
582974,Marlee Francois,M. Francois,2002-12-29,4177,Auckland FC,Auckland FC,Wide Attacker,Wide Attacker,1,387.78,6,16.06,17.31,7752.0,119.95,1203.17,607.0,55.83,184.83,9.67,791.83,65.5,84.67,6.67,71.83,16.33,5.67,0.71,1.33,1.51,28.53,28.74,2384.83,148.54,439.17,248.5,24.5,101.33,4.67,349.83,29.17,28.67,2.0,17.83,3.83,2.0,0.33,2737.0,158.08,611.67,295.83,24.17,64.67,3.33,360.5,27.5,31.5,1.67,24.33,5.33,1.5,0.0,45.0,28.41,1.89,4.42,3.16,0.0,0.0,1.26,1.89,12.63,2.53,0.63,1.89,0.0,0.0,0.0,0.0,0.0,0.0,0.0,1.89,0.0,0.0,0.63,0.0,0.0,0.0,0.0,0.0,0.0,0.0,0.63,0.0,0.0,13.26,0.63,1.89,1.26,0.0,0.0,0.0,0.63,8.21,0.63,0.0,8.84,0.63,1.26,0.0,0.0,0.0,0.0,0.63,5.68,0.63,0.0,15.65,12.08,6.33,17.68,0.0,19.79,7.14,18.15,20.52,29.31,9.47,0.63,0.0,0.63,0.0,0.0,0.63,0.0,7.58,0.0,0.0,5.05,10.73,1.26,0.0,3.16,0.0,0.0,0.0,0.0,5.68,0.63,0.0,3.79,0.0,0.0,1.26,0.0,0.0,0.0,0.0,2.53,0.0,0.0,1.89,0.0,0.0,0.0,0.0,0.0,0.0,0.0,1.89,0.0,0.0,0.0,162.0,102.27,0.0,0.63,43.0,27.15,18.94,69.77,70.47,10.1,0.63,6.31,3.79,0.63,0.63,4.42,0.0,0.0,32.2,8.21,5.05,61.54,60.5,0.63,0.0,22.1,6.94,45.46,3.16,11.36,50.0,-0.178,42.86,-0.231,41.07,-0.165,50.0,0.003,14.29,-1.239,23.21,-0.904,33.93,-0.311,19.64,-0.627,50.0,-0.093,37.5,-0.245,58.93,0.23,50.89,0.036,7.14,-0.242,35.71,-0.314,85.71,1.133,8.93,-1.129,12.5,-1.391,14.29,-0.792,32.14,-0.513,26.79,-0.832,32.14,-0.397,33.93,-0.212,62.5,0.232,-0.182,-1.38,-0.886,0.21,0.017,0.855,0.5,0.807,-0.612,-0.206,-0.596,-0.757,36.61,39.88,41.82,27.38,43.09,32.8,Balanced contributor,-1.2875,-0.215
51668,Alou Kuol,A. Kuol,2001-07-05,870,Central Coast Mariners Football Club,Central Coast Mariners Football Club,Center Forward,Center Forward,1,1482.12,18,22.98,24.71,8635.56,104.87,973.94,458.28,51.33,201.06,11.72,659.33,63.06,86.33,7.94,67.61,17.67,6.28,0.6,2.83,1.19,29.59,31.08,2766.17,120.36,389.61,193.44,21.56,79.28,4.5,272.72,26.06,32.89,2.78,20.39,5.33,1.72,0.78,3511.89,142.11,508.22,232.5,25.17,106.89,5.67,339.39,30.83,33.67,2.33,27.06,5.78,2.06,0.89,176.0,25.96,7.23,0.15,10.33,0.0,0.0,0.3,0.0,7.23,0.74,0.0,0.74,0.15,0.0,0.59,0.0,0.0,0.0,0.0,0.0,0.0,0.0,0.0,0.0,0.0,0.0,0.0,0.0,0.0,0.0,0.0,0.0,0.0,8.85,2.66,0.15,3.98,0.0,0.0,0.0,0.0,1.92,0.15,0.0,3.98,1.33,0.15,1.18,0.0,0.0,0.0,0.0,1.18,0.15,0.0,13.98,14.9,9.61,14.73,0.0,15.26,0.0,11.11,22.91,0.0,9.44,3.98,0.0,3.54,0.0,0.0,0.0,0.0,1.33,0.59,0.0,10.92,20.65,5.9,0.0,10.18,0.0,0.0,0.0,0.0,4.13,0.44,0.0,6.05,1.62,0.0,3.98,0.0,0.0,0.0,0.0,0.44,0.0,0.0,2.36,0.89,0.0,1.18,0.0,0.0,0.0,0.0,0.3,0.0,0.0,0.0,175.0,25.81,0.0,0.44,50.0,7.38,4.87,66.0,76.93,13.51,0.0,2.66,1.62,0.3,0.59,0.0,0.0,0.0,10.92,2.51,1.48,58.82,71.13,0.44,0.0,7.82,1.48,70.0,1.03,1.48,95.65,1.915,52.17,-0.009,50.0,-0.178,21.74,-0.84,19.57,-0.877,10.87,-1.144,52.17,0.128,8.7,-0.9,73.91,0.463,8.7,-1.049,17.39,-0.823,15.22,-0.777,52.17,0.192,15.22,-1.141,8.7,-1.255,17.39,-0.647,15.22,-1.234,10.87,-1.351,65.22,0.514,6.52,-1.675,69.57,0.471,73.91,0.48,6.52,-1.665,-0.717,-0.767,-0.73,0.581,0.574,0.9,0.226,0.56,0.242,-0.631,-1.179,-0.887,19.57,62.68,29.35,19.93,100.0,32.73,Balanced contributor,-1.4359,-1.032
2858,Douglas  Costa de Souza,Douglas Costa,1990-09-14,869,Sydney Football Club,Sydney Football Club,Wide Attacker,Center Forward; Midfield; Wide Attacker,3,824.13,9,26.3705,22.7092,10222.4456,110.8204,1493.2732,466.2544,39.7857,77.5118,4.8715,543.7662,44.6572,92.0243,6.4433,71.1914,12.1704,3.2627,0.7348,0.5741,1.63,27.12,27.12,3602.5414,136.6052,619.2035,194.1405,17.266,41.2603,2.0339,235.4007,19.2999,38.5211,2.8368,23.994,4.2642,1.5741,0.3454,3499.4137,154.6772,739.0512,248.0069,19.3406,30.9676,2.0663,278.9745,21.4069,31.1727,1.836,24.4418,3.9543,0.6885,0.1144,188.0,26.6344,0.8472,5.9473,1.8406,0.1418,0.2836,2.1262,2.2676,7.0855,5.5265,0.5673,1.5595,0.0,0.1398,0.2819,0.1418,0.0,0.0,0.1398,0.2828,0.5644,0.0,0.0,0.0,0.0,0.0,0.0,0.0,0.0,0.0,0.0,0.0,0.0,10.6239,0.5664,3.2605,0.7065,0.1418,0.0,0.7082,0.9934,2.1223,1.6962,0.4235,8.9224,0.2836,2.9758,0.4217,0.1418,0.0,0.7082,0.9934,1.6996,1.4156,0.2836,12.8777,13.6326,8.4878,21.7639,18.8,10.7218,12.5367,13.7958,13.6815,16.16,4.1057,0.2808,0.4228,0.8525,0.0,0.0,0.0,0.5627,1.1341,0.4255,0.4235,2.1253,6.3765,0.7062,0.0,1.7007,0.0,0.0,0.0,0.1409,1.7025,1.9833,0.1398,2.268,0.5664,0.0,0.5627,0.0,0.0,0.0,0.1409,0.4226,0.5664,0.0,1.277,0.2836,0.0,0.2819,0.0,0.0,0.0,0.1409,0.2808,0.2808,0.0,11.65,1160.0,164.329,0.5635,6.0904,335.0,47.4562,38.9578,82.1664,78.1056,14.2824,2.5469,14.169,6.0937,1.4169,1.1319,19.5502,6.9418,5.2421,33.4345,13.4557,10.906,80.9169,72.2161,2.5505,0.2808,34.5638,9.3507,74.1742,6.7982,11.8995,12.5,-1.024,1.79,-1.982,3.57,-1.916,16.07,-1.277,25.0,-0.616,21.43,-0.962,16.07,-1.104,17.86,-0.781,10.71,-1.206,39.29,-0.223,46.43,-0.1,19.64,-0.528,50.0,0.176,94.64,1.464,91.07,1.3,96.43,2.697,98.21,2.141,94.64,1.361,10.71,-1.635,60.71,0.228,1.79,-1.935,3.57,-1.852,14.29,-1.13,-2.151,0.62,-0.96,0.07,-1.121,-1.118,0.59,0.995,-1.528,-0.803,1.99,-1.227,23.22,8.04,25.0,87.5,91.57,32.38,Progression hub,-2.6955,2.0702
26981,Takuya Okamoto,T. Okamoto,1992-06-18,871,Perth Glory Football Club,Perth Glory Football Club,Full Back,Central Defender; Full Back,2,358.26,4,23.0332,29.5727,9969.2474,111.0811,1325.8438,576.3063,50.5627,128.0947,7.8866,704.4009,58.4493,118.6249,7.8866,101.8335,17.7805,4.9469,0.81,1.0,0.0,28.57,28.57,3059.2978,132.8942,422.4903,173.3775,17.7805,59.0132,2.9469,232.3907,20.7201,32.345,2.9698,25.4053,2.9698,1.699,0.2406,4239.4651,143.415,748.2931,343.5006,26.7594,54.4071,3.2177,397.9077,29.9698,55.6249,2.9698,39.699,7.4053,2.0,0.5114,55.0,24.3732,0.441,0.441,0.0,7.5289,2.6582,0.0,1.3291,4.8717,6.2031,0.8881,0.0,0.0,0.0,0.0,0.0,0.0,0.0,0.0,0.0,0.0,0.0,0.0,0.0,0.0,0.0,0.0,0.0,0.0,0.0,0.0,0.0,0.0,8.8623,0.441,0.441,0.0,3.1026,0.0,0.0,0.8881,2.6582,1.3314,0.0,8.4213,0.0,0.441,0.0,3.1026,0.0,0.0,0.8881,2.6582,1.3314,0.0,13.0446,8.3,14.42,0.0,14.85,0.0,7.33,11.2897,15.4155,8.5,7.9769,0.441,0.441,0.0,1.3314,1.7701,0.0,0.0,1.3291,2.2172,0.441,0.8881,2.2135,0.0,0.0,0.0,0.0,0.441,0.0,0.0,0.4434,0.8881,0.441,0.0,0.0,0.0,0.0,0.0,0.0,0.0,0.0,0.0,0.0,0.0,0.0,0.0,0.0,0.0,0.0,0.0,0.0,0.0,0.0,0.0,0.0,12.7532,277.0,122.7454,0.8844,1.3314,112.0,49.6269,41.2156,82.768,86.6745,18.6637,3.5473,10.1961,15.0635,0.0,1.3291,17.7257,5.3171,3.9893,28.3626,9.7514,7.9803,81.4852,74.0733,0.441,0.0,10.1928,2.6605,25.0135,0.8881,8.8623,26.92,-0.676,17.31,-0.881,19.23,-0.739,42.31,-0.379,86.54,0.954,94.23,1.238,17.31,-0.933,46.15,-0.109,23.08,-0.919,55.77,0.168,7.69,-1.619,44.23,-0.171,84.62,1.028,17.31,-0.966,36.54,-0.367,30.77,-0.65,21.15,-0.794,40.38,-0.362,36.54,-0.513,26.92,-0.649,11.54,-1.257,9.62,-1.257,36.54,-0.368,-0.731,-0.497,-0.947,1.102,-0.042,0.193,0.789,-1.788,0.718,-0.748,-0.708,-0.748,50.64,24.36,32.37,38.46,39.81,32.35,Balanced contributor,-1.2674,-0.8289
170488,Vitor Correia da Silva,Vitor Feijão,1996-08-01,870,Central Coast Mariners Football Club,Central Coast Mariners Football Club,Wide Attacker,Wide Attacker,1,368.85,5,18.74,24.39,8415.4,114.08,1207.6,497.2,52.4,186.8,10.8,684.0,63.2,101.4,8.6,92.6,15.2,6.0,0.68,2.6,1.32,29.74,29.74,2577.2,137.55,434.8,183.6,19.8,73.4,3.6,257.0,23.4,33.4,2.4,25.2,3.8,1.6,0.4,3526.4,144.6,672.2,284.2,28.4,91.4,4.6,375.6,33.0,43.6,3.4,35.4,6.6,2.4,1.2,47.0,25.9,1.1,2.2,3.31,0.0,0.0,2.2,1.65,12.67,2.2,0.55,0.55,0.0,0.0,0.55,0.0,0.0,0.0,0.0,0.0,0.0,0.0,0.55,0.0,0.0,0.55,0.0,0.0,0.0,0.0,0.0,0.0,0.0,10.47,0.55,1.65,1.1,0.0,0.0,1.1,1.1,4.41,0.55,0.0,8.82,0.55,1.65,0.55,0.0,0.0,0.55,1.1,3.86,0.55,0.0,14.42,8.99,8.13,18.83,0.0,9.95,12.91,15.71,10.68,31.92,6.06,0.55,0.0,0.55,0.0,0.0,0.0,0.55,3.31,0.55,0.55,3.86,9.37,1.1,0.0,2.76,0.0,0.0,0.55,0.0,3.86,0.55,0.55,3.86,0.55,0.0,1.1,0.0,0.0,0.55,0.0,1.65,0.0,0.0,2.2,0.55,0.0,0.55,0.0,0.0,0.0,0.0,1.1,0.0,0.0,0.0,120.0,66.13,0.0,1.1,40.0,22.04,17.63,80.0,80.91,11.71,0.0,7.71,2.76,1.1,0.55,2.2,0.55,0.55,23.14,9.37,7.71,82.35,74.18,0.0,0.0,12.67,5.51,60.0,3.31,3.31,87.5,1.243,35.71,-0.424,28.57,-0.539,19.64,-0.996,53.57,0.179,85.71,1.006,26.79,-0.559,12.5,-0.844,28.57,-0.546,35.71,-0.25,14.29,-1.108,17.86,-0.561,71.43,0.33,42.86,-0.241,7.14,-1.359,23.21,-0.727,14.29,-1.087,51.79,0.186,70.54,0.449,28.57,-0.816,46.43,-0.035,39.29,-0.182,25.0,-0.644,-0.577,-0.843,-0.714,1.405,-0.292,1.125,0.39,0.509,0.906,-0.788,-0.631,-0.641,41.37,48.66,22.62,35.12,40.98,32.3,Balanced contributor,-0.9585,-0.9259
795507,Lachlan Bayliss,L. Bayliss,2002-07-24,1805,Newcastle United Jets FC,Newcastle United Jets FC,Midfield,Center Forward; Midfield,2,1518.99,18,25.3387,25.2385,10449.7061,123.8026,1508.456,385.5508,32.9683,73.0531,3.9357,458.6038,36.9135,83.6574,2.932,80.244,7.4358,1.6611,0.7,0.2273,1.5,26.8,28.34,3866.5796,152.5968,612.8874,125.574,9.9721,17.5056,0.8826,143.0796,10.8642,28.2374,0.7747,25.6155,1.8315,0.4338,0.0,3980.6485,157.7269,788.3115,239.0576,20.7271,50.0354,1.9469,289.0931,22.6741,33.8119,0.6648,30.458,3.2215,0.2803,0.0,264.0,26.4672,0.5017,11.3307,0.8032,1.2068,0.1006,1.2068,0.2012,5.4106,5.4137,0.3018,0.5024,0.0,0.0,0.0,0.1006,0.1006,0.0,0.0,0.2006,0.1006,0.0,0.2006,0.0,0.0,0.0,0.1006,0.0,0.0,0.0,0.1,0.0,0.0,7.4235,0.2009,3.6118,0.2009,0.3018,0.1006,0.3018,0.1006,1.1062,1.4998,0.0,6.7203,0.1,3.4106,0.1,0.3018,0.1006,0.3018,0.1006,0.8042,1.4998,0.0,10.3552,9.63,9.865,14.5597,11.12,13.0151,8.48,11.1111,10.5775,8.0,3.3081,0.2009,0.9054,0.2009,0.1006,0.0,0.3018,0.0,0.905,0.603,0.1006,1.5074,4.1129,0.0,0.0,0.8032,0.0,0.1006,0.1006,0.0,1.0056,1.801,0.3018,0.7032,0.0,0.0,0.2009,0.0,0.1006,0.0,0.0,0.1,0.3018,0.0,0.5024,0.0,0.0,0.1,0.0,0.1006,0.0,0.0,0.0,0.3018,0.0,9.1205,1234.0,123.724,0.3012,2.1028,393.0,39.403,32.9837,83.076,86.3199,15.767,2.7064,11.4301,11.4313,0.603,0.8042,17.6501,4.7092,3.1088,14.9378,5.9151,3.9132,66.3812,71.8607,0.8042,0.1,17.2437,4.0135,50.4485,2.0025,5.7145,23.33,-0.626,13.33,-1.215,11.67,-1.296,11.67,-1.295,10.0,-1.705,18.33,-0.962,55.0,-0.262,40.0,-0.282,55.0,-0.317,46.67,-0.282,58.33,-0.178,40.0,-0.377,35.0,-0.153,46.67,-0.328,35.0,-0.306,33.33,-0.595,41.67,-0.317,16.67,-0.83,50.0,-0.094,13.33,-1.047,30.0,-0.683,30.0,-0.469,46.67,-0.02,-0.928,-0.095,-0.998,-0.641,-1.653,-0.657,0.384,0.769,-1.681,-0.329,-0.841,-1.343,18.89,26.11,49.17,34.72,100.0,32.27,Balanced contributor,-2.4814,0.0049
965697,Lucas Herrington,L. Herrington,2007-05-09,1802,Brisbane Roar FC,Brisbane Roar FC,Central Defender,Central Defender,1,1434.75,15,27.58,26.32,10078.2,105.37,1103.53,300.27,27.07,54.33,3.73,354.6,30.8,98.4,3.27,78.67,7.73,1.73,0.81,0.53,1.51,26.57,28.28,3450.6,125.1,370.67,61.13,5.73,9.67,0.53,70.8,6.27,28.87,0.73,22.27,2.0,0.07,0.07,3696.53,140.42,577.6,208.8,18.0,38.07,1.87,246.87,19.87,39.6,1.13,28.93,2.4,0.53,0.07,56.0,5.26,0.0,0.28,0.0,4.51,0.0,0.0,0.19,0.19,0.09,0.0,0.09,0.0,0.0,0.0,0.0,0.0,0.0,0.0,0.09,0.0,0.0,0.0,0.0,0.0,0.0,0.0,0.0,0.0,0.0,0.0,0.0,0.0,1.78,0.0,0.0,0.0,1.41,0.0,0.0,0.09,0.19,0.09,0.0,1.78,0.0,0.0,0.0,1.41,0.0,0.0,0.09,0.19,0.09,0.0,10.54,0.0,11.8,0.0,0.0,0.0,6.88,4.86,14.88,0.0,0.19,0.0,0.0,0.0,0.19,0.0,0.0,0.0,0.0,0.0,0.0,0.09,0.09,0.0,0.0,0.0,0.0,0.0,0.0,0.0,0.09,0.0,0.0,0.09,0.0,0.0,0.0,0.0,0.0,0.0,0.0,0.09,0.0,0.0,0.09,0.0,0.0,0.0,0.0,0.0,0.0,0.0,0.09,0.0,0.0,10.76,1729.0,162.35,0.0,0.85,662.0,62.16,52.87,85.04,90.6,19.04,5.35,13.24,14.46,0.19,0.09,52.77,15.21,11.46,18.31,7.04,6.57,93.33,88.76,0.09,0.0,1.6,0.56,33.33,0.19,8.08,44.44,-0.333,9.26,-1.35,11.11,-1.346,9.26,-1.24,18.52,-0.756,16.67,-0.85,40.74,-0.538,14.81,-0.905,41.67,-0.432,18.52,-0.893,86.11,0.541,18.52,-0.92,25.93,0.033,50.93,-0.311,90.74,1.21,81.48,0.844,50.0,-0.094,53.7,0.158,5.56,-1.577,33.33,-0.534,11.11,-1.261,5.56,-1.617,51.85,-0.05,-1.361,0.034,-0.904,-1.698,-1.227,-1.252,0.689,0.762,-1.809,-0.742,0.478,-1.243,23.15,14.51,36.73,58.8,100.0,32.01,Balanced contributor,-2.5917,0.888
963054,Kavian Rahmani,K. Rahmani,2006-12-29,2380,Melbourne City FC,Melbourne City FC,Wide Attacker,Wide Attacker,1,382.05,5,25.24,16.86,9091.2,118.97,1473.2,458.6,44.0,63.6,5.2,522.2,49.2,94.6,5.2,77.8,14.6,3.8,0.83,0.0,0.0,27.08,27.08,3550.0,140.63,709.6,244.0,23.6,35.8,2.2,279.8,25.8,39.2,2.4,26.4,4.8,1.8,0.0,2751.0,163.2,600.2,180.2,15.8,15.8,1.2,196.0,17.0,27.6,1.6,19.6,3.6,0.8,0.0,136.0,32.16,2.36,1.18,5.68,0.47,0.95,0.71,4.02,12.3,3.78,0.71,1.18,0.24,0.0,0.0,0.0,0.0,0.0,0.0,0.47,0.47,0.0,0.0,0.0,0.0,0.0,0.0,0.0,0.0,0.0,0.0,0.0,0.0,10.88,0.95,0.47,0.47,0.0,0.24,0.47,1.42,5.44,1.18,0.24,8.28,0.71,0.47,0.24,0.0,0.24,0.24,1.18,4.02,0.95,0.24,13.43,13.68,6.5,16.62,10.79,5.52,12.59,12.1,19.29,12.04,5.44,0.95,0.0,0.47,0.0,0.24,0.0,0.47,2.84,0.47,0.0,8.75,16.08,1.89,0.0,5.44,0.24,0.47,0.24,0.24,5.2,2.13,0.24,4.02,0.71,0.0,0.47,0.0,0.24,0.24,0.0,1.89,0.47,0.0,3.31,0.47,0.0,0.24,0.0,0.24,0.24,0.0,1.66,0.47,0.0,5.2,361.0,85.38,0.24,2.13,112.0,26.49,21.05,79.47,75.95,13.15,1.42,6.62,5.44,1.42,1.18,7.09,2.36,1.89,30.98,11.59,9.22,79.59,65.94,0.95,0.24,28.85,7.57,59.37,4.49,8.04,2.68,-1.666,8.93,-1.6,10.71,-1.456,12.5,-1.347,33.93,-0.398,37.5,-0.355,76.79,0.663,32.14,-0.303,91.07,1.314,26.79,-0.394,37.5,-0.479,23.21,-0.474,28.57,0.058,67.86,0.336,55.36,0.105,75.0,0.251,28.57,-0.421,80.36,0.741,7.14,-1.667,57.14,0.154,3.57,-1.83,1.79,-2.065,55.36,0.086,-1.617,-0.296,-1.095,-0.7,-0.456,-0.677,0.939,-1.561,-0.873,0.067,0.233,-1.059,34.23,6.4,47.92,55.95,42.45,31.62,Balanced contributor,-2.1286,0.962
51015,Alex Rufer,A. Rufer,1996-06-12,867,Wellington Phoenix FC,Wellington Phoenix FC,Midfield,Midfield,1,1593.92,17,24.42,29.29,10812.47,115.32,1513.0,415.65,35.0,71.71,3.88,487.35,38.88,97.59,3.06,89.59,9.12,1.88,0.78,0.41,1.74,26.61,27.68,3366.88,137.9,491.47,77.47,6.82,12.76,0.41,90.24,7.24,27.18,0.88,22.76,1.82,0.41,0.06,4626.82,157.96,916.94,317.82,25.47,54.18,2.24,372.0,27.71,47.94,0.94,40.88,4.53,0.65,0.18,144.0,13.9,0.19,7.14,0.39,1.16,0.0,0.19,0.19,0.68,3.86,0.1,0.39,0.1,0.0,0.0,0.0,0.0,0.0,0.0,0.0,0.19,0.1,0.0,0.0,0.0,0.0,0.0,0.0,0.0,0.0,0.0,0.0,0.0,5.41,0.1,2.32,0.0,0.68,0.0,0.19,0.19,0.19,1.64,0.1,5.02,0.1,2.32,0.0,0.68,0.0,0.19,0.1,0.0,1.54,0.1,9.46,13.32,10.52,15.35,0.0,8.85,8.97,7.89,8.21,14.4,0.68,0.1,0.19,0.19,0.0,0.0,0.0,0.1,0.0,0.0,0.1,0.68,1.54,0.19,0.0,0.39,0.0,0.0,0.0,0.0,0.0,0.87,0.1,0.48,0.1,0.0,0.0,0.0,0.0,0.0,0.0,0.0,0.29,0.1,0.48,0.1,0.0,0.0,0.0,0.0,0.0,0.0,0.0,0.29,0.1,5.23,1928.0,186.15,0.19,2.32,537.0,51.85,44.61,86.03,86.18,16.17,4.73,15.83,9.17,0.39,0.29,34.86,9.37,7.24,19.89,7.34,5.89,80.26,74.01,0.68,0.0,12.46,3.19,69.7,2.22,7.53,53.33,-0.103,15.0,-1.019,16.67,-1.054,15.0,-1.019,30.0,-0.48,45.0,-0.059,25.0,-0.729,6.67,-1.316,33.33,-0.632,16.67,-0.96,42.5,-0.359,18.33,-0.982,33.33,-0.19,56.67,-0.191,68.33,0.434,83.33,0.809,45.0,-0.15,48.33,-0.015,41.67,-0.261,15.0,-1.032,28.33,-0.712,28.33,-0.506,15.0,-1.335,-1.285,0.196,-0.832,-0.502,-0.926,-0.381,0.64,1.072,-0.946,-0.963,0.232,-1.161,22.5,30.55,23.75,55.83,100.0,31.45,Balanced contributor,-2.2603,0.3089
50977,Joshua Rawlins,J. Rawlins,2004-04-23,868,Melbourne Victory Football Club,Melbourne Victory Football Club,Full Back,Central Defender; Full Back,2,1395.04,14,26.0105,23.6091,10341.0392,103.7749,1289.4961,552.0633,54.4467,203.4404,10.5724,755.5037,65.0191,107.783,5.9314,87.9976,17.6485,4.0,0.69,0.9987,1.43,29.42,30.78,3338.0178,128.3925,446.8832,158.3668,16.1473,56.4544,2.7157,214.8298,18.863,31.9988,1.9265,23.7892,4.1471,1.0748,0.1458,3507.8554,148.7733,663.8858,339.6751,30.9415,128.0583,6.4339,467.7334,37.3669,44.1397,2.3603,28.7843,5.8591,1.4314,0.5024,176.0,16.8121,0.0,0.0932,0.3815,4.6759,1.4326,0.0,0.6697,3.8174,4.6821,1.0512,0.0932,0.0,0.0,0.0,0.0,0.0,0.0,0.0,0.0,0.0932,0.0,0.0,0.0,0.0,0.0,0.0,0.0,0.0,0.0,0.0,0.0,0.0,6.1155,0.0,0.0932,0.0932,1.7158,0.4747,0.0,0.4747,1.3394,1.8141,0.0932,5.539,0.0,0.0932,0.0932,1.7158,0.3815,0.0,0.4747,1.0512,1.7209,0.0,12.2696,0.0,7.16,20.64,18.99,0.0,14.88,10.9768,10.9436,14.41,3.7242,0.0,0.0,0.195,0.1892,0.7629,0.0,0.0932,0.6697,1.4326,0.3815,0.7629,2.2888,0.0,0.0,0.3815,0.0,0.3815,0.0,0.0932,0.8562,0.3815,0.195,0.3815,0.0,0.0,0.0932,0.0,0.0932,0.0,0.0,0.0932,0.0932,0.0,0.3815,0.0,0.0,0.0932,0.0,0.0932,0.0,0.0,0.0932,0.0932,0.0,10.6512,1309.0,125.0335,0.0932,1.5259,508.0,48.5204,38.9752,80.0738,82.8587,16.9021,2.2954,12.7989,11.3682,0.7656,0.3815,38.5868,12.5161,8.6914,24.2581,10.223,8.2159,79.8155,76.1074,0.7629,0.0,8.3103,2.868,40.1606,1.3394,10.3205,23.08,-0.677,40.38,-0.262,40.38,-0.26,23.08,-0.644,40.38,-0.302,26.92,-0.659,19.23,-0.901,17.31,-1.195,15.38,-1.028,15.38,-1.081,15.38,-1.412,13.46,-1.146,51.92,0.126,30.77,-0.552,61.54,0.086,90.38,1.379,28.85,-0.557,48.08,-0.252,61.54,0.265,15.38,-0.876,34.62,-0.253,50.0,-0.017,7.69,-1.911,-0.871,0.068,-0.398,-0.581,-0.081,-0.689,0.286,0.588,-0.736,-1.412,0.077,-1.06,25.64,38.78,16.02,51.92,100.0,31.36,Balanced contributor,-1.8908,-0.278
818554,Abel Walatee,A. Walatee,2004-02-22,1803,Western United,Western United,Wide Attacker,Wide Attacker,1,664.56,9,19.08,21.54,8533.67,115.57,1124.22,418.44,45.33,149.67,8.11,568.11,53.44,84.44,4.56,70.89,11.78,3.56,0.74,1.11,1.44,28.92,29.92,2739.78,143.6,460.67,215.44,21.78,85.67,4.56,301.11,26.33,31.0,1.56,20.0,3.56,1.11,0.11,3171.44,147.26,546.0,164.67,18.44,53.33,2.11,218.0,20.56,29.0,1.56,23.89,4.33,1.0,0.33,157.0,34.7,3.76,0.88,2.21,0.22,0.22,0.88,2.65,18.34,4.64,0.88,2.21,0.66,0.0,0.44,0.0,0.0,0.0,0.0,0.88,0.22,0.0,0.44,0.22,0.0,0.22,0.0,0.0,0.0,0.0,0.0,0.0,0.0,13.26,2.43,0.44,0.88,0.0,0.22,0.0,1.11,6.63,1.11,0.44,8.62,1.55,0.44,0.66,0.0,0.0,0.0,0.88,4.2,0.66,0.22,13.61,15.71,6.79,21.07,5.39,8.81,13.87,12.76,12.94,19.94,8.4,1.11,0.0,0.66,0.0,0.0,0.0,0.44,4.86,1.11,0.22,3.54,15.03,2.21,0.0,2.21,0.0,0.22,0.0,0.22,7.51,2.21,0.44,6.41,1.55,0.0,0.88,0.0,0.22,0.0,0.22,2.87,0.44,0.22,3.76,0.88,0.0,0.66,0.0,0.0,0.0,0.22,1.77,0.22,0.0,13.62,419.0,92.6,0.66,3.54,95.0,21.0,14.59,69.47,73.94,10.99,0.44,5.97,3.76,1.55,1.11,3.76,1.11,0.66,37.35,8.18,5.53,67.57,64.54,2.65,0.66,38.23,7.74,65.71,5.08,7.51,39.29,-0.424,12.5,-1.244,14.29,-1.311,7.14,-1.712,12.5,-1.259,17.86,-0.99,69.64,0.472,41.07,-0.084,25.0,-0.668,33.93,-0.304,69.64,0.55,50.89,0.036,16.07,-0.052,76.79,0.624,48.21,-0.059,26.79,-0.647,73.21,0.491,23.21,-0.616,41.07,-0.203,17.86,-1.121,19.64,-0.897,23.21,-0.749,37.5,-0.421,-1.278,-0.747,-1.303,-1.096,-1.227,-0.874,0.609,0.697,-1.726,0.0,-0.056,-1.358,17.56,24.11,48.36,44.05,73.84,31.32,Balanced contributor,-2.6046,0.9012
51656,Charles M'Mombwa,C. M'Mombwa,1998-03-14,1805,Newcastle United Jets FC,Newcastle United Jets FC,Midfield,Midfield,1,274.52,4,22.3,18.82,8646.25,125.98,1452.25,338.5,33.25,146.5,6.75,485.0,40.0,80.75,4.0,68.5,7.5,2.75,0.72,1.25,1.75,28.52,28.52,3405.25,152.73,631.75,130.75,13.75,72.25,3.0,203.0,16.75,31.25,1.25,23.25,2.25,0.75,0.25,3091.25,164.21,699.25,190.25,17.5,59.5,2.0,249.75,19.5,32.0,1.0,21.75,2.5,0.75,0.0,50.0,23.67,0.0,8.99,0.0,0.95,0.0,1.42,1.42,5.68,4.73,0.47,0.47,0.0,0.0,0.0,0.0,0.0,0.0,0.0,0.0,0.47,0.0,0.0,0.0,0.0,0.0,0.0,0.0,0.0,0.0,0.0,0.0,0.0,3.79,0.0,1.42,0.0,0.47,0.0,0.0,0.0,1.42,0.47,0.0,3.79,0.0,1.42,0.0,0.47,0.0,0.0,0.0,1.42,0.47,0.0,12.69,0.0,11.71,0.0,0.0,7.97,7.3,15.73,14.78,8.16,2.37,0.0,0.47,0.0,0.0,0.0,0.0,0.0,1.42,0.47,0.0,1.42,2.84,0.0,0.0,0.0,0.0,0.0,0.0,0.0,0.47,1.89,0.47,0.0,0.0,0.0,0.0,0.0,0.0,0.0,0.0,0.0,0.0,0.0,0.0,0.0,0.0,0.0,0.0,0.0,0.0,0.0,0.0,0.0,0.0,10.58,304.0,143.92,0.0,2.37,83.0,39.29,32.67,83.13,87.1,15.02,1.42,7.57,11.36,0.95,0.95,11.84,2.84,1.42,18.46,8.05,6.15,76.47,78.33,1.42,0.0,9.94,3.31,28.57,0.95,6.15,98.33,2.304,18.33,-0.907,13.33,-1.263,3.33,-1.727,6.67,-1.96,1.67,-2.097,41.67,-0.493,31.67,-0.512,51.67,-0.35,5.0,-1.45,46.67,-0.23,5.0,-1.468,48.33,0.049,12.5,-0.993,50.0,-0.128,5.0,-1.169,47.5,-0.111,60.0,0.092,91.67,1.417,8.33,-1.23,78.33,0.777,91.67,1.543,65.0,0.317,-0.318,-1.546,-1.044,0.516,-1.625,0.716,0.448,1.085,-0.836,-0.872,-0.751,-1.103,17.22,62.78,30.28,37.22,35.0,31.16,Balanced contributor,-1.932,-0.5748
167167,Anas Hamzaoui,A. Hamzaoui,1996-07-14,871,Perth Glory Football Club,Perth Glory Football Club,Full Back,Full Back,1,428.45,5,19.44,29.81,9767.2,113.99,1367.8,442.0,40.8,100.4,5.4,542.4,46.2,113.6,4.6,98.4,14.2,3.2,0.9,0.0,0.0,27.16,27.16,2703.0,139.04,476.8,132.8,12.0,24.6,1.6,157.4,13.6,29.4,1.2,21.8,2.6,1.0,0.0,4242.8,142.31,733.4,266.6,23.2,71.4,3.0,338.0,26.2,51.0,2.0,41.4,4.8,1.2,0.0,30.0,14.49,0.0,0.48,0.0,2.9,0.97,0.0,1.93,2.9,5.31,0.0,0.97,0.0,0.0,0.0,0.0,0.48,0.0,0.0,0.0,0.48,0.0,0.0,0.0,0.0,0.0,0.0,0.0,0.0,0.0,0.0,0.0,0.0,5.31,0.0,0.0,0.0,0.97,0.48,0.0,1.45,0.48,1.93,0.0,5.31,0.0,0.0,0.0,0.97,0.48,0.0,1.45,0.48,1.93,0.0,10.34,0.0,4.72,0.0,19.05,0.0,7.83,9.15,11.79,0.0,1.93,0.0,0.0,0.0,0.0,0.0,0.0,0.0,0.48,1.45,0.0,1.45,4.35,0.0,0.0,0.0,0.0,0.97,0.0,0.0,1.93,1.45,0.0,0.97,0.0,0.0,0.0,0.0,0.48,0.0,0.0,0.48,0.0,0.0,0.97,0.0,0.0,0.0,0.0,0.48,0.0,0.0,0.48,0.0,0.0,8.59,352.0,169.97,0.0,2.9,113.0,54.56,39.59,72.57,80.84,14.02,0.97,11.11,10.14,0.97,0.48,56.01,16.9,8.69,30.9,13.52,8.69,64.29,72.08,0.97,0.0,13.52,3.86,37.5,1.45,14.49,3.85,-1.937,3.85,-2.035,3.85,-1.945,5.77,-1.849,65.38,0.372,76.92,0.767,57.69,-0.043,7.69,-1.528,34.62,-0.427,13.46,-1.18,67.31,0.533,5.77,-1.432,34.62,-0.351,32.69,-0.45,90.38,1.381,88.46,1.379,89.42,1.114,57.69,-0.031,3.85,-1.805,40.38,-0.387,5.77,-2.186,7.69,-1.712,55.77,0.246,-1.857,-0.804,-1.605,-1.726,-1.09,-1.434,1.167,-1.788,-0.844,-0.851,1.02,-1.279,41.34,5.13,31.09,65.54,47.61,30.99,Balanced contributor,-2.7815,1.1952
50982,Riley Warland,R. Warland,2002-07-04,871,Perth Glory Football Club,Perth Glory Football Club,Full Back,Full Back,1,346.68,4,18.39,30.98,9764.75,112.66,1309.75,573.75,56.75,236.5,13.25,810.25,70.0,98.75,5.75,87.75,14.75,4.5,0.8,2.5,1.48,29.68,29.68,2437.75,132.55,384.5,136.5,12.25,45.5,2.25,182.0,14.5,22.0,1.5,18.75,2.0,0.25,0.0,4588.75,148.1,792.5,388.0,38.5,171.75,8.75,559.75,47.25,52.25,2.75,39.75,6.5,2.5,1.25,8.0,12.35,0.0,0.0,0.0,3.09,1.54,0.0,0.0,3.09,4.63,0.0,0.0,0.0,0.0,0.0,0.0,0.0,0.0,0.0,0.0,0.0,0.0,0.0,0.0,0.0,0.0,0.0,0.0,0.0,0.0,0.0,0.0,0.0,6.17,0.0,0.0,0.0,3.09,1.54,0.0,0.0,0.0,1.54,0.0,4.63,0.0,0.0,0.0,1.54,1.54,0.0,0.0,0.0,1.54,0.0,18.86,0.0,0.0,0.0,21.71,0.0,0.0,21.02,24.4,0.0,3.09,0.0,0.0,0.0,0.0,0.0,0.0,0.0,1.54,1.54,0.0,0.0,0.0,0.0,0.0,0.0,0.0,0.0,0.0,0.0,0.0,0.0,0.0,0.0,0.0,0.0,0.0,0.0,0.0,0.0,0.0,0.0,0.0,0.0,0.0,0.0,0.0,0.0,0.0,0.0,0.0,0.0,0.0,0.0,0.0,6.97,80.0,123.46,0.0,0.0,31.0,47.84,37.04,77.42,78.7,19.43,6.17,12.35,9.26,0.0,0.0,30.86,10.8,6.17,29.32,15.43,9.26,60.0,58.18,0.0,0.0,9.26,3.09,0.0,0.0,15.43,88.46,1.216,57.69,0.207,51.92,0.024,34.62,-0.407,7.69,-1.348,25.0,-0.693,2.88,-1.855,1.92,-1.836,3.85,-1.695,7.69,-1.475,7.69,-1.619,15.38,-1.127,17.31,-0.857,3.85,-1.782,94.23,1.673,59.62,0.291,3.85,-2.413,67.31,0.234,72.12,0.504,23.08,-0.749,80.77,0.747,75.0,0.527,44.23,-0.035,0.092,-0.808,-0.237,-0.737,-0.929,-0.223,0.747,0.671,-0.788,-2.006,-0.957,-1.203,32.05,67.15,6.57,41.03,38.52,30.82,Balanced contributor,-1.7835,-1.6032
50983,Dane James Ingham,Dane Ingham,1999-06-08,1805,Newcastle United Jets FC,Newcastle United Jets FC,Full Back,Full Back; Wide Attacker,2,627.03,7,24.2003,27.5451,10281.135,113.9577,1347.906,523.8065,48.3994,204.624,10.4049,728.4305,58.8131,96.8719,7.0393,83.0588,15.7345,4.8883,0.71,1.4441,1.43,31.9,31.9,3382.1508,139.8406,530.1155,206.8626,18.5979,67.3979,3.1841,274.2605,21.782,31.109,2.5951,22.6621,3.5951,2.2931,0.5559,4011.4967,145.8174,654.734,289.2031,25.7711,124.6256,5.5138,413.8376,31.285,40.5842,1.7373,31.0366,5.0697,0.7373,0.2931,84.0,19.61,0.93,0.47,1.63,2.57,0.93,0.0,2.33,7.7,2.8,0.23,0.0,0.0,0.0,0.0,0.0,0.0,0.0,0.0,0.0,0.0,0.0,0.0,0.0,0.0,0.0,0.0,0.0,0.0,0.0,0.0,0.0,0.0,7.47,0.7,0.23,0.0,1.4,0.23,0.0,0.93,3.27,0.7,0.0,6.3,0.23,0.23,0.0,1.4,0.23,0.0,0.93,2.8,0.47,0.0,12.8,22.42,4.93,16.08,23.02,0.0,12.28,13.18,9.33,15.09,3.5,0.47,0.0,0.47,0.0,0.7,0.0,0.0,1.63,0.23,0.0,1.17,3.97,0.23,0.23,1.4,0.0,0.0,0.0,0.0,1.4,0.7,0.0,0.47,0.0,0.0,0.0,0.0,0.0,0.0,0.0,0.23,0.23,0.0,0.23,0.0,0.0,0.0,0.0,0.0,0.0,0.0,0.23,0.0,0.0,7.81,509.0,118.8,0.0,1.17,185.0,43.18,36.65,84.87,85.1,14.2,1.4,10.74,7.7,1.87,0.0,22.41,4.67,2.8,36.18,13.3,9.8,73.68,75.78,0.7,0.0,17.74,5.37,39.13,2.1,7.7,50.0,-0.116,19.23,-0.847,13.46,-1.006,13.46,-0.953,3.85,-1.566,9.62,-1.336,48.08,-0.201,21.15,-0.793,26.92,-0.672,26.92,-0.751,7.69,-1.619,28.85,-0.665,73.08,0.655,61.54,0.147,25.0,-0.728,13.46,-1.163,13.46,-0.99,71.15,0.486,100.0,2.537,32.69,-0.511,32.69,-0.316,53.85,0.002,51.92,0.239,0.333,-0.023,-0.56,0.373,-0.641,0.138,0.37,0.588,-0.783,-0.982,-0.534,-0.736,21.8,43.91,26.6,42.95,69.67,30.7,Balanced contributor,-1.1822,-0.706
966114,Abdelelah Faisal,A. Faisal,2005-10-27,871,Perth Glory Football Club,Central Coast Mariners Football Club; Perth Glory Football Club,Wide Attacker,Wide Attacker,2,284.55,4,17.5445,25.3779,8139.9651,114.4072,1093.4884,526.7292,56.5116,228.7065,13.2489,755.4356,69.7681,78.4205,5.2458,65.4714,13.7065,2.983,0.91,0.2489,0.0,31.5,31.5,2367.5766,136.095,367.9371,237.941,24.7404,121.3048,5.7542,359.2458,30.4947,25.198,1.4947,16.4576,3.2426,0.7404,0.2489,3683.1201,145.0894,645.9159,261.2828,27.0308,93.1326,6.2489,354.4155,33.2797,32.5053,1.5053,26.2489,5.2426,0.7511,0.0,12.0,23.54,5.89,0.0,1.96,0.0,0.0,0.0,1.96,13.73,0.0,0.0,3.92,1.96,0.0,0.0,0.0,0.0,0.0,0.0,1.96,0.0,0.0,0.0,0.0,0.0,0.0,0.0,0.0,0.0,0.0,0.0,0.0,0.0,13.73,5.89,0.0,1.96,0.0,0.0,0.0,0.0,5.89,0.0,0.0,7.85,5.89,0.0,0.0,0.0,0.0,0.0,0.0,1.96,0.0,0.0,17.88,12.07,0.0,43.42,0.0,0.0,18.8,16.58,0.0,0.0,11.77,5.89,0.0,1.96,0.0,0.0,0.0,0.0,3.92,0.0,0.0,3.92,5.89,3.92,0.0,1.96,0.0,0.0,0.0,0.0,0.0,0.0,0.0,5.89,3.92,0.0,1.96,0.0,0.0,0.0,0.0,0.0,0.0,0.0,3.92,3.92,0.0,0.0,0.0,0.0,0.0,0.0,0.0,0.0,0.0,0.0,52.0,102.03,0.0,1.96,12.0,23.54,13.73,58.33,76.86,13.82,1.96,1.96,3.92,0.0,0.0,1.96,0.0,0.0,25.51,3.92,1.96,50.0,53.74,1.96,0.0,21.58,3.92,50.0,1.96,9.81,7.14,-1.387,50.0,0.128,44.64,-0.09,25.0,-0.727,5.36,-1.769,7.14,-1.488,12.5,-1.192,7.14,-1.048,32.14,-0.523,16.07,-0.509,98.21,2.258,58.93,0.137,41.07,0.108,15.18,-0.901,75.0,0.653,8.93,-1.129,26.79,-0.531,7.14,-1.928,97.32,1.85,12.5,-1.233,82.14,0.75,69.64,0.459,26.79,-0.595,0.234,-1.066,-0.524,-0.671,-0.701,-1.347,1.232,-1.561,-1.691,-0.179,-0.812,-0.871,21.13,54.31,37.5,29.02,35.0,30.67,Balanced contributor,-1.4015,-0.2219
560882,Florin Bérenguer,F. Bérenguer,1989-04-01,1802,Brisbane Roar FC,Brisbane Roar FC,Center Forward,Center Forward; Midfield; Wide Attacker,3,832.91,12,20.683,20.2911,8487.3241,122.2602,1109.1156,333.6446,32.2403,76.4232,4.5024,410.0678,36.7376,80.6163,2.8384,67.9298,8.1639,1.3375,0.8314,0.5044,0.0,27.62,28.22,2988.72,144.903,430.4606,145.5025,13.3537,38.7955,1.8419,184.2981,15.1955,30.0933,0.6643,22.2581,2.6662,0.3338,0.0826,3297.3962,162.5976,591.5339,167.1403,16.3051,34.1474,1.4919,201.2877,17.797,28.954,0.6697,24.0144,3.0863,0.3357,0.1671,147.0,27.5053,1.3111,4.489,4.3065,0.0,0.1877,2.0569,0.7498,8.9838,4.8679,0.5626,0.9374,0.0,0.1877,0.5621,0.0,0.0,0.0,0.0,0.1877,0.0,0.0,0.0,0.0,0.0,0.0,0.0,0.0,0.0,0.0,0.0,0.0,0.0,8.2346,0.3744,1.4949,1.3123,0.0,0.0,0.9379,0.3749,2.0583,1.3126,0.3753,6.3648,0.1872,1.4949,0.7498,0.0,0.0,0.9379,0.3749,1.3076,1.1249,0.1877,12.9048,13.8331,8.548,18.5174,16.49,9.1079,12.6675,12.632,11.9941,18.9949,5.0515,0.3747,0.1877,1.8691,0.0,0.0,0.0,0.1877,1.8702,0.1877,0.3753,6.9252,12.3528,0.9367,0.0,4.1193,0.0,0.1877,0.1877,0.0,4.3017,2.0572,0.5626,2.2446,0.0,0.0,1.3123,0.0,0.0,0.0,0.0,0.3753,0.1877,0.3753,1.1251,0.0,0.0,0.7498,0.0,0.0,0.0,0.0,0.1877,0.0,0.1877,0.0,659.0,123.3139,0.5626,2.6193,210.0,39.2945,33.8716,86.4687,87.3433,12.1073,1.1251,13.1001,7.2999,1.3111,0.9374,11.4157,2.4312,1.6875,26.7611,8.7957,7.2967,80.8256,78.4595,1.5,0.3749,19.8365,4.6801,64.7614,2.9932,4.8673,21.74,-0.804,4.35,-1.788,2.17,-1.886,2.17,-2.016,8.7,-1.374,15.22,-1.114,15.22,-0.997,13.04,-0.742,21.74,-0.541,47.83,-0.221,32.61,-0.601,10.87,-0.927,100.0,0.828,54.35,0.201,58.7,0.153,91.3,1.231,78.26,0.724,84.78,0.923,15.22,-0.872,13.04,-1.038,10.87,-1.378,13.04,-1.267,80.43,0.781,-1.396,-0.917,-1.772,-1.733,-1.508,-1.834,0.949,-1.067,-1.715,-0.86,0.881,-1.431,20.65,10.87,23.55,77.9,92.55,30.11,Progression hub,-3.069,1.2592
11895,Matthew Jurman,M. Jurman,1989-12-08,1804,Macarthur FC,Macarthur FC,Central Defender,Central Defender,1,899.5,10,25.67,23.04,8819.5,98.05,889.2,309.0,25.9,80.0,3.6,389.0,29.5,94.1,4.3,74.5,9.1,1.7,0.72,0.4,0.0,27.04,28.4,2997.4,116.78,275.8,57.2,5.9,9.4,0.3,66.6,6.2,24.2,0.8,20.7,1.9,0.1,0.0,3045.4,132.21,454.9,181.2,16.8,38.1,1.8,219.3,18.6,39.0,1.9,24.9,2.6,0.7,0.1,37.0,5.75,0.16,0.0,0.16,3.42,0.0,0.0,0.78,0.16,1.09,0.0,0.0,0.0,0.0,0.0,0.0,0.0,0.0,0.0,0.0,0.0,0.0,0.0,0.0,0.0,0.0,0.0,0.0,0.0,0.0,0.0,0.0,0.0,2.18,0.0,0.0,0.0,1.4,0.0,0.0,0.62,0.0,0.16,0.0,2.18,0.0,0.0,0.0,1.4,0.0,0.0,0.62,0.0,0.16,0.0,10.55,20.79,0.0,4.61,0.0,0.0,8.17,10.56,8.07,0.0,0.31,0.0,0.0,0.0,0.16,0.0,0.0,0.0,0.0,0.16,0.0,0.16,0.31,0.16,0.0,0.16,0.0,0.0,0.0,0.0,0.0,0.0,0.0,0.0,0.0,0.0,0.0,0.0,0.0,0.0,0.0,0.0,0.0,0.0,0.0,0.0,0.0,0.0,0.0,0.0,0.0,0.0,0.0,0.0,0.0,11.68,832.0,129.39,0.0,1.56,353.0,54.9,47.59,86.68,90.74,17.24,2.8,13.06,10.89,0.31,0.0,37.79,12.75,9.18,16.95,8.71,8.24,94.64,91.23,0.47,0.0,3.58,1.09,28.57,0.31,6.38,31.48,-0.631,7.41,-1.511,5.56,-1.527,12.96,-1.118,9.26,-1.236,12.96,-1.403,60.19,0.016,18.52,-0.795,58.33,-0.201,22.22,-0.645,37.96,-0.443,22.22,-0.679,27.78,0.044,64.81,0.024,74.07,0.427,55.56,0.149,84.26,0.782,88.89,0.994,12.96,-1.134,5.56,-1.591,9.26,-1.336,22.22,-0.745,9.26,-1.416,-1.671,-1.546,-1.746,-0.134,-0.531,-1.289,0.388,-1.274,-1.037,-0.648,0.629,-1.287,9.57,15.74,36.57,65.9,99.94,29.87,Balanced contributor,-2.8236,1.0591
163972,Max Mata,M. Mata,2000-07-10,4177,Auckland FC,Auckland FC,Center Forward,Center Forward,1,515.55,7,18.95,19.23,8305.0,112.76,1214.57,478.29,43.71,76.57,5.14,554.86,48.86,88.57,6.43,68.57,16.43,4.0,0.79,0.71,0.0,27.11,27.52,2671.86,140.98,502.86,229.43,19.86,41.14,2.0,270.57,21.86,31.71,2.0,19.86,5.29,1.0,0.14,2942.43,153.0,584.86,205.71,19.71,29.71,1.86,235.43,21.57,29.43,2.14,23.86,5.29,1.29,0.29,139.0,37.5,6.74,0.27,8.9,0.0,0.0,3.51,1.35,15.11,1.62,0.0,0.54,0.0,0.0,0.27,0.0,0.0,0.0,0.0,0.27,0.0,0.0,0.0,0.0,0.0,0.0,0.0,0.0,0.0,0.0,0.0,0.0,0.0,10.52,1.35,0.27,3.78,0.0,0.0,1.62,0.81,2.7,0.0,0.0,5.13,0.81,0.0,0.54,0.0,0.0,1.08,0.81,1.89,0.0,0.0,12.95,12.04,4.91,14.08,0.0,10.38,14.48,13.62,9.93,0.0,8.63,1.89,0.0,2.7,0.0,0.0,0.54,0.27,2.97,0.27,0.0,11.87,22.39,5.13,0.0,8.9,0.0,0.0,0.0,0.0,7.28,1.08,0.0,5.13,0.0,0.0,3.78,0.0,0.0,0.0,0.0,1.35,0.0,0.0,1.35,0.0,0.0,0.54,0.0,0.0,0.0,0.0,0.81,0.0,0.0,0.0,149.0,40.2,0.0,0.81,59.0,15.92,10.25,64.41,64.43,12.76,0.54,9.44,2.16,1.62,0.27,1.08,0.27,0.27,14.3,5.67,4.05,71.43,60.14,0.0,0.0,9.71,2.97,63.64,1.89,6.74,30.43,-0.563,19.57,-0.969,21.74,-0.86,32.61,-0.651,26.09,-0.683,19.57,-1.054,56.52,0.364,56.52,0.283,80.43,0.702,21.74,-0.649,15.22,-1.047,26.09,-0.369,6.52,-0.572,34.78,-0.554,82.61,0.932,50.0,-0.346,21.74,-0.901,41.3,-0.346,13.04,-1.231,32.61,-0.54,15.22,-1.215,15.22,-1.265,23.91,-0.555,-1.221,-1.102,-1.262,-0.104,0.303,-0.362,0.82,-1.067,-0.461,-0.153,-0.388,-0.998,25.73,21.38,42.75,39.49,57.28,29.45,Balanced contributor,-1.9883,0.2224
26994,Hiroshi Ibusuki,H. Ibusuki,1991-02-27,1803,Western United,Western United,Center Forward,Center Forward,1,2093.04,24,24.74,25.83,9789.67,112.25,1229.04,444.33,37.54,47.88,3.38,492.21,40.92,94.46,5.62,81.83,10.25,3.04,0.7,0.12,0.0,25.73,26.96,3312.33,133.87,541.54,220.71,17.5,28.92,1.5,249.62,19.0,37.0,1.88,23.96,3.46,0.58,0.0,3739.12,144.73,571.17,203.58,17.75,16.46,0.79,220.04,18.54,32.25,1.75,31.21,3.21,0.92,0.04,418.0,28.73,4.12,2.06,8.04,0.07,0.0,0.69,0.27,10.38,2.82,0.27,1.17,0.14,0.0,0.41,0.0,0.0,0.0,0.0,0.41,0.14,0.07,0.14,0.07,0.0,0.0,0.0,0.0,0.0,0.0,0.07,0.0,0.0,8.73,1.17,0.76,2.82,0.07,0.0,0.34,0.14,2.34,0.96,0.14,4.95,0.69,0.69,0.76,0.07,0.0,0.21,0.14,1.58,0.76,0.07,13.41,13.48,6.9,17.51,0.0,6.97,8.74,11.64,14.75,16.9,6.05,1.37,0.07,2.54,0.0,0.0,0.07,0.0,1.44,0.41,0.14,9.49,19.93,3.71,0.14,7.97,0.0,0.0,0.07,0.0,6.26,1.58,0.21,5.71,0.89,0.0,2.82,0.0,0.0,0.07,0.0,1.24,0.55,0.14,2.82,0.55,0.0,0.76,0.0,0.0,0.07,0.0,0.96,0.41,0.07,3.48,811.0,55.75,0.14,1.51,282.0,19.38,14.23,73.4,72.86,13.57,0.48,10.04,3.23,1.65,1.31,2.61,0.82,0.34,20.55,7.22,4.88,67.62,70.49,0.62,0.07,19.18,5.22,60.53,3.16,6.05,13.04,-1.253,8.7,-1.505,8.7,-1.412,19.57,-0.972,47.83,-0.17,54.35,0.196,47.83,0.03,19.57,-0.616,54.35,0.104,13.04,-0.712,41.3,-0.339,13.04,-0.806,19.57,-0.057,63.04,0.315,71.74,0.645,54.35,-0.268,34.78,-0.273,47.83,-0.022,4.35,-2.202,34.78,-0.472,4.35,-1.666,4.35,-1.667,21.74,-0.627,-1.901,0.399,-1.07,-0.471,-1.051,-0.893,0.539,-1.067,-0.647,-0.499,0.074,-1.214,31.16,9.06,31.52,48.55,100.0,29.43,Balanced contributor,-2.4552,0.5355
796012,Fabian Monge,F. Monge,2001-06-12,868,Melbourne Victory Football Club,Melbourne Victory Football Club,Midfield,Midfield,1,64.9,1,18.9,16.12,8853.0,136.41,1886.0,559.0,40.0,15.0,3.0,574.0,43.0,79.0,2.0,69.0,7.0,1.0,0.0,0.0,0.0,24.8,24.8,3357.0,177.62,913.0,104.0,11.0,1.0,0.0,105.0,11.0,23.0,0.0,25.0,1.0,0.0,0.0,3102.0,192.47,855.0,432.0,26.0,14.0,1.0,446.0,27.0,27.0,1.0,20.0,2.0,0.0,0.0,31.0,48.97,0.0,23.7,1.58,0.0,0.0,3.16,3.16,4.74,11.06,1.58,0.0,0.0,0.0,0.0,0.0,0.0,0.0,0.0,0.0,0.0,0.0,0.0,0.0,0.0,0.0,0.0,0.0,0.0,0.0,0.0,0.0,0.0,7.9,0.0,4.74,0.0,0.0,0.0,0.0,0.0,0.0,3.16,0.0,7.9,0.0,4.74,0.0,0.0,0.0,0.0,0.0,0.0,3.16,0.0,13.26,0.0,11.36,32.99,0.0,10.71,19.96,15.02,12.46,14.11,0.0,0.0,0.0,0.0,0.0,0.0,0.0,0.0,0.0,0.0,0.0,0.0,1.58,0.0,0.0,1.58,0.0,0.0,0.0,0.0,0.0,0.0,0.0,0.0,0.0,0.0,0.0,0.0,0.0,0.0,0.0,0.0,0.0,0.0,0.0,0.0,0.0,0.0,0.0,0.0,0.0,0.0,0.0,0.0,0.0,0.0,59.0,93.21,0.0,1.58,19.0,30.02,30.02,100.0,94.58,14.55,1.58,4.74,11.06,0.0,0.0,11.06,1.58,1.58,3.16,0.0,0.0,0.0,0.0,0.0,0.0,9.48,1.58,100.0,1.58,1.58,9.17,-1.277,28.33,-0.607,33.33,-0.456,65.0,0.296,3.33,-2.114,3.33,-2.048,26.67,-0.722,93.33,1.568,6.67,-0.891,56.67,0.188,10.83,-0.985,46.67,-0.234,100.0,1.988,30.0,-0.595,3.33,-1.991,10.0,-1.115,20.0,-0.72,1.67,-2.442,5.0,-1.851,56.67,0.185,15.0,-1.169,1.67,-2.059,98.33,1.934,-0.081,-1.379,-0.902,-1.65,-1.841,-1.492,-1.854,-1.126,-1.692,-0.208,-1.62,-1.211,42.5,21.53,40.14,27.5,35.0,29.41,Balanced contributor,-2.0324,-0.7055
771861,Zane William Schreiber,Z. Schreiber,2005-05-31,2380,Melbourne City FC,Melbourne City FC,Midfield,Midfield,1,749.5,10,23.77,18.57,10025.6,133.75,1919.2,394.5,31.1,39.5,2.8,434.0,33.9,91.4,2.5,84.9,8.2,1.3,0.87,0.3,0.0,25.28,25.98,3880.6,163.23,735.1,83.8,7.6,6.3,0.3,90.1,7.9,29.4,0.2,27.9,1.4,0.0,0.0,3436.3,185.1,1009.6,287.1,20.8,31.0,1.2,318.1,22.0,34.8,0.8,27.0,3.6,0.5,0.1,140.0,21.35,0.3,11.89,0.46,1.68,0.0,0.3,0.0,1.83,4.42,0.46,0.15,0.0,0.15,0.0,0.0,0.0,0.0,0.0,0.0,0.0,0.0,0.0,0.0,0.0,0.0,0.0,0.0,0.0,0.0,0.0,0.0,0.0,6.4,0.0,4.12,0.15,0.46,0.0,0.15,0.0,0.46,1.07,0.0,5.18,0.0,3.81,0.0,0.15,0.0,0.0,0.0,0.46,0.76,0.0,10.15,6.07,11.26,8.02,0.0,17.96,0.0,7.82,8.87,4.77,0.46,0.0,0.15,0.0,0.0,0.0,0.0,0.0,0.0,0.3,0.0,0.46,2.44,0.3,0.0,0.46,0.0,0.0,0.0,0.0,0.61,0.91,0.15,0.46,0.0,0.0,0.15,0.0,0.0,0.0,0.0,0.15,0.15,0.0,0.3,0.0,0.0,0.0,0.0,0.0,0.0,0.0,0.15,0.15,0.0,9.61,944.0,143.93,0.3,2.29,320.0,48.79,41.17,84.38,89.82,16.77,2.44,17.84,13.11,0.46,0.46,26.07,5.34,3.51,14.33,5.95,4.88,82.05,77.45,0.3,0.0,11.59,2.74,66.67,1.83,4.57,35.83,-0.418,8.33,-1.516,8.33,-1.519,13.33,-1.213,15.0,-1.024,35.0,-0.512,35.0,-0.566,23.33,-0.703,23.33,-0.716,20.0,-0.896,25.0,-0.744,26.67,-0.685,78.33,0.754,38.33,-0.437,28.33,-0.772,38.33,-0.459,43.33,-0.173,35.0,-0.432,10.0,-1.43,61.67,0.294,11.67,-1.272,11.67,-1.388,95.0,1.522,-0.932,-0.437,-0.939,-1.109,-1.323,-1.113,0.927,-1.126,-1.205,-0.834,-0.505,-1.292,38.06,15.14,25.55,43.61,83.28,29.16,Balanced contributor,-2.3679,-0.1603
28293,Leonardo de Souza Sena,Léo Sena,1995-12-31,869,Sydney Football Club,Sydney Football Club,Midfield,Midfield,1,1677.42,18,29.1,19.89,10292.67,110.45,1508.33,371.11,30.33,45.33,2.61,416.44,32.94,95.11,4.22,79.72,10.56,2.44,0.69,0.44,1.66,25.83,27.46,3934.39,135.21,600.11,124.17,11.22,13.83,0.44,138.0,11.67,39.67,1.78,31.11,2.78,0.94,0.17,3332.89,167.59,791.33,234.06,17.22,28.61,0.94,262.67,18.17,32.78,1.22,22.72,3.28,0.44,0.17,233.0,15.45,0.0,6.9,0.07,1.53,0.4,0.2,0.53,1.39,4.18,0.27,0.2,0.0,0.0,0.0,0.0,0.07,0.0,0.0,0.07,0.07,0.0,0.07,0.0,0.0,0.0,0.0,0.0,0.0,0.0,0.07,0.0,0.0,5.97,0.0,3.05,0.0,0.46,0.2,0.13,0.27,0.53,1.26,0.07,5.7,0.0,3.05,0.0,0.46,0.2,0.07,0.27,0.4,1.19,0.07,11.31,0.0,10.83,41.11,14.31,7.95,15.41,10.94,12.01,13.8,0.73,0.0,0.13,0.0,0.13,0.13,0.0,0.07,0.07,0.2,0.0,0.33,0.66,0.0,0.0,0.07,0.0,0.07,0.0,0.0,0.27,0.2,0.07,0.2,0.0,0.0,0.0,0.0,0.07,0.0,0.0,0.13,0.0,0.0,0.13,0.0,0.0,0.0,0.0,0.07,0.0,0.0,0.07,0.0,0.0,8.31,4150.0,275.17,0.4,3.91,1076.0,71.34,63.59,89.13,87.9,16.6,6.56,16.24,14.26,0.46,0.6,64.85,17.17,14.99,27.91,9.95,8.09,81.33,78.05,0.86,0.0,18.37,3.51,71.7,2.52,8.29,56.67,-0.017,5.0,-1.612,5.0,-1.611,10.0,-1.428,23.33,-0.698,16.67,-1.013,11.67,-0.889,10.0,-1.188,16.67,-0.766,25.0,-0.689,30.0,-0.664,21.67,-0.814,61.67,0.256,61.67,-0.001,75.0,0.744,100.0,3.443,86.67,1.076,83.33,0.891,20.0,-0.946,11.67,-1.047,8.33,-1.371,15.0,-1.228,1.67,-2.09,-2.148,-0.222,-1.36,0.754,-0.305,0.325,0.352,0.971,-0.518,-0.97,2.13,-0.967,11.39,19.17,19.17,78.06,100.0,28.77,Progression hub,-2.4032,1.8978
560898,Louis Zabala,L. Zabala,2001-01-25,1802,Brisbane Roar FC,Brisbane Roar FC,Full Back,Central Defender; Full Back; Midfield,3,934.01,11,21.9628,25.9335,10093.5945,118.3848,1458.7928,485.1702,40.9137,83.6996,5.3014,568.8632,46.2151,103.4632,4.7121,88.6945,14.6304,2.6211,0.68,0.3892,0.0,26.93,27.52,3229.7097,147.9604,530.5804,169.0361,14.1052,29.8032,1.6787,198.8393,15.7839,30.3464,1.2103,23.4033,3.9822,0.6507,0.0,3949.0335,152.2067,747.5806,271.7448,22.4424,45.5395,2.3525,317.2843,24.8015,43.3824,1.7721,32.5212,3.9418,0.7418,0.1887,187.0,25.9786,0.2784,3.7556,0.2775,3.4741,2.7806,0.4168,1.8046,4.862,6.9429,1.3875,0.2771,0.0,0.1397,0.0,0.0,0.0,0.0,0.0,0.1397,0.0,0.0,0.1397,0.0,0.1397,0.0,0.0,0.0,0.0,0.0,0.0,0.0,0.0,6.9456,0.1392,1.8045,0.0,0.697,0.5592,0.1397,0.8334,1.1122,1.2482,0.4148,6.5307,0.1392,1.6653,0.0,0.697,0.5592,0.1397,0.8334,0.8352,1.2482,0.4148,13.3203,15.32,11.5117,11.9363,19.1991,19.75,16.21,11.8074,13.5369,16.327,3.7495,0.1392,0.1397,0.0,0.277,0.9744,0.0,0.1378,0.5596,0.697,0.8348,0.6988,3.0562,0.2784,0.0,0.2775,0.0,0.5578,0.0,0.0,1.1124,0.4149,0.4153,0.697,0.1392,0.0,0.0,0.0,0.0,0.0,0.0,0.2756,0.0,0.2756,0.5592,0.1392,0.0,0.0,0.0,0.0,0.0,0.0,0.1378,0.0,0.2756,9.207,1017.0,141.2907,0.2775,1.2497,368.0,51.1217,43.0653,84.2223,87.8732,14.0882,2.2243,9.7241,14.1711,0.277,0.4153,28.6205,10.2843,8.0601,20.7022,7.7804,6.2512,79.9492,81.8923,0.2789,0.0,11.5299,2.3636,48.5941,1.1119,7.2217,9.62,-1.446,5.77,-2.033,5.77,-1.931,11.54,-1.376,25.0,-0.802,28.85,-0.564,30.77,-0.582,55.77,0.121,11.54,-1.084,30.77,-0.651,17.31,-1.004,25.0,-0.852,94.23,1.311,21.15,-0.761,21.15,-0.876,84.62,1.107,19.23,-0.893,13.46,-1.167,1.92,-2.016,65.38,0.181,3.85,-2.223,5.77,-1.987,86.54,1.173,-1.451,-0.308,-1.291,-1.63,-0.964,-1.973,0.244,-1.788,-1.112,-0.846,-0.429,-1.517,37.18,6.41,28.53,42.31,100.0,28.4,Balanced contributor,-2.8614,0.0336
471017,Jing Lual Reec,J. Reec,2003-06-12,868,Melbourne Victory Football Club,Melbourne Victory Football Club,Wide Attacker,Wide Attacker,1,62.2,1,17.42,13.57,6746.0,108.46,828.0,377.0,43.0,211.0,12.0,588.0,55.0,68.0,7.0,53.0,18.0,5.0,0.0,2.0,0.0,29.6,29.6,2443.0,140.27,415.0,199.0,26.0,169.0,8.0,368.0,34.0,31.0,3.0,18.0,6.0,2.0,1.0,1845.0,136.0,278.0,144.0,12.0,27.0,2.0,171.0,14.0,16.0,2.0,15.0,3.0,2.0,1.0,20.0,33.71,5.06,0.0,1.69,0.0,5.06,0.0,0.0,16.85,5.06,0.0,1.69,0.0,0.0,0.0,0.0,0.0,0.0,0.0,1.69,0.0,0.0,0.0,0.0,0.0,0.0,0.0,0.0,0.0,0.0,0.0,0.0,0.0,8.43,1.69,0.0,0.0,0.0,1.69,0.0,0.0,5.06,0.0,0.0,8.43,1.69,0.0,0.0,0.0,1.69,0.0,0.0,5.06,0.0,0.0,17.47,22.65,0.0,23.26,20.04,0.0,0.0,13.83,19.93,0.0,11.8,3.37,0.0,0.0,0.0,3.37,0.0,0.0,3.37,1.69,0.0,3.37,18.54,5.06,0.0,1.69,0.0,3.37,0.0,0.0,5.06,3.37,0.0,5.06,1.69,0.0,0.0,0.0,1.69,0.0,0.0,1.69,0.0,0.0,5.06,1.69,0.0,0.0,0.0,1.69,0.0,0.0,1.69,0.0,0.0,0.0,63.0,106.18,0.0,0.0,20.0,33.71,25.28,75.0,83.43,10.33,0.0,5.06,6.74,0.0,1.69,5.06,0.0,0.0,55.62,20.22,13.48,66.67,79.72,0.0,0.0,32.02,8.43,0.0,0.0,6.74,77.68,0.571,16.07,-1.113,8.93,-1.565,1.79,-2.089,1.79,-2.653,1.79,-2.635,87.5,1.111,35.71,-0.169,19.64,-0.733,30.36,-0.354,50.0,0.031,7.14,-0.998,83.93,0.468,5.36,-1.859,32.14,-0.297,8.93,-1.129,6.25,-1.798,100.0,2.307,62.5,0.338,1.79,-2.203,62.5,0.349,62.5,0.188,10.71,-1.482,-1.552,-2.195,-1.794,0.414,0.473,0.306,-2.1,-1.561,0.033,-0.227,-0.503,-1.305,5.66,45.98,38.39,39.44,35.0,27.19,Balanced contributor,-2.4177,0.1029
51043,Harry Van Der Saag,H. Van Der Saag,1999-10-29,1802,Brisbane Roar FC,Brisbane Roar FC,Full Back,Full Back,1,459.48,6,21.22,23.6,8758.17,114.36,1199.17,465.0,41.0,128.67,7.0,593.67,48.0,86.0,4.0,71.67,11.0,2.0,0.81,0.33,0.0,28.33,28.52,2810.67,132.46,416.0,157.67,13.5,51.33,1.83,209.0,15.33,24.83,0.83,19.5,2.33,0.33,0.0,3500.5,148.33,637.67,270.17,23.33,72.17,3.5,342.33,26.83,36.5,1.67,26.5,3.5,0.5,0.0,49.0,19.95,0.81,0.81,1.22,4.07,1.63,0.0,1.22,4.07,5.7,0.41,0.81,0.0,0.0,0.0,0.41,0.41,0.0,0.0,0.0,0.0,0.0,0.0,0.0,0.0,0.0,0.0,0.0,0.0,0.0,0.0,0.0,0.0,10.58,0.0,0.41,0.0,2.44,1.63,0.0,0.0,2.44,3.26,0.41,8.96,0.0,0.41,0.0,2.44,1.22,0.0,0.0,1.63,3.26,0.0,13.11,26.73,8.12,9.41,28.38,0.0,11.81,10.68,10.82,22.06,4.48,0.41,0.0,0.0,0.0,1.22,0.0,0.0,0.81,1.63,0.41,3.26,3.66,0.81,0.0,1.22,0.0,1.22,0.0,0.0,0.0,0.41,0.0,1.22,0.0,0.0,0.0,0.0,1.22,0.0,0.0,0.0,0.0,0.0,0.81,0.0,0.0,0.0,0.0,0.81,0.0,0.0,0.0,0.0,0.0,11.51,274.0,111.55,0.0,0.81,97.0,39.49,29.31,74.22,79.75,15.49,0.41,10.58,6.11,1.22,0.0,27.68,9.36,6.51,28.9,9.77,7.74,79.16,70.66,0.41,0.41,5.29,2.04,60.0,1.22,10.18,7.69,-1.521,7.69,-1.865,7.69,-1.92,7.69,-1.597,1.92,-2.825,1.92,-2.898,44.23,-0.33,25.0,-0.744,86.54,1.156,67.31,0.401,53.85,0.178,71.15,0.439,26.92,-0.609,26.92,-0.661,59.62,0.042,67.31,0.438,7.69,-1.428,30.77,-0.473,19.23,-0.733,5.77,-1.439,9.62,-1.588,11.54,-1.247,57.69,0.324,-1.321,-2.338,-2.197,-2.243,-2.027,-2.551,0.789,-1.788,-2.491,0.23,-0.902,-1.826,13.78,10.58,58.01,36.54,51.05,27.02,Balanced contributor,-3.6257,0.7833
966117,Dean Bosnjak,D. Bosnjak,2006-10-11,1804,Macarthur FC,Macarthur FC,Wide Attacker,Wide Attacker,1,62.53,1,17.72,12.48,7322.0,117.09,1194.0,390.0,40.0,118.0,7.0,508.0,47.0,80.0,4.0,63.0,12.0,4.0,0.0,1.0,0.0,28.5,28.5,2765.0,156.07,585.0,226.0,21.0,63.0,4.0,289.0,25.0,31.0,1.0,25.0,3.0,1.0,0.0,1942.0,155.57,436.0,133.0,14.0,39.0,2.0,172.0,16.0,25.0,1.0,19.0,2.0,1.0,0.0,23.0,39.09,1.7,5.1,0.0,1.7,0.0,0.0,5.1,23.8,1.7,0.0,1.7,0.0,0.0,0.0,0.0,0.0,0.0,0.0,1.7,0.0,0.0,0.0,0.0,0.0,0.0,0.0,0.0,0.0,0.0,0.0,0.0,0.0,18.7,1.7,3.4,0.0,1.7,0.0,0.0,1.7,10.2,0.0,0.0,17.0,0.0,3.4,0.0,1.7,0.0,0.0,1.7,10.2,0.0,0.0,13.05,8.26,5.75,0.0,0.0,0.0,6.93,14.29,33.52,0.0,8.5,1.7,0.0,0.0,0.0,0.0,0.0,1.7,5.1,0.0,0.0,0.0,6.8,0.0,0.0,0.0,0.0,0.0,0.0,0.0,6.8,0.0,0.0,1.7,0.0,0.0,0.0,0.0,0.0,0.0,0.0,1.7,0.0,0.0,1.7,0.0,0.0,0.0,0.0,0.0,0.0,0.0,1.7,0.0,0.0,20.27,74.0,125.78,0.0,0.0,21.0,35.69,30.59,85.71,89.65,10.82,0.0,3.4,10.2,0.0,0.0,15.3,1.7,1.7,50.99,6.8,5.1,75.0,81.78,0.0,0.0,11.9,3.4,50.0,1.7,3.4,33.04,-0.547,5.36,-1.785,5.36,-1.893,5.36,-1.971,7.14,-1.635,5.36,-1.716,17.86,-1.026,62.5,0.296,4.46,-2.015,96.43,1.937,51.79,0.041,94.64,1.201,100.0,0.808,10.71,-1.028,10.71,-1.331,67.86,0.112,6.25,-1.798,16.07,-0.774,30.36,-0.537,23.21,-0.866,15.18,-1.253,14.29,-1.233,46.43,-0.194,-1.602,-1.728,-1.834,-1.442,-1.167,-0.514,-2.1,-1.561,-0.808,0.088,-0.873,-1.565,15.48,17.26,54.61,35.27,35.0,26.81,Balanced contributor,-2.8617,0.2399
799157,Kaelan Majekodunmi,K. Majekodunmi,2004-02-21,871,Perth Glory Football Club,Perth Glory Football Club,Central Defender,Central Defender; Full Back,2,354.81,4,21.0753,31.4776,9827.8906,108.9917,1112.5274,378.3595,35.6938,97.0252,6.6665,475.3765,42.3603,94.2497,3.8244,73.9631,10.5828,2.3703,0.0,0.7407,0.0,29.7,29.7,2677.5343,127.635,293.853,69.6197,6.7407,21.8613,1.1852,91.4809,7.9258,20.9163,0.1852,16.343,1.7311,0.1852,0.1852,4401.9155,140.993,674.4424,278.1843,25.5924,73.6744,3.9354,351.8587,29.5278,46.889,1.6392,34.0646,4.0273,0.9163,0.3703,0.0,0.0,0.0,0.0,0.0,0.0,0.0,0.0,0.0,0.0,0.0,0.0,0.0,0.0,0.0,0.0,0.0,0.0,0.0,0.0,0.0,0.0,0.0,0.0,0.0,0.0,0.0,0.0,0.0,0.0,0.0,0.0,0.0,0.0,0.0,0.0,0.0,0.0,0.0,0.0,0.0,0.0,0.0,0.0,0.0,0.0,0.0,0.0,0.0,0.0,0.0,0.0,0.0,0.0,0.0,0.0,0.0,0.0,0.0,0.0,0.0,0.0,0.0,0.0,0.0,0.0,0.0,0.0,0.0,0.0,0.0,0.0,0.0,0.0,0.0,0.0,0.0,0.0,0.0,0.0,0.0,0.0,0.0,0.0,0.0,0.0,0.0,0.0,0.0,0.0,0.0,0.0,0.0,0.0,0.0,0.0,0.0,0.0,0.0,0.0,0.0,0.0,0.0,0.0,0.0,0.0,0.0,0.0,0.0,0.0,0.0,0.0,0.0,0.0,0.0,0.0,0.0,0.0,0.0,0.0,0.0,0.0,0.0,0.0,0.0,0.0,0.0,0.0,0.0,0.0,0.0,0.0,0.0,0.0,0.0,0.0,0.0,0.0,0.0,0.0,0.0,0.0,55.56,0.151,51.85,0.085,48.15,-0.01,48.15,-0.151,11.11,-1.219,9.26,-1.474,19.44,-0.765,1.85,-2.086,19.44,-0.73,3.7,-1.999,37.96,-0.443,3.7,-1.992,1.85,-7.174,18.52,-0.842,1.85,-2.509,2.78,-2.649,9.26,-1.142,1.85,-3.131,91.67,1.373,37.04,-0.49,68.52,0.435,42.59,-0.168,74.07,0.626,0.624,-0.28,-0.1,-0.856,0.223,-0.457,-2.018,-1.274,-0.081,-1.889,-4.535,-1.646,38.58,59.11,14.35,6.02,39.42,26.55,Balanced contributor,-1.8864,-4.5651
42510,Scott Wootton,S. Wootton,1991-09-12,867,Wellington Phoenix FC,Wellington Phoenix FC,Central Defender,Central Defender,1,2447.5,25,25.61,30.54,9548.36,97.53,1028.08,260.6,21.6,46.68,2.28,307.28,23.88,100.28,3.68,82.56,6.6,1.76,0.69,0.2,1.81,26.59,29.36,2915.4,113.83,308.4,42.0,3.36,7.32,0.04,49.32,3.4,25.76,0.6,21.08,1.64,0.32,0.04,3941.48,129.05,565.2,190.4,15.52,35.2,1.12,225.6,16.64,49.92,1.56,37.68,2.68,0.76,0.08,87.0,5.14,0.0,0.18,0.0,4.49,0.0,0.0,0.0,0.0,0.47,0.0,0.0,0.0,0.0,0.0,0.0,0.0,0.0,0.0,0.0,0.0,0.0,0.0,0.0,0.0,0.0,0.0,0.0,0.0,0.0,0.0,0.0,0.0,2.48,0.0,0.06,0.0,2.19,0.0,0.0,0.0,0.0,0.24,0.0,2.48,0.0,0.06,0.0,2.19,0.0,0.0,0.0,0.0,0.24,0.0,10.59,0.0,16.72,0.0,0.0,0.0,0.0,0.0,10.85,0.0,0.18,0.0,0.0,0.0,0.18,0.0,0.0,0.0,0.0,0.0,0.0,0.0,0.0,0.0,0.0,0.0,0.0,0.0,0.0,0.0,0.0,0.0,0.0,0.0,0.0,0.0,0.0,0.0,0.0,0.0,0.0,0.0,0.0,0.0,0.0,0.0,0.0,0.0,0.0,0.0,0.0,0.0,0.0,0.0,0.0,10.32,3339.0,197.43,0.06,0.47,1228.0,72.61,65.16,89.74,92.32,18.62,5.68,12.77,17.5,0.12,0.06,53.45,14.78,10.76,25.6,10.94,9.52,87.03,85.47,0.18,0.0,2.07,0.95,31.25,0.3,6.56,14.81,-1.091,1.85,-2.209,1.85,-2.193,1.85,-1.794,24.07,-0.546,35.19,-0.335,19.44,-0.765,12.96,-0.932,19.44,-0.73,36.11,-0.459,37.96,-0.443,32.41,-0.498,48.15,0.169,62.04,-0.004,79.63,0.51,72.22,0.63,27.78,-0.562,98.15,1.634,7.41,-1.558,16.67,-0.906,1.85,-2.098,3.7,-1.876,7.41,-1.513,-2.283,-0.631,-1.696,-1.075,-1.801,-1.214,0.288,1.167,-1.797,-0.902,0.618,-1.747,14.51,5.24,26.39,64.66,100.0,25.64,Balanced contributor,-3.7046,1.2347
50963,Jordan Elsey,J. Elsey,1994-03-02,866,Adelaide United Football Club,Adelaide United Football Club,Central Defender,Central Defender,1,200.8,2,30.11,22.87,9962.5,99.23,1081.0,347.5,31.0,114.5,4.0,462.0,35.0,103.0,4.0,84.5,7.0,2.0,0.0,0.0,0.0,27.85,27.85,3513.5,116.7,352.5,60.5,5.5,8.5,0.0,69.0,5.5,27.0,2.0,23.5,2.0,0.0,0.0,3362.0,147.03,573.0,251.5,21.5,104.5,2.5,356.0,24.0,43.0,1.5,30.5,2.0,1.0,0.0,3.0,3.46,0.0,0.0,0.0,3.46,0.0,0.0,0.0,0.0,0.0,0.0,0.0,0.0,0.0,0.0,0.0,0.0,0.0,0.0,0.0,0.0,0.0,0.0,0.0,0.0,0.0,0.0,0.0,0.0,0.0,0.0,0.0,0.0,2.31,0.0,0.0,0.0,2.31,0.0,0.0,0.0,0.0,0.0,0.0,2.31,0.0,0.0,0.0,2.31,0.0,0.0,0.0,0.0,0.0,0.0,5.32,0.0,0.0,0.0,0.0,0.0,0.0,0.0,0.0,0.0,0.0,0.0,0.0,0.0,0.0,0.0,0.0,0.0,0.0,0.0,0.0,0.0,0.0,0.0,0.0,0.0,0.0,0.0,0.0,0.0,0.0,0.0,0.0,0.0,0.0,0.0,0.0,0.0,0.0,0.0,0.0,0.0,0.0,0.0,0.0,0.0,0.0,0.0,0.0,0.0,0.0,0.0,0.0,0.0,0.0,5.32,97.0,111.84,0.0,1.15,44.0,50.73,46.12,90.91,95.11,18.08,1.15,11.53,9.22,0.0,0.0,31.13,5.76,3.46,13.84,4.61,3.46,75.0,88.05,0.0,0.0,0.0,0.0,0.0,0.0,2.31,7.41,-1.55,24.07,-0.828,24.07,-0.737,28.7,-0.581,38.89,-0.243,45.37,-0.078,19.44,-0.765,5.56,-1.31,19.44,-0.73,27.78,-0.564,37.96,-0.443,24.07,-0.601,98.15,0.391,18.52,-0.842,5.56,-1.446,5.56,-1.595,68.52,0.277,9.26,-1.399,37.04,-0.371,27.78,-0.645,13.89,-1.105,70.37,0.426,20.37,-1.196,-0.96,-0.112,-0.756,-0.589,-1.598,-0.917,-2.018,-1.274,-0.402,-1.04,-1.199,-1.251,30.86,30.25,22.38,34.26,35.0,25.25,Balanced contributor,-2.1338,-1.0392
18851,Ryan Edmondson,R. Edmondson,2001-05-20,870,Central Coast Mariners Football Club,Central Coast Mariners Football Club,Center Forward,Center Forward,1,365.35,5,21.16,24.37,8326.0,113.95,977.6,441.0,47.4,193.4,9.0,634.4,56.4,92.4,5.6,76.2,14.2,4.6,0.73,1.4,1.78,29.88,29.88,2668.4,126.09,361.6,176.0,20.4,107.4,5.2,283.4,25.6,31.4,2.0,20.4,3.4,1.2,0.4,3580.2,146.93,533.4,234.2,23.4,63.8,2.8,298.0,26.2,41.2,1.6,35.6,5.8,1.2,0.2,24.0,28.5,5.94,1.19,5.94,0.0,1.19,1.19,0.0,9.5,3.56,0.0,0.0,0.0,0.0,0.0,0.0,0.0,0.0,0.0,0.0,0.0,0.0,0.0,0.0,0.0,0.0,0.0,0.0,0.0,0.0,0.0,0.0,0.0,4.75,0.0,1.19,1.19,0.0,0.0,0.0,0.0,1.19,1.19,0.0,2.38,0.0,1.19,0.0,0.0,0.0,0.0,0.0,1.19,0.0,0.0,15.31,13.15,3.01,16.42,23.12,6.16,0.0,20.7,7.25,0.0,8.31,1.19,0.0,3.56,0.0,1.19,0.0,0.0,2.38,0.0,0.0,4.75,13.06,2.38,0.0,5.94,0.0,0.0,0.0,0.0,4.75,0.0,0.0,1.19,0.0,0.0,1.19,0.0,0.0,0.0,0.0,0.0,0.0,0.0,0.0,0.0,0.0,0.0,0.0,0.0,0.0,0.0,0.0,0.0,0.0,0.0,21.0,24.94,0.0,0.0,10.0,11.88,7.13,60.0,73.39,9.65,0.0,8.31,0.0,1.19,0.0,0.0,0.0,0.0,10.69,3.56,3.56,100.0,74.22,0.0,0.0,4.75,1.19,100.0,1.19,2.38,71.74,0.243,32.61,-0.459,30.43,-0.529,17.39,-1.003,39.13,-0.35,43.48,-0.334,19.57,-0.901,17.39,-0.64,13.04,-1.088,6.52,-1.604,6.52,-1.654,6.52,-1.778,21.74,-0.025,17.39,-1.032,19.57,-0.881,17.39,-0.647,7.61,-1.629,30.43,-0.538,71.74,0.718,8.7,-1.657,45.65,-0.226,67.39,0.373,30.43,-0.388,-0.406,-1.08,-1.186,-0.48,-0.186,-0.03,0.633,1.367,-0.652,-1.636,-1.031,-1.454,28.62,50.72,11.59,19.02,40.59,24.0,Balanced contributor,-2.4452,-1.217
795544,Wataru Kamijo,W. Kamijo,2006-04-17,869,Sydney Football Club,Sydney Football Club,Midfield,Midfield,1,325.24,4,25.4,20.53,9793.0,120.44,1607.75,515.5,42.0,68.25,4.5,583.75,46.5,92.25,3.25,81.5,11.5,2.25,0.74,0.25,0.0,26.27,26.27,3548.5,139.73,519.5,72.0,6.5,11.0,0.75,83.0,7.25,34.0,1.25,26.75,1.75,1.0,0.0,3695.25,180.0,1000.0,433.25,31.25,54.0,2.75,487.25,34.0,34.0,1.25,27.0,4.5,1.0,0.0,42.0,12.43,0.0,7.1,0.0,2.37,0.3,0.0,0.59,0.0,2.07,0.0,0.0,0.0,0.0,0.0,0.0,0.0,0.0,0.0,0.0,0.0,0.0,0.0,0.0,0.0,0.0,0.0,0.0,0.0,0.0,0.0,0.0,0.0,3.25,0.0,2.07,0.0,0.3,0.3,0.0,0.0,0.0,0.59,0.0,3.25,0.0,2.07,0.0,0.3,0.3,0.0,0.0,0.0,0.59,0.0,10.21,0.0,8.68,0.0,6.13,0.0,4.0,0.0,14.17,0.0,0.3,0.0,0.0,0.0,0.0,0.3,0.0,0.0,0.0,0.0,0.0,0.0,0.3,0.0,0.0,0.0,0.0,0.0,0.0,0.0,0.0,0.3,0.0,0.0,0.0,0.0,0.0,0.0,0.0,0.0,0.0,0.0,0.0,0.0,0.0,0.0,0.0,0.0,0.0,0.0,0.0,0.0,0.0,0.0,0.0,13.38,453.0,134.02,0.0,2.37,142.0,42.01,34.91,83.1,86.95,12.89,0.59,14.5,11.54,0.89,0.0,24.26,7.69,5.33,10.95,5.03,4.14,82.35,77.34,0.59,0.0,5.62,1.18,100.0,1.18,6.8,28.33,-0.561,46.67,-0.257,45.83,-0.218,50.0,-0.103,16.67,-0.95,20.0,-0.841,5.0,-0.954,3.33,-1.437,6.67,-0.891,3.33,-1.665,10.83,-0.985,1.67,-1.63,43.33,0.01,16.67,-0.848,56.67,0.137,70.0,0.16,47.5,-0.111,23.33,-0.736,27.5,-0.56,28.33,-0.723,39.17,-0.39,23.33,-0.601,28.33,-0.541,-0.516,-0.624,-0.625,-0.296,0.101,0.086,0.512,-1.126,-0.42,-1.464,-0.461,-1.078,31.67,35.69,5.14,42.92,36.14,23.95,Balanced contributor,-1.8109,-0.8317
998558,Austin Ludwik,A. Ludwik,1997-02-11,1802,Brisbane Roar FC,Brisbane Roar FC,Central Defender,Central Defender,1,204.51,3,16.11,25.25,7494.33,109.94,857.67,281.33,27.67,60.0,4.33,341.33,32.0,77.0,3.0,66.0,7.33,1.67,0.0,0.33,0.0,27.37,27.37,2167.67,134.59,261.67,61.0,6.67,13.67,0.67,74.67,7.33,15.0,1.0,12.67,1.67,1.0,0.0,3397.0,134.53,468.33,185.0,17.0,43.0,2.67,228.0,19.67,38.67,1.0,31.33,2.33,0.67,0.0,12.0,7.43,0.0,0.0,0.0,6.19,0.0,0.0,0.0,0.0,1.24,0.0,0.0,0.0,0.0,0.0,0.0,0.0,0.0,0.0,0.0,0.0,0.0,0.0,0.0,0.0,0.0,0.0,0.0,0.0,0.0,0.0,0.0,0.0,2.48,0.0,0.0,0.0,1.86,0.0,0.0,0.0,0.0,0.62,0.0,2.48,0.0,0.0,0.0,1.86,0.0,0.0,0.0,0.0,0.62,0.0,8.86,0.0,0.0,0.0,0.0,0.0,0.0,0.0,5.28,0.0,0.0,0.0,0.0,0.0,0.0,0.0,0.0,0.0,0.0,0.0,0.0,0.0,0.0,0.0,0.0,0.0,0.0,0.0,0.0,0.0,0.0,0.0,0.0,0.0,0.0,0.0,0.0,0.0,0.0,0.0,0.0,0.0,0.0,0.0,0.0,0.0,0.0,0.0,0.0,0.0,0.0,0.0,0.0,0.0,0.0,9.57,216.0,133.77,0.0,0.0,78.0,48.31,41.49,85.9,86.52,16.81,3.1,13.01,9.91,0.0,0.62,42.11,12.39,8.05,16.72,8.05,6.81,84.62,90.12,0.0,0.0,1.86,0.62,100.0,0.62,6.19,25.93,-0.792,14.81,-1.201,12.96,-1.253,7.41,-1.504,1.85,-3.144,1.85,-2.529,19.44,-0.765,37.04,-0.418,19.44,-0.73,36.11,-0.459,37.96,-0.443,32.41,-0.498,5.56,-0.292,85.19,0.889,72.22,0.34,38.89,-0.196,9.26,-1.142,59.26,0.278,22.22,-0.823,3.7,-1.746,21.3,-0.914,11.11,-1.424,79.63,0.803,-0.879,-3.21,-2.073,-2.108,-1.43,-1.326,-2.018,-1.274,-1.922,-0.781,-0.032,-1.562,18.21,16.82,30.4,45.06,35.0,23.19,Balanced contributor,-3.2112,0.6231
797298,Adam Zimarino,A. Zimarino,2001-08-28,1802,Brisbane Roar FC,Brisbane Roar FC,Center Forward,Center Forward; Wide Attacker,2,335.57,5,19.2335,21.2363,8183.5879,121.934,1270.8914,419.2949,37.6384,56.0497,4.2144,475.3387,41.8528,80.6031,3.5925,67.5736,8.5819,2.1955,0.0,0.2038,0.0,26.95,26.95,2560.2223,133.0844,398.3624,145.3592,14.0,33.9365,1.6031,179.2898,15.6031,24.3969,0.9917,17.3993,2.9917,0.5925,0.0,3444.1655,162.1656,750.7396,241.3704,19.6302,20.1026,1.4075,261.467,21.0377,29.6007,1.0083,26.9894,2.5925,0.1955,0.0,66.0,27.836,6.3223,0.4178,8.431,0.0,0.4223,0.4223,1.683,8.8577,1.2663,0.0,0.8441,0.4178,0.0,0.0,0.0,0.0,0.0,0.4178,0.0,0.0,0.0,0.4178,0.4178,0.0,0.0,0.0,0.0,0.0,0.0,0.0,0.0,0.0,8.8533,2.5322,0.0,2.9544,0.0,0.0,0.0,0.8401,1.6881,0.8401,0.0,5.0631,1.6881,0.0,0.4178,0.0,0.0,0.0,0.8401,1.2619,0.8401,0.0,12.8983,13.5529,3.46,19.0208,11.34,22.25,6.8578,9.7109,11.3419,0.0,5.0592,2.1104,0.0,1.6842,0.0,0.0,0.0,0.0,0.8401,0.4178,0.0,10.1191,17.2887,4.2163,0.0,8.431,0.0,0.0,0.0,0.0,4.6413,0.0,0.0,5.9044,2.106,0.0,2.9544,0.0,0.0,0.0,0.0,0.8441,0.0,0.0,2.106,1.2619,0.0,0.4178,0.0,0.0,0.0,0.0,0.4178,0.0,0.0,0.0,114.0,48.0748,0.0,1.6881,33.0,13.9184,10.539,76.3892,74.501,13.5409,0.8441,3.7973,2.95,0.8441,1.2619,1.2663,0.4178,0.4178,13.0712,5.0631,2.5322,46.4104,66.1044,0.8441,0.0,15.1827,3.7929,55.2516,2.106,3.7973,15.22,-1.155,10.87,-1.442,13.04,-1.403,10.87,-1.208,6.52,-1.375,8.7,-1.148,30.43,-0.328,15.22,-0.708,60.87,0.262,19.57,-0.673,26.09,-0.706,17.39,-0.776,30.43,0.043,39.13,-0.406,47.83,-0.292,60.87,-0.182,41.3,-0.113,17.39,-0.94,10.87,-1.344,39.13,-0.275,8.7,-1.452,8.7,-1.553,76.09,0.736,-1.168,-1.224,-1.479,-1.391,-1.416,-1.36,-1.649,-1.067,-1.066,-0.625,-0.41,-1.368,25.36,11.23,28.26,39.49,37.29,22.39,Balanced contributor,-2.645,0.136
970049,Frans Deli,F. Deli,2005-07-08,1804,Macarthur FC,Macarthur FC,Midfield,Midfield,1,313.76,4,20.09,21.24,9369.5,119.45,1619.75,370.0,31.25,34.25,2.75,404.25,34.0,95.25,2.5,88.0,8.25,1.0,0.95,0.0,0.0,25.18,25.18,3024.5,150.54,544.75,50.25,6.0,6.75,0.25,57.0,6.25,27.5,0.5,21.25,2.0,0.0,0.0,3586.75,168.89,907.0,281.0,20.75,25.75,1.25,306.75,22.0,37.5,0.75,31.25,2.25,0.0,0.0,40.0,22.04,0.55,8.82,0.0,2.2,0.55,0.55,1.1,2.2,4.41,1.65,0.0,0.0,0.0,0.0,0.0,0.0,0.0,0.0,0.0,0.0,0.0,0.0,0.0,0.0,0.0,0.0,0.0,0.0,0.0,0.0,0.0,0.0,3.86,0.0,1.1,0.0,0.55,0.0,0.55,0.55,0.55,0.0,0.55,3.86,0.0,1.1,0.0,0.55,0.0,0.55,0.55,0.55,0.0,0.55,10.93,12.76,9.92,0.0,6.24,10.94,7.8,13.12,11.97,15.88,1.1,0.0,0.0,0.0,0.0,0.0,0.0,0.0,0.0,0.55,0.55,2.2,2.2,0.55,0.0,0.0,0.0,0.0,0.0,0.0,1.1,0.55,0.0,0.0,0.0,0.0,0.0,0.0,0.0,0.0,0.0,0.0,0.0,0.0,0.0,0.0,0.0,0.0,0.0,0.0,0.0,0.0,0.0,0.0,0.0,9.2,279.0,153.72,0.0,2.75,82.0,45.18,40.77,90.24,87.46,13.93,2.2,9.37,11.02,0.55,0.55,15.43,3.31,2.75,13.77,2.75,2.2,80.0,61.2,0.55,0.0,27.0,7.16,61.54,4.41,7.16,9.17,-1.277,10.0,-1.506,10.0,-1.501,7.5,-1.438,25.0,-0.686,41.67,-0.213,31.67,-0.609,26.67,-0.646,63.33,-0.053,6.67,-1.422,10.83,-0.985,6.67,-1.447,51.67,0.142,88.33,1.194,65.0,0.283,28.33,-0.717,63.33,0.182,5.0,-1.536,6.67,-1.517,33.33,-0.684,10.0,-1.298,10.0,-1.532,21.67,-0.695,-1.823,-0.964,-1.423,-1.109,-1.301,-1.492,1.183,-1.126,-1.395,-0.999,-0.15,-1.722,23.2,8.89,24.31,50.28,35.0,22.18,Balanced contributor,-3.3281,0.3371
5805,Kévin Boli,K. Boli,1991-06-21,1804,Macarthur FC,Macarthur FC,Central Defender,Central Defender,1,745.12,8,24.3,24.05,8978.88,96.4,925.88,317.12,29.0,72.75,4.0,389.88,33.0,97.38,4.38,81.0,9.25,3.0,0.78,0.5,0.0,27.52,28.48,2868.75,118.07,287.38,65.5,6.75,14.88,0.75,80.38,7.5,26.25,1.38,20.12,2.25,0.5,0.0,3203.38,133.18,497.38,211.12,18.0,49.5,2.12,260.62,20.12,40.62,1.88,29.0,2.0,1.12,0.38,17.0,3.17,0.19,0.56,0.19,2.05,0.0,0.0,0.19,0.0,0.0,0.0,0.0,0.0,0.0,0.0,0.0,0.0,0.0,0.0,0.0,0.0,0.0,0.0,0.0,0.0,0.0,0.0,0.0,0.0,0.0,0.0,0.0,0.0,1.3,0.0,0.19,0.0,0.93,0.0,0.0,0.19,0.0,0.0,0.0,1.3,0.0,0.19,0.0,0.93,0.0,0.0,0.19,0.0,0.0,0.0,8.53,6.09,6.18,6.38,0.0,0.0,6.07,0.0,0.0,0.0,0.0,0.0,0.0,0.0,0.0,0.0,0.0,0.0,0.0,0.0,0.0,0.19,0.37,0.19,0.0,0.19,0.0,0.0,0.0,0.0,0.0,0.0,0.0,0.0,0.0,0.0,0.0,0.0,0.0,0.0,0.0,0.0,0.0,0.0,0.0,0.0,0.0,0.0,0.0,0.0,0.0,0.0,0.0,0.0,0.0,9.82,557.0,103.83,0.19,0.75,253.0,47.16,38.96,82.61,90.54,19.74,5.22,13.61,10.81,0.19,0.0,24.23,7.83,4.85,9.51,4.85,3.73,76.92,87.43,0.19,0.19,1.3,0.19,0.0,0.0,4.85,40.74,-0.402,16.67,-1.077,20.37,-1.047,14.81,-1.005,16.67,-0.87,24.07,-0.542,66.67,0.167,3.7,-1.375,61.11,-0.101,9.26,-1.191,37.96,-0.443,9.26,-1.209,24.07,0.028,18.52,-0.842,38.89,-0.277,11.11,-1.171,46.3,-0.217,11.11,-1.264,29.63,-0.682,7.41,-1.41,13.89,-1.105,14.81,-0.991,1.85,-1.724,-1.448,-1.346,-1.428,-0.012,-0.454,0.325,0.589,-1.274,-0.304,-0.979,-0.973,-1.47,13.58,22.38,31.33,25.0,82.79,22.16,Balanced contributor,-2.7154,-0.6395
50973,Joe Caletti,J. Caletti,1998-09-14,1802,Brisbane Roar FC,Brisbane Roar FC,Midfield,Midfield,1,68.68,1,21.32,21.52,9111.0,132.65,1756.0,473.0,40.0,31.0,4.0,504.0,44.0,95.0,3.0,84.0,12.0,2.0,0.0,0.0,0.0,25.2,25.2,3296.0,154.62,575.0,115.0,9.0,13.0,2.0,128.0,11.0,24.0,0.0,25.0,2.0,0.0,0.0,3793.0,176.28,997.0,335.0,28.0,16.0,1.0,351.0,29.0,42.0,1.0,32.0,3.0,1.0,0.0,16.0,22.96,0.0,7.17,0.0,2.87,0.0,2.87,1.43,2.87,5.74,0.0,0.0,0.0,0.0,0.0,0.0,0.0,0.0,0.0,0.0,0.0,0.0,0.0,0.0,0.0,0.0,0.0,0.0,0.0,0.0,0.0,0.0,0.0,5.74,0.0,4.3,0.0,1.43,0.0,0.0,0.0,0.0,0.0,0.0,5.74,0.0,4.3,0.0,1.43,0.0,0.0,0.0,0.0,0.0,0.0,10.59,0.0,14.18,0.0,0.0,10.86,9.98,8.34,9.66,0.0,1.43,0.0,1.43,0.0,0.0,0.0,0.0,0.0,0.0,0.0,0.0,0.0,0.0,0.0,0.0,0.0,0.0,0.0,0.0,0.0,0.0,0.0,0.0,0.0,0.0,0.0,0.0,0.0,0.0,0.0,0.0,0.0,0.0,0.0,0.0,0.0,0.0,0.0,0.0,0.0,0.0,0.0,0.0,0.0,0.0,5.78,97.0,139.17,0.0,0.0,35.0,50.22,45.91,91.43,91.97,13.95,1.43,22.96,11.48,0.0,0.0,11.48,1.43,1.43,12.91,2.87,1.43,50.0,74.72,0.0,0.0,1.43,0.0,0.0,0.0,2.87,9.17,-1.277,33.33,-0.507,33.33,-0.456,33.33,-0.493,21.67,-0.708,30.0,-0.599,2.5,-1.008,28.33,-0.571,6.67,-0.891,26.67,-0.673,10.83,-0.985,20.0,-0.883,93.33,1.311,1.67,-1.594,6.67,-1.465,6.67,-1.166,3.33,-1.939,3.33,-1.853,8.33,-1.5,43.33,-0.239,34.17,-0.65,5.0,-1.621,93.33,1.351,-0.406,-1.172,-0.805,-0.567,0.316,-0.23,-1.854,-1.126,-0.019,-0.97,-2.229,-1.277,42.5,20.56,15.83,19.17,35.0,21.84,Balanced contributor,-1.8812,-1.9961
51713,Callan Elliot,C. Elliott,1999-07-07,4177,Auckland FC,Auckland FC,Full Back,Full Back,1,531.48,6,21.59,23.3,9613.17,108.53,1300.67,559.67,53.33,166.17,10.17,725.83,63.5,106.5,6.33,85.83,16.83,4.67,0.71,0.83,1.35,28.83,29.08,2917.33,135.11,450.0,163.5,17.33,50.67,3.33,214.17,20.67,29.67,2.0,23.83,3.33,1.33,0.33,3458.33,148.44,656.83,339.67,28.5,90.5,5.33,430.17,33.83,43.5,2.17,28.5,6.5,1.67,0.17,30.0,16.41,0.55,0.55,0.55,2.74,1.09,0.0,2.74,4.92,3.28,0.0,0.55,0.0,0.0,0.0,0.0,0.0,0.0,0.0,0.55,0.0,0.0,0.55,0.0,0.0,0.0,0.0,0.0,0.0,0.0,0.55,0.0,0.0,4.38,0.55,0.0,0.55,0.55,0.0,0.0,0.0,2.74,0.0,0.0,3.28,0.55,0.0,0.0,0.55,0.0,0.0,0.0,2.19,0.0,0.0,14.03,20.74,5.32,5.32,29.8,0.0,9.63,11.37,22.41,0.0,3.83,0.0,0.0,0.0,0.0,0.55,0.0,0.0,1.64,1.64,0.0,0.55,1.09,0.0,0.0,0.55,0.0,0.55,0.0,0.0,0.0,0.0,0.0,0.55,0.0,0.0,0.55,0.0,0.0,0.0,0.0,0.0,0.0,0.0,0.0,0.0,0.0,0.0,0.0,0.0,0.0,0.0,0.0,0.0,0.0,9.0,223.0,122.01,0.55,2.74,64.0,35.02,25.72,73.44,78.46,14.69,1.09,6.57,9.85,1.09,0.0,17.51,3.28,2.19,26.26,9.3,6.57,70.59,73.0,1.64,0.55,16.41,3.83,42.86,1.64,9.3,13.46,-0.89,29.81,-0.405,32.69,-0.398,25.0,-0.561,30.77,-0.451,17.31,-0.956,5.77,-1.401,15.38,-1.253,9.62,-1.214,1.92,-2.059,35.58,-0.399,3.85,-1.763,15.38,-0.914,40.38,-0.276,44.23,-0.231,9.62,-1.426,84.62,0.919,15.38,-1.018,46.15,-0.275,21.15,-0.806,28.85,-0.404,25.0,-0.63,17.31,-0.907,-0.733,-1.038,-0.798,-0.238,-0.321,-0.065,0.37,0.455,-0.714,-1.689,-0.988,-1.495,23.56,28.52,12.02,34.93,59.05,21.84,Balanced contributor,-2.4732,-1.2018
966116,Joshua Damevski,J. Damevski,2005-09-30,1804,Macarthur FC,Macarthur FC,Central Defender,Central Defender,1,86.02,1,17.38,21.97,8348.0,97.05,943.0,318.0,26.0,57.0,3.0,375.0,29.0,90.0,5.0,67.0,7.0,4.0,0.0,0.0,0.0,27.8,27.8,2126.0,122.3,262.0,70.0,6.0,7.0,0.0,77.0,6.0,18.0,1.0,13.0,2.0,1.0,0.0,2994.0,136.3,511.0,196.0,16.0,49.0,1.0,245.0,17.0,37.0,2.0,28.0,2.0,1.0,0.0,8.0,13.97,0.0,1.75,1.75,6.98,0.0,0.0,0.0,1.75,1.75,0.0,0.0,0.0,0.0,0.0,0.0,0.0,0.0,0.0,0.0,0.0,0.0,0.0,0.0,0.0,0.0,0.0,0.0,0.0,0.0,0.0,0.0,0.0,0.0,0.0,0.0,0.0,0.0,0.0,0.0,0.0,0.0,0.0,0.0,0.0,0.0,0.0,0.0,0.0,0.0,0.0,0.0,0.0,0.0,0.0,9.37,0.0,15.39,4.15,0.0,0.0,0.0,10.39,9.04,0.0,1.75,0.0,0.0,0.0,0.0,0.0,0.0,0.0,1.75,0.0,0.0,1.75,1.75,0.0,0.0,1.75,0.0,0.0,0.0,0.0,0.0,0.0,0.0,0.0,0.0,0.0,0.0,0.0,0.0,0.0,0.0,0.0,0.0,0.0,0.0,0.0,0.0,0.0,0.0,0.0,0.0,0.0,0.0,0.0,0.0,8.99,70.0,122.24,0.0,0.0,26.0,45.4,40.16,88.46,92.3,20.94,5.24,3.49,8.73,0.0,0.0,29.69,1.75,0.0,5.24,1.75,1.75,100.0,95.35,0.0,0.0,0.0,0.0,0.0,0.0,3.49,7.41,-1.55,5.56,-1.573,7.41,-1.511,16.67,-0.993,7.41,-1.693,3.7,-2.396,98.15,3.644,88.89,1.051,100.0,5.059,3.7,-1.999,37.96,-0.443,3.7,-1.992,46.3,0.168,18.52,-0.842,15.74,-0.903,2.78,-2.649,9.26,-1.142,5.56,-2.255,35.19,-0.418,11.11,-1.325,5.56,-1.682,9.26,-1.526,3.7,-1.603,-1.48,-2.138,-1.937,0.929,-1.598,1.566,-2.018,-1.274,-0.347,1.254,-1.981,-1.12,8.02,13.58,55.4,16.36,35.0,21.13,Balanced contributor,-2.2167,-0.0546
4792,Javi López ,Javi López,1986-01-21,866,Adelaide United Football Club,Adelaide United Football Club,Full Back,Full Back,1,566.28,6,26.79,26.28,9914.5,105.05,1248.83,469.0,42.83,83.17,5.5,552.17,48.33,103.17,5.67,88.83,16.0,3.83,0.74,1.5,1.49,27.6,27.94,3269.67,122.04,400.67,116.17,11.17,24.67,1.33,140.83,12.5,29.67,1.67,24.5,3.17,0.5,0.0,3736.67,142.2,685.17,320.17,25.83,48.33,2.67,368.5,28.5,45.67,2.5,32.33,6.5,1.67,0.83,60.0,14.12,0.0,0.47,0.24,4.23,0.94,0.0,1.88,2.59,3.06,0.71,0.0,0.0,0.0,0.0,0.0,0.0,0.0,0.0,0.0,0.0,0.0,0.0,0.0,0.0,0.0,0.0,0.0,0.0,0.0,0.0,0.0,0.0,5.65,0.0,0.24,0.24,1.18,0.0,0.0,1.18,1.41,1.18,0.24,5.18,0.0,0.0,0.24,1.18,0.0,0.0,1.18,1.41,0.94,0.24,11.91,0.0,7.76,42.05,12.68,0.0,8.69,15.74,12.36,13.18,3.06,0.0,0.0,0.24,0.24,0.71,0.0,0.24,0.94,0.47,0.24,0.47,1.18,0.0,0.0,0.24,0.0,0.24,0.0,0.0,0.24,0.24,0.24,0.47,0.0,0.0,0.24,0.0,0.0,0.0,0.0,0.0,0.0,0.24,0.47,0.0,0.0,0.24,0.0,0.0,0.0,0.0,0.0,0.0,0.24,9.08,598.0,140.69,0.47,1.88,217.0,51.05,42.35,82.95,84.8,15.17,1.65,13.88,13.41,0.24,0.24,39.29,13.18,9.88,23.53,8.94,6.82,76.32,76.2,0.24,0.0,9.18,2.82,58.33,1.65,10.35,53.85,-0.045,9.62,-1.834,9.62,-1.694,9.62,-1.553,23.08,-0.836,30.77,-0.545,7.69,-1.363,5.77,-1.581,7.69,-1.284,11.54,-1.236,7.69,-1.619,9.62,-1.312,71.15,0.585,42.31,-0.267,64.42,0.095,98.08,1.892,47.12,-0.127,19.23,-0.902,7.69,-1.402,7.69,-1.13,7.69,-2.149,3.85,-1.996,9.62,-1.641,-2.194,-0.58,-1.674,-0.806,-0.564,-0.847,0.496,0.688,-0.92,-1.753,0.428,-1.902,15.07,15.39,8.33,57.05,62.92,20.05,Balanced contributor,-3.708,0.3466
965698,Jacob  Brazete,J. Brazete,2006-01-20,1802,Brisbane Roar FC,Brisbane Roar FC,Wide Attacker,Midfield; Wide Attacker,2,371.21,5,24.0647,21.9144,8551.4171,114.5037,1149.4081,428.1552,41.9685,103.699,6.7701,531.8542,48.7386,92.1003,4.1179,75.5974,12.1925,3.5403,0.7,1.3851,1.69,28.32,28.32,3179.7347,132.0898,528.4364,217.7841,19.888,41.3909,2.3851,259.175,22.2731,36.4166,1.7701,24.1493,3.8075,1.3851,0.1925,3112.6157,141.6427,511.9776,167.9136,17.3104,47.3338,2.7701,215.2474,20.0805,30.9195,1.1552,24.6091,3.8075,0.9627,0.5776,101.0,25.0239,0.2468,1.2374,1.9844,0.7423,0.0,0.2468,2.7264,11.6439,5.2009,0.9891,0.9891,0.0,0.0,0.0,0.0,0.0,0.0,0.0,0.4954,0.4937,0.0,0.0,0.0,0.0,0.0,0.0,0.0,0.0,0.0,0.0,0.0,0.0,10.4036,0.2468,0.742,0.2486,0.4954,0.0,0.0,1.7311,4.9591,1.489,0.4937,7.6772,0.0,0.742,0.0,0.2486,0.0,0.0,1.4825,3.4684,1.2421,0.4937,12.1861,8.21,5.6187,21.4251,0.0,4.57,12.4222,10.8427,13.5712,16.1312,5.451,0.2468,0.0,0.7405,0.0,0.0,0.0,0.2486,2.7261,0.9873,0.4937,3.4651,8.9178,0.2468,0.0,1.9844,0.2468,0.0,0.0,0.0,4.704,1.489,0.2468,3.7169,0.2468,0.0,0.2486,0.2468,0.0,0.0,0.0,1.9794,0.7405,0.2468,2.2324,0.0,0.0,0.0,0.0,0.0,0.0,0.0,1.2371,0.7405,0.2468,4.6017,431.0,106.7905,0.2468,1.2421,113.0,27.9956,22.7927,81.9514,87.6783,13.923,0.4954,3.967,4.709,0.0,0.0,7.4321,0.7405,0.4937,25.269,6.4448,5.4477,82.5488,85.1103,0.4937,0.2468,27.0036,4.2136,52.1755,2.4763,3.9667,53.57,-0.116,7.14,-1.639,7.14,-1.678,10.71,-1.624,26.79,-0.609,30.36,-0.557,23.21,-0.641,10.71,-0.92,23.21,-0.696,14.29,-0.556,28.57,-0.669,16.07,-0.576,98.21,0.7,23.21,-0.648,16.07,-1.156,21.43,-0.768,16.07,-0.995,21.43,-0.646,26.79,-0.68,19.64,-1.029,12.5,-1.326,8.93,-1.452,28.57,-0.58,-1.615,-0.733,-1.523,-1.369,-1.115,-0.89,0.463,1.089,-1.493,-0.827,-0.765,-2.004,20.54,19.94,19.34,32.74,41.25,19.86,Balanced contributor,-3.4914,-0.0602
51655,Liam Rose,L. Rose,1997-04-07,1804,Macarthur FC,Macarthur FC,Midfield,Midfield,1,753.9,10,21.5,20.77,8395.0,111.36,1114.9,308.6,27.7,96.5,3.6,405.1,31.3,79.4,3.0,72.3,8.2,1.7,0.7,0.4,1.79,27.53,29.12,2959.0,137.63,381.8,49.5,5.3,10.2,0.4,59.7,5.7,23.2,0.6,20.1,1.8,0.0,0.0,3166.0,152.42,622.6,208.5,19.2,55.8,2.0,264.3,21.2,34.7,1.2,25.6,3.3,0.7,0.0,62.0,11.58,0.0,5.41,0.0,1.49,0.0,0.19,0.37,1.68,1.87,0.56,0.19,0.0,0.0,0.0,0.0,0.0,0.0,0.0,0.0,0.0,0.19,0.0,0.0,0.0,0.0,0.0,0.0,0.0,0.0,0.0,0.0,0.0,4.11,0.0,0.93,0.0,1.49,0.0,0.0,0.37,0.37,0.75,0.19,3.92,0.0,0.93,0.0,1.49,0.0,0.0,0.37,0.37,0.56,0.19,10.76,0.0,9.67,0.0,0.0,16.8,12.62,8.75,13.41,20.61,0.93,0.0,0.19,0.0,0.0,0.0,0.0,0.19,0.37,0.0,0.19,0.56,0.56,0.0,0.0,0.0,0.0,0.0,0.0,0.0,0.19,0.37,0.0,0.19,0.0,0.0,0.0,0.0,0.0,0.0,0.0,0.0,0.19,0.0,0.0,0.0,0.0,0.0,0.0,0.0,0.0,0.0,0.0,0.0,0.0,8.72,694.0,129.57,0.19,1.12,233.0,43.5,37.34,85.84,87.21,14.9,1.87,13.44,11.58,0.37,0.75,18.86,5.41,4.11,9.52,3.92,2.8,71.43,67.05,0.75,0.0,6.91,3.36,33.33,1.12,6.91,51.67,-0.131,1.67,-1.776,1.67,-1.925,1.67,-2.002,5.0,-2.079,10.0,-1.729,8.33,-0.907,1.67,-1.507,26.67,-0.678,8.33,-1.398,28.33,-0.68,8.33,-1.372,50.0,0.077,15.0,-0.886,60.0,0.181,43.33,-0.255,13.33,-1.075,8.33,-1.289,70.0,0.547,3.33,-2.331,18.33,-0.857,56.67,0.173,5.0,-1.949,-1.831,-1.748,-2.195,-0.567,-1.323,-0.608,0.384,1.135,-1.809,-1.266,-1.079,-2.376,4.44,33.34,13.61,31.67,83.77,18.76,Balanced contributor,-4.4146,-0.2629
966115,Khoa Ngo,K. Ngo,2006-06-30,871,Perth Glory Football Club,Perth Glory Football Club,Wide Attacker,Wide Attacker,1,130.22,2,11.49,26.45,7929.5,121.79,1107.5,590.5,49.0,130.0,10.5,720.5,59.5,86.5,6.0,75.5,20.0,5.0,0.0,1.5,0.0,28.0,28.0,1890.5,164.51,419.5,232.5,21.0,59.5,5.5,292.0,26.5,26.5,3.5,14.5,4.0,3.0,0.5,3874.5,146.48,560.0,302.5,22.5,58.0,3.0,360.5,25.5,40.0,2.5,37.0,7.5,1.0,0.5,0.0,0.0,0.0,0.0,0.0,0.0,0.0,0.0,0.0,0.0,0.0,0.0,0.0,0.0,0.0,0.0,0.0,0.0,0.0,0.0,0.0,0.0,0.0,0.0,0.0,0.0,0.0,0.0,0.0,0.0,0.0,0.0,0.0,0.0,0.0,0.0,0.0,0.0,0.0,0.0,0.0,0.0,0.0,0.0,0.0,0.0,0.0,0.0,0.0,0.0,0.0,0.0,0.0,0.0,0.0,0.0,0.0,0.0,0.0,0.0,0.0,0.0,0.0,0.0,0.0,0.0,0.0,0.0,0.0,0.0,0.0,0.0,0.0,0.0,0.0,0.0,0.0,0.0,0.0,0.0,0.0,0.0,0.0,0.0,0.0,0.0,0.0,0.0,0.0,0.0,0.0,0.0,0.0,0.0,0.0,0.0,0.0,0.0,0.0,0.0,0.0,0.0,0.0,0.0,0.0,0.0,0.0,0.0,0.0,0.0,0.0,0.0,0.0,0.0,0.0,0.0,0.0,0.0,0.0,0.0,0.0,0.0,0.0,0.0,0.0,0.0,0.0,0.0,0.0,0.0,0.0,0.0,0.0,0.0,0.0,0.0,0.0,0.0,0.0,0.0,0.0,0.0,60.71,0.012,23.21,-0.735,20.54,-0.91,41.07,-0.147,19.64,-1.084,28.57,-0.566,3.57,-2.264,3.57,-3.082,4.46,-2.015,3.57,-2.609,5.36,-1.657,3.57,-2.803,3.57,-4.099,5.36,-1.859,3.57,-2.384,8.93,-1.129,6.25,-1.798,3.57,-2.649,16.07,-0.935,16.07,-1.182,44.64,-0.131,17.86,-1.05,69.64,0.507,-0.468,-1.236,-1.105,-0.204,1.02,0.306,-2.1,-1.561,0.756,-2.941,-3.031,-2.301,33.03,33.48,4.02,5.21,35.0,16.92,Balanced contributor,-3.0566,-3.877
26105,James Jeggo,J. Jeggo,1992-02-12,2380,Melbourne City FC,Melbourne City FC,Midfield,Midfield,1,241.29,3,24.3,20.33,10025.33,124.64,2095.67,370.0,31.0,33.0,2.0,403.0,33.0,88.0,2.33,82.33,6.67,2.0,0.91,0.33,0.0,25.33,25.33,3713.67,152.83,754.33,66.67,6.33,2.0,0.0,68.67,6.33,25.0,0.0,23.0,1.33,0.0,0.0,3744.33,184.2,1184.67,292.0,22.33,30.33,0.67,322.33,23.0,39.0,0.67,31.67,3.33,0.67,0.0,31.0,18.05,0.0,9.9,0.0,0.0,0.0,1.16,0.0,4.08,2.91,0.0,0.0,0.0,0.0,0.0,0.0,0.0,0.0,0.0,0.0,0.0,0.0,0.0,0.0,0.0,0.0,0.0,0.0,0.0,0.0,0.0,0.0,0.0,3.49,0.0,2.33,0.0,0.0,0.0,0.0,0.0,0.58,0.58,0.0,2.33,0.0,1.75,0.0,0.0,0.0,0.0,0.0,0.58,0.0,0.0,10.12,0.0,9.08,0.0,0.0,15.18,0.0,10.44,11.21,0.0,0.58,0.0,0.0,0.0,0.0,0.0,0.0,0.0,0.58,0.0,0.0,0.0,0.58,0.0,0.0,0.0,0.0,0.0,0.0,0.0,0.58,0.0,0.0,0.58,0.0,0.0,0.0,0.0,0.0,0.0,0.0,0.58,0.0,0.0,0.58,0.0,0.0,0.0,0.0,0.0,0.0,0.0,0.58,0.0,0.0,0.0,160.0,93.15,0.0,0.58,60.0,34.93,30.86,88.33,89.85,13.29,1.75,16.88,5.82,1.75,0.0,8.73,2.91,1.16,6.99,2.91,2.33,80.0,85.8,0.0,0.0,7.57,2.91,60.0,1.75,3.49,44.17,-0.332,6.67,-1.606,6.67,-1.531,7.5,-1.438,11.67,-1.323,25.0,-0.76,10.0,-0.903,18.33,-0.975,6.67,-0.891,1.67,-2.032,10.83,-0.985,3.33,-1.558,80.0,0.762,33.33,-0.488,9.17,-1.212,1.67,-1.258,6.67,-1.491,6.67,-1.482,11.67,-1.386,80.0,0.869,4.17,-1.687,7.5,-1.566,55.0,0.11,-1.527,-0.437,-0.891,-1.293,-1.983,-0.23,1.055,-1.126,-1.33,-1.421,-1.718,-2.031,30.97,13.61,8.47,22.92,35.0,16.44,Balanced contributor,-3.4248,-1.259
973078,Fabian Talladira,F. Talladira,2006-02-04,866,Adelaide United Football Club,Adelaide United Football Club,Full Back,Full Back,1,96.0,1,24.62,28.95,10484.0,109.21,1334.0,397.0,39.0,76.0,5.0,473.0,44.0,112.0,5.0,98.0,16.0,3.0,0.0,0.0,0.0,27.5,27.5,3236.0,131.46,421.0,76.0,8.0,7.0,0.0,83.0,8.0,25.0,1.0,21.0,2.0,0.0,0.0,4125.0,142.49,793.0,278.0,27.0,68.0,3.0,346.0,30.0,52.0,2.0,39.0,6.0,2.0,0.0,11.0,13.21,0.0,0.0,0.0,4.8,0.0,0.0,2.4,1.2,4.8,0.0,0.0,0.0,0.0,0.0,0.0,0.0,0.0,0.0,0.0,0.0,0.0,0.0,0.0,0.0,0.0,0.0,0.0,0.0,0.0,0.0,0.0,0.0,3.6,0.0,0.0,0.0,1.2,0.0,0.0,1.2,0.0,1.2,0.0,3.6,0.0,0.0,0.0,1.2,0.0,0.0,1.2,0.0,1.2,0.0,10.84,0.0,0.0,0.0,0.0,0.0,11.91,3.68,9.03,0.0,0.0,0.0,0.0,0.0,0.0,0.0,0.0,0.0,0.0,0.0,0.0,0.0,0.0,0.0,0.0,0.0,0.0,0.0,0.0,0.0,0.0,0.0,0.0,0.0,0.0,0.0,0.0,0.0,0.0,0.0,0.0,0.0,0.0,0.0,0.0,0.0,0.0,0.0,0.0,0.0,0.0,0.0,0.0,0.0,0.0,13.9,78.0,93.67,0.0,1.2,33.0,39.63,34.83,87.88,87.32,14.96,1.2,10.81,13.21,0.0,0.0,30.02,10.81,8.41,25.22,8.41,6.0,71.43,67.93,0.0,0.0,2.4,1.2,0.0,0.0,6.0,3.85,-1.937,1.92,-2.242,1.92,-2.167,1.92,-2.341,57.69,0.186,73.08,0.712,2.88,-1.855,3.85,-1.712,3.85,-1.695,3.85,-1.921,7.69,-1.619,1.92,-2.04,92.31,1.18,3.85,-1.782,7.69,-1.255,86.54,1.258,17.31,-0.954,11.54,-1.284,5.77,-1.493,30.77,-0.598,1.92,-2.336,1.92,-2.114,25.0,-0.763,-2.333,0.285,-1.452,-1.382,-0.564,-1.62,-2.609,-1.788,-0.04,-2.264,-0.951,-2.2,31.73,2.88,4.01,36.54,35.0,15.67,Balanced contributor,-3.8523,-1.233
966112,Adam Bugarija,A. Bugarija,2005-02-22,871,Perth Glory Football Club,Perth Glory Football Club,Center Forward,Center Forward,1,300.52,4,15.43,27.2,9911.0,131.91,1751.25,405.0,33.75,25.0,2.0,430.0,35.75,95.25,4.25,80.5,9.75,2.25,0.86,0.0,0.0,24.88,24.88,2581.0,167.24,597.25,216.25,16.0,15.0,0.75,231.25,16.75,31.75,2.0,19.0,3.75,1.25,0.0,4694.0,172.57,1029.75,170.75,15.25,6.25,0.25,177.0,15.5,39.25,1.25,34.5,3.5,0.0,0.0,0.0,0.0,0.0,0.0,0.0,0.0,0.0,0.0,0.0,0.0,0.0,0.0,0.0,0.0,0.0,0.0,0.0,0.0,0.0,0.0,0.0,0.0,0.0,0.0,0.0,0.0,0.0,0.0,0.0,0.0,0.0,0.0,0.0,0.0,0.0,0.0,0.0,0.0,0.0,0.0,0.0,0.0,0.0,0.0,0.0,0.0,0.0,0.0,0.0,0.0,0.0,0.0,0.0,0.0,0.0,0.0,0.0,0.0,0.0,0.0,0.0,0.0,0.0,0.0,0.0,0.0,0.0,0.0,0.0,0.0,0.0,0.0,0.0,0.0,0.0,0.0,0.0,0.0,0.0,0.0,0.0,0.0,0.0,0.0,0.0,0.0,0.0,0.0,0.0,0.0,0.0,0.0,0.0,0.0,0.0,0.0,0.0,0.0,0.0,0.0,0.0,0.0,0.0,0.0,0.0,0.0,0.0,0.0,0.0,0.0,0.0,0.0,0.0,0.0,0.0,0.0,0.0,0.0,0.0,0.0,0.0,0.0,0.0,0.0,0.0,0.0,0.0,0.0,0.0,0.0,0.0,0.0,0.0,0.0,0.0,0.0,0.0,0.0,0.0,0.0,0.0,0.0,6.52,-1.393,2.17,-1.855,4.35,-1.751,6.52,-1.343,54.35,-0.102,50.0,0.071,3.26,-2.672,3.26,-3.562,5.43,-2.282,3.26,-2.431,6.52,-1.654,3.26,-2.937,3.26,-4.511,4.35,-1.846,3.26,-1.871,17.39,-0.647,7.61,-1.629,4.35,-1.93,2.17,-2.801,97.83,1.99,2.17,-2.019,2.17,-1.988,100.0,2.139,-1.383,0.521,-0.428,-1.092,-1.16,-1.33,1.039,-1.067,-1.035,-3.317,-2.697,-2.694,51.81,3.98,4.16,6.7,35.0,15.63,Balanced contributor,-4.1262,-3.245
795509,Christian Theoharous,C. Theoharous,1999-12-06,870,Central Coast Mariners Football Club,Central Coast Mariners Football Club,Wide Attacker,Wide Attacker,1,677.2,10,18.55,22.84,7228.4,106.73,911.8,382.6,39.5,109.4,6.4,492.0,45.9,81.0,5.3,66.2,14.2,4.2,0.73,0.9,1.5,28.29,29.1,2328.8,125.55,380.1,175.2,17.4,52.2,2.5,227.4,19.9,28.3,1.8,18.5,3.2,1.4,0.4,3017.0,132.12,458.6,184.5,19.0,49.0,2.6,233.5,21.6,34.5,1.8,26.5,5.0,1.3,0.3,68.0,24.22,1.07,2.85,1.78,0.0,0.0,0.71,2.49,11.75,3.21,0.36,1.07,0.36,0.0,0.36,0.0,0.0,0.0,0.0,0.36,0.0,0.0,0.0,0.0,0.0,0.0,0.0,0.0,0.0,0.0,0.0,0.0,0.0,9.26,0.71,1.42,0.36,0.0,0.0,0.0,1.42,4.99,0.36,0.0,7.12,0.71,1.07,0.36,0.0,0.0,0.0,1.07,3.92,0.0,0.0,15.45,29.59,10.01,9.39,0.0,4.79,17.51,16.53,16.96,4.4,5.7,0.71,0.0,0.36,0.0,0.0,0.0,0.36,3.56,0.71,0.0,2.14,4.63,0.71,0.0,1.42,0.0,0.0,0.0,0.0,1.78,0.71,0.0,1.78,0.71,0.0,0.36,0.0,0.0,0.0,0.0,0.71,0.0,0.0,1.42,0.71,0.0,0.36,0.0,0.0,0.0,0.0,0.36,0.0,0.0,0.0,318.0,113.26,0.36,2.14,73.0,26.0,21.37,82.19,79.98,15.21,1.07,4.27,3.21,0.0,0.36,6.05,1.42,1.07,34.19,10.33,7.48,72.41,71.73,1.78,0.36,24.93,5.34,53.33,2.85,6.41,26.79,-0.659,3.57,-1.878,1.79,-1.947,3.57,-2.038,8.93,-1.551,10.71,-1.421,8.93,-1.421,8.93,-0.989,12.5,-1.2,10.71,-0.705,30.36,-0.589,8.93,-0.82,62.5,0.279,32.14,-0.466,30.36,-0.399,37.5,-0.348,30.36,-0.414,46.43,0.101,25.0,-0.704,3.57,-1.897,8.93,-1.445,10.71,-1.365,3.57,-1.74,-2.271,-1.804,-2.267,-0.638,-0.566,-0.35,0.573,0.791,-1.575,-1.166,-0.272,-2.468,5.65,12.8,13.39,39.88,75.24,15.57,Balanced contributor,-4.4781,0.4076
795501,Bernardo  Oliveira,B. Oliveira,2004-03-16,1804,Macarthur FC,Macarthur FC,Wide Attacker,Wide Attacker,1,60.82,1,19.38,14.98,6982.0,114.8,959.0,488.0,47.0,190.0,10.0,678.0,57.0,77.0,9.0,62.0,17.0,7.0,0.0,4.0,0.0,29.0,29.0,2645.0,136.46,403.0,226.0,20.0,80.0,5.0,306.0,25.0,31.0,3.0,23.0,4.0,2.0,2.0,2275.0,151.84,448.0,220.0,23.0,93.0,4.0,313.0,27.0,24.0,3.0,17.0,7.0,3.0,2.0,0.0,0.0,0.0,0.0,0.0,0.0,0.0,0.0,0.0,0.0,0.0,0.0,0.0,0.0,0.0,0.0,0.0,0.0,0.0,0.0,0.0,0.0,0.0,0.0,0.0,0.0,0.0,0.0,0.0,0.0,0.0,0.0,0.0,0.0,0.0,0.0,0.0,0.0,0.0,0.0,0.0,0.0,0.0,0.0,0.0,0.0,0.0,0.0,0.0,0.0,0.0,0.0,0.0,0.0,0.0,0.0,0.0,0.0,0.0,0.0,0.0,0.0,0.0,0.0,0.0,0.0,0.0,0.0,0.0,0.0,0.0,0.0,0.0,0.0,0.0,0.0,0.0,0.0,0.0,0.0,0.0,0.0,0.0,0.0,0.0,0.0,0.0,0.0,0.0,0.0,0.0,0.0,0.0,0.0,0.0,0.0,0.0,0.0,0.0,0.0,0.0,0.0,0.0,0.0,0.0,0.0,0.0,0.0,0.0,0.0,0.0,0.0,0.0,0.0,0.0,0.0,0.0,0.0,0.0,0.0,0.0,0.0,0.0,0.0,0.0,0.0,0.0,0.0,0.0,0.0,0.0,0.0,0.0,0.0,0.0,0.0,0.0,0.0,0.0,0.0,0.0,0.0,99.11,2.809,19.64,-0.945,16.96,-1.129,17.86,-1.079,3.57,-1.89,3.57,-1.807,3.57,-2.264,3.57,-3.082,4.46,-2.015,3.57,-2.609,5.36,-1.657,3.57,-2.803,3.57,-4.099,5.36,-1.859,3.57,-2.384,8.93,-1.129,6.25,-1.798,3.57,-2.649,43.75,-0.139,5.36,-1.725,35.71,-0.291,42.86,-0.133,31.25,-0.536,-0.964,-2.004,-1.645,1.652,0.2,1.944,-2.1,-1.561,1.58,-2.941,-3.031,-2.395,13.54,42.71,4.02,5.21,35.0,14.1,Balanced contributor,-3.292,-3.9043
